dataset,composition,case,case_dir,outcar,x_elem2,fe_meVatom,composition_median_meVatom,composition_mad_meVatom,composition_q1_meVatom,composition_q3_meVatom,flag_method
bcc_HfNb,Hf100Nb28,case-9,/lustre/orion/lrn070/world-shared/mlupopa/RHEAs_HydraGNN/HydraGNN/examples/vasp_solid_solution_alloys/dataset/bcc_HfNb/Hf-Nb/Hf100Nb28/case-9,/lustre/orion/lrn070/world-shared/mlupopa/RHEAs_HydraGNN/HydraGNN/examples/vasp_solid_solution_alloys/dataset/bcc_HfNb/Hf-Nb/Hf100Nb28/case-9/N0.OUTCAR,0.781250,92.945665,82.570800,1.639490,81.139603,84.552878,mad
bcc_HfNb,Hf120Nb8,case-20,/lustre/orion/lrn070/world-shared/mlupopa/RHEAs_HydraGNN/HydraGNN/examples/vasp_solid_solution_alloys/dataset/bcc_HfNb/Hf-Nb/Hf120Nb8/case-20,/lustre/orion/lrn070/world-shared/mlupopa/RHEAs_HydraGNN/HydraGNN/examples/vasp_solid_solution_alloys/dataset/bcc_HfNb/Hf-Nb/Hf120Nb8/case-20/N0.OUTCAR,0.937500,30.300465,31.822964,0.281026,31.478245,32.092077,mad
bcc_HfNb,Hf12Nb116,case-10,/lustre/orion/lrn070/world-shared/mlupopa/RHEAs_HydraGNN/HydraGNN/examples/vasp_solid_solution_alloys/dataset/bcc_HfNb/Hf-Nb/Hf12Nb116/case-10,/lustre/orion/lrn070/world-shared/mlupopa/RHEAs_HydraGNN/HydraGNN/examples/vasp_solid_solution_alloys/dataset/bcc_HfNb/Hf-Nb/Hf12Nb116/case-10/N0.OUTCAR,0.093750,16.374740,3.618125,1.122282,2.754117,14.908741,mad
bcc_HfNb,Hf12Nb116,case-14,/lustre/orion/lrn070/world-shared/mlupopa/RHEAs_HydraGNN/HydraGNN/examples/vasp_solid_solution_alloys/dataset/bcc_HfNb/Hf-Nb/Hf12Nb116/case-14,/lustre/orion/lrn070/world-shared/mlupopa/RHEAs_HydraGNN/HydraGNN/examples/vasp_solid_solution_alloys/dataset/bcc_HfNb/Hf-Nb/Hf12Nb116/case-14/N0.OUTCAR,0.093750,17.979623,3.618125,1.122282,2.754117,14.908741,mad
bcc_HfNb,Hf12Nb116,case-19,/lustre/orion/lrn070/world-shared/mlupopa/RHEAs_HydraGNN/HydraGNN/examples/vasp_solid_solution_alloys/dataset/bcc_HfNb/Hf-Nb/Hf12Nb116/case-19,/lustre/orion/lrn070/world-shared/mlupopa/RHEAs_HydraGNN/HydraGNN/examples/vasp_solid_solution_alloys/dataset/bcc_HfNb/Hf-Nb/Hf12Nb116/case-19/N0.OUTCAR,0.093750,16.168938,3.618125,1.122282,2.754117,14.908741,mad
bcc_HfNb,Hf12Nb116,case-2,/lustre/orion/lrn070/world-shared/mlupopa/RHEAs_HydraGNN/HydraGNN/examples/vasp_solid_solution_alloys/dataset/bcc_HfNb/Hf-Nb/Hf12Nb116/case-2,/lustre/orion/lrn070/world-shared/mlupopa/RHEAs_HydraGNN/HydraGNN/examples/vasp_solid_solution_alloys/dataset/bcc_HfNb/Hf-Nb/Hf12Nb116/case-2/N0.OUTCAR,0.093750,16.701887,3.618125,1.122282,2.754117,14.908741,mad
bcc_HfNb,Hf12Nb116,case-20,/lustre/orion/lrn070/world-shared/mlupopa/RHEAs_HydraGNN/HydraGNN/examples/vasp_solid_solution_alloys/dataset/bcc_HfNb/Hf-Nb/Hf12Nb116/case-20,/lustre/orion/lrn070/world-shared/mlupopa/RHEAs_HydraGNN/HydraGNN/examples/vasp_solid_solution_alloys/dataset/bcc_HfNb/Hf-Nb/Hf12Nb116/case-20/N0.OUTCAR,0.093750,15.740972,3.618125,1.122282,2.754117,14.908741,mad
bcc_HfNb,Hf12Nb116,case-22,/lustre/orion/lrn070/world-shared/mlupopa/RHEAs_HydraGNN/HydraGNN/examples/vasp_solid_solution_alloys/dataset/bcc_HfNb/Hf-Nb/Hf12Nb116/case-22,/lustre/orion/lrn070/world-shared/mlupopa/RHEAs_HydraGNN/HydraGNN/examples/vasp_solid_solution_alloys/dataset/bcc_HfNb/Hf-Nb/Hf12Nb116/case-22/N0.OUTCAR,0.093750,15.291107,3.618125,1.122282,2.754117,14.908741,mad
bcc_HfNb,Hf12Nb116,case-26,/lustre/orion/lrn070/world-shared/mlupopa/RHEAs_HydraGNN/HydraGNN/examples/vasp_solid_solution_alloys/dataset/bcc_HfNb/Hf-Nb/Hf12Nb116/case-26,/lustre/orion/lrn070/world-shared/mlupopa/RHEAs_HydraGNN/HydraGNN/examples/vasp_solid_solution_alloys/dataset/bcc_HfNb/Hf-Nb/Hf12Nb116/case-26/N0.OUTCAR,0.093750,16.205290,3.618125,1.122282,2.754117,14.908741,mad
bcc_HfNb,Hf12Nb116,case-27,/lustre/orion/lrn070/world-shared/mlupopa/RHEAs_HydraGNN/HydraGNN/examples/vasp_solid_solution_alloys/dataset/bcc_HfNb/Hf-Nb/Hf12Nb116/case-27,/lustre/orion/lrn070/world-shared/mlupopa/RHEAs_HydraGNN/HydraGNN/examples/vasp_solid_solution_alloys/dataset/bcc_HfNb/Hf-Nb/Hf12Nb116/case-27/N0.OUTCAR,0.093750,16.905246,3.618125,1.122282,2.754117,14.908741,mad
bcc_HfNb,Hf12Nb116,case-33,/lustre/orion/lrn070/world-shared/mlupopa/RHEAs_HydraGNN/HydraGNN/examples/vasp_solid_solution_alloys/dataset/bcc_HfNb/Hf-Nb/Hf12Nb116/case-33,/lustre/orion/lrn070/world-shared/mlupopa/RHEAs_HydraGNN/HydraGNN/examples/vasp_solid_solution_alloys/dataset/bcc_HfNb/Hf-Nb/Hf12Nb116/case-33/N0.OUTCAR,0.093750,16.751506,3.618125,1.122282,2.754117,14.908741,mad
bcc_HfNb,Hf12Nb116,case-37,/lustre/orion/lrn070/world-shared/mlupopa/RHEAs_HydraGNN/HydraGNN/examples/vasp_solid_solution_alloys/dataset/bcc_HfNb/Hf-Nb/Hf12Nb116/case-37,/lustre/orion/lrn070/world-shared/mlupopa/RHEAs_HydraGNN/HydraGNN/examples/vasp_solid_solution_alloys/dataset/bcc_HfNb/Hf-Nb/Hf12Nb116/case-37/N0.OUTCAR,0.093750,18.043173,3.618125,1.122282,2.754117,14.908741,mad
bcc_HfNb,Hf12Nb116,case-47,/lustre/orion/lrn070/world-shared/mlupopa/RHEAs_HydraGNN/HydraGNN/examples/vasp_solid_solution_alloys/dataset/bcc_HfNb/Hf-Nb/Hf12Nb116/case-47,/lustre/orion/lrn070/world-shared/mlupopa/RHEAs_HydraGNN/HydraGNN/examples/vasp_solid_solution_alloys/dataset/bcc_HfNb/Hf-Nb/Hf12Nb116/case-47/N0.OUTCAR,0.093750,16.582595,3.618125,1.122282,2.754117,14.908741,mad
bcc_HfNb,Hf12Nb116,case-49,/lustre/orion/lrn070/world-shared/mlupopa/RHEAs_HydraGNN/HydraGNN/examples/vasp_solid_solution_alloys/dataset/bcc_HfNb/Hf-Nb/Hf12Nb116/case-49,/lustre/orion/lrn070/world-shared/mlupopa/RHEAs_HydraGNN/HydraGNN/examples/vasp_solid_solution_alloys/dataset/bcc_HfNb/Hf-Nb/Hf12Nb116/case-49/N0.OUTCAR,0.093750,15.204444,3.618125,1.122282,2.754117,14.908741,mad
bcc_HfNb,Hf12Nb116,case-50,/lustre/orion/lrn070/world-shared/mlupopa/RHEAs_HydraGNN/HydraGNN/examples/vasp_solid_solution_alloys/dataset/bcc_HfNb/Hf-Nb/Hf12Nb116/case-50,/lustre/orion/lrn070/world-shared/mlupopa/RHEAs_HydraGNN/HydraGNN/examples/vasp_solid_solution_alloys/dataset/bcc_HfNb/Hf-Nb/Hf12Nb116/case-50/N0.OUTCAR,0.093750,15.998637,3.618125,1.122282,2.754117,14.908741,mad
bcc_HfNb,Hf12Nb116,case-53,/lustre/orion/lrn070/world-shared/mlupopa/RHEAs_HydraGNN/HydraGNN/examples/vasp_solid_solution_alloys/dataset/bcc_HfNb/Hf-Nb/Hf12Nb116/case-53,/lustre/orion/lrn070/world-shared/mlupopa/RHEAs_HydraGNN/HydraGNN/examples/vasp_solid_solution_alloys/dataset/bcc_HfNb/Hf-Nb/Hf12Nb116/case-53/N0.OUTCAR,0.093750,16.785093,3.618125,1.122282,2.754117,14.908741,mad
bcc_HfNb,Hf12Nb116,case-54,/lustre/orion/lrn070/world-shared/mlupopa/RHEAs_HydraGNN/HydraGNN/examples/vasp_solid_solution_alloys/dataset/bcc_HfNb/Hf-Nb/Hf12Nb116/case-54,/lustre/orion/lrn070/world-shared/mlupopa/RHEAs_HydraGNN/HydraGNN/examples/vasp_solid_solution_alloys/dataset/bcc_HfNb/Hf-Nb/Hf12Nb116/case-54/N0.OUTCAR,0.093750,14.433002,3.618125,1.122282,2.754117,14.908741,mad
bcc_HfNb,Hf12Nb116,case-55,/lustre/orion/lrn070/world-shared/mlupopa/RHEAs_HydraGNN/HydraGNN/examples/vasp_solid_solution_alloys/dataset/bcc_HfNb/Hf-Nb/Hf12Nb116/case-55,/lustre/orion/lrn070/world-shared/mlupopa/RHEAs_HydraGNN/HydraGNN/examples/vasp_solid_solution_alloys/dataset/bcc_HfNb/Hf-Nb/Hf12Nb116/case-55/N0.OUTCAR,0.093750,15.314123,3.618125,1.122282,2.754117,14.908741,mad
bcc_HfNb,Hf12Nb116,case-56,/lustre/orion/lrn070/world-shared/mlupopa/RHEAs_HydraGNN/HydraGNN/examples/vasp_solid_solution_alloys/dataset/bcc_HfNb/Hf-Nb/Hf12Nb116/case-56,/lustre/orion/lrn070/world-shared/mlupopa/RHEAs_HydraGNN/HydraGNN/examples/vasp_solid_solution_alloys/dataset/bcc_HfNb/Hf-Nb/Hf12Nb116/case-56/N0.OUTCAR,0.093750,15.548497,3.618125,1.122282,2.754117,14.908741,mad
bcc_HfNb,Hf12Nb116,case-6,/lustre/orion/lrn070/world-shared/mlupopa/RHEAs_HydraGNN/HydraGNN/examples/vasp_solid_solution_alloys/dataset/bcc_HfNb/Hf-Nb/Hf12Nb116/case-6,/lustre/orion/lrn070/world-shared/mlupopa/RHEAs_HydraGNN/HydraGNN/examples/vasp_solid_solution_alloys/dataset/bcc_HfNb/Hf-Nb/Hf12Nb116/case-6/N0.OUTCAR,0.093750,16.836583,3.618125,1.122282,2.754117,14.908741,mad
bcc_HfNb,Hf12Nb116,case-63,/lustre/orion/lrn070/world-shared/mlupopa/RHEAs_HydraGNN/HydraGNN/examples/vasp_solid_solution_alloys/dataset/bcc_HfNb/Hf-Nb/Hf12Nb116/case-63,/lustre/orion/lrn070/world-shared/mlupopa/RHEAs_HydraGNN/HydraGNN/examples/vasp_solid_solution_alloys/dataset/bcc_HfNb/Hf-Nb/Hf12Nb116/case-63/N0.OUTCAR,0.093750,16.526745,3.618125,1.122282,2.754117,14.908741,mad
bcc_HfNb,Hf12Nb116,case-69,/lustre/orion/lrn070/world-shared/mlupopa/RHEAs_HydraGNN/HydraGNN/examples/vasp_solid_solution_alloys/dataset/bcc_HfNb/Hf-Nb/Hf12Nb116/case-69,/lustre/orion/lrn070/world-shared/mlupopa/RHEAs_HydraGNN/HydraGNN/examples/vasp_solid_solution_alloys/dataset/bcc_HfNb/Hf-Nb/Hf12Nb116/case-69/N0.OUTCAR,0.093750,14.725594,3.618125,1.122282,2.754117,14.908741,mad
bcc_HfNb,Hf12Nb116,case-74,/lustre/orion/lrn070/world-shared/mlupopa/RHEAs_HydraGNN/HydraGNN/examples/vasp_solid_solution_alloys/dataset/bcc_HfNb/Hf-Nb/Hf12Nb116/case-74,/lustre/orion/lrn070/world-shared/mlupopa/RHEAs_HydraGNN/HydraGNN/examples/vasp_solid_solution_alloys/dataset/bcc_HfNb/Hf-Nb/Hf12Nb116/case-74/N0.OUTCAR,0.093750,16.185884,3.618125,1.122282,2.754117,14.908741,mad
bcc_HfNb,Hf12Nb116,case-81,/lustre/orion/lrn070/world-shared/mlupopa/RHEAs_HydraGNN/HydraGNN/examples/vasp_solid_solution_alloys/dataset/bcc_HfNb/Hf-Nb/Hf12Nb116/case-81,/lustre/orion/lrn070/world-shared/mlupopa/RHEAs_HydraGNN/HydraGNN/examples/vasp_solid_solution_alloys/dataset/bcc_HfNb/Hf-Nb/Hf12Nb116/case-81/N0.OUTCAR,0.093750,14.810174,3.618125,1.122282,2.754117,14.908741,mad
bcc_HfNb,Hf12Nb116,case-88,/lustre/orion/lrn070/world-shared/mlupopa/RHEAs_HydraGNN/HydraGNN/examples/vasp_solid_solution_alloys/dataset/bcc_HfNb/Hf-Nb/Hf12Nb116/case-88,/lustre/orion/lrn070/world-shared/mlupopa/RHEAs_HydraGNN/HydraGNN/examples/vasp_solid_solution_alloys/dataset/bcc_HfNb/Hf-Nb/Hf12Nb116/case-88/N0.OUTCAR,0.093750,15.873528,3.618125,1.122282,2.754117,14.908741,mad
bcc_HfNb,Hf12Nb116,case-89,/lustre/orion/lrn070/world-shared/mlupopa/RHEAs_HydraGNN/HydraGNN/examples/vasp_solid_solution_alloys/dataset/bcc_HfNb/Hf-Nb/Hf12Nb116/case-89,/lustre/orion/lrn070/world-shared/mlupopa/RHEAs_HydraGNN/HydraGNN/examples/vasp_solid_solution_alloys/dataset/bcc_HfNb/Hf-Nb/Hf12Nb116/case-89/N0.OUTCAR,0.093750,17.607254,3.618125,1.122282,2.754117,14.908741,mad
bcc_HfNb,Hf12Nb116,case-9,/lustre/orion/lrn070/world-shared/mlupopa/RHEAs_HydraGNN/HydraGNN/examples/vasp_solid_solution_alloys/dataset/bcc_HfNb/Hf-Nb/Hf12Nb116/case-9,/lustre/orion/lrn070/world-shared/mlupopa/RHEAs_HydraGNN/HydraGNN/examples/vasp_solid_solution_alloys/dataset/bcc_HfNb/Hf-Nb/Hf12Nb116/case-9/N0.OUTCAR,0.093750,16.370443,3.618125,1.122282,2.754117,14.908741,mad
bcc_HfNb,Hf12Nb116,case-93,/lustre/orion/lrn070/world-shared/mlupopa/RHEAs_HydraGNN/HydraGNN/examples/vasp_solid_solution_alloys/dataset/bcc_HfNb/Hf-Nb/Hf12Nb116/case-93,/lustre/orion/lrn070/world-shared/mlupopa/RHEAs_HydraGNN/HydraGNN/examples/vasp_solid_solution_alloys/dataset/bcc_HfNb/Hf-Nb/Hf12Nb116/case-93/N0.OUTCAR,0.093750,15.474311,3.618125,1.122282,2.754117,14.908741,mad
bcc_HfNb,Hf12Nb116,case-94,/lustre/orion/lrn070/world-shared/mlupopa/RHEAs_HydraGNN/HydraGNN/examples/vasp_solid_solution_alloys/dataset/bcc_HfNb/Hf-Nb/Hf12Nb116/case-94,/lustre/orion/lrn070/world-shared/mlupopa/RHEAs_HydraGNN/HydraGNN/examples/vasp_solid_solution_alloys/dataset/bcc_HfNb/Hf-Nb/Hf12Nb116/case-94/N0.OUTCAR,0.093750,14.665560,3.618125,1.122282,2.754117,14.908741,mad
bcc_HfNb,Hf12Nb116,case-95,/lustre/orion/lrn070/world-shared/mlupopa/RHEAs_HydraGNN/HydraGNN/examples/vasp_solid_solution_alloys/dataset/bcc_HfNb/Hf-Nb/Hf12Nb116/case-95,/lustre/orion/lrn070/world-shared/mlupopa/RHEAs_HydraGNN/HydraGNN/examples/vasp_solid_solution_alloys/dataset/bcc_HfNb/Hf-Nb/Hf12Nb116/case-95/N0.OUTCAR,0.093750,19.980135,3.618125,1.122282,2.754117,14.908741,mad
bcc_HfNb,Hf12Nb116,case-96,/lustre/orion/lrn070/world-shared/mlupopa/RHEAs_HydraGNN/HydraGNN/examples/vasp_solid_solution_alloys/dataset/bcc_HfNb/Hf-Nb/Hf12Nb116/case-96,/lustre/orion/lrn070/world-shared/mlupopa/RHEAs_HydraGNN/HydraGNN/examples/vasp_solid_solution_alloys/dataset/bcc_HfNb/Hf-Nb/Hf12Nb116/case-96/N0.OUTCAR,0.093750,15.287801,3.618125,1.122282,2.754117,14.908741,mad
bcc_HfNb,Hf16Nb112,case-1,/lustre/orion/lrn070/world-shared/mlupopa/RHEAs_HydraGNN/HydraGNN/examples/vasp_solid_solution_alloys/dataset/bcc_HfNb/Hf-Nb/Hf16Nb112/case-1,/lustre/orion/lrn070/world-shared/mlupopa/RHEAs_HydraGNN/HydraGNN/examples/vasp_solid_solution_alloys/dataset/bcc_HfNb/Hf-Nb/Hf16Nb112/case-1/N1.OUTCAR,0.125000,20.513437,10.368469,1.617689,9.061196,20.649202,mad
bcc_HfNb,Hf16Nb112,case-100,/lustre/orion/lrn070/world-shared/mlupopa/RHEAs_HydraGNN/HydraGNN/examples/vasp_solid_solution_alloys/dataset/bcc_HfNb/Hf-Nb/Hf16Nb112/case-100,/lustre/orion/lrn070/world-shared/mlupopa/RHEAs_HydraGNN/HydraGNN/examples/vasp_solid_solution_alloys/dataset/bcc_HfNb/Hf-Nb/Hf16Nb112/case-100/N0.OUTCAR,0.125000,19.672854,10.368469,1.617689,9.061196,20.649202,mad
bcc_HfNb,Hf16Nb112,case-15,/lustre/orion/lrn070/world-shared/mlupopa/RHEAs_HydraGNN/HydraGNN/examples/vasp_solid_solution_alloys/dataset/bcc_HfNb/Hf-Nb/Hf16Nb112/case-15,/lustre/orion/lrn070/world-shared/mlupopa/RHEAs_HydraGNN/HydraGNN/examples/vasp_solid_solution_alloys/dataset/bcc_HfNb/Hf-Nb/Hf16Nb112/case-15/N1.OUTCAR,0.125000,35.508049,10.368469,1.617689,9.061196,20.649202,mad
bcc_HfNb,Hf16Nb112,case-18,/lustre/orion/lrn070/world-shared/mlupopa/RHEAs_HydraGNN/HydraGNN/examples/vasp_solid_solution_alloys/dataset/bcc_HfNb/Hf-Nb/Hf16Nb112/case-18,/lustre/orion/lrn070/world-shared/mlupopa/RHEAs_HydraGNN/HydraGNN/examples/vasp_solid_solution_alloys/dataset/bcc_HfNb/Hf-Nb/Hf16Nb112/case-18/N0.OUTCAR,0.125000,21.882604,10.368469,1.617689,9.061196,20.649202,mad
bcc_HfNb,Hf16Nb112,case-2,/lustre/orion/lrn070/world-shared/mlupopa/RHEAs_HydraGNN/HydraGNN/examples/vasp_solid_solution_alloys/dataset/bcc_HfNb/Hf-Nb/Hf16Nb112/case-2,/lustre/orion/lrn070/world-shared/mlupopa/RHEAs_HydraGNN/HydraGNN/examples/vasp_solid_solution_alloys/dataset/bcc_HfNb/Hf-Nb/Hf16Nb112/case-2/N0.OUTCAR,0.125000,22.029114,10.368469,1.617689,9.061196,20.649202,mad
bcc_HfNb,Hf16Nb112,case-21,/lustre/orion/lrn070/world-shared/mlupopa/RHEAs_HydraGNN/HydraGNN/examples/vasp_solid_solution_alloys/dataset/bcc_HfNb/Hf-Nb/Hf16Nb112/case-21,/lustre/orion/lrn070/world-shared/mlupopa/RHEAs_HydraGNN/HydraGNN/examples/vasp_solid_solution_alloys/dataset/bcc_HfNb/Hf-Nb/Hf16Nb112/case-21/N0.OUTCAR,0.125000,20.716130,10.368469,1.617689,9.061196,20.649202,mad
bcc_HfNb,Hf16Nb112,case-24,/lustre/orion/lrn070/world-shared/mlupopa/RHEAs_HydraGNN/HydraGNN/examples/vasp_solid_solution_alloys/dataset/bcc_HfNb/Hf-Nb/Hf16Nb112/case-24,/lustre/orion/lrn070/world-shared/mlupopa/RHEAs_HydraGNN/HydraGNN/examples/vasp_solid_solution_alloys/dataset/bcc_HfNb/Hf-Nb/Hf16Nb112/case-24/N0.OUTCAR,0.125000,21.108842,10.368469,1.617689,9.061196,20.649202,mad
bcc_HfNb,Hf16Nb112,case-28,/lustre/orion/lrn070/world-shared/mlupopa/RHEAs_HydraGNN/HydraGNN/examples/vasp_solid_solution_alloys/dataset/bcc_HfNb/Hf-Nb/Hf16Nb112/case-28,/lustre/orion/lrn070/world-shared/mlupopa/RHEAs_HydraGNN/HydraGNN/examples/vasp_solid_solution_alloys/dataset/bcc_HfNb/Hf-Nb/Hf16Nb112/case-28/N0.OUTCAR,0.125000,21.216301,10.368469,1.617689,9.061196,20.649202,mad
bcc_HfNb,Hf16Nb112,case-29,/lustre/orion/lrn070/world-shared/mlupopa/RHEAs_HydraGNN/HydraGNN/examples/vasp_solid_solution_alloys/dataset/bcc_HfNb/Hf-Nb/Hf16Nb112/case-29,/lustre/orion/lrn070/world-shared/mlupopa/RHEAs_HydraGNN/HydraGNN/examples/vasp_solid_solution_alloys/dataset/bcc_HfNb/Hf-Nb/Hf16Nb112/case-29/N0.OUTCAR,0.125000,20.626893,10.368469,1.617689,9.061196,20.649202,mad
bcc_HfNb,Hf16Nb112,case-35,/lustre/orion/lrn070/world-shared/mlupopa/RHEAs_HydraGNN/HydraGNN/examples/vasp_solid_solution_alloys/dataset/bcc_HfNb/Hf-Nb/Hf16Nb112/case-35,/lustre/orion/lrn070/world-shared/mlupopa/RHEAs_HydraGNN/HydraGNN/examples/vasp_solid_solution_alloys/dataset/bcc_HfNb/Hf-Nb/Hf16Nb112/case-35/N0.OUTCAR,0.125000,22.716235,10.368469,1.617689,9.061196,20.649202,mad
bcc_HfNb,Hf16Nb112,case-40,/lustre/orion/lrn070/world-shared/mlupopa/RHEAs_HydraGNN/HydraGNN/examples/vasp_solid_solution_alloys/dataset/bcc_HfNb/Hf-Nb/Hf16Nb112/case-40,/lustre/orion/lrn070/world-shared/mlupopa/RHEAs_HydraGNN/HydraGNN/examples/vasp_solid_solution_alloys/dataset/bcc_HfNb/Hf-Nb/Hf16Nb112/case-40/N0.OUTCAR,0.125000,21.095088,10.368469,1.617689,9.061196,20.649202,mad
bcc_HfNb,Hf16Nb112,case-46,/lustre/orion/lrn070/world-shared/mlupopa/RHEAs_HydraGNN/HydraGNN/examples/vasp_solid_solution_alloys/dataset/bcc_HfNb/Hf-Nb/Hf16Nb112/case-46,/lustre/orion/lrn070/world-shared/mlupopa/RHEAs_HydraGNN/HydraGNN/examples/vasp_solid_solution_alloys/dataset/bcc_HfNb/Hf-Nb/Hf16Nb112/case-46/N0.OUTCAR,0.125000,19.603288,10.368469,1.617689,9.061196,20.649202,mad
bcc_HfNb,Hf16Nb112,case-5,/lustre/orion/lrn070/world-shared/mlupopa/RHEAs_HydraGNN/HydraGNN/examples/vasp_solid_solution_alloys/dataset/bcc_HfNb/Hf-Nb/Hf16Nb112/case-5,/lustre/orion/lrn070/world-shared/mlupopa/RHEAs_HydraGNN/HydraGNN/examples/vasp_solid_solution_alloys/dataset/bcc_HfNb/Hf-Nb/Hf16Nb112/case-5/N0.OUTCAR,0.125000,21.363346,10.368469,1.617689,9.061196,20.649202,mad
bcc_HfNb,Hf16Nb112,case-53,/lustre/orion/lrn070/world-shared/mlupopa/RHEAs_HydraGNN/HydraGNN/examples/vasp_solid_solution_alloys/dataset/bcc_HfNb/Hf-Nb/Hf16Nb112/case-53,/lustre/orion/lrn070/world-shared/mlupopa/RHEAs_HydraGNN/HydraGNN/examples/vasp_solid_solution_alloys/dataset/bcc_HfNb/Hf-Nb/Hf16Nb112/case-53/N0.OUTCAR,0.125000,23.873194,10.368469,1.617689,9.061196,20.649202,mad
bcc_HfNb,Hf16Nb112,case-55,/lustre/orion/lrn070/world-shared/mlupopa/RHEAs_HydraGNN/HydraGNN/examples/vasp_solid_solution_alloys/dataset/bcc_HfNb/Hf-Nb/Hf16Nb112/case-55,/lustre/orion/lrn070/world-shared/mlupopa/RHEAs_HydraGNN/HydraGNN/examples/vasp_solid_solution_alloys/dataset/bcc_HfNb/Hf-Nb/Hf16Nb112/case-55/N0.OUTCAR,0.125000,20.852284,10.368469,1.617689,9.061196,20.649202,mad
bcc_HfNb,Hf16Nb112,case-64,/lustre/orion/lrn070/world-shared/mlupopa/RHEAs_HydraGNN/HydraGNN/examples/vasp_solid_solution_alloys/dataset/bcc_HfNb/Hf-Nb/Hf16Nb112/case-64,/lustre/orion/lrn070/world-shared/mlupopa/RHEAs_HydraGNN/HydraGNN/examples/vasp_solid_solution_alloys/dataset/bcc_HfNb/Hf-Nb/Hf16Nb112/case-64/N0.OUTCAR,0.125000,22.138751,10.368469,1.617689,9.061196,20.649202,mad
bcc_HfNb,Hf16Nb112,case-67,/lustre/orion/lrn070/world-shared/mlupopa/RHEAs_HydraGNN/HydraGNN/examples/vasp_solid_solution_alloys/dataset/bcc_HfNb/Hf-Nb/Hf16Nb112/case-67,/lustre/orion/lrn070/world-shared/mlupopa/RHEAs_HydraGNN/HydraGNN/examples/vasp_solid_solution_alloys/dataset/bcc_HfNb/Hf-Nb/Hf16Nb112/case-67/N0.OUTCAR,0.125000,19.504962,10.368469,1.617689,9.061196,20.649202,mad
bcc_HfNb,Hf16Nb112,case-7,/lustre/orion/lrn070/world-shared/mlupopa/RHEAs_HydraGNN/HydraGNN/examples/vasp_solid_solution_alloys/dataset/bcc_HfNb/Hf-Nb/Hf16Nb112/case-7,/lustre/orion/lrn070/world-shared/mlupopa/RHEAs_HydraGNN/HydraGNN/examples/vasp_solid_solution_alloys/dataset/bcc_HfNb/Hf-Nb/Hf16Nb112/case-7/N0.OUTCAR,0.125000,21.327659,10.368469,1.617689,9.061196,20.649202,mad
bcc_HfNb,Hf16Nb112,case-77,/lustre/orion/lrn070/world-shared/mlupopa/RHEAs_HydraGNN/HydraGNN/examples/vasp_solid_solution_alloys/dataset/bcc_HfNb/Hf-Nb/Hf16Nb112/case-77,/lustre/orion/lrn070/world-shared/mlupopa/RHEAs_HydraGNN/HydraGNN/examples/vasp_solid_solution_alloys/dataset/bcc_HfNb/Hf-Nb/Hf16Nb112/case-77/N1.OUTCAR,0.125000,21.927698,10.368469,1.617689,9.061196,20.649202,mad
bcc_HfNb,Hf16Nb112,case-78,/lustre/orion/lrn070/world-shared/mlupopa/RHEAs_HydraGNN/HydraGNN/examples/vasp_solid_solution_alloys/dataset/bcc_HfNb/Hf-Nb/Hf16Nb112/case-78,/lustre/orion/lrn070/world-shared/mlupopa/RHEAs_HydraGNN/HydraGNN/examples/vasp_solid_solution_alloys/dataset/bcc_HfNb/Hf-Nb/Hf16Nb112/case-78/N0.OUTCAR,0.125000,20.781768,10.368469,1.617689,9.061196,20.649202,mad
bcc_HfNb,Hf16Nb112,case-79,/lustre/orion/lrn070/world-shared/mlupopa/RHEAs_HydraGNN/HydraGNN/examples/vasp_solid_solution_alloys/dataset/bcc_HfNb/Hf-Nb/Hf16Nb112/case-79,/lustre/orion/lrn070/world-shared/mlupopa/RHEAs_HydraGNN/HydraGNN/examples/vasp_solid_solution_alloys/dataset/bcc_HfNb/Hf-Nb/Hf16Nb112/case-79/N0.OUTCAR,0.125000,22.984715,10.368469,1.617689,9.061196,20.649202,mad
bcc_HfNb,Hf16Nb112,case-8,/lustre/orion/lrn070/world-shared/mlupopa/RHEAs_HydraGNN/HydraGNN/examples/vasp_solid_solution_alloys/dataset/bcc_HfNb/Hf-Nb/Hf16Nb112/case-8,/lustre/orion/lrn070/world-shared/mlupopa/RHEAs_HydraGNN/HydraGNN/examples/vasp_solid_solution_alloys/dataset/bcc_HfNb/Hf-Nb/Hf16Nb112/case-8/N0.OUTCAR,0.125000,21.675328,10.368469,1.617689,9.061196,20.649202,mad
bcc_HfNb,Hf16Nb112,case-87,/lustre/orion/lrn070/world-shared/mlupopa/RHEAs_HydraGNN/HydraGNN/examples/vasp_solid_solution_alloys/dataset/bcc_HfNb/Hf-Nb/Hf16Nb112/case-87,/lustre/orion/lrn070/world-shared/mlupopa/RHEAs_HydraGNN/HydraGNN/examples/vasp_solid_solution_alloys/dataset/bcc_HfNb/Hf-Nb/Hf16Nb112/case-87/N0.OUTCAR,0.125000,21.431823,10.368469,1.617689,9.061196,20.649202,mad
bcc_HfNb,Hf16Nb112,case-89,/lustre/orion/lrn070/world-shared/mlupopa/RHEAs_HydraGNN/HydraGNN/examples/vasp_solid_solution_alloys/dataset/bcc_HfNb/Hf-Nb/Hf16Nb112/case-89,/lustre/orion/lrn070/world-shared/mlupopa/RHEAs_HydraGNN/HydraGNN/examples/vasp_solid_solution_alloys/dataset/bcc_HfNb/Hf-Nb/Hf16Nb112/case-89/N0.OUTCAR,0.125000,23.022422,10.368469,1.617689,9.061196,20.649202,mad
bcc_HfNb,Hf16Nb112,case-9,/lustre/orion/lrn070/world-shared/mlupopa/RHEAs_HydraGNN/HydraGNN/examples/vasp_solid_solution_alloys/dataset/bcc_HfNb/Hf-Nb/Hf16Nb112/case-9,/lustre/orion/lrn070/world-shared/mlupopa/RHEAs_HydraGNN/HydraGNN/examples/vasp_solid_solution_alloys/dataset/bcc_HfNb/Hf-Nb/Hf16Nb112/case-9/N0.OUTCAR,0.125000,21.954179,10.368469,1.617689,9.061196,20.649202,mad
bcc_HfNb,Hf16Nb112,case-90,/lustre/orion/lrn070/world-shared/mlupopa/RHEAs_HydraGNN/HydraGNN/examples/vasp_solid_solution_alloys/dataset/bcc_HfNb/Hf-Nb/Hf16Nb112/case-90,/lustre/orion/lrn070/world-shared/mlupopa/RHEAs_HydraGNN/HydraGNN/examples/vasp_solid_solution_alloys/dataset/bcc_HfNb/Hf-Nb/Hf16Nb112/case-90/N0.OUTCAR,0.125000,21.315275,10.368469,1.617689,9.061196,20.649202,mad
bcc_HfNb,Hf16Nb112,case-93,/lustre/orion/lrn070/world-shared/mlupopa/RHEAs_HydraGNN/HydraGNN/examples/vasp_solid_solution_alloys/dataset/bcc_HfNb/Hf-Nb/Hf16Nb112/case-93,/lustre/orion/lrn070/world-shared/mlupopa/RHEAs_HydraGNN/HydraGNN/examples/vasp_solid_solution_alloys/dataset/bcc_HfNb/Hf-Nb/Hf16Nb112/case-93/N0.OUTCAR,0.125000,21.709025,10.368469,1.617689,9.061196,20.649202,mad
bcc_HfNb,Hf16Nb112,case-97,/lustre/orion/lrn070/world-shared/mlupopa/RHEAs_HydraGNN/HydraGNN/examples/vasp_solid_solution_alloys/dataset/bcc_HfNb/Hf-Nb/Hf16Nb112/case-97,/lustre/orion/lrn070/world-shared/mlupopa/RHEAs_HydraGNN/HydraGNN/examples/vasp_solid_solution_alloys/dataset/bcc_HfNb/Hf-Nb/Hf16Nb112/case-97/N0.OUTCAR,0.125000,21.731193,10.368469,1.617689,9.061196,20.649202,mad
bcc_HfNb,Hf16Nb112,case-98,/lustre/orion/lrn070/world-shared/mlupopa/RHEAs_HydraGNN/HydraGNN/examples/vasp_solid_solution_alloys/dataset/bcc_HfNb/Hf-Nb/Hf16Nb112/case-98,/lustre/orion/lrn070/world-shared/mlupopa/RHEAs_HydraGNN/HydraGNN/examples/vasp_solid_solution_alloys/dataset/bcc_HfNb/Hf-Nb/Hf16Nb112/case-98/N0.OUTCAR,0.125000,22.121504,10.368469,1.617689,9.061196,20.649202,mad
bcc_HfNb,Hf16Nb112,case-99,/lustre/orion/lrn070/world-shared/mlupopa/RHEAs_HydraGNN/HydraGNN/examples/vasp_solid_solution_alloys/dataset/bcc_HfNb/Hf-Nb/Hf16Nb112/case-99,/lustre/orion/lrn070/world-shared/mlupopa/RHEAs_HydraGNN/HydraGNN/examples/vasp_solid_solution_alloys/dataset/bcc_HfNb/Hf-Nb/Hf16Nb112/case-99/N1.OUTCAR,0.125000,22.380489,10.368469,1.617689,9.061196,20.649202,mad
bcc_HfNb,Hf20Nb108,case-14,/lustre/orion/lrn070/world-shared/mlupopa/RHEAs_HydraGNN/HydraGNN/examples/vasp_solid_solution_alloys/dataset/bcc_HfNb/Hf-Nb/Hf20Nb108/case-14,/lustre/orion/lrn070/world-shared/mlupopa/RHEAs_HydraGNN/HydraGNN/examples/vasp_solid_solution_alloys/dataset/bcc_HfNb/Hf-Nb/Hf20Nb108/case-14/N0.OUTCAR,0.156250,29.666065,16.907398,1.786693,15.578505,25.002727,mad
bcc_HfNb,Hf20Nb108,case-15,/lustre/orion/lrn070/world-shared/mlupopa/RHEAs_HydraGNN/HydraGNN/examples/vasp_solid_solution_alloys/dataset/bcc_HfNb/Hf-Nb/Hf20Nb108/case-15,/lustre/orion/lrn070/world-shared/mlupopa/RHEAs_HydraGNN/HydraGNN/examples/vasp_solid_solution_alloys/dataset/bcc_HfNb/Hf-Nb/Hf20Nb108/case-15/N0.OUTCAR,0.156250,29.421920,16.907398,1.786693,15.578505,25.002727,mad
bcc_HfNb,Hf20Nb108,case-16,/lustre/orion/lrn070/world-shared/mlupopa/RHEAs_HydraGNN/HydraGNN/examples/vasp_solid_solution_alloys/dataset/bcc_HfNb/Hf-Nb/Hf20Nb108/case-16,/lustre/orion/lrn070/world-shared/mlupopa/RHEAs_HydraGNN/HydraGNN/examples/vasp_solid_solution_alloys/dataset/bcc_HfNb/Hf-Nb/Hf20Nb108/case-16/N0.OUTCAR,0.156250,26.549005,16.907398,1.786693,15.578505,25.002727,mad
bcc_HfNb,Hf20Nb108,case-17,/lustre/orion/lrn070/world-shared/mlupopa/RHEAs_HydraGNN/HydraGNN/examples/vasp_solid_solution_alloys/dataset/bcc_HfNb/Hf-Nb/Hf20Nb108/case-17,/lustre/orion/lrn070/world-shared/mlupopa/RHEAs_HydraGNN/HydraGNN/examples/vasp_solid_solution_alloys/dataset/bcc_HfNb/Hf-Nb/Hf20Nb108/case-17/N0.OUTCAR,0.156250,27.961065,16.907398,1.786693,15.578505,25.002727,mad
bcc_HfNb,Hf20Nb108,case-19,/lustre/orion/lrn070/world-shared/mlupopa/RHEAs_HydraGNN/HydraGNN/examples/vasp_solid_solution_alloys/dataset/bcc_HfNb/Hf-Nb/Hf20Nb108/case-19,/lustre/orion/lrn070/world-shared/mlupopa/RHEAs_HydraGNN/HydraGNN/examples/vasp_solid_solution_alloys/dataset/bcc_HfNb/Hf-Nb/Hf20Nb108/case-19/N0.OUTCAR,0.156250,34.642530,16.907398,1.786693,15.578505,25.002727,mad
bcc_HfNb,Hf20Nb108,case-25,/lustre/orion/lrn070/world-shared/mlupopa/RHEAs_HydraGNN/HydraGNN/examples/vasp_solid_solution_alloys/dataset/bcc_HfNb/Hf-Nb/Hf20Nb108/case-25,/lustre/orion/lrn070/world-shared/mlupopa/RHEAs_HydraGNN/HydraGNN/examples/vasp_solid_solution_alloys/dataset/bcc_HfNb/Hf-Nb/Hf20Nb108/case-25/N0.OUTCAR,0.156250,27.489964,16.907398,1.786693,15.578505,25.002727,mad
bcc_HfNb,Hf20Nb108,case-3,/lustre/orion/lrn070/world-shared/mlupopa/RHEAs_HydraGNN/HydraGNN/examples/vasp_solid_solution_alloys/dataset/bcc_HfNb/Hf-Nb/Hf20Nb108/case-3,/lustre/orion/lrn070/world-shared/mlupopa/RHEAs_HydraGNN/HydraGNN/examples/vasp_solid_solution_alloys/dataset/bcc_HfNb/Hf-Nb/Hf20Nb108/case-3/N0.OUTCAR,0.156250,27.513949,16.907398,1.786693,15.578505,25.002727,mad
bcc_HfNb,Hf20Nb108,case-32,/lustre/orion/lrn070/world-shared/mlupopa/RHEAs_HydraGNN/HydraGNN/examples/vasp_solid_solution_alloys/dataset/bcc_HfNb/Hf-Nb/Hf20Nb108/case-32,/lustre/orion/lrn070/world-shared/mlupopa/RHEAs_HydraGNN/HydraGNN/examples/vasp_solid_solution_alloys/dataset/bcc_HfNb/Hf-Nb/Hf20Nb108/case-32/N1.OUTCAR,0.156250,28.342892,16.907398,1.786693,15.578505,25.002727,mad
bcc_HfNb,Hf20Nb108,case-34,/lustre/orion/lrn070/world-shared/mlupopa/RHEAs_HydraGNN/HydraGNN/examples/vasp_solid_solution_alloys/dataset/bcc_HfNb/Hf-Nb/Hf20Nb108/case-34,/lustre/orion/lrn070/world-shared/mlupopa/RHEAs_HydraGNN/HydraGNN/examples/vasp_solid_solution_alloys/dataset/bcc_HfNb/Hf-Nb/Hf20Nb108/case-34/N0.OUTCAR,0.156250,27.124191,16.907398,1.786693,15.578505,25.002727,mad
bcc_HfNb,Hf20Nb108,case-4,/lustre/orion/lrn070/world-shared/mlupopa/RHEAs_HydraGNN/HydraGNN/examples/vasp_solid_solution_alloys/dataset/bcc_HfNb/Hf-Nb/Hf20Nb108/case-4,/lustre/orion/lrn070/world-shared/mlupopa/RHEAs_HydraGNN/HydraGNN/examples/vasp_solid_solution_alloys/dataset/bcc_HfNb/Hf-Nb/Hf20Nb108/case-4/N0.OUTCAR,0.156250,27.041888,16.907398,1.786693,15.578505,25.002727,mad
bcc_HfNb,Hf20Nb108,case-63,/lustre/orion/lrn070/world-shared/mlupopa/RHEAs_HydraGNN/HydraGNN/examples/vasp_solid_solution_alloys/dataset/bcc_HfNb/Hf-Nb/Hf20Nb108/case-63,/lustre/orion/lrn070/world-shared/mlupopa/RHEAs_HydraGNN/HydraGNN/examples/vasp_solid_solution_alloys/dataset/bcc_HfNb/Hf-Nb/Hf20Nb108/case-63/N0.OUTCAR,0.156250,27.186181,16.907398,1.786693,15.578505,25.002727,mad
bcc_HfNb,Hf20Nb108,case-67,/lustre/orion/lrn070/world-shared/mlupopa/RHEAs_HydraGNN/HydraGNN/examples/vasp_solid_solution_alloys/dataset/bcc_HfNb/Hf-Nb/Hf20Nb108/case-67,/lustre/orion/lrn070/world-shared/mlupopa/RHEAs_HydraGNN/HydraGNN/examples/vasp_solid_solution_alloys/dataset/bcc_HfNb/Hf-Nb/Hf20Nb108/case-67/N0.OUTCAR,0.156250,27.804508,16.907398,1.786693,15.578505,25.002727,mad
bcc_HfNb,Hf20Nb108,case-73,/lustre/orion/lrn070/world-shared/mlupopa/RHEAs_HydraGNN/HydraGNN/examples/vasp_solid_solution_alloys/dataset/bcc_HfNb/Hf-Nb/Hf20Nb108/case-73,/lustre/orion/lrn070/world-shared/mlupopa/RHEAs_HydraGNN/HydraGNN/examples/vasp_solid_solution_alloys/dataset/bcc_HfNb/Hf-Nb/Hf20Nb108/case-73/N0.OUTCAR,0.156250,26.632988,16.907398,1.786693,15.578505,25.002727,mad
bcc_HfNb,Hf20Nb108,case-79,/lustre/orion/lrn070/world-shared/mlupopa/RHEAs_HydraGNN/HydraGNN/examples/vasp_solid_solution_alloys/dataset/bcc_HfNb/Hf-Nb/Hf20Nb108/case-79,/lustre/orion/lrn070/world-shared/mlupopa/RHEAs_HydraGNN/HydraGNN/examples/vasp_solid_solution_alloys/dataset/bcc_HfNb/Hf-Nb/Hf20Nb108/case-79/N0.OUTCAR,0.156250,27.685031,16.907398,1.786693,15.578505,25.002727,mad
bcc_HfNb,Hf20Nb108,case-92,/lustre/orion/lrn070/world-shared/mlupopa/RHEAs_HydraGNN/HydraGNN/examples/vasp_solid_solution_alloys/dataset/bcc_HfNb/Hf-Nb/Hf20Nb108/case-92,/lustre/orion/lrn070/world-shared/mlupopa/RHEAs_HydraGNN/HydraGNN/examples/vasp_solid_solution_alloys/dataset/bcc_HfNb/Hf-Nb/Hf20Nb108/case-92/N0.OUTCAR,0.156250,28.628642,16.907398,1.786693,15.578505,25.002727,mad
bcc_HfNb,Hf20Nb108,case-94,/lustre/orion/lrn070/world-shared/mlupopa/RHEAs_HydraGNN/HydraGNN/examples/vasp_solid_solution_alloys/dataset/bcc_HfNb/Hf-Nb/Hf20Nb108/case-94,/lustre/orion/lrn070/world-shared/mlupopa/RHEAs_HydraGNN/HydraGNN/examples/vasp_solid_solution_alloys/dataset/bcc_HfNb/Hf-Nb/Hf20Nb108/case-94/N0.OUTCAR,0.156250,27.911555,16.907398,1.786693,15.578505,25.002727,mad
bcc_HfNb,Hf24Nb104,case-13,/lustre/orion/lrn070/world-shared/mlupopa/RHEAs_HydraGNN/HydraGNN/examples/vasp_solid_solution_alloys/dataset/bcc_HfNb/Hf-Nb/Hf24Nb104/case-13,/lustre/orion/lrn070/world-shared/mlupopa/RHEAs_HydraGNN/HydraGNN/examples/vasp_solid_solution_alloys/dataset/bcc_HfNb/Hf-Nb/Hf24Nb104/case-13/N0.OUTCAR,0.187500,32.469471,22.575713,1.475472,21.508459,24.470808,mad
bcc_HfNb,Hf24Nb104,case-16,/lustre/orion/lrn070/world-shared/mlupopa/RHEAs_HydraGNN/HydraGNN/examples/vasp_solid_solution_alloys/dataset/bcc_HfNb/Hf-Nb/Hf24Nb104/case-16,/lustre/orion/lrn070/world-shared/mlupopa/RHEAs_HydraGNN/HydraGNN/examples/vasp_solid_solution_alloys/dataset/bcc_HfNb/Hf-Nb/Hf24Nb104/case-16/N0.OUTCAR,0.187500,30.690539,22.575713,1.475472,21.508459,24.470808,mad
bcc_HfNb,Hf24Nb104,case-17,/lustre/orion/lrn070/world-shared/mlupopa/RHEAs_HydraGNN/HydraGNN/examples/vasp_solid_solution_alloys/dataset/bcc_HfNb/Hf-Nb/Hf24Nb104/case-17,/lustre/orion/lrn070/world-shared/mlupopa/RHEAs_HydraGNN/HydraGNN/examples/vasp_solid_solution_alloys/dataset/bcc_HfNb/Hf-Nb/Hf24Nb104/case-17/N0.OUTCAR,0.187500,31.061004,22.575713,1.475472,21.508459,24.470808,mad
bcc_HfNb,Hf24Nb104,case-21,/lustre/orion/lrn070/world-shared/mlupopa/RHEAs_HydraGNN/HydraGNN/examples/vasp_solid_solution_alloys/dataset/bcc_HfNb/Hf-Nb/Hf24Nb104/case-21,/lustre/orion/lrn070/world-shared/mlupopa/RHEAs_HydraGNN/HydraGNN/examples/vasp_solid_solution_alloys/dataset/bcc_HfNb/Hf-Nb/Hf24Nb104/case-21/N0.OUTCAR,0.187500,31.196825,22.575713,1.475472,21.508459,24.470808,mad
bcc_HfNb,Hf24Nb104,case-32,/lustre/orion/lrn070/world-shared/mlupopa/RHEAs_HydraGNN/HydraGNN/examples/vasp_solid_solution_alloys/dataset/bcc_HfNb/Hf-Nb/Hf24Nb104/case-32,/lustre/orion/lrn070/world-shared/mlupopa/RHEAs_HydraGNN/HydraGNN/examples/vasp_solid_solution_alloys/dataset/bcc_HfNb/Hf-Nb/Hf24Nb104/case-32/N0.OUTCAR,0.187500,32.457766,22.575713,1.475472,21.508459,24.470808,mad
bcc_HfNb,Hf24Nb104,case-33,/lustre/orion/lrn070/world-shared/mlupopa/RHEAs_HydraGNN/HydraGNN/examples/vasp_solid_solution_alloys/dataset/bcc_HfNb/Hf-Nb/Hf24Nb104/case-33,/lustre/orion/lrn070/world-shared/mlupopa/RHEAs_HydraGNN/HydraGNN/examples/vasp_solid_solution_alloys/dataset/bcc_HfNb/Hf-Nb/Hf24Nb104/case-33/N0.OUTCAR,0.187500,31.461419,22.575713,1.475472,21.508459,24.470808,mad
bcc_HfNb,Hf24Nb104,case-34,/lustre/orion/lrn070/world-shared/mlupopa/RHEAs_HydraGNN/HydraGNN/examples/vasp_solid_solution_alloys/dataset/bcc_HfNb/Hf-Nb/Hf24Nb104/case-34,/lustre/orion/lrn070/world-shared/mlupopa/RHEAs_HydraGNN/HydraGNN/examples/vasp_solid_solution_alloys/dataset/bcc_HfNb/Hf-Nb/Hf24Nb104/case-34/N0.OUTCAR,0.187500,31.464788,22.575713,1.475472,21.508459,24.470808,mad
bcc_HfNb,Hf24Nb104,case-48,/lustre/orion/lrn070/world-shared/mlupopa/RHEAs_HydraGNN/HydraGNN/examples/vasp_solid_solution_alloys/dataset/bcc_HfNb/Hf-Nb/Hf24Nb104/case-48,/lustre/orion/lrn070/world-shared/mlupopa/RHEAs_HydraGNN/HydraGNN/examples/vasp_solid_solution_alloys/dataset/bcc_HfNb/Hf-Nb/Hf24Nb104/case-48/N0.OUTCAR,0.187500,30.473682,22.575713,1.475472,21.508459,24.470808,mad
bcc_HfNb,Hf24Nb104,case-54,/lustre/orion/lrn070/world-shared/mlupopa/RHEAs_HydraGNN/HydraGNN/examples/vasp_solid_solution_alloys/dataset/bcc_HfNb/Hf-Nb/Hf24Nb104/case-54,/lustre/orion/lrn070/world-shared/mlupopa/RHEAs_HydraGNN/HydraGNN/examples/vasp_solid_solution_alloys/dataset/bcc_HfNb/Hf-Nb/Hf24Nb104/case-54/N0.OUTCAR,0.187500,60.789252,22.575713,1.475472,21.508459,24.470808,mad
bcc_HfNb,Hf24Nb104,case-58,/lustre/orion/lrn070/world-shared/mlupopa/RHEAs_HydraGNN/HydraGNN/examples/vasp_solid_solution_alloys/dataset/bcc_HfNb/Hf-Nb/Hf24Nb104/case-58,/lustre/orion/lrn070/world-shared/mlupopa/RHEAs_HydraGNN/HydraGNN/examples/vasp_solid_solution_alloys/dataset/bcc_HfNb/Hf-Nb/Hf24Nb104/case-58/N0.OUTCAR,0.187500,31.821333,22.575713,1.475472,21.508459,24.470808,mad
bcc_HfNb,Hf24Nb104,case-59,/lustre/orion/lrn070/world-shared/mlupopa/RHEAs_HydraGNN/HydraGNN/examples/vasp_solid_solution_alloys/dataset/bcc_HfNb/Hf-Nb/Hf24Nb104/case-59,/lustre/orion/lrn070/world-shared/mlupopa/RHEAs_HydraGNN/HydraGNN/examples/vasp_solid_solution_alloys/dataset/bcc_HfNb/Hf-Nb/Hf24Nb104/case-59/N0.OUTCAR,0.187500,32.427976,22.575713,1.475472,21.508459,24.470808,mad
bcc_HfNb,Hf24Nb104,case-63,/lustre/orion/lrn070/world-shared/mlupopa/RHEAs_HydraGNN/HydraGNN/examples/vasp_solid_solution_alloys/dataset/bcc_HfNb/Hf-Nb/Hf24Nb104/case-63,/lustre/orion/lrn070/world-shared/mlupopa/RHEAs_HydraGNN/HydraGNN/examples/vasp_solid_solution_alloys/dataset/bcc_HfNb/Hf-Nb/Hf24Nb104/case-63/N0.OUTCAR,0.187500,33.130107,22.575713,1.475472,21.508459,24.470808,mad
bcc_HfNb,Hf24Nb104,case-8,/lustre/orion/lrn070/world-shared/mlupopa/RHEAs_HydraGNN/HydraGNN/examples/vasp_solid_solution_alloys/dataset/bcc_HfNb/Hf-Nb/Hf24Nb104/case-8,/lustre/orion/lrn070/world-shared/mlupopa/RHEAs_HydraGNN/HydraGNN/examples/vasp_solid_solution_alloys/dataset/bcc_HfNb/Hf-Nb/Hf24Nb104/case-8/N0.OUTCAR,0.187500,31.130367,22.575713,1.475472,21.508459,24.470808,mad
bcc_HfNb,Hf24Nb104,case-83,/lustre/orion/lrn070/world-shared/mlupopa/RHEAs_HydraGNN/HydraGNN/examples/vasp_solid_solution_alloys/dataset/bcc_HfNb/Hf-Nb/Hf24Nb104/case-83,/lustre/orion/lrn070/world-shared/mlupopa/RHEAs_HydraGNN/HydraGNN/examples/vasp_solid_solution_alloys/dataset/bcc_HfNb/Hf-Nb/Hf24Nb104/case-83/N0.OUTCAR,0.187500,32.232207,22.575713,1.475472,21.508459,24.470808,mad
bcc_HfNb,Hf24Nb104,case-88,/lustre/orion/lrn070/world-shared/mlupopa/RHEAs_HydraGNN/HydraGNN/examples/vasp_solid_solution_alloys/dataset/bcc_HfNb/Hf-Nb/Hf24Nb104/case-88,/lustre/orion/lrn070/world-shared/mlupopa/RHEAs_HydraGNN/HydraGNN/examples/vasp_solid_solution_alloys/dataset/bcc_HfNb/Hf-Nb/Hf24Nb104/case-88/N0.OUTCAR,0.187500,32.571491,22.575713,1.475472,21.508459,24.470808,mad
bcc_HfNb,Hf24Nb104,case-94,/lustre/orion/lrn070/world-shared/mlupopa/RHEAs_HydraGNN/HydraGNN/examples/vasp_solid_solution_alloys/dataset/bcc_HfNb/Hf-Nb/Hf24Nb104/case-94,/lustre/orion/lrn070/world-shared/mlupopa/RHEAs_HydraGNN/HydraGNN/examples/vasp_solid_solution_alloys/dataset/bcc_HfNb/Hf-Nb/Hf24Nb104/case-94/N0.OUTCAR,0.187500,34.890503,22.575713,1.475472,21.508459,24.470808,mad
bcc_HfNb,Hf24Nb104,case-96,/lustre/orion/lrn070/world-shared/mlupopa/RHEAs_HydraGNN/HydraGNN/examples/vasp_solid_solution_alloys/dataset/bcc_HfNb/Hf-Nb/Hf24Nb104/case-96,/lustre/orion/lrn070/world-shared/mlupopa/RHEAs_HydraGNN/HydraGNN/examples/vasp_solid_solution_alloys/dataset/bcc_HfNb/Hf-Nb/Hf24Nb104/case-96/N0.OUTCAR,0.187500,31.248543,22.575713,1.475472,21.508459,24.470808,mad
bcc_HfNb,Hf28Nb100,case-3,/lustre/orion/lrn070/world-shared/mlupopa/RHEAs_HydraGNN/HydraGNN/examples/vasp_solid_solution_alloys/dataset/bcc_HfNb/Hf-Nb/Hf28Nb100/case-3,/lustre/orion/lrn070/world-shared/mlupopa/RHEAs_HydraGNN/HydraGNN/examples/vasp_solid_solution_alloys/dataset/bcc_HfNb/Hf-Nb/Hf28Nb100/case-3/N0.OUTCAR,0.218750,41.391242,28.731400,2.121938,26.974346,33.733809,mad
bcc_HfNb,Hf28Nb100,case-34,/lustre/orion/lrn070/world-shared/mlupopa/RHEAs_HydraGNN/HydraGNN/examples/vasp_solid_solution_alloys/dataset/bcc_HfNb/Hf-Nb/Hf28Nb100/case-34,/lustre/orion/lrn070/world-shared/mlupopa/RHEAs_HydraGNN/HydraGNN/examples/vasp_solid_solution_alloys/dataset/bcc_HfNb/Hf-Nb/Hf28Nb100/case-34/N0.OUTCAR,0.218750,152.155538,28.731400,2.121938,26.974346,33.733809,mad
bcc_HfNb,Hf28Nb100,case-51,/lustre/orion/lrn070/world-shared/mlupopa/RHEAs_HydraGNN/HydraGNN/examples/vasp_solid_solution_alloys/dataset/bcc_HfNb/Hf-Nb/Hf28Nb100/case-51,/lustre/orion/lrn070/world-shared/mlupopa/RHEAs_HydraGNN/HydraGNN/examples/vasp_solid_solution_alloys/dataset/bcc_HfNb/Hf-Nb/Hf28Nb100/case-51/N0.OUTCAR,0.218750,44.006074,28.731400,2.121938,26.974346,33.733809,mad
bcc_HfNb,Hf28Nb100,case-71,/lustre/orion/lrn070/world-shared/mlupopa/RHEAs_HydraGNN/HydraGNN/examples/vasp_solid_solution_alloys/dataset/bcc_HfNb/Hf-Nb/Hf28Nb100/case-71,/lustre/orion/lrn070/world-shared/mlupopa/RHEAs_HydraGNN/HydraGNN/examples/vasp_solid_solution_alloys/dataset/bcc_HfNb/Hf-Nb/Hf28Nb100/case-71/N0.OUTCAR,0.218750,76.401006,28.731400,2.121938,26.974346,33.733809,mad
bcc_HfNb,Hf28Nb100,case-90,/lustre/orion/lrn070/world-shared/mlupopa/RHEAs_HydraGNN/HydraGNN/examples/vasp_solid_solution_alloys/dataset/bcc_HfNb/Hf-Nb/Hf28Nb100/case-90,/lustre/orion/lrn070/world-shared/mlupopa/RHEAs_HydraGNN/HydraGNN/examples/vasp_solid_solution_alloys/dataset/bcc_HfNb/Hf-Nb/Hf28Nb100/case-90/N0.OUTCAR,0.218750,151.850753,28.731400,2.121938,26.974346,33.733809,mad
bcc_HfNb,Hf32Nb96,case-26,/lustre/orion/lrn070/world-shared/mlupopa/RHEAs_HydraGNN/HydraGNN/examples/vasp_solid_solution_alloys/dataset/bcc_HfNb/Hf-Nb/Hf32Nb96/case-26,/lustre/orion/lrn070/world-shared/mlupopa/RHEAs_HydraGNN/HydraGNN/examples/vasp_solid_solution_alloys/dataset/bcc_HfNb/Hf-Nb/Hf32Nb96/case-26/N0.OUTCAR,0.250000,149.969929,34.710689,2.927590,32.568468,40.026567,mad
bcc_HfNb,Hf32Nb96,case-28,/lustre/orion/lrn070/world-shared/mlupopa/RHEAs_HydraGNN/HydraGNN/examples/vasp_solid_solution_alloys/dataset/bcc_HfNb/Hf-Nb/Hf32Nb96/case-28,/lustre/orion/lrn070/world-shared/mlupopa/RHEAs_HydraGNN/HydraGNN/examples/vasp_solid_solution_alloys/dataset/bcc_HfNb/Hf-Nb/Hf32Nb96/case-28/N0.OUTCAR,0.250000,71.896180,34.710689,2.927590,32.568468,40.026567,mad
bcc_HfNb,Hf32Nb96,case-53,/lustre/orion/lrn070/world-shared/mlupopa/RHEAs_HydraGNN/HydraGNN/examples/vasp_solid_solution_alloys/dataset/bcc_HfNb/Hf-Nb/Hf32Nb96/case-53,/lustre/orion/lrn070/world-shared/mlupopa/RHEAs_HydraGNN/HydraGNN/examples/vasp_solid_solution_alloys/dataset/bcc_HfNb/Hf-Nb/Hf32Nb96/case-53/N1.OUTCAR,0.250000,78.013264,34.710689,2.927590,32.568468,40.026567,mad
bcc_HfNb,Hf32Nb96,case-87,/lustre/orion/lrn070/world-shared/mlupopa/RHEAs_HydraGNN/HydraGNN/examples/vasp_solid_solution_alloys/dataset/bcc_HfNb/Hf-Nb/Hf32Nb96/case-87,/lustre/orion/lrn070/world-shared/mlupopa/RHEAs_HydraGNN/HydraGNN/examples/vasp_solid_solution_alloys/dataset/bcc_HfNb/Hf-Nb/Hf32Nb96/case-87/N0.OUTCAR,0.250000,151.972555,34.710689,2.927590,32.568468,40.026567,mad
bcc_HfNb,Hf36Nb92,case-100,/lustre/orion/lrn070/world-shared/mlupopa/RHEAs_HydraGNN/HydraGNN/examples/vasp_solid_solution_alloys/dataset/bcc_HfNb/Hf-Nb/Hf36Nb92/case-100,/lustre/orion/lrn070/world-shared/mlupopa/RHEAs_HydraGNN/HydraGNN/examples/vasp_solid_solution_alloys/dataset/bcc_HfNb/Hf-Nb/Hf36Nb92/case-100/N0.OUTCAR,0.281250,76.590994,40.212359,3.482070,37.530881,44.393866,mad
bcc_HfNb,Hf36Nb92,case-18,/lustre/orion/lrn070/world-shared/mlupopa/RHEAs_HydraGNN/HydraGNN/examples/vasp_solid_solution_alloys/dataset/bcc_HfNb/Hf-Nb/Hf36Nb92/case-18,/lustre/orion/lrn070/world-shared/mlupopa/RHEAs_HydraGNN/HydraGNN/examples/vasp_solid_solution_alloys/dataset/bcc_HfNb/Hf-Nb/Hf36Nb92/case-18/N0.OUTCAR,0.281250,61.764723,40.212359,3.482070,37.530881,44.393866,mad
bcc_HfNb,Hf36Nb92,case-39,/lustre/orion/lrn070/world-shared/mlupopa/RHEAs_HydraGNN/HydraGNN/examples/vasp_solid_solution_alloys/dataset/bcc_HfNb/Hf-Nb/Hf36Nb92/case-39,/lustre/orion/lrn070/world-shared/mlupopa/RHEAs_HydraGNN/HydraGNN/examples/vasp_solid_solution_alloys/dataset/bcc_HfNb/Hf-Nb/Hf36Nb92/case-39/N0.OUTCAR,0.281250,88.628697,40.212359,3.482070,37.530881,44.393866,mad
bcc_HfNb,Hf36Nb92,case-56,/lustre/orion/lrn070/world-shared/mlupopa/RHEAs_HydraGNN/HydraGNN/examples/vasp_solid_solution_alloys/dataset/bcc_HfNb/Hf-Nb/Hf36Nb92/case-56,/lustre/orion/lrn070/world-shared/mlupopa/RHEAs_HydraGNN/HydraGNN/examples/vasp_solid_solution_alloys/dataset/bcc_HfNb/Hf-Nb/Hf36Nb92/case-56/N0.OUTCAR,0.281250,74.057743,40.212359,3.482070,37.530881,44.393866,mad
bcc_HfNb,Hf36Nb92,case-8,/lustre/orion/lrn070/world-shared/mlupopa/RHEAs_HydraGNN/HydraGNN/examples/vasp_solid_solution_alloys/dataset/bcc_HfNb/Hf-Nb/Hf36Nb92/case-8,/lustre/orion/lrn070/world-shared/mlupopa/RHEAs_HydraGNN/HydraGNN/examples/vasp_solid_solution_alloys/dataset/bcc_HfNb/Hf-Nb/Hf36Nb92/case-8/N0.OUTCAR,0.281250,88.584468,40.212359,3.482070,37.530881,44.393866,mad
bcc_HfNb,Hf36Nb92,case-88,/lustre/orion/lrn070/world-shared/mlupopa/RHEAs_HydraGNN/HydraGNN/examples/vasp_solid_solution_alloys/dataset/bcc_HfNb/Hf-Nb/Hf36Nb92/case-88,/lustre/orion/lrn070/world-shared/mlupopa/RHEAs_HydraGNN/HydraGNN/examples/vasp_solid_solution_alloys/dataset/bcc_HfNb/Hf-Nb/Hf36Nb92/case-88/N0.OUTCAR,0.281250,83.423859,40.212359,3.482070,37.530881,44.393866,mad
bcc_HfNb,Hf40Nb88,case-3,/lustre/orion/lrn070/world-shared/mlupopa/RHEAs_HydraGNN/HydraGNN/examples/vasp_solid_solution_alloys/dataset/bcc_HfNb/Hf-Nb/Hf40Nb88/case-3,/lustre/orion/lrn070/world-shared/mlupopa/RHEAs_HydraGNN/HydraGNN/examples/vasp_solid_solution_alloys/dataset/bcc_HfNb/Hf-Nb/Hf40Nb88/case-3/N0.OUTCAR,0.312500,76.047060,45.200420,2.547699,42.789086,47.873203,mad
bcc_HfNb,Hf40Nb88,case-75,/lustre/orion/lrn070/world-shared/mlupopa/RHEAs_HydraGNN/HydraGNN/examples/vasp_solid_solution_alloys/dataset/bcc_HfNb/Hf-Nb/Hf40Nb88/case-75,/lustre/orion/lrn070/world-shared/mlupopa/RHEAs_HydraGNN/HydraGNN/examples/vasp_solid_solution_alloys/dataset/bcc_HfNb/Hf-Nb/Hf40Nb88/case-75/N0.OUTCAR,0.312500,62.532759,45.200420,2.547699,42.789086,47.873203,mad
bcc_HfNb,Hf44Nb84,case-34,/lustre/orion/lrn070/world-shared/mlupopa/RHEAs_HydraGNN/HydraGNN/examples/vasp_solid_solution_alloys/dataset/bcc_HfNb/Hf-Nb/Hf44Nb84/case-34,/lustre/orion/lrn070/world-shared/mlupopa/RHEAs_HydraGNN/HydraGNN/examples/vasp_solid_solution_alloys/dataset/bcc_HfNb/Hf-Nb/Hf44Nb84/case-34/N0.OUTCAR,0.343750,96.276326,49.290434,2.651596,46.870556,52.140314,mad
bcc_HfNb,Hf48Nb80,case-15,/lustre/orion/lrn070/world-shared/mlupopa/RHEAs_HydraGNN/HydraGNN/examples/vasp_solid_solution_alloys/dataset/bcc_HfNb/Hf-Nb/Hf48Nb80/case-15,/lustre/orion/lrn070/world-shared/mlupopa/RHEAs_HydraGNN/HydraGNN/examples/vasp_solid_solution_alloys/dataset/bcc_HfNb/Hf-Nb/Hf48Nb80/case-15/N0.OUTCAR,0.375000,77.633656,53.011170,2.690135,50.565609,55.816684,mad
bcc_HfNb,Hf48Nb80,case-43,/lustre/orion/lrn070/world-shared/mlupopa/RHEAs_HydraGNN/HydraGNN/examples/vasp_solid_solution_alloys/dataset/bcc_HfNb/Hf-Nb/Hf48Nb80/case-43,/lustre/orion/lrn070/world-shared/mlupopa/RHEAs_HydraGNN/HydraGNN/examples/vasp_solid_solution_alloys/dataset/bcc_HfNb/Hf-Nb/Hf48Nb80/case-43/N0.OUTCAR,0.375000,74.579654,53.011170,2.690135,50.565609,55.816684,mad
bcc_HfNb,Hf48Nb80,case-63,/lustre/orion/lrn070/world-shared/mlupopa/RHEAs_HydraGNN/HydraGNN/examples/vasp_solid_solution_alloys/dataset/bcc_HfNb/Hf-Nb/Hf48Nb80/case-63,/lustre/orion/lrn070/world-shared/mlupopa/RHEAs_HydraGNN/HydraGNN/examples/vasp_solid_solution_alloys/dataset/bcc_HfNb/Hf-Nb/Hf48Nb80/case-63/N0.OUTCAR,0.375000,85.976232,53.011170,2.690135,50.565609,55.816684,mad
bcc_HfNb,Hf48Nb80,case-65,/lustre/orion/lrn070/world-shared/mlupopa/RHEAs_HydraGNN/HydraGNN/examples/vasp_solid_solution_alloys/dataset/bcc_HfNb/Hf-Nb/Hf48Nb80/case-65,/lustre/orion/lrn070/world-shared/mlupopa/RHEAs_HydraGNN/HydraGNN/examples/vasp_solid_solution_alloys/dataset/bcc_HfNb/Hf-Nb/Hf48Nb80/case-65/N0.OUTCAR,0.375000,67.427260,53.011170,2.690135,50.565609,55.816684,mad
bcc_HfNb,Hf48Nb80,case-77,/lustre/orion/lrn070/world-shared/mlupopa/RHEAs_HydraGNN/HydraGNN/examples/vasp_solid_solution_alloys/dataset/bcc_HfNb/Hf-Nb/Hf48Nb80/case-77,/lustre/orion/lrn070/world-shared/mlupopa/RHEAs_HydraGNN/HydraGNN/examples/vasp_solid_solution_alloys/dataset/bcc_HfNb/Hf-Nb/Hf48Nb80/case-77/N1.OUTCAR,0.375000,81.246996,53.011170,2.690135,50.565609,55.816684,mad
bcc_HfNb,Hf48Nb80,case-97,/lustre/orion/lrn070/world-shared/mlupopa/RHEAs_HydraGNN/HydraGNN/examples/vasp_solid_solution_alloys/dataset/bcc_HfNb/Hf-Nb/Hf48Nb80/case-97,/lustre/orion/lrn070/world-shared/mlupopa/RHEAs_HydraGNN/HydraGNN/examples/vasp_solid_solution_alloys/dataset/bcc_HfNb/Hf-Nb/Hf48Nb80/case-97/N0.OUTCAR,0.375000,71.561593,53.011170,2.690135,50.565609,55.816684,mad
bcc_HfNb,Hf4Nb124,case-1,/lustre/orion/lrn070/world-shared/mlupopa/RHEAs_HydraGNN/HydraGNN/examples/vasp_solid_solution_alloys/dataset/bcc_HfNb/Hf-Nb/Hf4Nb124/case-1,/lustre/orion/lrn070/world-shared/mlupopa/RHEAs_HydraGNN/HydraGNN/examples/vasp_solid_solution_alloys/dataset/bcc_HfNb/Hf-Nb/Hf4Nb124/case-1/N0.OUTCAR,0.031250,6.344176,-10.679894,1.044095,-11.215875,5.430481,mad
bcc_HfNb,Hf4Nb124,case-10,/lustre/orion/lrn070/world-shared/mlupopa/RHEAs_HydraGNN/HydraGNN/examples/vasp_solid_solution_alloys/dataset/bcc_HfNb/Hf-Nb/Hf4Nb124/case-10,/lustre/orion/lrn070/world-shared/mlupopa/RHEAs_HydraGNN/HydraGNN/examples/vasp_solid_solution_alloys/dataset/bcc_HfNb/Hf-Nb/Hf4Nb124/case-10/N0.OUTCAR,0.031250,5.698587,-10.679894,1.044095,-11.215875,5.430481,mad
bcc_HfNb,Hf4Nb124,case-11,/lustre/orion/lrn070/world-shared/mlupopa/RHEAs_HydraGNN/HydraGNN/examples/vasp_solid_solution_alloys/dataset/bcc_HfNb/Hf-Nb/Hf4Nb124/case-11,/lustre/orion/lrn070/world-shared/mlupopa/RHEAs_HydraGNN/HydraGNN/examples/vasp_solid_solution_alloys/dataset/bcc_HfNb/Hf-Nb/Hf4Nb124/case-11/N0.OUTCAR,0.031250,4.716426,-10.679894,1.044095,-11.215875,5.430481,mad
bcc_HfNb,Hf4Nb124,case-13,/lustre/orion/lrn070/world-shared/mlupopa/RHEAs_HydraGNN/HydraGNN/examples/vasp_solid_solution_alloys/dataset/bcc_HfNb/Hf-Nb/Hf4Nb124/case-13,/lustre/orion/lrn070/world-shared/mlupopa/RHEAs_HydraGNN/HydraGNN/examples/vasp_solid_solution_alloys/dataset/bcc_HfNb/Hf-Nb/Hf4Nb124/case-13/N0.OUTCAR,0.031250,5.481658,-10.679894,1.044095,-11.215875,5.430481,mad
bcc_HfNb,Hf4Nb124,case-14,/lustre/orion/lrn070/world-shared/mlupopa/RHEAs_HydraGNN/HydraGNN/examples/vasp_solid_solution_alloys/dataset/bcc_HfNb/Hf-Nb/Hf4Nb124/case-14,/lustre/orion/lrn070/world-shared/mlupopa/RHEAs_HydraGNN/HydraGNN/examples/vasp_solid_solution_alloys/dataset/bcc_HfNb/Hf-Nb/Hf4Nb124/case-14/N0.OUTCAR,0.031250,5.796531,-10.679894,1.044095,-11.215875,5.430481,mad
bcc_HfNb,Hf4Nb124,case-15,/lustre/orion/lrn070/world-shared/mlupopa/RHEAs_HydraGNN/HydraGNN/examples/vasp_solid_solution_alloys/dataset/bcc_HfNb/Hf-Nb/Hf4Nb124/case-15,/lustre/orion/lrn070/world-shared/mlupopa/RHEAs_HydraGNN/HydraGNN/examples/vasp_solid_solution_alloys/dataset/bcc_HfNb/Hf-Nb/Hf4Nb124/case-15/N0.OUTCAR,0.031250,5.159766,-10.679894,1.044095,-11.215875,5.430481,mad
bcc_HfNb,Hf4Nb124,case-16,/lustre/orion/lrn070/world-shared/mlupopa/RHEAs_HydraGNN/HydraGNN/examples/vasp_solid_solution_alloys/dataset/bcc_HfNb/Hf-Nb/Hf4Nb124/case-16,/lustre/orion/lrn070/world-shared/mlupopa/RHEAs_HydraGNN/HydraGNN/examples/vasp_solid_solution_alloys/dataset/bcc_HfNb/Hf-Nb/Hf4Nb124/case-16/N2.OUTCAR,0.031250,5.727959,-10.679894,1.044095,-11.215875,5.430481,mad
bcc_HfNb,Hf4Nb124,case-21,/lustre/orion/lrn070/world-shared/mlupopa/RHEAs_HydraGNN/HydraGNN/examples/vasp_solid_solution_alloys/dataset/bcc_HfNb/Hf-Nb/Hf4Nb124/case-21,/lustre/orion/lrn070/world-shared/mlupopa/RHEAs_HydraGNN/HydraGNN/examples/vasp_solid_solution_alloys/dataset/bcc_HfNb/Hf-Nb/Hf4Nb124/case-21/N0.OUTCAR,0.031250,5.416504,-10.679894,1.044095,-11.215875,5.430481,mad
bcc_HfNb,Hf4Nb124,case-22,/lustre/orion/lrn070/world-shared/mlupopa/RHEAs_HydraGNN/HydraGNN/examples/vasp_solid_solution_alloys/dataset/bcc_HfNb/Hf-Nb/Hf4Nb124/case-22,/lustre/orion/lrn070/world-shared/mlupopa/RHEAs_HydraGNN/HydraGNN/examples/vasp_solid_solution_alloys/dataset/bcc_HfNb/Hf-Nb/Hf4Nb124/case-22/N1.OUTCAR,0.031250,5.791663,-10.679894,1.044095,-11.215875,5.430481,mad
bcc_HfNb,Hf4Nb124,case-23,/lustre/orion/lrn070/world-shared/mlupopa/RHEAs_HydraGNN/HydraGNN/examples/vasp_solid_solution_alloys/dataset/bcc_HfNb/Hf-Nb/Hf4Nb124/case-23,/lustre/orion/lrn070/world-shared/mlupopa/RHEAs_HydraGNN/HydraGNN/examples/vasp_solid_solution_alloys/dataset/bcc_HfNb/Hf-Nb/Hf4Nb124/case-23/N0.OUTCAR,0.031250,5.562622,-10.679894,1.044095,-11.215875,5.430481,mad
bcc_HfNb,Hf4Nb124,case-25,/lustre/orion/lrn070/world-shared/mlupopa/RHEAs_HydraGNN/HydraGNN/examples/vasp_solid_solution_alloys/dataset/bcc_HfNb/Hf-Nb/Hf4Nb124/case-25,/lustre/orion/lrn070/world-shared/mlupopa/RHEAs_HydraGNN/HydraGNN/examples/vasp_solid_solution_alloys/dataset/bcc_HfNb/Hf-Nb/Hf4Nb124/case-25/N1.OUTCAR,0.031250,5.751334,-10.679894,1.044095,-11.215875,5.430481,mad
bcc_HfNb,Hf4Nb124,case-26,/lustre/orion/lrn070/world-shared/mlupopa/RHEAs_HydraGNN/HydraGNN/examples/vasp_solid_solution_alloys/dataset/bcc_HfNb/Hf-Nb/Hf4Nb124/case-26,/lustre/orion/lrn070/world-shared/mlupopa/RHEAs_HydraGNN/HydraGNN/examples/vasp_solid_solution_alloys/dataset/bcc_HfNb/Hf-Nb/Hf4Nb124/case-26/N0.OUTCAR,0.031250,5.558671,-10.679894,1.044095,-11.215875,5.430481,mad
bcc_HfNb,Hf4Nb124,case-27,/lustre/orion/lrn070/world-shared/mlupopa/RHEAs_HydraGNN/HydraGNN/examples/vasp_solid_solution_alloys/dataset/bcc_HfNb/Hf-Nb/Hf4Nb124/case-27,/lustre/orion/lrn070/world-shared/mlupopa/RHEAs_HydraGNN/HydraGNN/examples/vasp_solid_solution_alloys/dataset/bcc_HfNb/Hf-Nb/Hf4Nb124/case-27/N0.OUTCAR,0.031250,5.517472,-10.679894,1.044095,-11.215875,5.430481,mad
bcc_HfNb,Hf4Nb124,case-33,/lustre/orion/lrn070/world-shared/mlupopa/RHEAs_HydraGNN/HydraGNN/examples/vasp_solid_solution_alloys/dataset/bcc_HfNb/Hf-Nb/Hf4Nb124/case-33,/lustre/orion/lrn070/world-shared/mlupopa/RHEAs_HydraGNN/HydraGNN/examples/vasp_solid_solution_alloys/dataset/bcc_HfNb/Hf-Nb/Hf4Nb124/case-33/N0.OUTCAR,0.031250,5.443132,-10.679894,1.044095,-11.215875,5.430481,mad
bcc_HfNb,Hf4Nb124,case-34,/lustre/orion/lrn070/world-shared/mlupopa/RHEAs_HydraGNN/HydraGNN/examples/vasp_solid_solution_alloys/dataset/bcc_HfNb/Hf-Nb/Hf4Nb124/case-34,/lustre/orion/lrn070/world-shared/mlupopa/RHEAs_HydraGNN/HydraGNN/examples/vasp_solid_solution_alloys/dataset/bcc_HfNb/Hf-Nb/Hf4Nb124/case-34/N0.OUTCAR,0.031250,5.358150,-10.679894,1.044095,-11.215875,5.430481,mad
bcc_HfNb,Hf4Nb124,case-35,/lustre/orion/lrn070/world-shared/mlupopa/RHEAs_HydraGNN/HydraGNN/examples/vasp_solid_solution_alloys/dataset/bcc_HfNb/Hf-Nb/Hf4Nb124/case-35,/lustre/orion/lrn070/world-shared/mlupopa/RHEAs_HydraGNN/HydraGNN/examples/vasp_solid_solution_alloys/dataset/bcc_HfNb/Hf-Nb/Hf4Nb124/case-35/N1.OUTCAR,0.031250,5.822801,-10.679894,1.044095,-11.215875,5.430481,mad
bcc_HfNb,Hf4Nb124,case-36,/lustre/orion/lrn070/world-shared/mlupopa/RHEAs_HydraGNN/HydraGNN/examples/vasp_solid_solution_alloys/dataset/bcc_HfNb/Hf-Nb/Hf4Nb124/case-36,/lustre/orion/lrn070/world-shared/mlupopa/RHEAs_HydraGNN/HydraGNN/examples/vasp_solid_solution_alloys/dataset/bcc_HfNb/Hf-Nb/Hf4Nb124/case-36/N0.OUTCAR,0.031250,4.846279,-10.679894,1.044095,-11.215875,5.430481,mad
bcc_HfNb,Hf4Nb124,case-38,/lustre/orion/lrn070/world-shared/mlupopa/RHEAs_HydraGNN/HydraGNN/examples/vasp_solid_solution_alloys/dataset/bcc_HfNb/Hf-Nb/Hf4Nb124/case-38,/lustre/orion/lrn070/world-shared/mlupopa/RHEAs_HydraGNN/HydraGNN/examples/vasp_solid_solution_alloys/dataset/bcc_HfNb/Hf-Nb/Hf4Nb124/case-38/N1.OUTCAR,0.031250,5.561603,-10.679894,1.044095,-11.215875,5.430481,mad
bcc_HfNb,Hf4Nb124,case-42,/lustre/orion/lrn070/world-shared/mlupopa/RHEAs_HydraGNN/HydraGNN/examples/vasp_solid_solution_alloys/dataset/bcc_HfNb/Hf-Nb/Hf4Nb124/case-42,/lustre/orion/lrn070/world-shared/mlupopa/RHEAs_HydraGNN/HydraGNN/examples/vasp_solid_solution_alloys/dataset/bcc_HfNb/Hf-Nb/Hf4Nb124/case-42/N0.OUTCAR,0.031250,5.310894,-10.679894,1.044095,-11.215875,5.430481,mad
bcc_HfNb,Hf4Nb124,case-46,/lustre/orion/lrn070/world-shared/mlupopa/RHEAs_HydraGNN/HydraGNN/examples/vasp_solid_solution_alloys/dataset/bcc_HfNb/Hf-Nb/Hf4Nb124/case-46,/lustre/orion/lrn070/world-shared/mlupopa/RHEAs_HydraGNN/HydraGNN/examples/vasp_solid_solution_alloys/dataset/bcc_HfNb/Hf-Nb/Hf4Nb124/case-46/N0.OUTCAR,0.031250,5.564171,-10.679894,1.044095,-11.215875,5.430481,mad
bcc_HfNb,Hf4Nb124,case-47,/lustre/orion/lrn070/world-shared/mlupopa/RHEAs_HydraGNN/HydraGNN/examples/vasp_solid_solution_alloys/dataset/bcc_HfNb/Hf-Nb/Hf4Nb124/case-47,/lustre/orion/lrn070/world-shared/mlupopa/RHEAs_HydraGNN/HydraGNN/examples/vasp_solid_solution_alloys/dataset/bcc_HfNb/Hf-Nb/Hf4Nb124/case-47/N0.OUTCAR,0.031250,5.840753,-10.679894,1.044095,-11.215875,5.430481,mad
bcc_HfNb,Hf4Nb124,case-49,/lustre/orion/lrn070/world-shared/mlupopa/RHEAs_HydraGNN/HydraGNN/examples/vasp_solid_solution_alloys/dataset/bcc_HfNb/Hf-Nb/Hf4Nb124/case-49,/lustre/orion/lrn070/world-shared/mlupopa/RHEAs_HydraGNN/HydraGNN/examples/vasp_solid_solution_alloys/dataset/bcc_HfNb/Hf-Nb/Hf4Nb124/case-49/N1.OUTCAR,0.031250,5.775058,-10.679894,1.044095,-11.215875,5.430481,mad
bcc_HfNb,Hf4Nb124,case-50,/lustre/orion/lrn070/world-shared/mlupopa/RHEAs_HydraGNN/HydraGNN/examples/vasp_solid_solution_alloys/dataset/bcc_HfNb/Hf-Nb/Hf4Nb124/case-50,/lustre/orion/lrn070/world-shared/mlupopa/RHEAs_HydraGNN/HydraGNN/examples/vasp_solid_solution_alloys/dataset/bcc_HfNb/Hf-Nb/Hf4Nb124/case-50/N0.OUTCAR,0.031250,5.314304,-10.679894,1.044095,-11.215875,5.430481,mad
bcc_HfNb,Hf4Nb124,case-51,/lustre/orion/lrn070/world-shared/mlupopa/RHEAs_HydraGNN/HydraGNN/examples/vasp_solid_solution_alloys/dataset/bcc_HfNb/Hf-Nb/Hf4Nb124/case-51,/lustre/orion/lrn070/world-shared/mlupopa/RHEAs_HydraGNN/HydraGNN/examples/vasp_solid_solution_alloys/dataset/bcc_HfNb/Hf-Nb/Hf4Nb124/case-51/N1.OUTCAR,0.031250,5.601001,-10.679894,1.044095,-11.215875,5.430481,mad
bcc_HfNb,Hf4Nb124,case-52,/lustre/orion/lrn070/world-shared/mlupopa/RHEAs_HydraGNN/HydraGNN/examples/vasp_solid_solution_alloys/dataset/bcc_HfNb/Hf-Nb/Hf4Nb124/case-52,/lustre/orion/lrn070/world-shared/mlupopa/RHEAs_HydraGNN/HydraGNN/examples/vasp_solid_solution_alloys/dataset/bcc_HfNb/Hf-Nb/Hf4Nb124/case-52/N1.OUTCAR,0.031250,5.529130,-10.679894,1.044095,-11.215875,5.430481,mad
bcc_HfNb,Hf4Nb124,case-55,/lustre/orion/lrn070/world-shared/mlupopa/RHEAs_HydraGNN/HydraGNN/examples/vasp_solid_solution_alloys/dataset/bcc_HfNb/Hf-Nb/Hf4Nb124/case-55,/lustre/orion/lrn070/world-shared/mlupopa/RHEAs_HydraGNN/HydraGNN/examples/vasp_solid_solution_alloys/dataset/bcc_HfNb/Hf-Nb/Hf4Nb124/case-55/N0.OUTCAR,0.031250,5.109928,-10.679894,1.044095,-11.215875,5.430481,mad
bcc_HfNb,Hf4Nb124,case-56,/lustre/orion/lrn070/world-shared/mlupopa/RHEAs_HydraGNN/HydraGNN/examples/vasp_solid_solution_alloys/dataset/bcc_HfNb/Hf-Nb/Hf4Nb124/case-56,/lustre/orion/lrn070/world-shared/mlupopa/RHEAs_HydraGNN/HydraGNN/examples/vasp_solid_solution_alloys/dataset/bcc_HfNb/Hf-Nb/Hf4Nb124/case-56/N0.OUTCAR,0.031250,5.256759,-10.679894,1.044095,-11.215875,5.430481,mad
bcc_HfNb,Hf4Nb124,case-59,/lustre/orion/lrn070/world-shared/mlupopa/RHEAs_HydraGNN/HydraGNN/examples/vasp_solid_solution_alloys/dataset/bcc_HfNb/Hf-Nb/Hf4Nb124/case-59,/lustre/orion/lrn070/world-shared/mlupopa/RHEAs_HydraGNN/HydraGNN/examples/vasp_solid_solution_alloys/dataset/bcc_HfNb/Hf-Nb/Hf4Nb124/case-59/N0.OUTCAR,0.031250,5.135766,-10.679894,1.044095,-11.215875,5.430481,mad
bcc_HfNb,Hf4Nb124,case-60,/lustre/orion/lrn070/world-shared/mlupopa/RHEAs_HydraGNN/HydraGNN/examples/vasp_solid_solution_alloys/dataset/bcc_HfNb/Hf-Nb/Hf4Nb124/case-60,/lustre/orion/lrn070/world-shared/mlupopa/RHEAs_HydraGNN/HydraGNN/examples/vasp_solid_solution_alloys/dataset/bcc_HfNb/Hf-Nb/Hf4Nb124/case-60/N1.OUTCAR,0.031250,4.879124,-10.679894,1.044095,-11.215875,5.430481,mad
bcc_HfNb,Hf4Nb124,case-61,/lustre/orion/lrn070/world-shared/mlupopa/RHEAs_HydraGNN/HydraGNN/examples/vasp_solid_solution_alloys/dataset/bcc_HfNb/Hf-Nb/Hf4Nb124/case-61,/lustre/orion/lrn070/world-shared/mlupopa/RHEAs_HydraGNN/HydraGNN/examples/vasp_solid_solution_alloys/dataset/bcc_HfNb/Hf-Nb/Hf4Nb124/case-61/N0.OUTCAR,0.031250,5.955088,-10.679894,1.044095,-11.215875,5.430481,mad
bcc_HfNb,Hf4Nb124,case-63,/lustre/orion/lrn070/world-shared/mlupopa/RHEAs_HydraGNN/HydraGNN/examples/vasp_solid_solution_alloys/dataset/bcc_HfNb/Hf-Nb/Hf4Nb124/case-63,/lustre/orion/lrn070/world-shared/mlupopa/RHEAs_HydraGNN/HydraGNN/examples/vasp_solid_solution_alloys/dataset/bcc_HfNb/Hf-Nb/Hf4Nb124/case-63/N0.OUTCAR,0.031250,4.874098,-10.679894,1.044095,-11.215875,5.430481,mad
bcc_HfNb,Hf4Nb124,case-64,/lustre/orion/lrn070/world-shared/mlupopa/RHEAs_HydraGNN/HydraGNN/examples/vasp_solid_solution_alloys/dataset/bcc_HfNb/Hf-Nb/Hf4Nb124/case-64,/lustre/orion/lrn070/world-shared/mlupopa/RHEAs_HydraGNN/HydraGNN/examples/vasp_solid_solution_alloys/dataset/bcc_HfNb/Hf-Nb/Hf4Nb124/case-64/N0.OUTCAR,0.031250,5.588313,-10.679894,1.044095,-11.215875,5.430481,mad
bcc_HfNb,Hf4Nb124,case-66,/lustre/orion/lrn070/world-shared/mlupopa/RHEAs_HydraGNN/HydraGNN/examples/vasp_solid_solution_alloys/dataset/bcc_HfNb/Hf-Nb/Hf4Nb124/case-66,/lustre/orion/lrn070/world-shared/mlupopa/RHEAs_HydraGNN/HydraGNN/examples/vasp_solid_solution_alloys/dataset/bcc_HfNb/Hf-Nb/Hf4Nb124/case-66/N0.OUTCAR,0.031250,4.451440,-10.679894,1.044095,-11.215875,5.430481,mad
bcc_HfNb,Hf4Nb124,case-7,/lustre/orion/lrn070/world-shared/mlupopa/RHEAs_HydraGNN/HydraGNN/examples/vasp_solid_solution_alloys/dataset/bcc_HfNb/Hf-Nb/Hf4Nb124/case-7,/lustre/orion/lrn070/world-shared/mlupopa/RHEAs_HydraGNN/HydraGNN/examples/vasp_solid_solution_alloys/dataset/bcc_HfNb/Hf-Nb/Hf4Nb124/case-7/N0.OUTCAR,0.031250,4.962730,-10.679894,1.044095,-11.215875,5.430481,mad
bcc_HfNb,Hf4Nb124,case-75,/lustre/orion/lrn070/world-shared/mlupopa/RHEAs_HydraGNN/HydraGNN/examples/vasp_solid_solution_alloys/dataset/bcc_HfNb/Hf-Nb/Hf4Nb124/case-75,/lustre/orion/lrn070/world-shared/mlupopa/RHEAs_HydraGNN/HydraGNN/examples/vasp_solid_solution_alloys/dataset/bcc_HfNb/Hf-Nb/Hf4Nb124/case-75/N0.OUTCAR,0.031250,5.417829,-10.679894,1.044095,-11.215875,5.430481,mad
bcc_HfNb,Hf4Nb124,case-77,/lustre/orion/lrn070/world-shared/mlupopa/RHEAs_HydraGNN/HydraGNN/examples/vasp_solid_solution_alloys/dataset/bcc_HfNb/Hf-Nb/Hf4Nb124/case-77,/lustre/orion/lrn070/world-shared/mlupopa/RHEAs_HydraGNN/HydraGNN/examples/vasp_solid_solution_alloys/dataset/bcc_HfNb/Hf-Nb/Hf4Nb124/case-77/N0.OUTCAR,0.031250,4.303653,-10.679894,1.044095,-11.215875,5.430481,mad
bcc_HfNb,Hf4Nb124,case-83,/lustre/orion/lrn070/world-shared/mlupopa/RHEAs_HydraGNN/HydraGNN/examples/vasp_solid_solution_alloys/dataset/bcc_HfNb/Hf-Nb/Hf4Nb124/case-83,/lustre/orion/lrn070/world-shared/mlupopa/RHEAs_HydraGNN/HydraGNN/examples/vasp_solid_solution_alloys/dataset/bcc_HfNb/Hf-Nb/Hf4Nb124/case-83/N0.OUTCAR,0.031250,5.601415,-10.679894,1.044095,-11.215875,5.430481,mad
bcc_HfNb,Hf4Nb124,case-84,/lustre/orion/lrn070/world-shared/mlupopa/RHEAs_HydraGNN/HydraGNN/examples/vasp_solid_solution_alloys/dataset/bcc_HfNb/Hf-Nb/Hf4Nb124/case-84,/lustre/orion/lrn070/world-shared/mlupopa/RHEAs_HydraGNN/HydraGNN/examples/vasp_solid_solution_alloys/dataset/bcc_HfNb/Hf-Nb/Hf4Nb124/case-84/N1.OUTCAR,0.031250,5.276810,-10.679894,1.044095,-11.215875,5.430481,mad
bcc_HfNb,Hf4Nb124,case-85,/lustre/orion/lrn070/world-shared/mlupopa/RHEAs_HydraGNN/HydraGNN/examples/vasp_solid_solution_alloys/dataset/bcc_HfNb/Hf-Nb/Hf4Nb124/case-85,/lustre/orion/lrn070/world-shared/mlupopa/RHEAs_HydraGNN/HydraGNN/examples/vasp_solid_solution_alloys/dataset/bcc_HfNb/Hf-Nb/Hf4Nb124/case-85/N0.OUTCAR,0.031250,4.886380,-10.679894,1.044095,-11.215875,5.430481,mad
bcc_HfNb,Hf4Nb124,case-86,/lustre/orion/lrn070/world-shared/mlupopa/RHEAs_HydraGNN/HydraGNN/examples/vasp_solid_solution_alloys/dataset/bcc_HfNb/Hf-Nb/Hf4Nb124/case-86,/lustre/orion/lrn070/world-shared/mlupopa/RHEAs_HydraGNN/HydraGNN/examples/vasp_solid_solution_alloys/dataset/bcc_HfNb/Hf-Nb/Hf4Nb124/case-86/N0.OUTCAR,0.031250,5.888880,-10.679894,1.044095,-11.215875,5.430481,mad
bcc_HfNb,Hf4Nb124,case-90,/lustre/orion/lrn070/world-shared/mlupopa/RHEAs_HydraGNN/HydraGNN/examples/vasp_solid_solution_alloys/dataset/bcc_HfNb/Hf-Nb/Hf4Nb124/case-90,/lustre/orion/lrn070/world-shared/mlupopa/RHEAs_HydraGNN/HydraGNN/examples/vasp_solid_solution_alloys/dataset/bcc_HfNb/Hf-Nb/Hf4Nb124/case-90/N0.OUTCAR,0.031250,5.180155,-10.679894,1.044095,-11.215875,5.430481,mad
bcc_HfNb,Hf4Nb124,case-92,/lustre/orion/lrn070/world-shared/mlupopa/RHEAs_HydraGNN/HydraGNN/examples/vasp_solid_solution_alloys/dataset/bcc_HfNb/Hf-Nb/Hf4Nb124/case-92,/lustre/orion/lrn070/world-shared/mlupopa/RHEAs_HydraGNN/HydraGNN/examples/vasp_solid_solution_alloys/dataset/bcc_HfNb/Hf-Nb/Hf4Nb124/case-92/N0.OUTCAR,0.031250,5.495932,-10.679894,1.044095,-11.215875,5.430481,mad
bcc_HfNb,Hf4Nb124,case-93,/lustre/orion/lrn070/world-shared/mlupopa/RHEAs_HydraGNN/HydraGNN/examples/vasp_solid_solution_alloys/dataset/bcc_HfNb/Hf-Nb/Hf4Nb124/case-93,/lustre/orion/lrn070/world-shared/mlupopa/RHEAs_HydraGNN/HydraGNN/examples/vasp_solid_solution_alloys/dataset/bcc_HfNb/Hf-Nb/Hf4Nb124/case-93/N0.OUTCAR,0.031250,5.252295,-10.679894,1.044095,-11.215875,5.430481,mad
bcc_HfNb,Hf4Nb124,case-97,/lustre/orion/lrn070/world-shared/mlupopa/RHEAs_HydraGNN/HydraGNN/examples/vasp_solid_solution_alloys/dataset/bcc_HfNb/Hf-Nb/Hf4Nb124/case-97,/lustre/orion/lrn070/world-shared/mlupopa/RHEAs_HydraGNN/HydraGNN/examples/vasp_solid_solution_alloys/dataset/bcc_HfNb/Hf-Nb/Hf4Nb124/case-97/N0.OUTCAR,0.031250,5.830998,-10.679894,1.044095,-11.215875,5.430481,mad
bcc_HfNb,Hf4Nb124,case-99,/lustre/orion/lrn070/world-shared/mlupopa/RHEAs_HydraGNN/HydraGNN/examples/vasp_solid_solution_alloys/dataset/bcc_HfNb/Hf-Nb/Hf4Nb124/case-99,/lustre/orion/lrn070/world-shared/mlupopa/RHEAs_HydraGNN/HydraGNN/examples/vasp_solid_solution_alloys/dataset/bcc_HfNb/Hf-Nb/Hf4Nb124/case-99/N1.OUTCAR,0.031250,6.563877,-10.679894,1.044095,-11.215875,5.430481,mad
bcc_HfNb,Hf52Nb76,case-2,/lustre/orion/lrn070/world-shared/mlupopa/RHEAs_HydraGNN/HydraGNN/examples/vasp_solid_solution_alloys/dataset/bcc_HfNb/Hf-Nb/Hf52Nb76/case-2,/lustre/orion/lrn070/world-shared/mlupopa/RHEAs_HydraGNN/HydraGNN/examples/vasp_solid_solution_alloys/dataset/bcc_HfNb/Hf-Nb/Hf52Nb76/case-2/N1.OUTCAR,0.406250,82.774383,57.268836,2.104772,55.128124,59.347089,mad
bcc_HfNb,Hf52Nb76,case-49,/lustre/orion/lrn070/world-shared/mlupopa/RHEAs_HydraGNN/HydraGNN/examples/vasp_solid_solution_alloys/dataset/bcc_HfNb/Hf-Nb/Hf52Nb76/case-49,/lustre/orion/lrn070/world-shared/mlupopa/RHEAs_HydraGNN/HydraGNN/examples/vasp_solid_solution_alloys/dataset/bcc_HfNb/Hf-Nb/Hf52Nb76/case-49/N0.OUTCAR,0.406250,85.383154,57.268836,2.104772,55.128124,59.347089,mad
bcc_HfNb,Hf56Nb72,case-14,/lustre/orion/lrn070/world-shared/mlupopa/RHEAs_HydraGNN/HydraGNN/examples/vasp_solid_solution_alloys/dataset/bcc_HfNb/Hf-Nb/Hf56Nb72/case-14,/lustre/orion/lrn070/world-shared/mlupopa/RHEAs_HydraGNN/HydraGNN/examples/vasp_solid_solution_alloys/dataset/bcc_HfNb/Hf-Nb/Hf56Nb72/case-14/N0.OUTCAR,0.437500,74.612513,60.437543,2.192291,58.101136,62.578572,mad
bcc_HfNb,Hf56Nb72,case-20,/lustre/orion/lrn070/world-shared/mlupopa/RHEAs_HydraGNN/HydraGNN/examples/vasp_solid_solution_alloys/dataset/bcc_HfNb/Hf-Nb/Hf56Nb72/case-20,/lustre/orion/lrn070/world-shared/mlupopa/RHEAs_HydraGNN/HydraGNN/examples/vasp_solid_solution_alloys/dataset/bcc_HfNb/Hf-Nb/Hf56Nb72/case-20/N0.OUTCAR,0.437500,81.311832,60.437543,2.192291,58.101136,62.578572,mad
bcc_HfNb,Hf56Nb72,case-24,/lustre/orion/lrn070/world-shared/mlupopa/RHEAs_HydraGNN/HydraGNN/examples/vasp_solid_solution_alloys/dataset/bcc_HfNb/Hf-Nb/Hf56Nb72/case-24,/lustre/orion/lrn070/world-shared/mlupopa/RHEAs_HydraGNN/HydraGNN/examples/vasp_solid_solution_alloys/dataset/bcc_HfNb/Hf-Nb/Hf56Nb72/case-24/N0.OUTCAR,0.437500,82.047869,60.437543,2.192291,58.101136,62.578572,mad
bcc_HfNb,Hf56Nb72,case-56,/lustre/orion/lrn070/world-shared/mlupopa/RHEAs_HydraGNN/HydraGNN/examples/vasp_solid_solution_alloys/dataset/bcc_HfNb/Hf-Nb/Hf56Nb72/case-56,/lustre/orion/lrn070/world-shared/mlupopa/RHEAs_HydraGNN/HydraGNN/examples/vasp_solid_solution_alloys/dataset/bcc_HfNb/Hf-Nb/Hf56Nb72/case-56/N0.OUTCAR,0.437500,94.529049,60.437543,2.192291,58.101136,62.578572,mad
bcc_HfNb,Hf56Nb72,case-77,/lustre/orion/lrn070/world-shared/mlupopa/RHEAs_HydraGNN/HydraGNN/examples/vasp_solid_solution_alloys/dataset/bcc_HfNb/Hf-Nb/Hf56Nb72/case-77,/lustre/orion/lrn070/world-shared/mlupopa/RHEAs_HydraGNN/HydraGNN/examples/vasp_solid_solution_alloys/dataset/bcc_HfNb/Hf-Nb/Hf56Nb72/case-77/N0.OUTCAR,0.437500,74.378899,60.437543,2.192291,58.101136,62.578572,mad
bcc_HfNb,Hf56Nb72,case-85,/lustre/orion/lrn070/world-shared/mlupopa/RHEAs_HydraGNN/HydraGNN/examples/vasp_solid_solution_alloys/dataset/bcc_HfNb/Hf-Nb/Hf56Nb72/case-85,/lustre/orion/lrn070/world-shared/mlupopa/RHEAs_HydraGNN/HydraGNN/examples/vasp_solid_solution_alloys/dataset/bcc_HfNb/Hf-Nb/Hf56Nb72/case-85/N0.OUTCAR,0.437500,94.368369,60.437543,2.192291,58.101136,62.578572,mad
bcc_HfNb,Hf56Nb72,case-97,/lustre/orion/lrn070/world-shared/mlupopa/RHEAs_HydraGNN/HydraGNN/examples/vasp_solid_solution_alloys/dataset/bcc_HfNb/Hf-Nb/Hf56Nb72/case-97,/lustre/orion/lrn070/world-shared/mlupopa/RHEAs_HydraGNN/HydraGNN/examples/vasp_solid_solution_alloys/dataset/bcc_HfNb/Hf-Nb/Hf56Nb72/case-97/N0.OUTCAR,0.437500,81.581484,60.437543,2.192291,58.101136,62.578572,mad
bcc_HfNb,Hf60Nb68,case-100,/lustre/orion/lrn070/world-shared/mlupopa/RHEAs_HydraGNN/HydraGNN/examples/vasp_solid_solution_alloys/dataset/bcc_HfNb/Hf-Nb/Hf60Nb68/case-100,/lustre/orion/lrn070/world-shared/mlupopa/RHEAs_HydraGNN/HydraGNN/examples/vasp_solid_solution_alloys/dataset/bcc_HfNb/Hf-Nb/Hf60Nb68/case-100/N0.OUTCAR,0.468750,77.487021,63.432240,1.988017,61.861965,65.941566,mad
bcc_HfNb,Hf60Nb68,case-21,/lustre/orion/lrn070/world-shared/mlupopa/RHEAs_HydraGNN/HydraGNN/examples/vasp_solid_solution_alloys/dataset/bcc_HfNb/Hf-Nb/Hf60Nb68/case-21,/lustre/orion/lrn070/world-shared/mlupopa/RHEAs_HydraGNN/HydraGNN/examples/vasp_solid_solution_alloys/dataset/bcc_HfNb/Hf-Nb/Hf60Nb68/case-21/N0.OUTCAR,0.468750,95.802836,63.432240,1.988017,61.861965,65.941566,mad
bcc_HfNb,Hf60Nb68,case-27,/lustre/orion/lrn070/world-shared/mlupopa/RHEAs_HydraGNN/HydraGNN/examples/vasp_solid_solution_alloys/dataset/bcc_HfNb/Hf-Nb/Hf60Nb68/case-27,/lustre/orion/lrn070/world-shared/mlupopa/RHEAs_HydraGNN/HydraGNN/examples/vasp_solid_solution_alloys/dataset/bcc_HfNb/Hf-Nb/Hf60Nb68/case-27/N0.OUTCAR,0.468750,79.133834,63.432240,1.988017,61.861965,65.941566,mad
bcc_HfNb,Hf60Nb68,case-45,/lustre/orion/lrn070/world-shared/mlupopa/RHEAs_HydraGNN/HydraGNN/examples/vasp_solid_solution_alloys/dataset/bcc_HfNb/Hf-Nb/Hf60Nb68/case-45,/lustre/orion/lrn070/world-shared/mlupopa/RHEAs_HydraGNN/HydraGNN/examples/vasp_solid_solution_alloys/dataset/bcc_HfNb/Hf-Nb/Hf60Nb68/case-45/N0.OUTCAR,0.468750,92.146849,63.432240,1.988017,61.861965,65.941566,mad
bcc_HfNb,Hf60Nb68,case-46,/lustre/orion/lrn070/world-shared/mlupopa/RHEAs_HydraGNN/HydraGNN/examples/vasp_solid_solution_alloys/dataset/bcc_HfNb/Hf-Nb/Hf60Nb68/case-46,/lustre/orion/lrn070/world-shared/mlupopa/RHEAs_HydraGNN/HydraGNN/examples/vasp_solid_solution_alloys/dataset/bcc_HfNb/Hf-Nb/Hf60Nb68/case-46/N0.OUTCAR,0.468750,81.913897,63.432240,1.988017,61.861965,65.941566,mad
bcc_HfNb,Hf60Nb68,case-80,/lustre/orion/lrn070/world-shared/mlupopa/RHEAs_HydraGNN/HydraGNN/examples/vasp_solid_solution_alloys/dataset/bcc_HfNb/Hf-Nb/Hf60Nb68/case-80,/lustre/orion/lrn070/world-shared/mlupopa/RHEAs_HydraGNN/HydraGNN/examples/vasp_solid_solution_alloys/dataset/bcc_HfNb/Hf-Nb/Hf60Nb68/case-80/N0.OUTCAR,0.468750,91.828016,63.432240,1.988017,61.861965,65.941566,mad
bcc_HfNb,Hf60Nb68,case-84,/lustre/orion/lrn070/world-shared/mlupopa/RHEAs_HydraGNN/HydraGNN/examples/vasp_solid_solution_alloys/dataset/bcc_HfNb/Hf-Nb/Hf60Nb68/case-84,/lustre/orion/lrn070/world-shared/mlupopa/RHEAs_HydraGNN/HydraGNN/examples/vasp_solid_solution_alloys/dataset/bcc_HfNb/Hf-Nb/Hf60Nb68/case-84/N0.OUTCAR,0.468750,82.949387,63.432240,1.988017,61.861965,65.941566,mad
bcc_HfNb,Hf64Nb64,case-20,/lustre/orion/lrn070/world-shared/mlupopa/RHEAs_HydraGNN/HydraGNN/examples/vasp_solid_solution_alloys/dataset/bcc_HfNb/Hf-Nb/Hf64Nb64/case-20,/lustre/orion/lrn070/world-shared/mlupopa/RHEAs_HydraGNN/HydraGNN/examples/vasp_solid_solution_alloys/dataset/bcc_HfNb/Hf-Nb/Hf64Nb64/case-20/N0.OUTCAR,0.500000,88.252787,66.253000,2.233745,64.113295,68.620063,mad
bcc_HfNb,Hf64Nb64,case-29,/lustre/orion/lrn070/world-shared/mlupopa/RHEAs_HydraGNN/HydraGNN/examples/vasp_solid_solution_alloys/dataset/bcc_HfNb/Hf-Nb/Hf64Nb64/case-29,/lustre/orion/lrn070/world-shared/mlupopa/RHEAs_HydraGNN/HydraGNN/examples/vasp_solid_solution_alloys/dataset/bcc_HfNb/Hf-Nb/Hf64Nb64/case-29/N0.OUTCAR,0.500000,83.860116,66.253000,2.233745,64.113295,68.620063,mad
bcc_HfNb,Hf64Nb64,case-3,/lustre/orion/lrn070/world-shared/mlupopa/RHEAs_HydraGNN/HydraGNN/examples/vasp_solid_solution_alloys/dataset/bcc_HfNb/Hf-Nb/Hf64Nb64/case-3,/lustre/orion/lrn070/world-shared/mlupopa/RHEAs_HydraGNN/HydraGNN/examples/vasp_solid_solution_alloys/dataset/bcc_HfNb/Hf-Nb/Hf64Nb64/case-3/N0.OUTCAR,0.500000,100.273591,66.253000,2.233745,64.113295,68.620063,mad
bcc_HfNb,Hf64Nb64,case-30,/lustre/orion/lrn070/world-shared/mlupopa/RHEAs_HydraGNN/HydraGNN/examples/vasp_solid_solution_alloys/dataset/bcc_HfNb/Hf-Nb/Hf64Nb64/case-30,/lustre/orion/lrn070/world-shared/mlupopa/RHEAs_HydraGNN/HydraGNN/examples/vasp_solid_solution_alloys/dataset/bcc_HfNb/Hf-Nb/Hf64Nb64/case-30/N0.OUTCAR,0.500000,80.187028,66.253000,2.233745,64.113295,68.620063,mad
bcc_HfNb,Hf64Nb64,case-41,/lustre/orion/lrn070/world-shared/mlupopa/RHEAs_HydraGNN/HydraGNN/examples/vasp_solid_solution_alloys/dataset/bcc_HfNb/Hf-Nb/Hf64Nb64/case-41,/lustre/orion/lrn070/world-shared/mlupopa/RHEAs_HydraGNN/HydraGNN/examples/vasp_solid_solution_alloys/dataset/bcc_HfNb/Hf-Nb/Hf64Nb64/case-41/N0.OUTCAR,0.500000,87.561985,66.253000,2.233745,64.113295,68.620063,mad
bcc_HfNb,Hf64Nb64,case-50,/lustre/orion/lrn070/world-shared/mlupopa/RHEAs_HydraGNN/HydraGNN/examples/vasp_solid_solution_alloys/dataset/bcc_HfNb/Hf-Nb/Hf64Nb64/case-50,/lustre/orion/lrn070/world-shared/mlupopa/RHEAs_HydraGNN/HydraGNN/examples/vasp_solid_solution_alloys/dataset/bcc_HfNb/Hf-Nb/Hf64Nb64/case-50/N0.OUTCAR,0.500000,99.484152,66.253000,2.233745,64.113295,68.620063,mad
bcc_HfNb,Hf64Nb64,case-93,/lustre/orion/lrn070/world-shared/mlupopa/RHEAs_HydraGNN/HydraGNN/examples/vasp_solid_solution_alloys/dataset/bcc_HfNb/Hf-Nb/Hf64Nb64/case-93,/lustre/orion/lrn070/world-shared/mlupopa/RHEAs_HydraGNN/HydraGNN/examples/vasp_solid_solution_alloys/dataset/bcc_HfNb/Hf-Nb/Hf64Nb64/case-93/N0.OUTCAR,0.500000,95.859484,66.253000,2.233745,64.113295,68.620063,mad
bcc_HfNb,Hf68Nb60,case-32,/lustre/orion/lrn070/world-shared/mlupopa/RHEAs_HydraGNN/HydraGNN/examples/vasp_solid_solution_alloys/dataset/bcc_HfNb/Hf-Nb/Hf68Nb60/case-32,/lustre/orion/lrn070/world-shared/mlupopa/RHEAs_HydraGNN/HydraGNN/examples/vasp_solid_solution_alloys/dataset/bcc_HfNb/Hf-Nb/Hf68Nb60/case-32/N0.OUTCAR,0.531250,103.003146,68.818147,1.896166,66.981482,70.859216,mad
bcc_HfNb,Hf68Nb60,case-43,/lustre/orion/lrn070/world-shared/mlupopa/RHEAs_HydraGNN/HydraGNN/examples/vasp_solid_solution_alloys/dataset/bcc_HfNb/Hf-Nb/Hf68Nb60/case-43,/lustre/orion/lrn070/world-shared/mlupopa/RHEAs_HydraGNN/HydraGNN/examples/vasp_solid_solution_alloys/dataset/bcc_HfNb/Hf-Nb/Hf68Nb60/case-43/N0.OUTCAR,0.531250,85.741132,68.818147,1.896166,66.981482,70.859216,mad
bcc_HfNb,Hf68Nb60,case-52,/lustre/orion/lrn070/world-shared/mlupopa/RHEAs_HydraGNN/HydraGNN/examples/vasp_solid_solution_alloys/dataset/bcc_HfNb/Hf-Nb/Hf68Nb60/case-52,/lustre/orion/lrn070/world-shared/mlupopa/RHEAs_HydraGNN/HydraGNN/examples/vasp_solid_solution_alloys/dataset/bcc_HfNb/Hf-Nb/Hf68Nb60/case-52/N0.OUTCAR,0.531250,105.282661,68.818147,1.896166,66.981482,70.859216,mad
bcc_HfNb,Hf68Nb60,case-57,/lustre/orion/lrn070/world-shared/mlupopa/RHEAs_HydraGNN/HydraGNN/examples/vasp_solid_solution_alloys/dataset/bcc_HfNb/Hf-Nb/Hf68Nb60/case-57,/lustre/orion/lrn070/world-shared/mlupopa/RHEAs_HydraGNN/HydraGNN/examples/vasp_solid_solution_alloys/dataset/bcc_HfNb/Hf-Nb/Hf68Nb60/case-57/N0.OUTCAR,0.531250,104.384148,68.818147,1.896166,66.981482,70.859216,mad
bcc_HfNb,Hf72Nb56,case-2,/lustre/orion/lrn070/world-shared/mlupopa/RHEAs_HydraGNN/HydraGNN/examples/vasp_solid_solution_alloys/dataset/bcc_HfNb/Hf-Nb/Hf72Nb56/case-2,/lustre/orion/lrn070/world-shared/mlupopa/RHEAs_HydraGNN/HydraGNN/examples/vasp_solid_solution_alloys/dataset/bcc_HfNb/Hf-Nb/Hf72Nb56/case-2/N0.OUTCAR,0.562500,100.373678,71.793744,2.187804,69.181771,73.655671,mad
bcc_HfNb,Hf72Nb56,case-60,/lustre/orion/lrn070/world-shared/mlupopa/RHEAs_HydraGNN/HydraGNN/examples/vasp_solid_solution_alloys/dataset/bcc_HfNb/Hf-Nb/Hf72Nb56/case-60,/lustre/orion/lrn070/world-shared/mlupopa/RHEAs_HydraGNN/HydraGNN/examples/vasp_solid_solution_alloys/dataset/bcc_HfNb/Hf-Nb/Hf72Nb56/case-60/N0.OUTCAR,0.562500,87.397932,71.793744,2.187804,69.181771,73.655671,mad
bcc_HfNb,Hf72Nb56,case-85,/lustre/orion/lrn070/world-shared/mlupopa/RHEAs_HydraGNN/HydraGNN/examples/vasp_solid_solution_alloys/dataset/bcc_HfNb/Hf-Nb/Hf72Nb56/case-85,/lustre/orion/lrn070/world-shared/mlupopa/RHEAs_HydraGNN/HydraGNN/examples/vasp_solid_solution_alloys/dataset/bcc_HfNb/Hf-Nb/Hf72Nb56/case-85/N0.OUTCAR,0.562500,83.260994,71.793744,2.187804,69.181771,73.655671,mad
bcc_HfNb,Hf72Nb56,case-95,/lustre/orion/lrn070/world-shared/mlupopa/RHEAs_HydraGNN/HydraGNN/examples/vasp_solid_solution_alloys/dataset/bcc_HfNb/Hf-Nb/Hf72Nb56/case-95,/lustre/orion/lrn070/world-shared/mlupopa/RHEAs_HydraGNN/HydraGNN/examples/vasp_solid_solution_alloys/dataset/bcc_HfNb/Hf-Nb/Hf72Nb56/case-95/N0.OUTCAR,0.562500,83.779011,71.793744,2.187804,69.181771,73.655671,mad
bcc_HfNb,Hf76Nb52,case-22,/lustre/orion/lrn070/world-shared/mlupopa/RHEAs_HydraGNN/HydraGNN/examples/vasp_solid_solution_alloys/dataset/bcc_HfNb/Hf-Nb/Hf76Nb52/case-22,/lustre/orion/lrn070/world-shared/mlupopa/RHEAs_HydraGNN/HydraGNN/examples/vasp_solid_solution_alloys/dataset/bcc_HfNb/Hf-Nb/Hf76Nb52/case-22/N0.OUTCAR,0.593750,103.223319,74.295151,1.950617,72.408890,76.232003,mad
bcc_HfNb,Hf76Nb52,case-45,/lustre/orion/lrn070/world-shared/mlupopa/RHEAs_HydraGNN/HydraGNN/examples/vasp_solid_solution_alloys/dataset/bcc_HfNb/Hf-Nb/Hf76Nb52/case-45,/lustre/orion/lrn070/world-shared/mlupopa/RHEAs_HydraGNN/HydraGNN/examples/vasp_solid_solution_alloys/dataset/bcc_HfNb/Hf-Nb/Hf76Nb52/case-45/N0.OUTCAR,0.593750,89.738916,74.295151,1.950617,72.408890,76.232003,mad
bcc_HfNb,Hf76Nb52,case-83,/lustre/orion/lrn070/world-shared/mlupopa/RHEAs_HydraGNN/HydraGNN/examples/vasp_solid_solution_alloys/dataset/bcc_HfNb/Hf-Nb/Hf76Nb52/case-83,/lustre/orion/lrn070/world-shared/mlupopa/RHEAs_HydraGNN/HydraGNN/examples/vasp_solid_solution_alloys/dataset/bcc_HfNb/Hf-Nb/Hf76Nb52/case-83/N0.OUTCAR,0.593750,102.217150,74.295151,1.950617,72.408890,76.232003,mad
bcc_HfNb,Hf76Nb52,case-92,/lustre/orion/lrn070/world-shared/mlupopa/RHEAs_HydraGNN/HydraGNN/examples/vasp_solid_solution_alloys/dataset/bcc_HfNb/Hf-Nb/Hf76Nb52/case-92,/lustre/orion/lrn070/world-shared/mlupopa/RHEAs_HydraGNN/HydraGNN/examples/vasp_solid_solution_alloys/dataset/bcc_HfNb/Hf-Nb/Hf76Nb52/case-92/N0.OUTCAR,0.593750,86.693078,74.295151,1.950617,72.408890,76.232003,mad
bcc_HfNb,Hf80Nb48,case-23,/lustre/orion/lrn070/world-shared/mlupopa/RHEAs_HydraGNN/HydraGNN/examples/vasp_solid_solution_alloys/dataset/bcc_HfNb/Hf-Nb/Hf80Nb48/case-23,/lustre/orion/lrn070/world-shared/mlupopa/RHEAs_HydraGNN/HydraGNN/examples/vasp_solid_solution_alloys/dataset/bcc_HfNb/Hf-Nb/Hf80Nb48/case-23/N0.OUTCAR,0.625000,104.064683,76.119569,2.161906,74.124484,78.394403,mad
bcc_HfNb,Hf80Nb48,case-24,/lustre/orion/lrn070/world-shared/mlupopa/RHEAs_HydraGNN/HydraGNN/examples/vasp_solid_solution_alloys/dataset/bcc_HfNb/Hf-Nb/Hf80Nb48/case-24,/lustre/orion/lrn070/world-shared/mlupopa/RHEAs_HydraGNN/HydraGNN/examples/vasp_solid_solution_alloys/dataset/bcc_HfNb/Hf-Nb/Hf80Nb48/case-24/N0.OUTCAR,0.625000,101.877181,76.119569,2.161906,74.124484,78.394403,mad
bcc_HfNb,Hf80Nb48,case-56,/lustre/orion/lrn070/world-shared/mlupopa/RHEAs_HydraGNN/HydraGNN/examples/vasp_solid_solution_alloys/dataset/bcc_HfNb/Hf-Nb/Hf80Nb48/case-56,/lustre/orion/lrn070/world-shared/mlupopa/RHEAs_HydraGNN/HydraGNN/examples/vasp_solid_solution_alloys/dataset/bcc_HfNb/Hf-Nb/Hf80Nb48/case-56/N0.OUTCAR,0.625000,88.914763,76.119569,2.161906,74.124484,78.394403,mad
bcc_HfNb,Hf84Nb44,case-18,/lustre/orion/lrn070/world-shared/mlupopa/RHEAs_HydraGNN/HydraGNN/examples/vasp_solid_solution_alloys/dataset/bcc_HfNb/Hf-Nb/Hf84Nb44/case-18,/lustre/orion/lrn070/world-shared/mlupopa/RHEAs_HydraGNN/HydraGNN/examples/vasp_solid_solution_alloys/dataset/bcc_HfNb/Hf-Nb/Hf84Nb44/case-18/N0.OUTCAR,0.656250,105.249131,77.484583,2.047290,76.148882,79.983320,mad
bcc_HfNb,Hf84Nb44,case-27,/lustre/orion/lrn070/world-shared/mlupopa/RHEAs_HydraGNN/HydraGNN/examples/vasp_solid_solution_alloys/dataset/bcc_HfNb/Hf-Nb/Hf84Nb44/case-27,/lustre/orion/lrn070/world-shared/mlupopa/RHEAs_HydraGNN/HydraGNN/examples/vasp_solid_solution_alloys/dataset/bcc_HfNb/Hf-Nb/Hf84Nb44/case-27/N0.OUTCAR,0.656250,90.605148,77.484583,2.047290,76.148882,79.983320,mad
bcc_HfNb,Hf84Nb44,case-93,/lustre/orion/lrn070/world-shared/mlupopa/RHEAs_HydraGNN/HydraGNN/examples/vasp_solid_solution_alloys/dataset/bcc_HfNb/Hf-Nb/Hf84Nb44/case-93,/lustre/orion/lrn070/world-shared/mlupopa/RHEAs_HydraGNN/HydraGNN/examples/vasp_solid_solution_alloys/dataset/bcc_HfNb/Hf-Nb/Hf84Nb44/case-93/N0.OUTCAR,0.656250,107.113102,77.484583,2.047290,76.148882,79.983320,mad
bcc_HfNb,Hf84Nb44,case-97,/lustre/orion/lrn070/world-shared/mlupopa/RHEAs_HydraGNN/HydraGNN/examples/vasp_solid_solution_alloys/dataset/bcc_HfNb/Hf-Nb/Hf84Nb44/case-97,/lustre/orion/lrn070/world-shared/mlupopa/RHEAs_HydraGNN/HydraGNN/examples/vasp_solid_solution_alloys/dataset/bcc_HfNb/Hf-Nb/Hf84Nb44/case-97/N0.OUTCAR,0.656250,102.029462,77.484583,2.047290,76.148882,79.983320,mad
bcc_HfNb,Hf88Nb40,case-11,/lustre/orion/lrn070/world-shared/mlupopa/RHEAs_HydraGNN/HydraGNN/examples/vasp_solid_solution_alloys/dataset/bcc_HfNb/Hf-Nb/Hf88Nb40/case-11,/lustre/orion/lrn070/world-shared/mlupopa/RHEAs_HydraGNN/HydraGNN/examples/vasp_solid_solution_alloys/dataset/bcc_HfNb/Hf-Nb/Hf88Nb40/case-11/N0.OUTCAR,0.687500,100.071334,79.431979,1.925308,77.748029,81.538507,mad
bcc_HfNb,Hf88Nb40,case-18,/lustre/orion/lrn070/world-shared/mlupopa/RHEAs_HydraGNN/HydraGNN/examples/vasp_solid_solution_alloys/dataset/bcc_HfNb/Hf-Nb/Hf88Nb40/case-18,/lustre/orion/lrn070/world-shared/mlupopa/RHEAs_HydraGNN/HydraGNN/examples/vasp_solid_solution_alloys/dataset/bcc_HfNb/Hf-Nb/Hf88Nb40/case-18/N0.OUTCAR,0.687500,92.935507,79.431979,1.925308,77.748029,81.538507,mad
bcc_HfNb,Hf88Nb40,case-27,/lustre/orion/lrn070/world-shared/mlupopa/RHEAs_HydraGNN/HydraGNN/examples/vasp_solid_solution_alloys/dataset/bcc_HfNb/Hf-Nb/Hf88Nb40/case-27,/lustre/orion/lrn070/world-shared/mlupopa/RHEAs_HydraGNN/HydraGNN/examples/vasp_solid_solution_alloys/dataset/bcc_HfNb/Hf-Nb/Hf88Nb40/case-27/N0.OUTCAR,0.687500,102.617985,79.431979,1.925308,77.748029,81.538507,mad
bcc_HfNb,Hf88Nb40,case-33,/lustre/orion/lrn070/world-shared/mlupopa/RHEAs_HydraGNN/HydraGNN/examples/vasp_solid_solution_alloys/dataset/bcc_HfNb/Hf-Nb/Hf88Nb40/case-33,/lustre/orion/lrn070/world-shared/mlupopa/RHEAs_HydraGNN/HydraGNN/examples/vasp_solid_solution_alloys/dataset/bcc_HfNb/Hf-Nb/Hf88Nb40/case-33/N0.OUTCAR,0.687500,98.398908,79.431979,1.925308,77.748029,81.538507,mad
bcc_HfNb,Hf88Nb40,case-43,/lustre/orion/lrn070/world-shared/mlupopa/RHEAs_HydraGNN/HydraGNN/examples/vasp_solid_solution_alloys/dataset/bcc_HfNb/Hf-Nb/Hf88Nb40/case-43,/lustre/orion/lrn070/world-shared/mlupopa/RHEAs_HydraGNN/HydraGNN/examples/vasp_solid_solution_alloys/dataset/bcc_HfNb/Hf-Nb/Hf88Nb40/case-43/N0.OUTCAR,0.687500,90.044857,79.431979,1.925308,77.748029,81.538507,mad
bcc_HfNb,Hf88Nb40,case-79,/lustre/orion/lrn070/world-shared/mlupopa/RHEAs_HydraGNN/HydraGNN/examples/vasp_solid_solution_alloys/dataset/bcc_HfNb/Hf-Nb/Hf88Nb40/case-79,/lustre/orion/lrn070/world-shared/mlupopa/RHEAs_HydraGNN/HydraGNN/examples/vasp_solid_solution_alloys/dataset/bcc_HfNb/Hf-Nb/Hf88Nb40/case-79/N0.OUTCAR,0.687500,97.150188,79.431979,1.925308,77.748029,81.538507,mad
bcc_HfNb,Hf88Nb40,case-8,/lustre/orion/lrn070/world-shared/mlupopa/RHEAs_HydraGNN/HydraGNN/examples/vasp_solid_solution_alloys/dataset/bcc_HfNb/Hf-Nb/Hf88Nb40/case-8,/lustre/orion/lrn070/world-shared/mlupopa/RHEAs_HydraGNN/HydraGNN/examples/vasp_solid_solution_alloys/dataset/bcc_HfNb/Hf-Nb/Hf88Nb40/case-8/N0.OUTCAR,0.687500,103.422500,79.431979,1.925308,77.748029,81.538507,mad
bcc_HfNb,Hf8Nb120,case-12,/lustre/orion/lrn070/world-shared/mlupopa/RHEAs_HydraGNN/HydraGNN/examples/vasp_solid_solution_alloys/dataset/bcc_HfNb/Hf-Nb/Hf8Nb120/case-12,/lustre/orion/lrn070/world-shared/mlupopa/RHEAs_HydraGNN/HydraGNN/examples/vasp_solid_solution_alloys/dataset/bcc_HfNb/Hf-Nb/Hf8Nb120/case-12/N0.OUTCAR,0.062500,10.501232,-3.623742,0.930072,-4.209085,9.831749,mad
bcc_HfNb,Hf8Nb120,case-20,/lustre/orion/lrn070/world-shared/mlupopa/RHEAs_HydraGNN/HydraGNN/examples/vasp_solid_solution_alloys/dataset/bcc_HfNb/Hf-Nb/Hf8Nb120/case-20,/lustre/orion/lrn070/world-shared/mlupopa/RHEAs_HydraGNN/HydraGNN/examples/vasp_solid_solution_alloys/dataset/bcc_HfNb/Hf-Nb/Hf8Nb120/case-20/N0.OUTCAR,0.062500,11.495146,-3.623742,0.930072,-4.209085,9.831749,mad
bcc_HfNb,Hf8Nb120,case-24,/lustre/orion/lrn070/world-shared/mlupopa/RHEAs_HydraGNN/HydraGNN/examples/vasp_solid_solution_alloys/dataset/bcc_HfNb/Hf-Nb/Hf8Nb120/case-24,/lustre/orion/lrn070/world-shared/mlupopa/RHEAs_HydraGNN/HydraGNN/examples/vasp_solid_solution_alloys/dataset/bcc_HfNb/Hf-Nb/Hf8Nb120/case-24/N0.OUTCAR,0.062500,9.396950,-3.623742,0.930072,-4.209085,9.831749,mad
bcc_HfNb,Hf8Nb120,case-29,/lustre/orion/lrn070/world-shared/mlupopa/RHEAs_HydraGNN/HydraGNN/examples/vasp_solid_solution_alloys/dataset/bcc_HfNb/Hf-Nb/Hf8Nb120/case-29,/lustre/orion/lrn070/world-shared/mlupopa/RHEAs_HydraGNN/HydraGNN/examples/vasp_solid_solution_alloys/dataset/bcc_HfNb/Hf-Nb/Hf8Nb120/case-29/N0.OUTCAR,0.062500,11.777900,-3.623742,0.930072,-4.209085,9.831749,mad
bcc_HfNb,Hf8Nb120,case-33,/lustre/orion/lrn070/world-shared/mlupopa/RHEAs_HydraGNN/HydraGNN/examples/vasp_solid_solution_alloys/dataset/bcc_HfNb/Hf-Nb/Hf8Nb120/case-33,/lustre/orion/lrn070/world-shared/mlupopa/RHEAs_HydraGNN/HydraGNN/examples/vasp_solid_solution_alloys/dataset/bcc_HfNb/Hf-Nb/Hf8Nb120/case-33/N0.OUTCAR,0.062500,11.764890,-3.623742,0.930072,-4.209085,9.831749,mad
bcc_HfNb,Hf8Nb120,case-34,/lustre/orion/lrn070/world-shared/mlupopa/RHEAs_HydraGNN/HydraGNN/examples/vasp_solid_solution_alloys/dataset/bcc_HfNb/Hf-Nb/Hf8Nb120/case-34,/lustre/orion/lrn070/world-shared/mlupopa/RHEAs_HydraGNN/HydraGNN/examples/vasp_solid_solution_alloys/dataset/bcc_HfNb/Hf-Nb/Hf8Nb120/case-34/N0.OUTCAR,0.062500,9.811547,-3.623742,0.930072,-4.209085,9.831749,mad
bcc_HfNb,Hf8Nb120,case-4,/lustre/orion/lrn070/world-shared/mlupopa/RHEAs_HydraGNN/HydraGNN/examples/vasp_solid_solution_alloys/dataset/bcc_HfNb/Hf-Nb/Hf8Nb120/case-4,/lustre/orion/lrn070/world-shared/mlupopa/RHEAs_HydraGNN/HydraGNN/examples/vasp_solid_solution_alloys/dataset/bcc_HfNb/Hf-Nb/Hf8Nb120/case-4/N0.OUTCAR,0.062500,10.756367,-3.623742,0.930072,-4.209085,9.831749,mad
bcc_HfNb,Hf8Nb120,case-40,/lustre/orion/lrn070/world-shared/mlupopa/RHEAs_HydraGNN/HydraGNN/examples/vasp_solid_solution_alloys/dataset/bcc_HfNb/Hf-Nb/Hf8Nb120/case-40,/lustre/orion/lrn070/world-shared/mlupopa/RHEAs_HydraGNN/HydraGNN/examples/vasp_solid_solution_alloys/dataset/bcc_HfNb/Hf-Nb/Hf8Nb120/case-40/N0.OUTCAR,0.062500,10.375137,-3.623742,0.930072,-4.209085,9.831749,mad
bcc_HfNb,Hf8Nb120,case-44,/lustre/orion/lrn070/world-shared/mlupopa/RHEAs_HydraGNN/HydraGNN/examples/vasp_solid_solution_alloys/dataset/bcc_HfNb/Hf-Nb/Hf8Nb120/case-44,/lustre/orion/lrn070/world-shared/mlupopa/RHEAs_HydraGNN/HydraGNN/examples/vasp_solid_solution_alloys/dataset/bcc_HfNb/Hf-Nb/Hf8Nb120/case-44/N0.OUTCAR,0.062500,11.633877,-3.623742,0.930072,-4.209085,9.831749,mad
bcc_HfNb,Hf8Nb120,case-45,/lustre/orion/lrn070/world-shared/mlupopa/RHEAs_HydraGNN/HydraGNN/examples/vasp_solid_solution_alloys/dataset/bcc_HfNb/Hf-Nb/Hf8Nb120/case-45,/lustre/orion/lrn070/world-shared/mlupopa/RHEAs_HydraGNN/HydraGNN/examples/vasp_solid_solution_alloys/dataset/bcc_HfNb/Hf-Nb/Hf8Nb120/case-45/N0.OUTCAR,0.062500,10.266186,-3.623742,0.930072,-4.209085,9.831749,mad
bcc_HfNb,Hf8Nb120,case-48,/lustre/orion/lrn070/world-shared/mlupopa/RHEAs_HydraGNN/HydraGNN/examples/vasp_solid_solution_alloys/dataset/bcc_HfNb/Hf-Nb/Hf8Nb120/case-48,/lustre/orion/lrn070/world-shared/mlupopa/RHEAs_HydraGNN/HydraGNN/examples/vasp_solid_solution_alloys/dataset/bcc_HfNb/Hf-Nb/Hf8Nb120/case-48/N0.OUTCAR,0.062500,10.185867,-3.623742,0.930072,-4.209085,9.831749,mad
bcc_HfNb,Hf8Nb120,case-49,/lustre/orion/lrn070/world-shared/mlupopa/RHEAs_HydraGNN/HydraGNN/examples/vasp_solid_solution_alloys/dataset/bcc_HfNb/Hf-Nb/Hf8Nb120/case-49,/lustre/orion/lrn070/world-shared/mlupopa/RHEAs_HydraGNN/HydraGNN/examples/vasp_solid_solution_alloys/dataset/bcc_HfNb/Hf-Nb/Hf8Nb120/case-49/N0.OUTCAR,0.062500,11.555017,-3.623742,0.930072,-4.209085,9.831749,mad
bcc_HfNb,Hf8Nb120,case-51,/lustre/orion/lrn070/world-shared/mlupopa/RHEAs_HydraGNN/HydraGNN/examples/vasp_solid_solution_alloys/dataset/bcc_HfNb/Hf-Nb/Hf8Nb120/case-51,/lustre/orion/lrn070/world-shared/mlupopa/RHEAs_HydraGNN/HydraGNN/examples/vasp_solid_solution_alloys/dataset/bcc_HfNb/Hf-Nb/Hf8Nb120/case-51/N0.OUTCAR,0.062500,10.509763,-3.623742,0.930072,-4.209085,9.831749,mad
bcc_HfNb,Hf8Nb120,case-69,/lustre/orion/lrn070/world-shared/mlupopa/RHEAs_HydraGNN/HydraGNN/examples/vasp_solid_solution_alloys/dataset/bcc_HfNb/Hf-Nb/Hf8Nb120/case-69,/lustre/orion/lrn070/world-shared/mlupopa/RHEAs_HydraGNN/HydraGNN/examples/vasp_solid_solution_alloys/dataset/bcc_HfNb/Hf-Nb/Hf8Nb120/case-69/N0.OUTCAR,0.062500,11.282693,-3.623742,0.930072,-4.209085,9.831749,mad
bcc_HfNb,Hf8Nb120,case-73,/lustre/orion/lrn070/world-shared/mlupopa/RHEAs_HydraGNN/HydraGNN/examples/vasp_solid_solution_alloys/dataset/bcc_HfNb/Hf-Nb/Hf8Nb120/case-73,/lustre/orion/lrn070/world-shared/mlupopa/RHEAs_HydraGNN/HydraGNN/examples/vasp_solid_solution_alloys/dataset/bcc_HfNb/Hf-Nb/Hf8Nb120/case-73/N0.OUTCAR,0.062500,10.895937,-3.623742,0.930072,-4.209085,9.831749,mad
bcc_HfNb,Hf8Nb120,case-74,/lustre/orion/lrn070/world-shared/mlupopa/RHEAs_HydraGNN/HydraGNN/examples/vasp_solid_solution_alloys/dataset/bcc_HfNb/Hf-Nb/Hf8Nb120/case-74,/lustre/orion/lrn070/world-shared/mlupopa/RHEAs_HydraGNN/HydraGNN/examples/vasp_solid_solution_alloys/dataset/bcc_HfNb/Hf-Nb/Hf8Nb120/case-74/N0.OUTCAR,0.062500,10.738345,-3.623742,0.930072,-4.209085,9.831749,mad
bcc_HfNb,Hf8Nb120,case-79,/lustre/orion/lrn070/world-shared/mlupopa/RHEAs_HydraGNN/HydraGNN/examples/vasp_solid_solution_alloys/dataset/bcc_HfNb/Hf-Nb/Hf8Nb120/case-79,/lustre/orion/lrn070/world-shared/mlupopa/RHEAs_HydraGNN/HydraGNN/examples/vasp_solid_solution_alloys/dataset/bcc_HfNb/Hf-Nb/Hf8Nb120/case-79/N0.OUTCAR,0.062500,10.378620,-3.623742,0.930072,-4.209085,9.831749,mad
bcc_HfNb,Hf8Nb120,case-80,/lustre/orion/lrn070/world-shared/mlupopa/RHEAs_HydraGNN/HydraGNN/examples/vasp_solid_solution_alloys/dataset/bcc_HfNb/Hf-Nb/Hf8Nb120/case-80,/lustre/orion/lrn070/world-shared/mlupopa/RHEAs_HydraGNN/HydraGNN/examples/vasp_solid_solution_alloys/dataset/bcc_HfNb/Hf-Nb/Hf8Nb120/case-80/N0.OUTCAR,0.062500,11.383690,-3.623742,0.930072,-4.209085,9.831749,mad
bcc_HfNb,Hf8Nb120,case-81,/lustre/orion/lrn070/world-shared/mlupopa/RHEAs_HydraGNN/HydraGNN/examples/vasp_solid_solution_alloys/dataset/bcc_HfNb/Hf-Nb/Hf8Nb120/case-81,/lustre/orion/lrn070/world-shared/mlupopa/RHEAs_HydraGNN/HydraGNN/examples/vasp_solid_solution_alloys/dataset/bcc_HfNb/Hf-Nb/Hf8Nb120/case-81/N0.OUTCAR,0.062500,11.089837,-3.623742,0.930072,-4.209085,9.831749,mad
bcc_HfNb,Hf8Nb120,case-82,/lustre/orion/lrn070/world-shared/mlupopa/RHEAs_HydraGNN/HydraGNN/examples/vasp_solid_solution_alloys/dataset/bcc_HfNb/Hf-Nb/Hf8Nb120/case-82,/lustre/orion/lrn070/world-shared/mlupopa/RHEAs_HydraGNN/HydraGNN/examples/vasp_solid_solution_alloys/dataset/bcc_HfNb/Hf-Nb/Hf8Nb120/case-82/N0.OUTCAR,0.062500,11.792327,-3.623742,0.930072,-4.209085,9.831749,mad
bcc_HfNb,Hf8Nb120,case-88,/lustre/orion/lrn070/world-shared/mlupopa/RHEAs_HydraGNN/HydraGNN/examples/vasp_solid_solution_alloys/dataset/bcc_HfNb/Hf-Nb/Hf8Nb120/case-88,/lustre/orion/lrn070/world-shared/mlupopa/RHEAs_HydraGNN/HydraGNN/examples/vasp_solid_solution_alloys/dataset/bcc_HfNb/Hf-Nb/Hf8Nb120/case-88/N0.OUTCAR,0.062500,10.433723,-3.623742,0.930072,-4.209085,9.831749,mad
bcc_HfNb,Hf8Nb120,case-91,/lustre/orion/lrn070/world-shared/mlupopa/RHEAs_HydraGNN/HydraGNN/examples/vasp_solid_solution_alloys/dataset/bcc_HfNb/Hf-Nb/Hf8Nb120/case-91,/lustre/orion/lrn070/world-shared/mlupopa/RHEAs_HydraGNN/HydraGNN/examples/vasp_solid_solution_alloys/dataset/bcc_HfNb/Hf-Nb/Hf8Nb120/case-91/N1.OUTCAR,0.062500,10.845789,-3.623742,0.930072,-4.209085,9.831749,mad
bcc_HfNb,Hf8Nb120,case-92,/lustre/orion/lrn070/world-shared/mlupopa/RHEAs_HydraGNN/HydraGNN/examples/vasp_solid_solution_alloys/dataset/bcc_HfNb/Hf-Nb/Hf8Nb120/case-92,/lustre/orion/lrn070/world-shared/mlupopa/RHEAs_HydraGNN/HydraGNN/examples/vasp_solid_solution_alloys/dataset/bcc_HfNb/Hf-Nb/Hf8Nb120/case-92/N0.OUTCAR,0.062500,10.394430,-3.623742,0.930072,-4.209085,9.831749,mad
bcc_HfNb,Hf8Nb120,case-93,/lustre/orion/lrn070/world-shared/mlupopa/RHEAs_HydraGNN/HydraGNN/examples/vasp_solid_solution_alloys/dataset/bcc_HfNb/Hf-Nb/Hf8Nb120/case-93,/lustre/orion/lrn070/world-shared/mlupopa/RHEAs_HydraGNN/HydraGNN/examples/vasp_solid_solution_alloys/dataset/bcc_HfNb/Hf-Nb/Hf8Nb120/case-93/N0.OUTCAR,0.062500,11.872119,-3.623742,0.930072,-4.209085,9.831749,mad
bcc_HfNb,Hf8Nb120,case-94,/lustre/orion/lrn070/world-shared/mlupopa/RHEAs_HydraGNN/HydraGNN/examples/vasp_solid_solution_alloys/dataset/bcc_HfNb/Hf-Nb/Hf8Nb120/case-94,/lustre/orion/lrn070/world-shared/mlupopa/RHEAs_HydraGNN/HydraGNN/examples/vasp_solid_solution_alloys/dataset/bcc_HfNb/Hf-Nb/Hf8Nb120/case-94/N0.OUTCAR,0.062500,9.562430,-3.623742,0.930072,-4.209085,9.831749,mad
bcc_HfNb,Hf8Nb120,case-97,/lustre/orion/lrn070/world-shared/mlupopa/RHEAs_HydraGNN/HydraGNN/examples/vasp_solid_solution_alloys/dataset/bcc_HfNb/Hf-Nb/Hf8Nb120/case-97,/lustre/orion/lrn070/world-shared/mlupopa/RHEAs_HydraGNN/HydraGNN/examples/vasp_solid_solution_alloys/dataset/bcc_HfNb/Hf-Nb/Hf8Nb120/case-97/N0.OUTCAR,0.062500,11.980776,-3.623742,0.930072,-4.209085,9.831749,mad
bcc_HfNb,Hf8Nb120,case-99,/lustre/orion/lrn070/world-shared/mlupopa/RHEAs_HydraGNN/HydraGNN/examples/vasp_solid_solution_alloys/dataset/bcc_HfNb/Hf-Nb/Hf8Nb120/case-99,/lustre/orion/lrn070/world-shared/mlupopa/RHEAs_HydraGNN/HydraGNN/examples/vasp_solid_solution_alloys/dataset/bcc_HfNb/Hf-Nb/Hf8Nb120/case-99/N0.OUTCAR,0.062500,9.851950,-3.623742,0.930072,-4.209085,9.831749,mad
bcc_HfNb,Hf92Nb36,case-100,/lustre/orion/lrn070/world-shared/mlupopa/RHEAs_HydraGNN/HydraGNN/examples/vasp_solid_solution_alloys/dataset/bcc_HfNb/Hf-Nb/Hf92Nb36/case-100,/lustre/orion/lrn070/world-shared/mlupopa/RHEAs_HydraGNN/HydraGNN/examples/vasp_solid_solution_alloys/dataset/bcc_HfNb/Hf-Nb/Hf92Nb36/case-100/N0.OUTCAR,0.718750,97.612400,81.229300,2.859730,78.279054,83.629976,mad
bcc_HfNb,Hf92Nb36,case-27,/lustre/orion/lrn070/world-shared/mlupopa/RHEAs_HydraGNN/HydraGNN/examples/vasp_solid_solution_alloys/dataset/bcc_HfNb/Hf-Nb/Hf92Nb36/case-27,/lustre/orion/lrn070/world-shared/mlupopa/RHEAs_HydraGNN/HydraGNN/examples/vasp_solid_solution_alloys/dataset/bcc_HfNb/Hf-Nb/Hf92Nb36/case-27/N0.OUTCAR,0.718750,98.433656,81.229300,2.859730,78.279054,83.629976,mad
bcc_HfNb,Hf92Nb36,case-65,/lustre/orion/lrn070/world-shared/mlupopa/RHEAs_HydraGNN/HydraGNN/examples/vasp_solid_solution_alloys/dataset/bcc_HfNb/Hf-Nb/Hf92Nb36/case-65,/lustre/orion/lrn070/world-shared/mlupopa/RHEAs_HydraGNN/HydraGNN/examples/vasp_solid_solution_alloys/dataset/bcc_HfNb/Hf-Nb/Hf92Nb36/case-65/N0.OUTCAR,0.718750,99.383050,81.229300,2.859730,78.279054,83.629976,mad
bcc_HfNb,Hf92Nb36,case-74,/lustre/orion/lrn070/world-shared/mlupopa/RHEAs_HydraGNN/HydraGNN/examples/vasp_solid_solution_alloys/dataset/bcc_HfNb/Hf-Nb/Hf92Nb36/case-74,/lustre/orion/lrn070/world-shared/mlupopa/RHEAs_HydraGNN/HydraGNN/examples/vasp_solid_solution_alloys/dataset/bcc_HfNb/Hf-Nb/Hf92Nb36/case-74/N1.OUTCAR,0.718750,99.411636,81.229300,2.859730,78.279054,83.629976,mad
bcc_HfNb,Hf96Nb32,case-62,/lustre/orion/lrn070/world-shared/mlupopa/RHEAs_HydraGNN/HydraGNN/examples/vasp_solid_solution_alloys/dataset/bcc_HfNb/Hf-Nb/Hf96Nb32/case-62,/lustre/orion/lrn070/world-shared/mlupopa/RHEAs_HydraGNN/HydraGNN/examples/vasp_solid_solution_alloys/dataset/bcc_HfNb/Hf-Nb/Hf96Nb32/case-62/N0.OUTCAR,0.750000,98.969912,83.122196,3.048619,79.913700,85.729495,mad
bcc_HfTa,Hf116Ta12,case-4,/lustre/orion/lrn070/world-shared/mlupopa/RHEAs_HydraGNN/HydraGNN/examples/vasp_solid_solution_alloys/dataset/bcc_HfTa/Hf-Ta/Hf116Ta12/case-4,/lustre/orion/lrn070/world-shared/mlupopa/RHEAs_HydraGNN/HydraGNN/examples/vasp_solid_solution_alloys/dataset/bcc_HfTa/Hf-Ta/Hf116Ta12/case-4/N0.OUTCAR,0.093750,28.959614,30.973916,0.350084,30.579696,31.251162,mad
bcc_HfTa,Hf120Ta8,case-23,/lustre/orion/lrn070/world-shared/mlupopa/RHEAs_HydraGNN/HydraGNN/examples/vasp_solid_solution_alloys/dataset/bcc_HfTa/Hf-Ta/Hf120Ta8/case-23,/lustre/orion/lrn070/world-shared/mlupopa/RHEAs_HydraGNN/HydraGNN/examples/vasp_solid_solution_alloys/dataset/bcc_HfTa/Hf-Ta/Hf120Ta8/case-23/N0.OUTCAR,0.062500,20.259749,21.507491,0.220642,21.215736,21.708658,mad
bcc_HfTa,Hf16Ta112,case-1,/lustre/orion/lrn070/world-shared/mlupopa/RHEAs_HydraGNN/HydraGNN/examples/vasp_solid_solution_alloys/dataset/bcc_HfTa/Hf-Ta/Hf16Ta112/case-1,/lustre/orion/lrn070/world-shared/mlupopa/RHEAs_HydraGNN/HydraGNN/examples/vasp_solid_solution_alloys/dataset/bcc_HfTa/Hf-Ta/Hf16Ta112/case-1/N0.OUTCAR,0.875000,-24.704624,-130.439838,3.126618,-133.074673,-24.662503,mad
bcc_HfTa,Hf16Ta112,case-10,/lustre/orion/lrn070/world-shared/mlupopa/RHEAs_HydraGNN/HydraGNN/examples/vasp_solid_solution_alloys/dataset/bcc_HfTa/Hf-Ta/Hf16Ta112/case-10,/lustre/orion/lrn070/world-shared/mlupopa/RHEAs_HydraGNN/HydraGNN/examples/vasp_solid_solution_alloys/dataset/bcc_HfTa/Hf-Ta/Hf16Ta112/case-10/N0.OUTCAR,0.875000,-91.649093,-130.439838,3.126618,-133.074673,-24.662503,mad
bcc_HfTa,Hf16Ta112,case-11,/lustre/orion/lrn070/world-shared/mlupopa/RHEAs_HydraGNN/HydraGNN/examples/vasp_solid_solution_alloys/dataset/bcc_HfTa/Hf-Ta/Hf16Ta112/case-11,/lustre/orion/lrn070/world-shared/mlupopa/RHEAs_HydraGNN/HydraGNN/examples/vasp_solid_solution_alloys/dataset/bcc_HfTa/Hf-Ta/Hf16Ta112/case-11/N0.OUTCAR,0.875000,-24.912240,-130.439838,3.126618,-133.074673,-24.662503,mad
bcc_HfTa,Hf16Ta112,case-17,/lustre/orion/lrn070/world-shared/mlupopa/RHEAs_HydraGNN/HydraGNN/examples/vasp_solid_solution_alloys/dataset/bcc_HfTa/Hf-Ta/Hf16Ta112/case-17,/lustre/orion/lrn070/world-shared/mlupopa/RHEAs_HydraGNN/HydraGNN/examples/vasp_solid_solution_alloys/dataset/bcc_HfTa/Hf-Ta/Hf16Ta112/case-17/N0.OUTCAR,0.875000,-22.754281,-130.439838,3.126618,-133.074673,-24.662503,mad
bcc_HfTa,Hf16Ta112,case-22,/lustre/orion/lrn070/world-shared/mlupopa/RHEAs_HydraGNN/HydraGNN/examples/vasp_solid_solution_alloys/dataset/bcc_HfTa/Hf-Ta/Hf16Ta112/case-22,/lustre/orion/lrn070/world-shared/mlupopa/RHEAs_HydraGNN/HydraGNN/examples/vasp_solid_solution_alloys/dataset/bcc_HfTa/Hf-Ta/Hf16Ta112/case-22/N0.OUTCAR,0.875000,-24.353053,-130.439838,3.126618,-133.074673,-24.662503,mad
bcc_HfTa,Hf16Ta112,case-23,/lustre/orion/lrn070/world-shared/mlupopa/RHEAs_HydraGNN/HydraGNN/examples/vasp_solid_solution_alloys/dataset/bcc_HfTa/Hf-Ta/Hf16Ta112/case-23,/lustre/orion/lrn070/world-shared/mlupopa/RHEAs_HydraGNN/HydraGNN/examples/vasp_solid_solution_alloys/dataset/bcc_HfTa/Hf-Ta/Hf16Ta112/case-23/N0.OUTCAR,0.875000,-22.923402,-130.439838,3.126618,-133.074673,-24.662503,mad
bcc_HfTa,Hf16Ta112,case-24,/lustre/orion/lrn070/world-shared/mlupopa/RHEAs_HydraGNN/HydraGNN/examples/vasp_solid_solution_alloys/dataset/bcc_HfTa/Hf-Ta/Hf16Ta112/case-24,/lustre/orion/lrn070/world-shared/mlupopa/RHEAs_HydraGNN/HydraGNN/examples/vasp_solid_solution_alloys/dataset/bcc_HfTa/Hf-Ta/Hf16Ta112/case-24/N0.OUTCAR,0.875000,-24.620381,-130.439838,3.126618,-133.074673,-24.662503,mad
bcc_HfTa,Hf16Ta112,case-28,/lustre/orion/lrn070/world-shared/mlupopa/RHEAs_HydraGNN/HydraGNN/examples/vasp_solid_solution_alloys/dataset/bcc_HfTa/Hf-Ta/Hf16Ta112/case-28,/lustre/orion/lrn070/world-shared/mlupopa/RHEAs_HydraGNN/HydraGNN/examples/vasp_solid_solution_alloys/dataset/bcc_HfTa/Hf-Ta/Hf16Ta112/case-28/N0.OUTCAR,0.875000,-22.569085,-130.439838,3.126618,-133.074673,-24.662503,mad
bcc_HfTa,Hf16Ta112,case-37,/lustre/orion/lrn070/world-shared/mlupopa/RHEAs_HydraGNN/HydraGNN/examples/vasp_solid_solution_alloys/dataset/bcc_HfTa/Hf-Ta/Hf16Ta112/case-37,/lustre/orion/lrn070/world-shared/mlupopa/RHEAs_HydraGNN/HydraGNN/examples/vasp_solid_solution_alloys/dataset/bcc_HfTa/Hf-Ta/Hf16Ta112/case-37/N0.OUTCAR,0.875000,-22.691506,-130.439838,3.126618,-133.074673,-24.662503,mad
bcc_HfTa,Hf16Ta112,case-38,/lustre/orion/lrn070/world-shared/mlupopa/RHEAs_HydraGNN/HydraGNN/examples/vasp_solid_solution_alloys/dataset/bcc_HfTa/Hf-Ta/Hf16Ta112/case-38,/lustre/orion/lrn070/world-shared/mlupopa/RHEAs_HydraGNN/HydraGNN/examples/vasp_solid_solution_alloys/dataset/bcc_HfTa/Hf-Ta/Hf16Ta112/case-38/N0.OUTCAR,0.875000,-25.833378,-130.439838,3.126618,-133.074673,-24.662503,mad
bcc_HfTa,Hf16Ta112,case-39,/lustre/orion/lrn070/world-shared/mlupopa/RHEAs_HydraGNN/HydraGNN/examples/vasp_solid_solution_alloys/dataset/bcc_HfTa/Hf-Ta/Hf16Ta112/case-39,/lustre/orion/lrn070/world-shared/mlupopa/RHEAs_HydraGNN/HydraGNN/examples/vasp_solid_solution_alloys/dataset/bcc_HfTa/Hf-Ta/Hf16Ta112/case-39/N0.OUTCAR,0.875000,-24.339973,-130.439838,3.126618,-133.074673,-24.662503,mad
bcc_HfTa,Hf16Ta112,case-4,/lustre/orion/lrn070/world-shared/mlupopa/RHEAs_HydraGNN/HydraGNN/examples/vasp_solid_solution_alloys/dataset/bcc_HfTa/Hf-Ta/Hf16Ta112/case-4,/lustre/orion/lrn070/world-shared/mlupopa/RHEAs_HydraGNN/HydraGNN/examples/vasp_solid_solution_alloys/dataset/bcc_HfTa/Hf-Ta/Hf16Ta112/case-4/N0.OUTCAR,0.875000,-24.436486,-130.439838,3.126618,-133.074673,-24.662503,mad
bcc_HfTa,Hf16Ta112,case-41,/lustre/orion/lrn070/world-shared/mlupopa/RHEAs_HydraGNN/HydraGNN/examples/vasp_solid_solution_alloys/dataset/bcc_HfTa/Hf-Ta/Hf16Ta112/case-41,/lustre/orion/lrn070/world-shared/mlupopa/RHEAs_HydraGNN/HydraGNN/examples/vasp_solid_solution_alloys/dataset/bcc_HfTa/Hf-Ta/Hf16Ta112/case-41/N0.OUTCAR,0.875000,-24.021080,-130.439838,3.126618,-133.074673,-24.662503,mad
bcc_HfTa,Hf16Ta112,case-47,/lustre/orion/lrn070/world-shared/mlupopa/RHEAs_HydraGNN/HydraGNN/examples/vasp_solid_solution_alloys/dataset/bcc_HfTa/Hf-Ta/Hf16Ta112/case-47,/lustre/orion/lrn070/world-shared/mlupopa/RHEAs_HydraGNN/HydraGNN/examples/vasp_solid_solution_alloys/dataset/bcc_HfTa/Hf-Ta/Hf16Ta112/case-47/N0.OUTCAR,0.875000,-23.703176,-130.439838,3.126618,-133.074673,-24.662503,mad
bcc_HfTa,Hf16Ta112,case-49,/lustre/orion/lrn070/world-shared/mlupopa/RHEAs_HydraGNN/HydraGNN/examples/vasp_solid_solution_alloys/dataset/bcc_HfTa/Hf-Ta/Hf16Ta112/case-49,/lustre/orion/lrn070/world-shared/mlupopa/RHEAs_HydraGNN/HydraGNN/examples/vasp_solid_solution_alloys/dataset/bcc_HfTa/Hf-Ta/Hf16Ta112/case-49/N0.OUTCAR,0.875000,-23.081393,-130.439838,3.126618,-133.074673,-24.662503,mad
bcc_HfTa,Hf16Ta112,case-50,/lustre/orion/lrn070/world-shared/mlupopa/RHEAs_HydraGNN/HydraGNN/examples/vasp_solid_solution_alloys/dataset/bcc_HfTa/Hf-Ta/Hf16Ta112/case-50,/lustre/orion/lrn070/world-shared/mlupopa/RHEAs_HydraGNN/HydraGNN/examples/vasp_solid_solution_alloys/dataset/bcc_HfTa/Hf-Ta/Hf16Ta112/case-50/N0.OUTCAR,0.875000,-24.358996,-130.439838,3.126618,-133.074673,-24.662503,mad
bcc_HfTa,Hf16Ta112,case-52,/lustre/orion/lrn070/world-shared/mlupopa/RHEAs_HydraGNN/HydraGNN/examples/vasp_solid_solution_alloys/dataset/bcc_HfTa/Hf-Ta/Hf16Ta112/case-52,/lustre/orion/lrn070/world-shared/mlupopa/RHEAs_HydraGNN/HydraGNN/examples/vasp_solid_solution_alloys/dataset/bcc_HfTa/Hf-Ta/Hf16Ta112/case-52/N0.OUTCAR,0.875000,-22.795539,-130.439838,3.126618,-133.074673,-24.662503,mad
bcc_HfTa,Hf16Ta112,case-53,/lustre/orion/lrn070/world-shared/mlupopa/RHEAs_HydraGNN/HydraGNN/examples/vasp_solid_solution_alloys/dataset/bcc_HfTa/Hf-Ta/Hf16Ta112/case-53,/lustre/orion/lrn070/world-shared/mlupopa/RHEAs_HydraGNN/HydraGNN/examples/vasp_solid_solution_alloys/dataset/bcc_HfTa/Hf-Ta/Hf16Ta112/case-53/N0.OUTCAR,0.875000,-22.573352,-130.439838,3.126618,-133.074673,-24.662503,mad
bcc_HfTa,Hf16Ta112,case-55,/lustre/orion/lrn070/world-shared/mlupopa/RHEAs_HydraGNN/HydraGNN/examples/vasp_solid_solution_alloys/dataset/bcc_HfTa/Hf-Ta/Hf16Ta112/case-55,/lustre/orion/lrn070/world-shared/mlupopa/RHEAs_HydraGNN/HydraGNN/examples/vasp_solid_solution_alloys/dataset/bcc_HfTa/Hf-Ta/Hf16Ta112/case-55/N0.OUTCAR,0.875000,-22.796305,-130.439838,3.126618,-133.074673,-24.662503,mad
bcc_HfTa,Hf16Ta112,case-56,/lustre/orion/lrn070/world-shared/mlupopa/RHEAs_HydraGNN/HydraGNN/examples/vasp_solid_solution_alloys/dataset/bcc_HfTa/Hf-Ta/Hf16Ta112/case-56,/lustre/orion/lrn070/world-shared/mlupopa/RHEAs_HydraGNN/HydraGNN/examples/vasp_solid_solution_alloys/dataset/bcc_HfTa/Hf-Ta/Hf16Ta112/case-56/N0.OUTCAR,0.875000,-22.591232,-130.439838,3.126618,-133.074673,-24.662503,mad
bcc_HfTa,Hf16Ta112,case-57,/lustre/orion/lrn070/world-shared/mlupopa/RHEAs_HydraGNN/HydraGNN/examples/vasp_solid_solution_alloys/dataset/bcc_HfTa/Hf-Ta/Hf16Ta112/case-57,/lustre/orion/lrn070/world-shared/mlupopa/RHEAs_HydraGNN/HydraGNN/examples/vasp_solid_solution_alloys/dataset/bcc_HfTa/Hf-Ta/Hf16Ta112/case-57/N0.OUTCAR,0.875000,-24.846715,-130.439838,3.126618,-133.074673,-24.662503,mad
bcc_HfTa,Hf16Ta112,case-59,/lustre/orion/lrn070/world-shared/mlupopa/RHEAs_HydraGNN/HydraGNN/examples/vasp_solid_solution_alloys/dataset/bcc_HfTa/Hf-Ta/Hf16Ta112/case-59,/lustre/orion/lrn070/world-shared/mlupopa/RHEAs_HydraGNN/HydraGNN/examples/vasp_solid_solution_alloys/dataset/bcc_HfTa/Hf-Ta/Hf16Ta112/case-59/N0.OUTCAR,0.875000,-24.817322,-130.439838,3.126618,-133.074673,-24.662503,mad
bcc_HfTa,Hf16Ta112,case-60,/lustre/orion/lrn070/world-shared/mlupopa/RHEAs_HydraGNN/HydraGNN/examples/vasp_solid_solution_alloys/dataset/bcc_HfTa/Hf-Ta/Hf16Ta112/case-60,/lustre/orion/lrn070/world-shared/mlupopa/RHEAs_HydraGNN/HydraGNN/examples/vasp_solid_solution_alloys/dataset/bcc_HfTa/Hf-Ta/Hf16Ta112/case-60/N0.OUTCAR,0.875000,-24.275191,-130.439838,3.126618,-133.074673,-24.662503,mad
bcc_HfTa,Hf16Ta112,case-61,/lustre/orion/lrn070/world-shared/mlupopa/RHEAs_HydraGNN/HydraGNN/examples/vasp_solid_solution_alloys/dataset/bcc_HfTa/Hf-Ta/Hf16Ta112/case-61,/lustre/orion/lrn070/world-shared/mlupopa/RHEAs_HydraGNN/HydraGNN/examples/vasp_solid_solution_alloys/dataset/bcc_HfTa/Hf-Ta/Hf16Ta112/case-61/N1.OUTCAR,0.875000,-25.340098,-130.439838,3.126618,-133.074673,-24.662503,mad
bcc_HfTa,Hf16Ta112,case-67,/lustre/orion/lrn070/world-shared/mlupopa/RHEAs_HydraGNN/HydraGNN/examples/vasp_solid_solution_alloys/dataset/bcc_HfTa/Hf-Ta/Hf16Ta112/case-67,/lustre/orion/lrn070/world-shared/mlupopa/RHEAs_HydraGNN/HydraGNN/examples/vasp_solid_solution_alloys/dataset/bcc_HfTa/Hf-Ta/Hf16Ta112/case-67/N0.OUTCAR,0.875000,-24.922688,-130.439838,3.126618,-133.074673,-24.662503,mad
bcc_HfTa,Hf16Ta112,case-68,/lustre/orion/lrn070/world-shared/mlupopa/RHEAs_HydraGNN/HydraGNN/examples/vasp_solid_solution_alloys/dataset/bcc_HfTa/Hf-Ta/Hf16Ta112/case-68,/lustre/orion/lrn070/world-shared/mlupopa/RHEAs_HydraGNN/HydraGNN/examples/vasp_solid_solution_alloys/dataset/bcc_HfTa/Hf-Ta/Hf16Ta112/case-68/N0.OUTCAR,0.875000,-22.714128,-130.439838,3.126618,-133.074673,-24.662503,mad
bcc_HfTa,Hf16Ta112,case-70,/lustre/orion/lrn070/world-shared/mlupopa/RHEAs_HydraGNN/HydraGNN/examples/vasp_solid_solution_alloys/dataset/bcc_HfTa/Hf-Ta/Hf16Ta112/case-70,/lustre/orion/lrn070/world-shared/mlupopa/RHEAs_HydraGNN/HydraGNN/examples/vasp_solid_solution_alloys/dataset/bcc_HfTa/Hf-Ta/Hf16Ta112/case-70/N0.OUTCAR,0.875000,-24.389938,-130.439838,3.126618,-133.074673,-24.662503,mad
bcc_HfTa,Hf16Ta112,case-8,/lustre/orion/lrn070/world-shared/mlupopa/RHEAs_HydraGNN/HydraGNN/examples/vasp_solid_solution_alloys/dataset/bcc_HfTa/Hf-Ta/Hf16Ta112/case-8,/lustre/orion/lrn070/world-shared/mlupopa/RHEAs_HydraGNN/HydraGNN/examples/vasp_solid_solution_alloys/dataset/bcc_HfTa/Hf-Ta/Hf16Ta112/case-8/N0.OUTCAR,0.875000,-25.251202,-130.439838,3.126618,-133.074673,-24.662503,mad
bcc_HfTa,Hf16Ta112,case-81,/lustre/orion/lrn070/world-shared/mlupopa/RHEAs_HydraGNN/HydraGNN/examples/vasp_solid_solution_alloys/dataset/bcc_HfTa/Hf-Ta/Hf16Ta112/case-81,/lustre/orion/lrn070/world-shared/mlupopa/RHEAs_HydraGNN/HydraGNN/examples/vasp_solid_solution_alloys/dataset/bcc_HfTa/Hf-Ta/Hf16Ta112/case-81/N0.OUTCAR,0.875000,-24.360000,-130.439838,3.126618,-133.074673,-24.662503,mad
bcc_HfTa,Hf16Ta112,case-82,/lustre/orion/lrn070/world-shared/mlupopa/RHEAs_HydraGNN/HydraGNN/examples/vasp_solid_solution_alloys/dataset/bcc_HfTa/Hf-Ta/Hf16Ta112/case-82,/lustre/orion/lrn070/world-shared/mlupopa/RHEAs_HydraGNN/HydraGNN/examples/vasp_solid_solution_alloys/dataset/bcc_HfTa/Hf-Ta/Hf16Ta112/case-82/N0.OUTCAR,0.875000,-113.096518,-130.439838,3.126618,-133.074673,-24.662503,mad
bcc_HfTa,Hf16Ta112,case-83,/lustre/orion/lrn070/world-shared/mlupopa/RHEAs_HydraGNN/HydraGNN/examples/vasp_solid_solution_alloys/dataset/bcc_HfTa/Hf-Ta/Hf16Ta112/case-83,/lustre/orion/lrn070/world-shared/mlupopa/RHEAs_HydraGNN/HydraGNN/examples/vasp_solid_solution_alloys/dataset/bcc_HfTa/Hf-Ta/Hf16Ta112/case-83/N0.OUTCAR,0.875000,-97.249804,-130.439838,3.126618,-133.074673,-24.662503,mad
bcc_HfTa,Hf16Ta112,case-86,/lustre/orion/lrn070/world-shared/mlupopa/RHEAs_HydraGNN/HydraGNN/examples/vasp_solid_solution_alloys/dataset/bcc_HfTa/Hf-Ta/Hf16Ta112/case-86,/lustre/orion/lrn070/world-shared/mlupopa/RHEAs_HydraGNN/HydraGNN/examples/vasp_solid_solution_alloys/dataset/bcc_HfTa/Hf-Ta/Hf16Ta112/case-86/N0.OUTCAR,0.875000,-24.455664,-130.439838,3.126618,-133.074673,-24.662503,mad
bcc_HfTa,Hf16Ta112,case-93,/lustre/orion/lrn070/world-shared/mlupopa/RHEAs_HydraGNN/HydraGNN/examples/vasp_solid_solution_alloys/dataset/bcc_HfTa/Hf-Ta/Hf16Ta112/case-93,/lustre/orion/lrn070/world-shared/mlupopa/RHEAs_HydraGNN/HydraGNN/examples/vasp_solid_solution_alloys/dataset/bcc_HfTa/Hf-Ta/Hf16Ta112/case-93/N0.OUTCAR,0.875000,-22.793960,-130.439838,3.126618,-133.074673,-24.662503,mad
bcc_HfTa,Hf16Ta112,case-95,/lustre/orion/lrn070/world-shared/mlupopa/RHEAs_HydraGNN/HydraGNN/examples/vasp_solid_solution_alloys/dataset/bcc_HfTa/Hf-Ta/Hf16Ta112/case-95,/lustre/orion/lrn070/world-shared/mlupopa/RHEAs_HydraGNN/HydraGNN/examples/vasp_solid_solution_alloys/dataset/bcc_HfTa/Hf-Ta/Hf16Ta112/case-95/N0.OUTCAR,0.875000,-24.221745,-130.439838,3.126618,-133.074673,-24.662503,mad
bcc_HfTa,Hf16Ta112,case-98,/lustre/orion/lrn070/world-shared/mlupopa/RHEAs_HydraGNN/HydraGNN/examples/vasp_solid_solution_alloys/dataset/bcc_HfTa/Hf-Ta/Hf16Ta112/case-98,/lustre/orion/lrn070/world-shared/mlupopa/RHEAs_HydraGNN/HydraGNN/examples/vasp_solid_solution_alloys/dataset/bcc_HfTa/Hf-Ta/Hf16Ta112/case-98/N0.OUTCAR,0.875000,-24.605566,-130.439838,3.126618,-133.074673,-24.662503,mad
bcc_HfTa,Hf16Ta112,case-99,/lustre/orion/lrn070/world-shared/mlupopa/RHEAs_HydraGNN/HydraGNN/examples/vasp_solid_solution_alloys/dataset/bcc_HfTa/Hf-Ta/Hf16Ta112/case-99,/lustre/orion/lrn070/world-shared/mlupopa/RHEAs_HydraGNN/HydraGNN/examples/vasp_solid_solution_alloys/dataset/bcc_HfTa/Hf-Ta/Hf16Ta112/case-99/N0.OUTCAR,0.875000,-24.464858,-130.439838,3.126618,-133.074673,-24.662503,mad
bcc_HfTa,Hf20Ta108,case-100,/lustre/orion/lrn070/world-shared/mlupopa/RHEAs_HydraGNN/HydraGNN/examples/vasp_solid_solution_alloys/dataset/bcc_HfTa/Hf-Ta/Hf20Ta108/case-100,/lustre/orion/lrn070/world-shared/mlupopa/RHEAs_HydraGNN/HydraGNN/examples/vasp_solid_solution_alloys/dataset/bcc_HfTa/Hf-Ta/Hf20Ta108/case-100/N0.OUTCAR,0.843750,-12.461782,-115.593746,2.587494,-118.069614,-13.949967,mad
bcc_HfTa,Hf20Ta108,case-11,/lustre/orion/lrn070/world-shared/mlupopa/RHEAs_HydraGNN/HydraGNN/examples/vasp_solid_solution_alloys/dataset/bcc_HfTa/Hf-Ta/Hf20Ta108/case-11,/lustre/orion/lrn070/world-shared/mlupopa/RHEAs_HydraGNN/HydraGNN/examples/vasp_solid_solution_alloys/dataset/bcc_HfTa/Hf-Ta/Hf20Ta108/case-11/N0.OUTCAR,0.843750,-11.185961,-115.593746,2.587494,-118.069614,-13.949967,mad
bcc_HfTa,Hf20Ta108,case-15,/lustre/orion/lrn070/world-shared/mlupopa/RHEAs_HydraGNN/HydraGNN/examples/vasp_solid_solution_alloys/dataset/bcc_HfTa/Hf-Ta/Hf20Ta108/case-15,/lustre/orion/lrn070/world-shared/mlupopa/RHEAs_HydraGNN/HydraGNN/examples/vasp_solid_solution_alloys/dataset/bcc_HfTa/Hf-Ta/Hf20Ta108/case-15/N0.OUTCAR,0.843750,-12.939814,-115.593746,2.587494,-118.069614,-13.949967,mad
bcc_HfTa,Hf20Ta108,case-19,/lustre/orion/lrn070/world-shared/mlupopa/RHEAs_HydraGNN/HydraGNN/examples/vasp_solid_solution_alloys/dataset/bcc_HfTa/Hf-Ta/Hf20Ta108/case-19,/lustre/orion/lrn070/world-shared/mlupopa/RHEAs_HydraGNN/HydraGNN/examples/vasp_solid_solution_alloys/dataset/bcc_HfTa/Hf-Ta/Hf20Ta108/case-19/N0.OUTCAR,0.843750,-13.222978,-115.593746,2.587494,-118.069614,-13.949967,mad
bcc_HfTa,Hf20Ta108,case-23,/lustre/orion/lrn070/world-shared/mlupopa/RHEAs_HydraGNN/HydraGNN/examples/vasp_solid_solution_alloys/dataset/bcc_HfTa/Hf-Ta/Hf20Ta108/case-23,/lustre/orion/lrn070/world-shared/mlupopa/RHEAs_HydraGNN/HydraGNN/examples/vasp_solid_solution_alloys/dataset/bcc_HfTa/Hf-Ta/Hf20Ta108/case-23/N0.OUTCAR,0.843750,-72.529343,-115.593746,2.587494,-118.069614,-13.949967,mad
bcc_HfTa,Hf20Ta108,case-28,/lustre/orion/lrn070/world-shared/mlupopa/RHEAs_HydraGNN/HydraGNN/examples/vasp_solid_solution_alloys/dataset/bcc_HfTa/Hf-Ta/Hf20Ta108/case-28,/lustre/orion/lrn070/world-shared/mlupopa/RHEAs_HydraGNN/HydraGNN/examples/vasp_solid_solution_alloys/dataset/bcc_HfTa/Hf-Ta/Hf20Ta108/case-28/N0.OUTCAR,0.843750,-13.056655,-115.593746,2.587494,-118.069614,-13.949967,mad
bcc_HfTa,Hf20Ta108,case-30,/lustre/orion/lrn070/world-shared/mlupopa/RHEAs_HydraGNN/HydraGNN/examples/vasp_solid_solution_alloys/dataset/bcc_HfTa/Hf-Ta/Hf20Ta108/case-30,/lustre/orion/lrn070/world-shared/mlupopa/RHEAs_HydraGNN/HydraGNN/examples/vasp_solid_solution_alloys/dataset/bcc_HfTa/Hf-Ta/Hf20Ta108/case-30/N0.OUTCAR,0.843750,-12.499739,-115.593746,2.587494,-118.069614,-13.949967,mad
bcc_HfTa,Hf20Ta108,case-32,/lustre/orion/lrn070/world-shared/mlupopa/RHEAs_HydraGNN/HydraGNN/examples/vasp_solid_solution_alloys/dataset/bcc_HfTa/Hf-Ta/Hf20Ta108/case-32,/lustre/orion/lrn070/world-shared/mlupopa/RHEAs_HydraGNN/HydraGNN/examples/vasp_solid_solution_alloys/dataset/bcc_HfTa/Hf-Ta/Hf20Ta108/case-32/N0.OUTCAR,0.843750,-12.504482,-115.593746,2.587494,-118.069614,-13.949967,mad
bcc_HfTa,Hf20Ta108,case-35,/lustre/orion/lrn070/world-shared/mlupopa/RHEAs_HydraGNN/HydraGNN/examples/vasp_solid_solution_alloys/dataset/bcc_HfTa/Hf-Ta/Hf20Ta108/case-35,/lustre/orion/lrn070/world-shared/mlupopa/RHEAs_HydraGNN/HydraGNN/examples/vasp_solid_solution_alloys/dataset/bcc_HfTa/Hf-Ta/Hf20Ta108/case-35/N0.OUTCAR,0.843750,-22.607986,-115.593746,2.587494,-118.069614,-13.949967,mad
bcc_HfTa,Hf20Ta108,case-36,/lustre/orion/lrn070/world-shared/mlupopa/RHEAs_HydraGNN/HydraGNN/examples/vasp_solid_solution_alloys/dataset/bcc_HfTa/Hf-Ta/Hf20Ta108/case-36,/lustre/orion/lrn070/world-shared/mlupopa/RHEAs_HydraGNN/HydraGNN/examples/vasp_solid_solution_alloys/dataset/bcc_HfTa/Hf-Ta/Hf20Ta108/case-36/N0.OUTCAR,0.843750,-11.135387,-115.593746,2.587494,-118.069614,-13.949967,mad
bcc_HfTa,Hf20Ta108,case-40,/lustre/orion/lrn070/world-shared/mlupopa/RHEAs_HydraGNN/HydraGNN/examples/vasp_solid_solution_alloys/dataset/bcc_HfTa/Hf-Ta/Hf20Ta108/case-40,/lustre/orion/lrn070/world-shared/mlupopa/RHEAs_HydraGNN/HydraGNN/examples/vasp_solid_solution_alloys/dataset/bcc_HfTa/Hf-Ta/Hf20Ta108/case-40/N0.OUTCAR,0.843750,-12.384588,-115.593746,2.587494,-118.069614,-13.949967,mad
bcc_HfTa,Hf20Ta108,case-46,/lustre/orion/lrn070/world-shared/mlupopa/RHEAs_HydraGNN/HydraGNN/examples/vasp_solid_solution_alloys/dataset/bcc_HfTa/Hf-Ta/Hf20Ta108/case-46,/lustre/orion/lrn070/world-shared/mlupopa/RHEAs_HydraGNN/HydraGNN/examples/vasp_solid_solution_alloys/dataset/bcc_HfTa/Hf-Ta/Hf20Ta108/case-46/N0.OUTCAR,0.843750,-13.383751,-115.593746,2.587494,-118.069614,-13.949967,mad
bcc_HfTa,Hf20Ta108,case-6,/lustre/orion/lrn070/world-shared/mlupopa/RHEAs_HydraGNN/HydraGNN/examples/vasp_solid_solution_alloys/dataset/bcc_HfTa/Hf-Ta/Hf20Ta108/case-6,/lustre/orion/lrn070/world-shared/mlupopa/RHEAs_HydraGNN/HydraGNN/examples/vasp_solid_solution_alloys/dataset/bcc_HfTa/Hf-Ta/Hf20Ta108/case-6/N0.OUTCAR,0.843750,-13.179358,-115.593746,2.587494,-118.069614,-13.949967,mad
bcc_HfTa,Hf20Ta108,case-60,/lustre/orion/lrn070/world-shared/mlupopa/RHEAs_HydraGNN/HydraGNN/examples/vasp_solid_solution_alloys/dataset/bcc_HfTa/Hf-Ta/Hf20Ta108/case-60,/lustre/orion/lrn070/world-shared/mlupopa/RHEAs_HydraGNN/HydraGNN/examples/vasp_solid_solution_alloys/dataset/bcc_HfTa/Hf-Ta/Hf20Ta108/case-60/N0.OUTCAR,0.843750,-14.278284,-115.593746,2.587494,-118.069614,-13.949967,mad
bcc_HfTa,Hf20Ta108,case-64,/lustre/orion/lrn070/world-shared/mlupopa/RHEAs_HydraGNN/HydraGNN/examples/vasp_solid_solution_alloys/dataset/bcc_HfTa/Hf-Ta/Hf20Ta108/case-64,/lustre/orion/lrn070/world-shared/mlupopa/RHEAs_HydraGNN/HydraGNN/examples/vasp_solid_solution_alloys/dataset/bcc_HfTa/Hf-Ta/Hf20Ta108/case-64/N0.OUTCAR,0.843750,-12.895985,-115.593746,2.587494,-118.069614,-13.949967,mad
bcc_HfTa,Hf20Ta108,case-68,/lustre/orion/lrn070/world-shared/mlupopa/RHEAs_HydraGNN/HydraGNN/examples/vasp_solid_solution_alloys/dataset/bcc_HfTa/Hf-Ta/Hf20Ta108/case-68,/lustre/orion/lrn070/world-shared/mlupopa/RHEAs_HydraGNN/HydraGNN/examples/vasp_solid_solution_alloys/dataset/bcc_HfTa/Hf-Ta/Hf20Ta108/case-68/N0.OUTCAR,0.843750,-11.291311,-115.593746,2.587494,-118.069614,-13.949967,mad
bcc_HfTa,Hf20Ta108,case-69,/lustre/orion/lrn070/world-shared/mlupopa/RHEAs_HydraGNN/HydraGNN/examples/vasp_solid_solution_alloys/dataset/bcc_HfTa/Hf-Ta/Hf20Ta108/case-69,/lustre/orion/lrn070/world-shared/mlupopa/RHEAs_HydraGNN/HydraGNN/examples/vasp_solid_solution_alloys/dataset/bcc_HfTa/Hf-Ta/Hf20Ta108/case-69/N0.OUTCAR,0.843750,-10.867345,-115.593746,2.587494,-118.069614,-13.949967,mad
bcc_HfTa,Hf20Ta108,case-70,/lustre/orion/lrn070/world-shared/mlupopa/RHEAs_HydraGNN/HydraGNN/examples/vasp_solid_solution_alloys/dataset/bcc_HfTa/Hf-Ta/Hf20Ta108/case-70,/lustre/orion/lrn070/world-shared/mlupopa/RHEAs_HydraGNN/HydraGNN/examples/vasp_solid_solution_alloys/dataset/bcc_HfTa/Hf-Ta/Hf20Ta108/case-70/N0.OUTCAR,0.843750,-17.730396,-115.593746,2.587494,-118.069614,-13.949967,mad
bcc_HfTa,Hf20Ta108,case-72,/lustre/orion/lrn070/world-shared/mlupopa/RHEAs_HydraGNN/HydraGNN/examples/vasp_solid_solution_alloys/dataset/bcc_HfTa/Hf-Ta/Hf20Ta108/case-72,/lustre/orion/lrn070/world-shared/mlupopa/RHEAs_HydraGNN/HydraGNN/examples/vasp_solid_solution_alloys/dataset/bcc_HfTa/Hf-Ta/Hf20Ta108/case-72/N0.OUTCAR,0.843750,-10.497096,-115.593746,2.587494,-118.069614,-13.949967,mad
bcc_HfTa,Hf20Ta108,case-8,/lustre/orion/lrn070/world-shared/mlupopa/RHEAs_HydraGNN/HydraGNN/examples/vasp_solid_solution_alloys/dataset/bcc_HfTa/Hf-Ta/Hf20Ta108/case-8,/lustre/orion/lrn070/world-shared/mlupopa/RHEAs_HydraGNN/HydraGNN/examples/vasp_solid_solution_alloys/dataset/bcc_HfTa/Hf-Ta/Hf20Ta108/case-8/N0.OUTCAR,0.843750,-12.468286,-115.593746,2.587494,-118.069614,-13.949967,mad
bcc_HfTa,Hf20Ta108,case-81,/lustre/orion/lrn070/world-shared/mlupopa/RHEAs_HydraGNN/HydraGNN/examples/vasp_solid_solution_alloys/dataset/bcc_HfTa/Hf-Ta/Hf20Ta108/case-81,/lustre/orion/lrn070/world-shared/mlupopa/RHEAs_HydraGNN/HydraGNN/examples/vasp_solid_solution_alloys/dataset/bcc_HfTa/Hf-Ta/Hf20Ta108/case-81/N0.OUTCAR,0.843750,-12.493671,-115.593746,2.587494,-118.069614,-13.949967,mad
bcc_HfTa,Hf20Ta108,case-82,/lustre/orion/lrn070/world-shared/mlupopa/RHEAs_HydraGNN/HydraGNN/examples/vasp_solid_solution_alloys/dataset/bcc_HfTa/Hf-Ta/Hf20Ta108/case-82,/lustre/orion/lrn070/world-shared/mlupopa/RHEAs_HydraGNN/HydraGNN/examples/vasp_solid_solution_alloys/dataset/bcc_HfTa/Hf-Ta/Hf20Ta108/case-82/N0.OUTCAR,0.843750,-11.906655,-115.593746,2.587494,-118.069614,-13.949967,mad
bcc_HfTa,Hf20Ta108,case-83,/lustre/orion/lrn070/world-shared/mlupopa/RHEAs_HydraGNN/HydraGNN/examples/vasp_solid_solution_alloys/dataset/bcc_HfTa/Hf-Ta/Hf20Ta108/case-83,/lustre/orion/lrn070/world-shared/mlupopa/RHEAs_HydraGNN/HydraGNN/examples/vasp_solid_solution_alloys/dataset/bcc_HfTa/Hf-Ta/Hf20Ta108/case-83/N0.OUTCAR,0.843750,-13.101062,-115.593746,2.587494,-118.069614,-13.949967,mad
bcc_HfTa,Hf20Ta108,case-84,/lustre/orion/lrn070/world-shared/mlupopa/RHEAs_HydraGNN/HydraGNN/examples/vasp_solid_solution_alloys/dataset/bcc_HfTa/Hf-Ta/Hf20Ta108/case-84,/lustre/orion/lrn070/world-shared/mlupopa/RHEAs_HydraGNN/HydraGNN/examples/vasp_solid_solution_alloys/dataset/bcc_HfTa/Hf-Ta/Hf20Ta108/case-84/N0.OUTCAR,0.843750,-10.874921,-115.593746,2.587494,-118.069614,-13.949967,mad
bcc_HfTa,Hf20Ta108,case-87,/lustre/orion/lrn070/world-shared/mlupopa/RHEAs_HydraGNN/HydraGNN/examples/vasp_solid_solution_alloys/dataset/bcc_HfTa/Hf-Ta/Hf20Ta108/case-87,/lustre/orion/lrn070/world-shared/mlupopa/RHEAs_HydraGNN/HydraGNN/examples/vasp_solid_solution_alloys/dataset/bcc_HfTa/Hf-Ta/Hf20Ta108/case-87/N0.OUTCAR,0.843750,-13.621649,-115.593746,2.587494,-118.069614,-13.949967,mad
bcc_HfTa,Hf20Ta108,case-90,/lustre/orion/lrn070/world-shared/mlupopa/RHEAs_HydraGNN/HydraGNN/examples/vasp_solid_solution_alloys/dataset/bcc_HfTa/Hf-Ta/Hf20Ta108/case-90,/lustre/orion/lrn070/world-shared/mlupopa/RHEAs_HydraGNN/HydraGNN/examples/vasp_solid_solution_alloys/dataset/bcc_HfTa/Hf-Ta/Hf20Ta108/case-90/N0.OUTCAR,0.843750,-12.668476,-115.593746,2.587494,-118.069614,-13.949967,mad
bcc_HfTa,Hf20Ta108,case-91,/lustre/orion/lrn070/world-shared/mlupopa/RHEAs_HydraGNN/HydraGNN/examples/vasp_solid_solution_alloys/dataset/bcc_HfTa/Hf-Ta/Hf20Ta108/case-91,/lustre/orion/lrn070/world-shared/mlupopa/RHEAs_HydraGNN/HydraGNN/examples/vasp_solid_solution_alloys/dataset/bcc_HfTa/Hf-Ta/Hf20Ta108/case-91/N0.OUTCAR,0.843750,-11.961977,-115.593746,2.587494,-118.069614,-13.949967,mad
bcc_HfTa,Hf20Ta108,case-95,/lustre/orion/lrn070/world-shared/mlupopa/RHEAs_HydraGNN/HydraGNN/examples/vasp_solid_solution_alloys/dataset/bcc_HfTa/Hf-Ta/Hf20Ta108/case-95,/lustre/orion/lrn070/world-shared/mlupopa/RHEAs_HydraGNN/HydraGNN/examples/vasp_solid_solution_alloys/dataset/bcc_HfTa/Hf-Ta/Hf20Ta108/case-95/N0.OUTCAR,0.843750,-11.116432,-115.593746,2.587494,-118.069614,-13.949967,mad
bcc_HfTa,Hf20Ta108,case-99,/lustre/orion/lrn070/world-shared/mlupopa/RHEAs_HydraGNN/HydraGNN/examples/vasp_solid_solution_alloys/dataset/bcc_HfTa/Hf-Ta/Hf20Ta108/case-99,/lustre/orion/lrn070/world-shared/mlupopa/RHEAs_HydraGNN/HydraGNN/examples/vasp_solid_solution_alloys/dataset/bcc_HfTa/Hf-Ta/Hf20Ta108/case-99/N0.OUTCAR,0.843750,-13.135772,-115.593746,2.587494,-118.069614,-13.949967,mad
bcc_HfTa,Hf24Ta104,case-1,/lustre/orion/lrn070/world-shared/mlupopa/RHEAs_HydraGNN/HydraGNN/examples/vasp_solid_solution_alloys/dataset/bcc_HfTa/Hf-Ta/Hf24Ta104/case-1,/lustre/orion/lrn070/world-shared/mlupopa/RHEAs_HydraGNN/HydraGNN/examples/vasp_solid_solution_alloys/dataset/bcc_HfTa/Hf-Ta/Hf24Ta104/case-1/N0.OUTCAR,0.812500,-1.094974,-102.318178,1.839926,-103.718018,-99.852597,mad
bcc_HfTa,Hf24Ta104,case-27,/lustre/orion/lrn070/world-shared/mlupopa/RHEAs_HydraGNN/HydraGNN/examples/vasp_solid_solution_alloys/dataset/bcc_HfTa/Hf-Ta/Hf24Ta104/case-27,/lustre/orion/lrn070/world-shared/mlupopa/RHEAs_HydraGNN/HydraGNN/examples/vasp_solid_solution_alloys/dataset/bcc_HfTa/Hf-Ta/Hf24Ta104/case-27/N0.OUTCAR,0.812500,-78.757738,-102.318178,1.839926,-103.718018,-99.852597,mad
bcc_HfTa,Hf24Ta104,case-3,/lustre/orion/lrn070/world-shared/mlupopa/RHEAs_HydraGNN/HydraGNN/examples/vasp_solid_solution_alloys/dataset/bcc_HfTa/Hf-Ta/Hf24Ta104/case-3,/lustre/orion/lrn070/world-shared/mlupopa/RHEAs_HydraGNN/HydraGNN/examples/vasp_solid_solution_alloys/dataset/bcc_HfTa/Hf-Ta/Hf24Ta104/case-3/N0.OUTCAR,0.812500,-1.066202,-102.318178,1.839926,-103.718018,-99.852597,mad
bcc_HfTa,Hf24Ta104,case-31,/lustre/orion/lrn070/world-shared/mlupopa/RHEAs_HydraGNN/HydraGNN/examples/vasp_solid_solution_alloys/dataset/bcc_HfTa/Hf-Ta/Hf24Ta104/case-31,/lustre/orion/lrn070/world-shared/mlupopa/RHEAs_HydraGNN/HydraGNN/examples/vasp_solid_solution_alloys/dataset/bcc_HfTa/Hf-Ta/Hf24Ta104/case-31/N0.OUTCAR,0.812500,-86.586445,-102.318178,1.839926,-103.718018,-99.852597,mad
bcc_HfTa,Hf24Ta104,case-35,/lustre/orion/lrn070/world-shared/mlupopa/RHEAs_HydraGNN/HydraGNN/examples/vasp_solid_solution_alloys/dataset/bcc_HfTa/Hf-Ta/Hf24Ta104/case-35,/lustre/orion/lrn070/world-shared/mlupopa/RHEAs_HydraGNN/HydraGNN/examples/vasp_solid_solution_alloys/dataset/bcc_HfTa/Hf-Ta/Hf24Ta104/case-35/N0.OUTCAR,0.812500,-1.164146,-102.318178,1.839926,-103.718018,-99.852597,mad
bcc_HfTa,Hf24Ta104,case-4,/lustre/orion/lrn070/world-shared/mlupopa/RHEAs_HydraGNN/HydraGNN/examples/vasp_solid_solution_alloys/dataset/bcc_HfTa/Hf-Ta/Hf24Ta104/case-4,/lustre/orion/lrn070/world-shared/mlupopa/RHEAs_HydraGNN/HydraGNN/examples/vasp_solid_solution_alloys/dataset/bcc_HfTa/Hf-Ta/Hf24Ta104/case-4/N0.OUTCAR,0.812500,-0.283027,-102.318178,1.839926,-103.718018,-99.852597,mad
bcc_HfTa,Hf24Ta104,case-48,/lustre/orion/lrn070/world-shared/mlupopa/RHEAs_HydraGNN/HydraGNN/examples/vasp_solid_solution_alloys/dataset/bcc_HfTa/Hf-Ta/Hf24Ta104/case-48,/lustre/orion/lrn070/world-shared/mlupopa/RHEAs_HydraGNN/HydraGNN/examples/vasp_solid_solution_alloys/dataset/bcc_HfTa/Hf-Ta/Hf24Ta104/case-48/N1.OUTCAR,0.812500,-0.678646,-102.318178,1.839926,-103.718018,-99.852597,mad
bcc_HfTa,Hf24Ta104,case-58,/lustre/orion/lrn070/world-shared/mlupopa/RHEAs_HydraGNN/HydraGNN/examples/vasp_solid_solution_alloys/dataset/bcc_HfTa/Hf-Ta/Hf24Ta104/case-58,/lustre/orion/lrn070/world-shared/mlupopa/RHEAs_HydraGNN/HydraGNN/examples/vasp_solid_solution_alloys/dataset/bcc_HfTa/Hf-Ta/Hf24Ta104/case-58/N0.OUTCAR,0.812500,-1.209787,-102.318178,1.839926,-103.718018,-99.852597,mad
bcc_HfTa,Hf24Ta104,case-6,/lustre/orion/lrn070/world-shared/mlupopa/RHEAs_HydraGNN/HydraGNN/examples/vasp_solid_solution_alloys/dataset/bcc_HfTa/Hf-Ta/Hf24Ta104/case-6,/lustre/orion/lrn070/world-shared/mlupopa/RHEAs_HydraGNN/HydraGNN/examples/vasp_solid_solution_alloys/dataset/bcc_HfTa/Hf-Ta/Hf24Ta104/case-6/N0.OUTCAR,0.812500,-86.743695,-102.318178,1.839926,-103.718018,-99.852597,mad
bcc_HfTa,Hf24Ta104,case-62,/lustre/orion/lrn070/world-shared/mlupopa/RHEAs_HydraGNN/HydraGNN/examples/vasp_solid_solution_alloys/dataset/bcc_HfTa/Hf-Ta/Hf24Ta104/case-62,/lustre/orion/lrn070/world-shared/mlupopa/RHEAs_HydraGNN/HydraGNN/examples/vasp_solid_solution_alloys/dataset/bcc_HfTa/Hf-Ta/Hf24Ta104/case-62/N0.OUTCAR,0.812500,-58.272122,-102.318178,1.839926,-103.718018,-99.852597,mad
bcc_HfTa,Hf24Ta104,case-63,/lustre/orion/lrn070/world-shared/mlupopa/RHEAs_HydraGNN/HydraGNN/examples/vasp_solid_solution_alloys/dataset/bcc_HfTa/Hf-Ta/Hf24Ta104/case-63,/lustre/orion/lrn070/world-shared/mlupopa/RHEAs_HydraGNN/HydraGNN/examples/vasp_solid_solution_alloys/dataset/bcc_HfTa/Hf-Ta/Hf24Ta104/case-63/N0.OUTCAR,0.812500,-1.496538,-102.318178,1.839926,-103.718018,-99.852597,mad
bcc_HfTa,Hf24Ta104,case-67,/lustre/orion/lrn070/world-shared/mlupopa/RHEAs_HydraGNN/HydraGNN/examples/vasp_solid_solution_alloys/dataset/bcc_HfTa/Hf-Ta/Hf24Ta104/case-67,/lustre/orion/lrn070/world-shared/mlupopa/RHEAs_HydraGNN/HydraGNN/examples/vasp_solid_solution_alloys/dataset/bcc_HfTa/Hf-Ta/Hf24Ta104/case-67/N0.OUTCAR,0.812500,-1.740038,-102.318178,1.839926,-103.718018,-99.852597,mad
bcc_HfTa,Hf24Ta104,case-75,/lustre/orion/lrn070/world-shared/mlupopa/RHEAs_HydraGNN/HydraGNN/examples/vasp_solid_solution_alloys/dataset/bcc_HfTa/Hf-Ta/Hf24Ta104/case-75,/lustre/orion/lrn070/world-shared/mlupopa/RHEAs_HydraGNN/HydraGNN/examples/vasp_solid_solution_alloys/dataset/bcc_HfTa/Hf-Ta/Hf24Ta104/case-75/N0.OUTCAR,0.812500,-1.788988,-102.318178,1.839926,-103.718018,-99.852597,mad
bcc_HfTa,Hf24Ta104,case-8,/lustre/orion/lrn070/world-shared/mlupopa/RHEAs_HydraGNN/HydraGNN/examples/vasp_solid_solution_alloys/dataset/bcc_HfTa/Hf-Ta/Hf24Ta104/case-8,/lustre/orion/lrn070/world-shared/mlupopa/RHEAs_HydraGNN/HydraGNN/examples/vasp_solid_solution_alloys/dataset/bcc_HfTa/Hf-Ta/Hf24Ta104/case-8/N0.OUTCAR,0.812500,-85.426237,-102.318178,1.839926,-103.718018,-99.852597,mad
bcc_HfTa,Hf24Ta104,case-80,/lustre/orion/lrn070/world-shared/mlupopa/RHEAs_HydraGNN/HydraGNN/examples/vasp_solid_solution_alloys/dataset/bcc_HfTa/Hf-Ta/Hf24Ta104/case-80,/lustre/orion/lrn070/world-shared/mlupopa/RHEAs_HydraGNN/HydraGNN/examples/vasp_solid_solution_alloys/dataset/bcc_HfTa/Hf-Ta/Hf24Ta104/case-80/N0.OUTCAR,0.812500,-72.632675,-102.318178,1.839926,-103.718018,-99.852597,mad
bcc_HfTa,Hf24Ta104,case-83,/lustre/orion/lrn070/world-shared/mlupopa/RHEAs_HydraGNN/HydraGNN/examples/vasp_solid_solution_alloys/dataset/bcc_HfTa/Hf-Ta/Hf24Ta104/case-83,/lustre/orion/lrn070/world-shared/mlupopa/RHEAs_HydraGNN/HydraGNN/examples/vasp_solid_solution_alloys/dataset/bcc_HfTa/Hf-Ta/Hf24Ta104/case-83/N1.OUTCAR,0.812500,-2.111463,-102.318178,1.839926,-103.718018,-99.852597,mad
bcc_HfTa,Hf24Ta104,case-84,/lustre/orion/lrn070/world-shared/mlupopa/RHEAs_HydraGNN/HydraGNN/examples/vasp_solid_solution_alloys/dataset/bcc_HfTa/Hf-Ta/Hf24Ta104/case-84,/lustre/orion/lrn070/world-shared/mlupopa/RHEAs_HydraGNN/HydraGNN/examples/vasp_solid_solution_alloys/dataset/bcc_HfTa/Hf-Ta/Hf24Ta104/case-84/N0.OUTCAR,0.812500,-66.477553,-102.318178,1.839926,-103.718018,-99.852597,mad
bcc_HfTa,Hf24Ta104,case-87,/lustre/orion/lrn070/world-shared/mlupopa/RHEAs_HydraGNN/HydraGNN/examples/vasp_solid_solution_alloys/dataset/bcc_HfTa/Hf-Ta/Hf24Ta104/case-87,/lustre/orion/lrn070/world-shared/mlupopa/RHEAs_HydraGNN/HydraGNN/examples/vasp_solid_solution_alloys/dataset/bcc_HfTa/Hf-Ta/Hf24Ta104/case-87/N0.OUTCAR,0.812500,-1.325832,-102.318178,1.839926,-103.718018,-99.852597,mad
bcc_HfTa,Hf24Ta104,case-94,/lustre/orion/lrn070/world-shared/mlupopa/RHEAs_HydraGNN/HydraGNN/examples/vasp_solid_solution_alloys/dataset/bcc_HfTa/Hf-Ta/Hf24Ta104/case-94,/lustre/orion/lrn070/world-shared/mlupopa/RHEAs_HydraGNN/HydraGNN/examples/vasp_solid_solution_alloys/dataset/bcc_HfTa/Hf-Ta/Hf24Ta104/case-94/N0.OUTCAR,0.812500,-0.589377,-102.318178,1.839926,-103.718018,-99.852597,mad
bcc_HfTa,Hf24Ta104,case-96,/lustre/orion/lrn070/world-shared/mlupopa/RHEAs_HydraGNN/HydraGNN/examples/vasp_solid_solution_alloys/dataset/bcc_HfTa/Hf-Ta/Hf24Ta104/case-96,/lustre/orion/lrn070/world-shared/mlupopa/RHEAs_HydraGNN/HydraGNN/examples/vasp_solid_solution_alloys/dataset/bcc_HfTa/Hf-Ta/Hf24Ta104/case-96/N0.OUTCAR,0.812500,-0.573272,-102.318178,1.839926,-103.718018,-99.852597,mad
bcc_HfTa,Hf28Ta100,case-10,/lustre/orion/lrn070/world-shared/mlupopa/RHEAs_HydraGNN/HydraGNN/examples/vasp_solid_solution_alloys/dataset/bcc_HfTa/Hf-Ta/Hf28Ta100/case-10,/lustre/orion/lrn070/world-shared/mlupopa/RHEAs_HydraGNN/HydraGNN/examples/vasp_solid_solution_alloys/dataset/bcc_HfTa/Hf-Ta/Hf28Ta100/case-10/N0.OUTCAR,0.781250,-5.013325,-88.341457,1.897547,-90.146497,-82.151591,mad
bcc_HfTa,Hf28Ta100,case-13,/lustre/orion/lrn070/world-shared/mlupopa/RHEAs_HydraGNN/HydraGNN/examples/vasp_solid_solution_alloys/dataset/bcc_HfTa/Hf-Ta/Hf28Ta100/case-13,/lustre/orion/lrn070/world-shared/mlupopa/RHEAs_HydraGNN/HydraGNN/examples/vasp_solid_solution_alloys/dataset/bcc_HfTa/Hf-Ta/Hf28Ta100/case-13/N0.OUTCAR,0.781250,-4.643471,-88.341457,1.897547,-90.146497,-82.151591,mad
bcc_HfTa,Hf28Ta100,case-16,/lustre/orion/lrn070/world-shared/mlupopa/RHEAs_HydraGNN/HydraGNN/examples/vasp_solid_solution_alloys/dataset/bcc_HfTa/Hf-Ta/Hf28Ta100/case-16,/lustre/orion/lrn070/world-shared/mlupopa/RHEAs_HydraGNN/HydraGNN/examples/vasp_solid_solution_alloys/dataset/bcc_HfTa/Hf-Ta/Hf28Ta100/case-16/N0.OUTCAR,0.781250,-69.249728,-88.341457,1.897547,-90.146497,-82.151591,mad
bcc_HfTa,Hf28Ta100,case-17,/lustre/orion/lrn070/world-shared/mlupopa/RHEAs_HydraGNN/HydraGNN/examples/vasp_solid_solution_alloys/dataset/bcc_HfTa/Hf-Ta/Hf28Ta100/case-17,/lustre/orion/lrn070/world-shared/mlupopa/RHEAs_HydraGNN/HydraGNN/examples/vasp_solid_solution_alloys/dataset/bcc_HfTa/Hf-Ta/Hf28Ta100/case-17/N0.OUTCAR,0.781250,10.438608,-88.341457,1.897547,-90.146497,-82.151591,mad
bcc_HfTa,Hf28Ta100,case-20,/lustre/orion/lrn070/world-shared/mlupopa/RHEAs_HydraGNN/HydraGNN/examples/vasp_solid_solution_alloys/dataset/bcc_HfTa/Hf-Ta/Hf28Ta100/case-20,/lustre/orion/lrn070/world-shared/mlupopa/RHEAs_HydraGNN/HydraGNN/examples/vasp_solid_solution_alloys/dataset/bcc_HfTa/Hf-Ta/Hf28Ta100/case-20/N0.OUTCAR,0.781250,-42.652617,-88.341457,1.897547,-90.146497,-82.151591,mad
bcc_HfTa,Hf28Ta100,case-24,/lustre/orion/lrn070/world-shared/mlupopa/RHEAs_HydraGNN/HydraGNN/examples/vasp_solid_solution_alloys/dataset/bcc_HfTa/Hf-Ta/Hf28Ta100/case-24,/lustre/orion/lrn070/world-shared/mlupopa/RHEAs_HydraGNN/HydraGNN/examples/vasp_solid_solution_alloys/dataset/bcc_HfTa/Hf-Ta/Hf28Ta100/case-24/N0.OUTCAR,0.781250,-69.285376,-88.341457,1.897547,-90.146497,-82.151591,mad
bcc_HfTa,Hf28Ta100,case-29,/lustre/orion/lrn070/world-shared/mlupopa/RHEAs_HydraGNN/HydraGNN/examples/vasp_solid_solution_alloys/dataset/bcc_HfTa/Hf-Ta/Hf28Ta100/case-29,/lustre/orion/lrn070/world-shared/mlupopa/RHEAs_HydraGNN/HydraGNN/examples/vasp_solid_solution_alloys/dataset/bcc_HfTa/Hf-Ta/Hf28Ta100/case-29/N0.OUTCAR,0.781250,8.753391,-88.341457,1.897547,-90.146497,-82.151591,mad
bcc_HfTa,Hf28Ta100,case-3,/lustre/orion/lrn070/world-shared/mlupopa/RHEAs_HydraGNN/HydraGNN/examples/vasp_solid_solution_alloys/dataset/bcc_HfTa/Hf-Ta/Hf28Ta100/case-3,/lustre/orion/lrn070/world-shared/mlupopa/RHEAs_HydraGNN/HydraGNN/examples/vasp_solid_solution_alloys/dataset/bcc_HfTa/Hf-Ta/Hf28Ta100/case-3/N0.OUTCAR,0.781250,9.390594,-88.341457,1.897547,-90.146497,-82.151591,mad
bcc_HfTa,Hf28Ta100,case-38,/lustre/orion/lrn070/world-shared/mlupopa/RHEAs_HydraGNN/HydraGNN/examples/vasp_solid_solution_alloys/dataset/bcc_HfTa/Hf-Ta/Hf28Ta100/case-38,/lustre/orion/lrn070/world-shared/mlupopa/RHEAs_HydraGNN/HydraGNN/examples/vasp_solid_solution_alloys/dataset/bcc_HfTa/Hf-Ta/Hf28Ta100/case-38/N0.OUTCAR,0.781250,-54.935188,-88.341457,1.897547,-90.146497,-82.151591,mad
bcc_HfTa,Hf28Ta100,case-42,/lustre/orion/lrn070/world-shared/mlupopa/RHEAs_HydraGNN/HydraGNN/examples/vasp_solid_solution_alloys/dataset/bcc_HfTa/Hf-Ta/Hf28Ta100/case-42,/lustre/orion/lrn070/world-shared/mlupopa/RHEAs_HydraGNN/HydraGNN/examples/vasp_solid_solution_alloys/dataset/bcc_HfTa/Hf-Ta/Hf28Ta100/case-42/N0.OUTCAR,0.781250,8.972610,-88.341457,1.897547,-90.146497,-82.151591,mad
bcc_HfTa,Hf28Ta100,case-47,/lustre/orion/lrn070/world-shared/mlupopa/RHEAs_HydraGNN/HydraGNN/examples/vasp_solid_solution_alloys/dataset/bcc_HfTa/Hf-Ta/Hf28Ta100/case-47,/lustre/orion/lrn070/world-shared/mlupopa/RHEAs_HydraGNN/HydraGNN/examples/vasp_solid_solution_alloys/dataset/bcc_HfTa/Hf-Ta/Hf28Ta100/case-47/N0.OUTCAR,0.781250,-70.151362,-88.341457,1.897547,-90.146497,-82.151591,mad
bcc_HfTa,Hf28Ta100,case-55,/lustre/orion/lrn070/world-shared/mlupopa/RHEAs_HydraGNN/HydraGNN/examples/vasp_solid_solution_alloys/dataset/bcc_HfTa/Hf-Ta/Hf28Ta100/case-55,/lustre/orion/lrn070/world-shared/mlupopa/RHEAs_HydraGNN/HydraGNN/examples/vasp_solid_solution_alloys/dataset/bcc_HfTa/Hf-Ta/Hf28Ta100/case-55/N0.OUTCAR,0.781250,9.029724,-88.341457,1.897547,-90.146497,-82.151591,mad
bcc_HfTa,Hf28Ta100,case-59,/lustre/orion/lrn070/world-shared/mlupopa/RHEAs_HydraGNN/HydraGNN/examples/vasp_solid_solution_alloys/dataset/bcc_HfTa/Hf-Ta/Hf28Ta100/case-59,/lustre/orion/lrn070/world-shared/mlupopa/RHEAs_HydraGNN/HydraGNN/examples/vasp_solid_solution_alloys/dataset/bcc_HfTa/Hf-Ta/Hf28Ta100/case-59/N0.OUTCAR,0.781250,-70.617031,-88.341457,1.897547,-90.146497,-82.151591,mad
bcc_HfTa,Hf28Ta100,case-6,/lustre/orion/lrn070/world-shared/mlupopa/RHEAs_HydraGNN/HydraGNN/examples/vasp_solid_solution_alloys/dataset/bcc_HfTa/Hf-Ta/Hf28Ta100/case-6,/lustre/orion/lrn070/world-shared/mlupopa/RHEAs_HydraGNN/HydraGNN/examples/vasp_solid_solution_alloys/dataset/bcc_HfTa/Hf-Ta/Hf28Ta100/case-6/N0.OUTCAR,0.781250,8.211482,-88.341457,1.897547,-90.146497,-82.151591,mad
bcc_HfTa,Hf28Ta100,case-60,/lustre/orion/lrn070/world-shared/mlupopa/RHEAs_HydraGNN/HydraGNN/examples/vasp_solid_solution_alloys/dataset/bcc_HfTa/Hf-Ta/Hf28Ta100/case-60,/lustre/orion/lrn070/world-shared/mlupopa/RHEAs_HydraGNN/HydraGNN/examples/vasp_solid_solution_alloys/dataset/bcc_HfTa/Hf-Ta/Hf28Ta100/case-60/N0.OUTCAR,0.781250,10.066690,-88.341457,1.897547,-90.146497,-82.151591,mad
bcc_HfTa,Hf28Ta100,case-65,/lustre/orion/lrn070/world-shared/mlupopa/RHEAs_HydraGNN/HydraGNN/examples/vasp_solid_solution_alloys/dataset/bcc_HfTa/Hf-Ta/Hf28Ta100/case-65,/lustre/orion/lrn070/world-shared/mlupopa/RHEAs_HydraGNN/HydraGNN/examples/vasp_solid_solution_alloys/dataset/bcc_HfTa/Hf-Ta/Hf28Ta100/case-65/N0.OUTCAR,0.781250,9.277027,-88.341457,1.897547,-90.146497,-82.151591,mad
bcc_HfTa,Hf28Ta100,case-67,/lustre/orion/lrn070/world-shared/mlupopa/RHEAs_HydraGNN/HydraGNN/examples/vasp_solid_solution_alloys/dataset/bcc_HfTa/Hf-Ta/Hf28Ta100/case-67,/lustre/orion/lrn070/world-shared/mlupopa/RHEAs_HydraGNN/HydraGNN/examples/vasp_solid_solution_alloys/dataset/bcc_HfTa/Hf-Ta/Hf28Ta100/case-67/N0.OUTCAR,0.781250,9.640556,-88.341457,1.897547,-90.146497,-82.151591,mad
bcc_HfTa,Hf28Ta100,case-75,/lustre/orion/lrn070/world-shared/mlupopa/RHEAs_HydraGNN/HydraGNN/examples/vasp_solid_solution_alloys/dataset/bcc_HfTa/Hf-Ta/Hf28Ta100/case-75,/lustre/orion/lrn070/world-shared/mlupopa/RHEAs_HydraGNN/HydraGNN/examples/vasp_solid_solution_alloys/dataset/bcc_HfTa/Hf-Ta/Hf28Ta100/case-75/N0.OUTCAR,0.781250,8.993785,-88.341457,1.897547,-90.146497,-82.151591,mad
bcc_HfTa,Hf28Ta100,case-76,/lustre/orion/lrn070/world-shared/mlupopa/RHEAs_HydraGNN/HydraGNN/examples/vasp_solid_solution_alloys/dataset/bcc_HfTa/Hf-Ta/Hf28Ta100/case-76,/lustre/orion/lrn070/world-shared/mlupopa/RHEAs_HydraGNN/HydraGNN/examples/vasp_solid_solution_alloys/dataset/bcc_HfTa/Hf-Ta/Hf28Ta100/case-76/N0.OUTCAR,0.781250,8.874406,-88.341457,1.897547,-90.146497,-82.151591,mad
bcc_HfTa,Hf28Ta100,case-8,/lustre/orion/lrn070/world-shared/mlupopa/RHEAs_HydraGNN/HydraGNN/examples/vasp_solid_solution_alloys/dataset/bcc_HfTa/Hf-Ta/Hf28Ta100/case-8,/lustre/orion/lrn070/world-shared/mlupopa/RHEAs_HydraGNN/HydraGNN/examples/vasp_solid_solution_alloys/dataset/bcc_HfTa/Hf-Ta/Hf28Ta100/case-8/N0.OUTCAR,0.781250,9.027648,-88.341457,1.897547,-90.146497,-82.151591,mad
bcc_HfTa,Hf28Ta100,case-80,/lustre/orion/lrn070/world-shared/mlupopa/RHEAs_HydraGNN/HydraGNN/examples/vasp_solid_solution_alloys/dataset/bcc_HfTa/Hf-Ta/Hf28Ta100/case-80,/lustre/orion/lrn070/world-shared/mlupopa/RHEAs_HydraGNN/HydraGNN/examples/vasp_solid_solution_alloys/dataset/bcc_HfTa/Hf-Ta/Hf28Ta100/case-80/N0.OUTCAR,0.781250,9.624869,-88.341457,1.897547,-90.146497,-82.151591,mad
bcc_HfTa,Hf28Ta100,case-82,/lustre/orion/lrn070/world-shared/mlupopa/RHEAs_HydraGNN/HydraGNN/examples/vasp_solid_solution_alloys/dataset/bcc_HfTa/Hf-Ta/Hf28Ta100/case-82,/lustre/orion/lrn070/world-shared/mlupopa/RHEAs_HydraGNN/HydraGNN/examples/vasp_solid_solution_alloys/dataset/bcc_HfTa/Hf-Ta/Hf28Ta100/case-82/N0.OUTCAR,0.781250,8.844398,-88.341457,1.897547,-90.146497,-82.151591,mad
bcc_HfTa,Hf28Ta100,case-84,/lustre/orion/lrn070/world-shared/mlupopa/RHEAs_HydraGNN/HydraGNN/examples/vasp_solid_solution_alloys/dataset/bcc_HfTa/Hf-Ta/Hf28Ta100/case-84,/lustre/orion/lrn070/world-shared/mlupopa/RHEAs_HydraGNN/HydraGNN/examples/vasp_solid_solution_alloys/dataset/bcc_HfTa/Hf-Ta/Hf28Ta100/case-84/N0.OUTCAR,0.781250,-54.755995,-88.341457,1.897547,-90.146497,-82.151591,mad
bcc_HfTa,Hf28Ta100,case-87,/lustre/orion/lrn070/world-shared/mlupopa/RHEAs_HydraGNN/HydraGNN/examples/vasp_solid_solution_alloys/dataset/bcc_HfTa/Hf-Ta/Hf28Ta100/case-87,/lustre/orion/lrn070/world-shared/mlupopa/RHEAs_HydraGNN/HydraGNN/examples/vasp_solid_solution_alloys/dataset/bcc_HfTa/Hf-Ta/Hf28Ta100/case-87/N0.OUTCAR,0.781250,-74.654351,-88.341457,1.897547,-90.146497,-82.151591,mad
bcc_HfTa,Hf28Ta100,case-94,/lustre/orion/lrn070/world-shared/mlupopa/RHEAs_HydraGNN/HydraGNN/examples/vasp_solid_solution_alloys/dataset/bcc_HfTa/Hf-Ta/Hf28Ta100/case-94,/lustre/orion/lrn070/world-shared/mlupopa/RHEAs_HydraGNN/HydraGNN/examples/vasp_solid_solution_alloys/dataset/bcc_HfTa/Hf-Ta/Hf28Ta100/case-94/N0.OUTCAR,0.781250,-72.511666,-88.341457,1.897547,-90.146497,-82.151591,mad
bcc_HfTa,Hf32Ta96,case-13,/lustre/orion/lrn070/world-shared/mlupopa/RHEAs_HydraGNN/HydraGNN/examples/vasp_solid_solution_alloys/dataset/bcc_HfTa/Hf-Ta/Hf32Ta96/case-13,/lustre/orion/lrn070/world-shared/mlupopa/RHEAs_HydraGNN/HydraGNN/examples/vasp_solid_solution_alloys/dataset/bcc_HfTa/Hf-Ta/Hf32Ta96/case-13/N0.OUTCAR,0.750000,-49.851643,-75.204646,1.763860,-76.742819,-73.332397,mad
bcc_HfTa,Hf32Ta96,case-15,/lustre/orion/lrn070/world-shared/mlupopa/RHEAs_HydraGNN/HydraGNN/examples/vasp_solid_solution_alloys/dataset/bcc_HfTa/Hf-Ta/Hf32Ta96/case-15,/lustre/orion/lrn070/world-shared/mlupopa/RHEAs_HydraGNN/HydraGNN/examples/vasp_solid_solution_alloys/dataset/bcc_HfTa/Hf-Ta/Hf32Ta96/case-15/N0.OUTCAR,0.750000,19.700907,-75.204646,1.763860,-76.742819,-73.332397,mad
bcc_HfTa,Hf32Ta96,case-22,/lustre/orion/lrn070/world-shared/mlupopa/RHEAs_HydraGNN/HydraGNN/examples/vasp_solid_solution_alloys/dataset/bcc_HfTa/Hf-Ta/Hf32Ta96/case-22,/lustre/orion/lrn070/world-shared/mlupopa/RHEAs_HydraGNN/HydraGNN/examples/vasp_solid_solution_alloys/dataset/bcc_HfTa/Hf-Ta/Hf32Ta96/case-22/N0.OUTCAR,0.750000,-56.085702,-75.204646,1.763860,-76.742819,-73.332397,mad
bcc_HfTa,Hf32Ta96,case-26,/lustre/orion/lrn070/world-shared/mlupopa/RHEAs_HydraGNN/HydraGNN/examples/vasp_solid_solution_alloys/dataset/bcc_HfTa/Hf-Ta/Hf32Ta96/case-26,/lustre/orion/lrn070/world-shared/mlupopa/RHEAs_HydraGNN/HydraGNN/examples/vasp_solid_solution_alloys/dataset/bcc_HfTa/Hf-Ta/Hf32Ta96/case-26/N0.OUTCAR,0.750000,19.964101,-75.204646,1.763860,-76.742819,-73.332397,mad
bcc_HfTa,Hf32Ta96,case-43,/lustre/orion/lrn070/world-shared/mlupopa/RHEAs_HydraGNN/HydraGNN/examples/vasp_solid_solution_alloys/dataset/bcc_HfTa/Hf-Ta/Hf32Ta96/case-43,/lustre/orion/lrn070/world-shared/mlupopa/RHEAs_HydraGNN/HydraGNN/examples/vasp_solid_solution_alloys/dataset/bcc_HfTa/Hf-Ta/Hf32Ta96/case-43/N0.OUTCAR,0.750000,20.107354,-75.204646,1.763860,-76.742819,-73.332397,mad
bcc_HfTa,Hf32Ta96,case-63,/lustre/orion/lrn070/world-shared/mlupopa/RHEAs_HydraGNN/HydraGNN/examples/vasp_solid_solution_alloys/dataset/bcc_HfTa/Hf-Ta/Hf32Ta96/case-63,/lustre/orion/lrn070/world-shared/mlupopa/RHEAs_HydraGNN/HydraGNN/examples/vasp_solid_solution_alloys/dataset/bcc_HfTa/Hf-Ta/Hf32Ta96/case-63/N1.OUTCAR,0.750000,-51.609388,-75.204646,1.763860,-76.742819,-73.332397,mad
bcc_HfTa,Hf32Ta96,case-66,/lustre/orion/lrn070/world-shared/mlupopa/RHEAs_HydraGNN/HydraGNN/examples/vasp_solid_solution_alloys/dataset/bcc_HfTa/Hf-Ta/Hf32Ta96/case-66,/lustre/orion/lrn070/world-shared/mlupopa/RHEAs_HydraGNN/HydraGNN/examples/vasp_solid_solution_alloys/dataset/bcc_HfTa/Hf-Ta/Hf32Ta96/case-66/N1.OUTCAR,0.750000,-43.955207,-75.204646,1.763860,-76.742819,-73.332397,mad
bcc_HfTa,Hf32Ta96,case-69,/lustre/orion/lrn070/world-shared/mlupopa/RHEAs_HydraGNN/HydraGNN/examples/vasp_solid_solution_alloys/dataset/bcc_HfTa/Hf-Ta/Hf32Ta96/case-69,/lustre/orion/lrn070/world-shared/mlupopa/RHEAs_HydraGNN/HydraGNN/examples/vasp_solid_solution_alloys/dataset/bcc_HfTa/Hf-Ta/Hf32Ta96/case-69/N0.OUTCAR,0.750000,-65.245363,-75.204646,1.763860,-76.742819,-73.332397,mad
bcc_HfTa,Hf32Ta96,case-7,/lustre/orion/lrn070/world-shared/mlupopa/RHEAs_HydraGNN/HydraGNN/examples/vasp_solid_solution_alloys/dataset/bcc_HfTa/Hf-Ta/Hf32Ta96/case-7,/lustre/orion/lrn070/world-shared/mlupopa/RHEAs_HydraGNN/HydraGNN/examples/vasp_solid_solution_alloys/dataset/bcc_HfTa/Hf-Ta/Hf32Ta96/case-7/N0.OUTCAR,0.750000,19.798808,-75.204646,1.763860,-76.742819,-73.332397,mad
bcc_HfTa,Hf32Ta96,case-70,/lustre/orion/lrn070/world-shared/mlupopa/RHEAs_HydraGNN/HydraGNN/examples/vasp_solid_solution_alloys/dataset/bcc_HfTa/Hf-Ta/Hf32Ta96/case-70,/lustre/orion/lrn070/world-shared/mlupopa/RHEAs_HydraGNN/HydraGNN/examples/vasp_solid_solution_alloys/dataset/bcc_HfTa/Hf-Ta/Hf32Ta96/case-70/N0.OUTCAR,0.750000,19.493811,-75.204646,1.763860,-76.742819,-73.332397,mad
bcc_HfTa,Hf32Ta96,case-77,/lustre/orion/lrn070/world-shared/mlupopa/RHEAs_HydraGNN/HydraGNN/examples/vasp_solid_solution_alloys/dataset/bcc_HfTa/Hf-Ta/Hf32Ta96/case-77,/lustre/orion/lrn070/world-shared/mlupopa/RHEAs_HydraGNN/HydraGNN/examples/vasp_solid_solution_alloys/dataset/bcc_HfTa/Hf-Ta/Hf32Ta96/case-77/N0.OUTCAR,0.750000,18.262588,-75.204646,1.763860,-76.742819,-73.332397,mad
bcc_HfTa,Hf32Ta96,case-84,/lustre/orion/lrn070/world-shared/mlupopa/RHEAs_HydraGNN/HydraGNN/examples/vasp_solid_solution_alloys/dataset/bcc_HfTa/Hf-Ta/Hf32Ta96/case-84,/lustre/orion/lrn070/world-shared/mlupopa/RHEAs_HydraGNN/HydraGNN/examples/vasp_solid_solution_alloys/dataset/bcc_HfTa/Hf-Ta/Hf32Ta96/case-84/N0.OUTCAR,0.750000,19.854779,-75.204646,1.763860,-76.742819,-73.332397,mad
bcc_HfTa,Hf32Ta96,case-85,/lustre/orion/lrn070/world-shared/mlupopa/RHEAs_HydraGNN/HydraGNN/examples/vasp_solid_solution_alloys/dataset/bcc_HfTa/Hf-Ta/Hf32Ta96/case-85,/lustre/orion/lrn070/world-shared/mlupopa/RHEAs_HydraGNN/HydraGNN/examples/vasp_solid_solution_alloys/dataset/bcc_HfTa/Hf-Ta/Hf32Ta96/case-85/N0.OUTCAR,0.750000,18.538022,-75.204646,1.763860,-76.742819,-73.332397,mad
bcc_HfTa,Hf32Ta96,case-86,/lustre/orion/lrn070/world-shared/mlupopa/RHEAs_HydraGNN/HydraGNN/examples/vasp_solid_solution_alloys/dataset/bcc_HfTa/Hf-Ta/Hf32Ta96/case-86,/lustre/orion/lrn070/world-shared/mlupopa/RHEAs_HydraGNN/HydraGNN/examples/vasp_solid_solution_alloys/dataset/bcc_HfTa/Hf-Ta/Hf32Ta96/case-86/N0.OUTCAR,0.750000,18.541584,-75.204646,1.763860,-76.742819,-73.332397,mad
bcc_HfTa,Hf32Ta96,case-89,/lustre/orion/lrn070/world-shared/mlupopa/RHEAs_HydraGNN/HydraGNN/examples/vasp_solid_solution_alloys/dataset/bcc_HfTa/Hf-Ta/Hf32Ta96/case-89,/lustre/orion/lrn070/world-shared/mlupopa/RHEAs_HydraGNN/HydraGNN/examples/vasp_solid_solution_alloys/dataset/bcc_HfTa/Hf-Ta/Hf32Ta96/case-89/N0.OUTCAR,0.750000,8.577721,-75.204646,1.763860,-76.742819,-73.332397,mad
bcc_HfTa,Hf32Ta96,case-9,/lustre/orion/lrn070/world-shared/mlupopa/RHEAs_HydraGNN/HydraGNN/examples/vasp_solid_solution_alloys/dataset/bcc_HfTa/Hf-Ta/Hf32Ta96/case-9,/lustre/orion/lrn070/world-shared/mlupopa/RHEAs_HydraGNN/HydraGNN/examples/vasp_solid_solution_alloys/dataset/bcc_HfTa/Hf-Ta/Hf32Ta96/case-9/N0.OUTCAR,0.750000,19.035347,-75.204646,1.763860,-76.742819,-73.332397,mad
bcc_HfTa,Hf32Ta96,case-90,/lustre/orion/lrn070/world-shared/mlupopa/RHEAs_HydraGNN/HydraGNN/examples/vasp_solid_solution_alloys/dataset/bcc_HfTa/Hf-Ta/Hf32Ta96/case-90,/lustre/orion/lrn070/world-shared/mlupopa/RHEAs_HydraGNN/HydraGNN/examples/vasp_solid_solution_alloys/dataset/bcc_HfTa/Hf-Ta/Hf32Ta96/case-90/N0.OUTCAR,0.750000,19.160113,-75.204646,1.763860,-76.742819,-73.332397,mad
bcc_HfTa,Hf36Ta92,case-11,/lustre/orion/lrn070/world-shared/mlupopa/RHEAs_HydraGNN/HydraGNN/examples/vasp_solid_solution_alloys/dataset/bcc_HfTa/Hf-Ta/Hf36Ta92/case-11,/lustre/orion/lrn070/world-shared/mlupopa/RHEAs_HydraGNN/HydraGNN/examples/vasp_solid_solution_alloys/dataset/bcc_HfTa/Hf-Ta/Hf36Ta92/case-11/N0.OUTCAR,0.718750,28.206386,-62.731412,1.980612,-64.482239,-60.459328,mad
bcc_HfTa,Hf36Ta92,case-18,/lustre/orion/lrn070/world-shared/mlupopa/RHEAs_HydraGNN/HydraGNN/examples/vasp_solid_solution_alloys/dataset/bcc_HfTa/Hf-Ta/Hf36Ta92/case-18,/lustre/orion/lrn070/world-shared/mlupopa/RHEAs_HydraGNN/HydraGNN/examples/vasp_solid_solution_alloys/dataset/bcc_HfTa/Hf-Ta/Hf36Ta92/case-18/N0.OUTCAR,0.718750,28.569339,-62.731412,1.980612,-64.482239,-60.459328,mad
bcc_HfTa,Hf36Ta92,case-19,/lustre/orion/lrn070/world-shared/mlupopa/RHEAs_HydraGNN/HydraGNN/examples/vasp_solid_solution_alloys/dataset/bcc_HfTa/Hf-Ta/Hf36Ta92/case-19,/lustre/orion/lrn070/world-shared/mlupopa/RHEAs_HydraGNN/HydraGNN/examples/vasp_solid_solution_alloys/dataset/bcc_HfTa/Hf-Ta/Hf36Ta92/case-19/N0.OUTCAR,0.718750,-7.703562,-62.731412,1.980612,-64.482239,-60.459328,mad
bcc_HfTa,Hf36Ta92,case-23,/lustre/orion/lrn070/world-shared/mlupopa/RHEAs_HydraGNN/HydraGNN/examples/vasp_solid_solution_alloys/dataset/bcc_HfTa/Hf-Ta/Hf36Ta92/case-23,/lustre/orion/lrn070/world-shared/mlupopa/RHEAs_HydraGNN/HydraGNN/examples/vasp_solid_solution_alloys/dataset/bcc_HfTa/Hf-Ta/Hf36Ta92/case-23/N0.OUTCAR,0.718750,-47.950276,-62.731412,1.980612,-64.482239,-60.459328,mad
bcc_HfTa,Hf36Ta92,case-38,/lustre/orion/lrn070/world-shared/mlupopa/RHEAs_HydraGNN/HydraGNN/examples/vasp_solid_solution_alloys/dataset/bcc_HfTa/Hf-Ta/Hf36Ta92/case-38,/lustre/orion/lrn070/world-shared/mlupopa/RHEAs_HydraGNN/HydraGNN/examples/vasp_solid_solution_alloys/dataset/bcc_HfTa/Hf-Ta/Hf36Ta92/case-38/N0.OUTCAR,0.718750,-40.437207,-62.731412,1.980612,-64.482239,-60.459328,mad
bcc_HfTa,Hf36Ta92,case-39,/lustre/orion/lrn070/world-shared/mlupopa/RHEAs_HydraGNN/HydraGNN/examples/vasp_solid_solution_alloys/dataset/bcc_HfTa/Hf-Ta/Hf36Ta92/case-39,/lustre/orion/lrn070/world-shared/mlupopa/RHEAs_HydraGNN/HydraGNN/examples/vasp_solid_solution_alloys/dataset/bcc_HfTa/Hf-Ta/Hf36Ta92/case-39/N0.OUTCAR,0.718750,-28.972659,-62.731412,1.980612,-64.482239,-60.459328,mad
bcc_HfTa,Hf36Ta92,case-5,/lustre/orion/lrn070/world-shared/mlupopa/RHEAs_HydraGNN/HydraGNN/examples/vasp_solid_solution_alloys/dataset/bcc_HfTa/Hf-Ta/Hf36Ta92/case-5,/lustre/orion/lrn070/world-shared/mlupopa/RHEAs_HydraGNN/HydraGNN/examples/vasp_solid_solution_alloys/dataset/bcc_HfTa/Hf-Ta/Hf36Ta92/case-5/N0.OUTCAR,0.718750,29.777997,-62.731412,1.980612,-64.482239,-60.459328,mad
bcc_HfTa,Hf36Ta92,case-50,/lustre/orion/lrn070/world-shared/mlupopa/RHEAs_HydraGNN/HydraGNN/examples/vasp_solid_solution_alloys/dataset/bcc_HfTa/Hf-Ta/Hf36Ta92/case-50,/lustre/orion/lrn070/world-shared/mlupopa/RHEAs_HydraGNN/HydraGNN/examples/vasp_solid_solution_alloys/dataset/bcc_HfTa/Hf-Ta/Hf36Ta92/case-50/N0.OUTCAR,0.718750,28.730137,-62.731412,1.980612,-64.482239,-60.459328,mad
bcc_HfTa,Hf36Ta92,case-6,/lustre/orion/lrn070/world-shared/mlupopa/RHEAs_HydraGNN/HydraGNN/examples/vasp_solid_solution_alloys/dataset/bcc_HfTa/Hf-Ta/Hf36Ta92/case-6,/lustre/orion/lrn070/world-shared/mlupopa/RHEAs_HydraGNN/HydraGNN/examples/vasp_solid_solution_alloys/dataset/bcc_HfTa/Hf-Ta/Hf36Ta92/case-6/N0.OUTCAR,0.718750,-51.928875,-62.731412,1.980612,-64.482239,-60.459328,mad
bcc_HfTa,Hf36Ta92,case-70,/lustre/orion/lrn070/world-shared/mlupopa/RHEAs_HydraGNN/HydraGNN/examples/vasp_solid_solution_alloys/dataset/bcc_HfTa/Hf-Ta/Hf36Ta92/case-70,/lustre/orion/lrn070/world-shared/mlupopa/RHEAs_HydraGNN/HydraGNN/examples/vasp_solid_solution_alloys/dataset/bcc_HfTa/Hf-Ta/Hf36Ta92/case-70/N0.OUTCAR,0.718750,29.727811,-62.731412,1.980612,-64.482239,-60.459328,mad
bcc_HfTa,Hf36Ta92,case-74,/lustre/orion/lrn070/world-shared/mlupopa/RHEAs_HydraGNN/HydraGNN/examples/vasp_solid_solution_alloys/dataset/bcc_HfTa/Hf-Ta/Hf36Ta92/case-74,/lustre/orion/lrn070/world-shared/mlupopa/RHEAs_HydraGNN/HydraGNN/examples/vasp_solid_solution_alloys/dataset/bcc_HfTa/Hf-Ta/Hf36Ta92/case-74/N0.OUTCAR,0.718750,14.277139,-62.731412,1.980612,-64.482239,-60.459328,mad
bcc_HfTa,Hf36Ta92,case-76,/lustre/orion/lrn070/world-shared/mlupopa/RHEAs_HydraGNN/HydraGNN/examples/vasp_solid_solution_alloys/dataset/bcc_HfTa/Hf-Ta/Hf36Ta92/case-76,/lustre/orion/lrn070/world-shared/mlupopa/RHEAs_HydraGNN/HydraGNN/examples/vasp_solid_solution_alloys/dataset/bcc_HfTa/Hf-Ta/Hf36Ta92/case-76/N1.OUTCAR,0.718750,30.389140,-62.731412,1.980612,-64.482239,-60.459328,mad
bcc_HfTa,Hf36Ta92,case-93,/lustre/orion/lrn070/world-shared/mlupopa/RHEAs_HydraGNN/HydraGNN/examples/vasp_solid_solution_alloys/dataset/bcc_HfTa/Hf-Ta/Hf36Ta92/case-93,/lustre/orion/lrn070/world-shared/mlupopa/RHEAs_HydraGNN/HydraGNN/examples/vasp_solid_solution_alloys/dataset/bcc_HfTa/Hf-Ta/Hf36Ta92/case-93/N0.OUTCAR,0.718750,16.191760,-62.731412,1.980612,-64.482239,-60.459328,mad
bcc_HfTa,Hf36Ta92,case-95,/lustre/orion/lrn070/world-shared/mlupopa/RHEAs_HydraGNN/HydraGNN/examples/vasp_solid_solution_alloys/dataset/bcc_HfTa/Hf-Ta/Hf36Ta92/case-95,/lustre/orion/lrn070/world-shared/mlupopa/RHEAs_HydraGNN/HydraGNN/examples/vasp_solid_solution_alloys/dataset/bcc_HfTa/Hf-Ta/Hf36Ta92/case-95/N0.OUTCAR,0.718750,28.585816,-62.731412,1.980612,-64.482239,-60.459328,mad
bcc_HfTa,Hf40Ta88,case-19,/lustre/orion/lrn070/world-shared/mlupopa/RHEAs_HydraGNN/HydraGNN/examples/vasp_solid_solution_alloys/dataset/bcc_HfTa/Hf-Ta/Hf40Ta88/case-19,/lustre/orion/lrn070/world-shared/mlupopa/RHEAs_HydraGNN/HydraGNN/examples/vasp_solid_solution_alloys/dataset/bcc_HfTa/Hf-Ta/Hf40Ta88/case-19/N0.OUTCAR,0.687500,-37.667422,-50.673572,1.973273,-52.286470,-48.263259,mad
bcc_HfTa,Hf40Ta88,case-30,/lustre/orion/lrn070/world-shared/mlupopa/RHEAs_HydraGNN/HydraGNN/examples/vasp_solid_solution_alloys/dataset/bcc_HfTa/Hf-Ta/Hf40Ta88/case-30,/lustre/orion/lrn070/world-shared/mlupopa/RHEAs_HydraGNN/HydraGNN/examples/vasp_solid_solution_alloys/dataset/bcc_HfTa/Hf-Ta/Hf40Ta88/case-30/N0.OUTCAR,0.687500,26.437601,-50.673572,1.973273,-52.286470,-48.263259,mad
bcc_HfTa,Hf40Ta88,case-38,/lustre/orion/lrn070/world-shared/mlupopa/RHEAs_HydraGNN/HydraGNN/examples/vasp_solid_solution_alloys/dataset/bcc_HfTa/Hf-Ta/Hf40Ta88/case-38,/lustre/orion/lrn070/world-shared/mlupopa/RHEAs_HydraGNN/HydraGNN/examples/vasp_solid_solution_alloys/dataset/bcc_HfTa/Hf-Ta/Hf40Ta88/case-38/N0.OUTCAR,0.687500,-7.009045,-50.673572,1.973273,-52.286470,-48.263259,mad
bcc_HfTa,Hf40Ta88,case-42,/lustre/orion/lrn070/world-shared/mlupopa/RHEAs_HydraGNN/HydraGNN/examples/vasp_solid_solution_alloys/dataset/bcc_HfTa/Hf-Ta/Hf40Ta88/case-42,/lustre/orion/lrn070/world-shared/mlupopa/RHEAs_HydraGNN/HydraGNN/examples/vasp_solid_solution_alloys/dataset/bcc_HfTa/Hf-Ta/Hf40Ta88/case-42/N0.OUTCAR,0.687500,38.893785,-50.673572,1.973273,-52.286470,-48.263259,mad
bcc_HfTa,Hf40Ta88,case-57,/lustre/orion/lrn070/world-shared/mlupopa/RHEAs_HydraGNN/HydraGNN/examples/vasp_solid_solution_alloys/dataset/bcc_HfTa/Hf-Ta/Hf40Ta88/case-57,/lustre/orion/lrn070/world-shared/mlupopa/RHEAs_HydraGNN/HydraGNN/examples/vasp_solid_solution_alloys/dataset/bcc_HfTa/Hf-Ta/Hf40Ta88/case-57/N0.OUTCAR,0.687500,36.476728,-50.673572,1.973273,-52.286470,-48.263259,mad
bcc_HfTa,Hf40Ta88,case-61,/lustre/orion/lrn070/world-shared/mlupopa/RHEAs_HydraGNN/HydraGNN/examples/vasp_solid_solution_alloys/dataset/bcc_HfTa/Hf-Ta/Hf40Ta88/case-61,/lustre/orion/lrn070/world-shared/mlupopa/RHEAs_HydraGNN/HydraGNN/examples/vasp_solid_solution_alloys/dataset/bcc_HfTa/Hf-Ta/Hf40Ta88/case-61/N1.OUTCAR,0.687500,-35.657729,-50.673572,1.973273,-52.286470,-48.263259,mad
bcc_HfTa,Hf40Ta88,case-66,/lustre/orion/lrn070/world-shared/mlupopa/RHEAs_HydraGNN/HydraGNN/examples/vasp_solid_solution_alloys/dataset/bcc_HfTa/Hf-Ta/Hf40Ta88/case-66,/lustre/orion/lrn070/world-shared/mlupopa/RHEAs_HydraGNN/HydraGNN/examples/vasp_solid_solution_alloys/dataset/bcc_HfTa/Hf-Ta/Hf40Ta88/case-66/N1.OUTCAR,0.687500,-33.803657,-50.673572,1.973273,-52.286470,-48.263259,mad
bcc_HfTa,Hf40Ta88,case-67,/lustre/orion/lrn070/world-shared/mlupopa/RHEAs_HydraGNN/HydraGNN/examples/vasp_solid_solution_alloys/dataset/bcc_HfTa/Hf-Ta/Hf40Ta88/case-67,/lustre/orion/lrn070/world-shared/mlupopa/RHEAs_HydraGNN/HydraGNN/examples/vasp_solid_solution_alloys/dataset/bcc_HfTa/Hf-Ta/Hf40Ta88/case-67/N0.OUTCAR,0.687500,25.357821,-50.673572,1.973273,-52.286470,-48.263259,mad
bcc_HfTa,Hf40Ta88,case-75,/lustre/orion/lrn070/world-shared/mlupopa/RHEAs_HydraGNN/HydraGNN/examples/vasp_solid_solution_alloys/dataset/bcc_HfTa/Hf-Ta/Hf40Ta88/case-75,/lustre/orion/lrn070/world-shared/mlupopa/RHEAs_HydraGNN/HydraGNN/examples/vasp_solid_solution_alloys/dataset/bcc_HfTa/Hf-Ta/Hf40Ta88/case-75/N0.OUTCAR,0.687500,-27.983103,-50.673572,1.973273,-52.286470,-48.263259,mad
bcc_HfTa,Hf40Ta88,case-78,/lustre/orion/lrn070/world-shared/mlupopa/RHEAs_HydraGNN/HydraGNN/examples/vasp_solid_solution_alloys/dataset/bcc_HfTa/Hf-Ta/Hf40Ta88/case-78,/lustre/orion/lrn070/world-shared/mlupopa/RHEAs_HydraGNN/HydraGNN/examples/vasp_solid_solution_alloys/dataset/bcc_HfTa/Hf-Ta/Hf40Ta88/case-78/N0.OUTCAR,0.687500,-34.113557,-50.673572,1.973273,-52.286470,-48.263259,mad
bcc_HfTa,Hf40Ta88,case-80,/lustre/orion/lrn070/world-shared/mlupopa/RHEAs_HydraGNN/HydraGNN/examples/vasp_solid_solution_alloys/dataset/bcc_HfTa/Hf-Ta/Hf40Ta88/case-80,/lustre/orion/lrn070/world-shared/mlupopa/RHEAs_HydraGNN/HydraGNN/examples/vasp_solid_solution_alloys/dataset/bcc_HfTa/Hf-Ta/Hf40Ta88/case-80/N0.OUTCAR,0.687500,-39.020840,-50.673572,1.973273,-52.286470,-48.263259,mad
bcc_HfTa,Hf40Ta88,case-85,/lustre/orion/lrn070/world-shared/mlupopa/RHEAs_HydraGNN/HydraGNN/examples/vasp_solid_solution_alloys/dataset/bcc_HfTa/Hf-Ta/Hf40Ta88/case-85,/lustre/orion/lrn070/world-shared/mlupopa/RHEAs_HydraGNN/HydraGNN/examples/vasp_solid_solution_alloys/dataset/bcc_HfTa/Hf-Ta/Hf40Ta88/case-85/N0.OUTCAR,0.687500,-36.739068,-50.673572,1.973273,-52.286470,-48.263259,mad
bcc_HfTa,Hf40Ta88,case-93,/lustre/orion/lrn070/world-shared/mlupopa/RHEAs_HydraGNN/HydraGNN/examples/vasp_solid_solution_alloys/dataset/bcc_HfTa/Hf-Ta/Hf40Ta88/case-93,/lustre/orion/lrn070/world-shared/mlupopa/RHEAs_HydraGNN/HydraGNN/examples/vasp_solid_solution_alloys/dataset/bcc_HfTa/Hf-Ta/Hf40Ta88/case-93/N0.OUTCAR,0.687500,-34.810401,-50.673572,1.973273,-52.286470,-48.263259,mad
bcc_HfTa,Hf40Ta88,case-94,/lustre/orion/lrn070/world-shared/mlupopa/RHEAs_HydraGNN/HydraGNN/examples/vasp_solid_solution_alloys/dataset/bcc_HfTa/Hf-Ta/Hf40Ta88/case-94,/lustre/orion/lrn070/world-shared/mlupopa/RHEAs_HydraGNN/HydraGNN/examples/vasp_solid_solution_alloys/dataset/bcc_HfTa/Hf-Ta/Hf40Ta88/case-94/N0.OUTCAR,0.687500,37.872322,-50.673572,1.973273,-52.286470,-48.263259,mad
bcc_HfTa,Hf40Ta88,case-99,/lustre/orion/lrn070/world-shared/mlupopa/RHEAs_HydraGNN/HydraGNN/examples/vasp_solid_solution_alloys/dataset/bcc_HfTa/Hf-Ta/Hf40Ta88/case-99,/lustre/orion/lrn070/world-shared/mlupopa/RHEAs_HydraGNN/HydraGNN/examples/vasp_solid_solution_alloys/dataset/bcc_HfTa/Hf-Ta/Hf40Ta88/case-99/N0.OUTCAR,0.687500,-38.053055,-50.673572,1.973273,-52.286470,-48.263259,mad
bcc_HfTa,Hf44Ta84,case-1,/lustre/orion/lrn070/world-shared/mlupopa/RHEAs_HydraGNN/HydraGNN/examples/vasp_solid_solution_alloys/dataset/bcc_HfTa/Hf-Ta/Hf44Ta84/case-1,/lustre/orion/lrn070/world-shared/mlupopa/RHEAs_HydraGNN/HydraGNN/examples/vasp_solid_solution_alloys/dataset/bcc_HfTa/Hf-Ta/Hf44Ta84/case-1/N0.OUTCAR,0.656250,-4.108710,-39.477839,1.721419,-40.804737,-37.482229,mad
bcc_HfTa,Hf44Ta84,case-16,/lustre/orion/lrn070/world-shared/mlupopa/RHEAs_HydraGNN/HydraGNN/examples/vasp_solid_solution_alloys/dataset/bcc_HfTa/Hf-Ta/Hf44Ta84/case-16,/lustre/orion/lrn070/world-shared/mlupopa/RHEAs_HydraGNN/HydraGNN/examples/vasp_solid_solution_alloys/dataset/bcc_HfTa/Hf-Ta/Hf44Ta84/case-16/N0.OUTCAR,0.656250,-23.222520,-39.477839,1.721419,-40.804737,-37.482229,mad
bcc_HfTa,Hf44Ta84,case-37,/lustre/orion/lrn070/world-shared/mlupopa/RHEAs_HydraGNN/HydraGNN/examples/vasp_solid_solution_alloys/dataset/bcc_HfTa/Hf-Ta/Hf44Ta84/case-37,/lustre/orion/lrn070/world-shared/mlupopa/RHEAs_HydraGNN/HydraGNN/examples/vasp_solid_solution_alloys/dataset/bcc_HfTa/Hf-Ta/Hf44Ta84/case-37/N0.OUTCAR,0.656250,4.839697,-39.477839,1.721419,-40.804737,-37.482229,mad
bcc_HfTa,Hf44Ta84,case-38,/lustre/orion/lrn070/world-shared/mlupopa/RHEAs_HydraGNN/HydraGNN/examples/vasp_solid_solution_alloys/dataset/bcc_HfTa/Hf-Ta/Hf44Ta84/case-38,/lustre/orion/lrn070/world-shared/mlupopa/RHEAs_HydraGNN/HydraGNN/examples/vasp_solid_solution_alloys/dataset/bcc_HfTa/Hf-Ta/Hf44Ta84/case-38/N0.OUTCAR,0.656250,-22.569002,-39.477839,1.721419,-40.804737,-37.482229,mad
bcc_HfTa,Hf44Ta84,case-43,/lustre/orion/lrn070/world-shared/mlupopa/RHEAs_HydraGNN/HydraGNN/examples/vasp_solid_solution_alloys/dataset/bcc_HfTa/Hf-Ta/Hf44Ta84/case-43,/lustre/orion/lrn070/world-shared/mlupopa/RHEAs_HydraGNN/HydraGNN/examples/vasp_solid_solution_alloys/dataset/bcc_HfTa/Hf-Ta/Hf44Ta84/case-43/N0.OUTCAR,0.656250,-27.395273,-39.477839,1.721419,-40.804737,-37.482229,mad
bcc_HfTa,Hf44Ta84,case-68,/lustre/orion/lrn070/world-shared/mlupopa/RHEAs_HydraGNN/HydraGNN/examples/vasp_solid_solution_alloys/dataset/bcc_HfTa/Hf-Ta/Hf44Ta84/case-68,/lustre/orion/lrn070/world-shared/mlupopa/RHEAs_HydraGNN/HydraGNN/examples/vasp_solid_solution_alloys/dataset/bcc_HfTa/Hf-Ta/Hf44Ta84/case-68/N0.OUTCAR,0.656250,-2.644364,-39.477839,1.721419,-40.804737,-37.482229,mad
bcc_HfTa,Hf44Ta84,case-93,/lustre/orion/lrn070/world-shared/mlupopa/RHEAs_HydraGNN/HydraGNN/examples/vasp_solid_solution_alloys/dataset/bcc_HfTa/Hf-Ta/Hf44Ta84/case-93,/lustre/orion/lrn070/world-shared/mlupopa/RHEAs_HydraGNN/HydraGNN/examples/vasp_solid_solution_alloys/dataset/bcc_HfTa/Hf-Ta/Hf44Ta84/case-93/N0.OUTCAR,0.656250,-20.991021,-39.477839,1.721419,-40.804737,-37.482229,mad
bcc_HfTa,Hf48Ta80,case-100,/lustre/orion/lrn070/world-shared/mlupopa/RHEAs_HydraGNN/HydraGNN/examples/vasp_solid_solution_alloys/dataset/bcc_HfTa/Hf-Ta/Hf48Ta80/case-100,/lustre/orion/lrn070/world-shared/mlupopa/RHEAs_HydraGNN/HydraGNN/examples/vasp_solid_solution_alloys/dataset/bcc_HfTa/Hf-Ta/Hf48Ta80/case-100/N0.OUTCAR,0.625000,54.087358,-28.808576,1.766383,-30.560080,-27.035204,mad
bcc_HfTa,Hf48Ta80,case-28,/lustre/orion/lrn070/world-shared/mlupopa/RHEAs_HydraGNN/HydraGNN/examples/vasp_solid_solution_alloys/dataset/bcc_HfTa/Hf-Ta/Hf48Ta80/case-28,/lustre/orion/lrn070/world-shared/mlupopa/RHEAs_HydraGNN/HydraGNN/examples/vasp_solid_solution_alloys/dataset/bcc_HfTa/Hf-Ta/Hf48Ta80/case-28/N0.OUTCAR,0.625000,-14.509599,-28.808576,1.766383,-30.560080,-27.035204,mad
bcc_HfTa,Hf48Ta80,case-37,/lustre/orion/lrn070/world-shared/mlupopa/RHEAs_HydraGNN/HydraGNN/examples/vasp_solid_solution_alloys/dataset/bcc_HfTa/Hf-Ta/Hf48Ta80/case-37,/lustre/orion/lrn070/world-shared/mlupopa/RHEAs_HydraGNN/HydraGNN/examples/vasp_solid_solution_alloys/dataset/bcc_HfTa/Hf-Ta/Hf48Ta80/case-37/N0.OUTCAR,0.625000,-14.576913,-28.808576,1.766383,-30.560080,-27.035204,mad
bcc_HfTa,Hf48Ta80,case-48,/lustre/orion/lrn070/world-shared/mlupopa/RHEAs_HydraGNN/HydraGNN/examples/vasp_solid_solution_alloys/dataset/bcc_HfTa/Hf-Ta/Hf48Ta80/case-48,/lustre/orion/lrn070/world-shared/mlupopa/RHEAs_HydraGNN/HydraGNN/examples/vasp_solid_solution_alloys/dataset/bcc_HfTa/Hf-Ta/Hf48Ta80/case-48/N0.OUTCAR,0.625000,-4.671212,-28.808576,1.766383,-30.560080,-27.035204,mad
bcc_HfTa,Hf48Ta80,case-51,/lustre/orion/lrn070/world-shared/mlupopa/RHEAs_HydraGNN/HydraGNN/examples/vasp_solid_solution_alloys/dataset/bcc_HfTa/Hf-Ta/Hf48Ta80/case-51,/lustre/orion/lrn070/world-shared/mlupopa/RHEAs_HydraGNN/HydraGNN/examples/vasp_solid_solution_alloys/dataset/bcc_HfTa/Hf-Ta/Hf48Ta80/case-51/N0.OUTCAR,0.625000,-6.946126,-28.808576,1.766383,-30.560080,-27.035204,mad
bcc_HfTa,Hf48Ta80,case-58,/lustre/orion/lrn070/world-shared/mlupopa/RHEAs_HydraGNN/HydraGNN/examples/vasp_solid_solution_alloys/dataset/bcc_HfTa/Hf-Ta/Hf48Ta80/case-58,/lustre/orion/lrn070/world-shared/mlupopa/RHEAs_HydraGNN/HydraGNN/examples/vasp_solid_solution_alloys/dataset/bcc_HfTa/Hf-Ta/Hf48Ta80/case-58/N0.OUTCAR,0.625000,-6.682930,-28.808576,1.766383,-30.560080,-27.035204,mad
bcc_HfTa,Hf48Ta80,case-69,/lustre/orion/lrn070/world-shared/mlupopa/RHEAs_HydraGNN/HydraGNN/examples/vasp_solid_solution_alloys/dataset/bcc_HfTa/Hf-Ta/Hf48Ta80/case-69,/lustre/orion/lrn070/world-shared/mlupopa/RHEAs_HydraGNN/HydraGNN/examples/vasp_solid_solution_alloys/dataset/bcc_HfTa/Hf-Ta/Hf48Ta80/case-69/N0.OUTCAR,0.625000,-0.721797,-28.808576,1.766383,-30.560080,-27.035204,mad
bcc_HfTa,Hf48Ta80,case-90,/lustre/orion/lrn070/world-shared/mlupopa/RHEAs_HydraGNN/HydraGNN/examples/vasp_solid_solution_alloys/dataset/bcc_HfTa/Hf-Ta/Hf48Ta80/case-90,/lustre/orion/lrn070/world-shared/mlupopa/RHEAs_HydraGNN/HydraGNN/examples/vasp_solid_solution_alloys/dataset/bcc_HfTa/Hf-Ta/Hf48Ta80/case-90/N0.OUTCAR,0.625000,-14.171752,-28.808576,1.766383,-30.560080,-27.035204,mad
bcc_HfTa,Hf48Ta80,case-91,/lustre/orion/lrn070/world-shared/mlupopa/RHEAs_HydraGNN/HydraGNN/examples/vasp_solid_solution_alloys/dataset/bcc_HfTa/Hf-Ta/Hf48Ta80/case-91,/lustre/orion/lrn070/world-shared/mlupopa/RHEAs_HydraGNN/HydraGNN/examples/vasp_solid_solution_alloys/dataset/bcc_HfTa/Hf-Ta/Hf48Ta80/case-91/N0.OUTCAR,0.625000,-16.420830,-28.808576,1.766383,-30.560080,-27.035204,mad
bcc_HfTa,Hf48Ta80,case-98,/lustre/orion/lrn070/world-shared/mlupopa/RHEAs_HydraGNN/HydraGNN/examples/vasp_solid_solution_alloys/dataset/bcc_HfTa/Hf-Ta/Hf48Ta80/case-98,/lustre/orion/lrn070/world-shared/mlupopa/RHEAs_HydraGNN/HydraGNN/examples/vasp_solid_solution_alloys/dataset/bcc_HfTa/Hf-Ta/Hf48Ta80/case-98/N0.OUTCAR,0.625000,-17.629838,-28.808576,1.766383,-30.560080,-27.035204,mad
bcc_HfTa,Hf4Ta124,case-1,/lustre/orion/lrn070/world-shared/mlupopa/RHEAs_HydraGNN/HydraGNN/examples/vasp_solid_solution_alloys/dataset/bcc_HfTa/Hf-Ta/Hf4Ta124/case-1,/lustre/orion/lrn070/world-shared/mlupopa/RHEAs_HydraGNN/HydraGNN/examples/vasp_solid_solution_alloys/dataset/bcc_HfTa/Hf-Ta/Hf4Ta124/case-1/N0.OUTCAR,0.968750,-182.395624,-63.666006,4.229548,-182.652673,-59.728053,mad
bcc_HfTa,Hf4Ta124,case-15,/lustre/orion/lrn070/world-shared/mlupopa/RHEAs_HydraGNN/HydraGNN/examples/vasp_solid_solution_alloys/dataset/bcc_HfTa/Hf-Ta/Hf4Ta124/case-15,/lustre/orion/lrn070/world-shared/mlupopa/RHEAs_HydraGNN/HydraGNN/examples/vasp_solid_solution_alloys/dataset/bcc_HfTa/Hf-Ta/Hf4Ta124/case-15/N1.OUTCAR,0.968750,-182.933288,-63.666006,4.229548,-182.652673,-59.728053,mad
bcc_HfTa,Hf4Ta124,case-16,/lustre/orion/lrn070/world-shared/mlupopa/RHEAs_HydraGNN/HydraGNN/examples/vasp_solid_solution_alloys/dataset/bcc_HfTa/Hf-Ta/Hf4Ta124/case-16,/lustre/orion/lrn070/world-shared/mlupopa/RHEAs_HydraGNN/HydraGNN/examples/vasp_solid_solution_alloys/dataset/bcc_HfTa/Hf-Ta/Hf4Ta124/case-16/N0.OUTCAR,0.968750,-182.527444,-63.666006,4.229548,-182.652673,-59.728053,mad
bcc_HfTa,Hf4Ta124,case-17,/lustre/orion/lrn070/world-shared/mlupopa/RHEAs_HydraGNN/HydraGNN/examples/vasp_solid_solution_alloys/dataset/bcc_HfTa/Hf-Ta/Hf4Ta124/case-17,/lustre/orion/lrn070/world-shared/mlupopa/RHEAs_HydraGNN/HydraGNN/examples/vasp_solid_solution_alloys/dataset/bcc_HfTa/Hf-Ta/Hf4Ta124/case-17/N0.OUTCAR,0.968750,-182.511299,-63.666006,4.229548,-182.652673,-59.728053,mad
bcc_HfTa,Hf4Ta124,case-19,/lustre/orion/lrn070/world-shared/mlupopa/RHEAs_HydraGNN/HydraGNN/examples/vasp_solid_solution_alloys/dataset/bcc_HfTa/Hf-Ta/Hf4Ta124/case-19,/lustre/orion/lrn070/world-shared/mlupopa/RHEAs_HydraGNN/HydraGNN/examples/vasp_solid_solution_alloys/dataset/bcc_HfTa/Hf-Ta/Hf4Ta124/case-19/N0.OUTCAR,0.968750,-182.801873,-63.666006,4.229548,-182.652673,-59.728053,mad
bcc_HfTa,Hf4Ta124,case-22,/lustre/orion/lrn070/world-shared/mlupopa/RHEAs_HydraGNN/HydraGNN/examples/vasp_solid_solution_alloys/dataset/bcc_HfTa/Hf-Ta/Hf4Ta124/case-22,/lustre/orion/lrn070/world-shared/mlupopa/RHEAs_HydraGNN/HydraGNN/examples/vasp_solid_solution_alloys/dataset/bcc_HfTa/Hf-Ta/Hf4Ta124/case-22/N0.OUTCAR,0.968750,-183.152593,-63.666006,4.229548,-182.652673,-59.728053,mad
bcc_HfTa,Hf4Ta124,case-24,/lustre/orion/lrn070/world-shared/mlupopa/RHEAs_HydraGNN/HydraGNN/examples/vasp_solid_solution_alloys/dataset/bcc_HfTa/Hf-Ta/Hf4Ta124/case-24,/lustre/orion/lrn070/world-shared/mlupopa/RHEAs_HydraGNN/HydraGNN/examples/vasp_solid_solution_alloys/dataset/bcc_HfTa/Hf-Ta/Hf4Ta124/case-24/N0.OUTCAR,0.968750,-182.778851,-63.666006,4.229548,-182.652673,-59.728053,mad
bcc_HfTa,Hf4Ta124,case-25,/lustre/orion/lrn070/world-shared/mlupopa/RHEAs_HydraGNN/HydraGNN/examples/vasp_solid_solution_alloys/dataset/bcc_HfTa/Hf-Ta/Hf4Ta124/case-25,/lustre/orion/lrn070/world-shared/mlupopa/RHEAs_HydraGNN/HydraGNN/examples/vasp_solid_solution_alloys/dataset/bcc_HfTa/Hf-Ta/Hf4Ta124/case-25/N0.OUTCAR,0.968750,-182.426629,-63.666006,4.229548,-182.652673,-59.728053,mad
bcc_HfTa,Hf4Ta124,case-26,/lustre/orion/lrn070/world-shared/mlupopa/RHEAs_HydraGNN/HydraGNN/examples/vasp_solid_solution_alloys/dataset/bcc_HfTa/Hf-Ta/Hf4Ta124/case-26,/lustre/orion/lrn070/world-shared/mlupopa/RHEAs_HydraGNN/HydraGNN/examples/vasp_solid_solution_alloys/dataset/bcc_HfTa/Hf-Ta/Hf4Ta124/case-26/N0.OUTCAR,0.968750,-179.161237,-63.666006,4.229548,-182.652673,-59.728053,mad
bcc_HfTa,Hf4Ta124,case-27,/lustre/orion/lrn070/world-shared/mlupopa/RHEAs_HydraGNN/HydraGNN/examples/vasp_solid_solution_alloys/dataset/bcc_HfTa/Hf-Ta/Hf4Ta124/case-27,/lustre/orion/lrn070/world-shared/mlupopa/RHEAs_HydraGNN/HydraGNN/examples/vasp_solid_solution_alloys/dataset/bcc_HfTa/Hf-Ta/Hf4Ta124/case-27/N0.OUTCAR,0.968750,-183.211153,-63.666006,4.229548,-182.652673,-59.728053,mad
bcc_HfTa,Hf4Ta124,case-28,/lustre/orion/lrn070/world-shared/mlupopa/RHEAs_HydraGNN/HydraGNN/examples/vasp_solid_solution_alloys/dataset/bcc_HfTa/Hf-Ta/Hf4Ta124/case-28,/lustre/orion/lrn070/world-shared/mlupopa/RHEAs_HydraGNN/HydraGNN/examples/vasp_solid_solution_alloys/dataset/bcc_HfTa/Hf-Ta/Hf4Ta124/case-28/N0.OUTCAR,0.968750,-182.576120,-63.666006,4.229548,-182.652673,-59.728053,mad
bcc_HfTa,Hf4Ta124,case-3,/lustre/orion/lrn070/world-shared/mlupopa/RHEAs_HydraGNN/HydraGNN/examples/vasp_solid_solution_alloys/dataset/bcc_HfTa/Hf-Ta/Hf4Ta124/case-3,/lustre/orion/lrn070/world-shared/mlupopa/RHEAs_HydraGNN/HydraGNN/examples/vasp_solid_solution_alloys/dataset/bcc_HfTa/Hf-Ta/Hf4Ta124/case-3/N0.OUTCAR,0.968750,-182.417713,-63.666006,4.229548,-182.652673,-59.728053,mad
bcc_HfTa,Hf4Ta124,case-31,/lustre/orion/lrn070/world-shared/mlupopa/RHEAs_HydraGNN/HydraGNN/examples/vasp_solid_solution_alloys/dataset/bcc_HfTa/Hf-Ta/Hf4Ta124/case-31,/lustre/orion/lrn070/world-shared/mlupopa/RHEAs_HydraGNN/HydraGNN/examples/vasp_solid_solution_alloys/dataset/bcc_HfTa/Hf-Ta/Hf4Ta124/case-31/N0.OUTCAR,0.968750,-182.684672,-63.666006,4.229548,-182.652673,-59.728053,mad
bcc_HfTa,Hf4Ta124,case-32,/lustre/orion/lrn070/world-shared/mlupopa/RHEAs_HydraGNN/HydraGNN/examples/vasp_solid_solution_alloys/dataset/bcc_HfTa/Hf-Ta/Hf4Ta124/case-32,/lustre/orion/lrn070/world-shared/mlupopa/RHEAs_HydraGNN/HydraGNN/examples/vasp_solid_solution_alloys/dataset/bcc_HfTa/Hf-Ta/Hf4Ta124/case-32/N0.OUTCAR,0.968750,-182.474713,-63.666006,4.229548,-182.652673,-59.728053,mad
bcc_HfTa,Hf4Ta124,case-34,/lustre/orion/lrn070/world-shared/mlupopa/RHEAs_HydraGNN/HydraGNN/examples/vasp_solid_solution_alloys/dataset/bcc_HfTa/Hf-Ta/Hf4Ta124/case-34,/lustre/orion/lrn070/world-shared/mlupopa/RHEAs_HydraGNN/HydraGNN/examples/vasp_solid_solution_alloys/dataset/bcc_HfTa/Hf-Ta/Hf4Ta124/case-34/N0.OUTCAR,0.968750,-182.755415,-63.666006,4.229548,-182.652673,-59.728053,mad
bcc_HfTa,Hf4Ta124,case-36,/lustre/orion/lrn070/world-shared/mlupopa/RHEAs_HydraGNN/HydraGNN/examples/vasp_solid_solution_alloys/dataset/bcc_HfTa/Hf-Ta/Hf4Ta124/case-36,/lustre/orion/lrn070/world-shared/mlupopa/RHEAs_HydraGNN/HydraGNN/examples/vasp_solid_solution_alloys/dataset/bcc_HfTa/Hf-Ta/Hf4Ta124/case-36/N0.OUTCAR,0.968750,-182.658650,-63.666006,4.229548,-182.652673,-59.728053,mad
bcc_HfTa,Hf4Ta124,case-37,/lustre/orion/lrn070/world-shared/mlupopa/RHEAs_HydraGNN/HydraGNN/examples/vasp_solid_solution_alloys/dataset/bcc_HfTa/Hf-Ta/Hf4Ta124/case-37,/lustre/orion/lrn070/world-shared/mlupopa/RHEAs_HydraGNN/HydraGNN/examples/vasp_solid_solution_alloys/dataset/bcc_HfTa/Hf-Ta/Hf4Ta124/case-37/N0.OUTCAR,0.968750,-182.819886,-63.666006,4.229548,-182.652673,-59.728053,mad
bcc_HfTa,Hf4Ta124,case-38,/lustre/orion/lrn070/world-shared/mlupopa/RHEAs_HydraGNN/HydraGNN/examples/vasp_solid_solution_alloys/dataset/bcc_HfTa/Hf-Ta/Hf4Ta124/case-38,/lustre/orion/lrn070/world-shared/mlupopa/RHEAs_HydraGNN/HydraGNN/examples/vasp_solid_solution_alloys/dataset/bcc_HfTa/Hf-Ta/Hf4Ta124/case-38/N1.OUTCAR,0.968750,-182.840348,-63.666006,4.229548,-182.652673,-59.728053,mad
bcc_HfTa,Hf4Ta124,case-40,/lustre/orion/lrn070/world-shared/mlupopa/RHEAs_HydraGNN/HydraGNN/examples/vasp_solid_solution_alloys/dataset/bcc_HfTa/Hf-Ta/Hf4Ta124/case-40,/lustre/orion/lrn070/world-shared/mlupopa/RHEAs_HydraGNN/HydraGNN/examples/vasp_solid_solution_alloys/dataset/bcc_HfTa/Hf-Ta/Hf4Ta124/case-40/N0.OUTCAR,0.968750,-182.237112,-63.666006,4.229548,-182.652673,-59.728053,mad
bcc_HfTa,Hf4Ta124,case-44,/lustre/orion/lrn070/world-shared/mlupopa/RHEAs_HydraGNN/HydraGNN/examples/vasp_solid_solution_alloys/dataset/bcc_HfTa/Hf-Ta/Hf4Ta124/case-44,/lustre/orion/lrn070/world-shared/mlupopa/RHEAs_HydraGNN/HydraGNN/examples/vasp_solid_solution_alloys/dataset/bcc_HfTa/Hf-Ta/Hf4Ta124/case-44/N0.OUTCAR,0.968750,-182.659824,-63.666006,4.229548,-182.652673,-59.728053,mad
bcc_HfTa,Hf4Ta124,case-48,/lustre/orion/lrn070/world-shared/mlupopa/RHEAs_HydraGNN/HydraGNN/examples/vasp_solid_solution_alloys/dataset/bcc_HfTa/Hf-Ta/Hf4Ta124/case-48,/lustre/orion/lrn070/world-shared/mlupopa/RHEAs_HydraGNN/HydraGNN/examples/vasp_solid_solution_alloys/dataset/bcc_HfTa/Hf-Ta/Hf4Ta124/case-48/N0.OUTCAR,0.968750,-182.952670,-63.666006,4.229548,-182.652673,-59.728053,mad
bcc_HfTa,Hf4Ta124,case-53,/lustre/orion/lrn070/world-shared/mlupopa/RHEAs_HydraGNN/HydraGNN/examples/vasp_solid_solution_alloys/dataset/bcc_HfTa/Hf-Ta/Hf4Ta124/case-53,/lustre/orion/lrn070/world-shared/mlupopa/RHEAs_HydraGNN/HydraGNN/examples/vasp_solid_solution_alloys/dataset/bcc_HfTa/Hf-Ta/Hf4Ta124/case-53/N1.OUTCAR,0.968750,-182.609591,-63.666006,4.229548,-182.652673,-59.728053,mad
bcc_HfTa,Hf4Ta124,case-55,/lustre/orion/lrn070/world-shared/mlupopa/RHEAs_HydraGNN/HydraGNN/examples/vasp_solid_solution_alloys/dataset/bcc_HfTa/Hf-Ta/Hf4Ta124/case-55,/lustre/orion/lrn070/world-shared/mlupopa/RHEAs_HydraGNN/HydraGNN/examples/vasp_solid_solution_alloys/dataset/bcc_HfTa/Hf-Ta/Hf4Ta124/case-55/N0.OUTCAR,0.968750,-182.637649,-63.666006,4.229548,-182.652673,-59.728053,mad
bcc_HfTa,Hf4Ta124,case-56,/lustre/orion/lrn070/world-shared/mlupopa/RHEAs_HydraGNN/HydraGNN/examples/vasp_solid_solution_alloys/dataset/bcc_HfTa/Hf-Ta/Hf4Ta124/case-56,/lustre/orion/lrn070/world-shared/mlupopa/RHEAs_HydraGNN/HydraGNN/examples/vasp_solid_solution_alloys/dataset/bcc_HfTa/Hf-Ta/Hf4Ta124/case-56/N0.OUTCAR,0.968750,-183.020687,-63.666006,4.229548,-182.652673,-59.728053,mad
bcc_HfTa,Hf4Ta124,case-61,/lustre/orion/lrn070/world-shared/mlupopa/RHEAs_HydraGNN/HydraGNN/examples/vasp_solid_solution_alloys/dataset/bcc_HfTa/Hf-Ta/Hf4Ta124/case-61,/lustre/orion/lrn070/world-shared/mlupopa/RHEAs_HydraGNN/HydraGNN/examples/vasp_solid_solution_alloys/dataset/bcc_HfTa/Hf-Ta/Hf4Ta124/case-61/N0.OUTCAR,0.968750,-179.106589,-63.666006,4.229548,-182.652673,-59.728053,mad
bcc_HfTa,Hf4Ta124,case-62,/lustre/orion/lrn070/world-shared/mlupopa/RHEAs_HydraGNN/HydraGNN/examples/vasp_solid_solution_alloys/dataset/bcc_HfTa/Hf-Ta/Hf4Ta124/case-62,/lustre/orion/lrn070/world-shared/mlupopa/RHEAs_HydraGNN/HydraGNN/examples/vasp_solid_solution_alloys/dataset/bcc_HfTa/Hf-Ta/Hf4Ta124/case-62/N0.OUTCAR,0.968750,-183.031834,-63.666006,4.229548,-182.652673,-59.728053,mad
bcc_HfTa,Hf4Ta124,case-65,/lustre/orion/lrn070/world-shared/mlupopa/RHEAs_HydraGNN/HydraGNN/examples/vasp_solid_solution_alloys/dataset/bcc_HfTa/Hf-Ta/Hf4Ta124/case-65,/lustre/orion/lrn070/world-shared/mlupopa/RHEAs_HydraGNN/HydraGNN/examples/vasp_solid_solution_alloys/dataset/bcc_HfTa/Hf-Ta/Hf4Ta124/case-65/N0.OUTCAR,0.968750,-182.821387,-63.666006,4.229548,-182.652673,-59.728053,mad
bcc_HfTa,Hf4Ta124,case-67,/lustre/orion/lrn070/world-shared/mlupopa/RHEAs_HydraGNN/HydraGNN/examples/vasp_solid_solution_alloys/dataset/bcc_HfTa/Hf-Ta/Hf4Ta124/case-67,/lustre/orion/lrn070/world-shared/mlupopa/RHEAs_HydraGNN/HydraGNN/examples/vasp_solid_solution_alloys/dataset/bcc_HfTa/Hf-Ta/Hf4Ta124/case-67/N0.OUTCAR,0.968750,-182.613075,-63.666006,4.229548,-182.652673,-59.728053,mad
bcc_HfTa,Hf4Ta124,case-7,/lustre/orion/lrn070/world-shared/mlupopa/RHEAs_HydraGNN/HydraGNN/examples/vasp_solid_solution_alloys/dataset/bcc_HfTa/Hf-Ta/Hf4Ta124/case-7,/lustre/orion/lrn070/world-shared/mlupopa/RHEAs_HydraGNN/HydraGNN/examples/vasp_solid_solution_alloys/dataset/bcc_HfTa/Hf-Ta/Hf4Ta124/case-7/N0.OUTCAR,0.968750,-182.849463,-63.666006,4.229548,-182.652673,-59.728053,mad
bcc_HfTa,Hf4Ta124,case-77,/lustre/orion/lrn070/world-shared/mlupopa/RHEAs_HydraGNN/HydraGNN/examples/vasp_solid_solution_alloys/dataset/bcc_HfTa/Hf-Ta/Hf4Ta124/case-77,/lustre/orion/lrn070/world-shared/mlupopa/RHEAs_HydraGNN/HydraGNN/examples/vasp_solid_solution_alloys/dataset/bcc_HfTa/Hf-Ta/Hf4Ta124/case-77/N0.OUTCAR,0.968750,-182.996125,-63.666006,4.229548,-182.652673,-59.728053,mad
bcc_HfTa,Hf4Ta124,case-78,/lustre/orion/lrn070/world-shared/mlupopa/RHEAs_HydraGNN/HydraGNN/examples/vasp_solid_solution_alloys/dataset/bcc_HfTa/Hf-Ta/Hf4Ta124/case-78,/lustre/orion/lrn070/world-shared/mlupopa/RHEAs_HydraGNN/HydraGNN/examples/vasp_solid_solution_alloys/dataset/bcc_HfTa/Hf-Ta/Hf4Ta124/case-78/N0.OUTCAR,0.968750,-182.901446,-63.666006,4.229548,-182.652673,-59.728053,mad
bcc_HfTa,Hf4Ta124,case-80,/lustre/orion/lrn070/world-shared/mlupopa/RHEAs_HydraGNN/HydraGNN/examples/vasp_solid_solution_alloys/dataset/bcc_HfTa/Hf-Ta/Hf4Ta124/case-80,/lustre/orion/lrn070/world-shared/mlupopa/RHEAs_HydraGNN/HydraGNN/examples/vasp_solid_solution_alloys/dataset/bcc_HfTa/Hf-Ta/Hf4Ta124/case-80/N0.OUTCAR,0.968750,-182.655513,-63.666006,4.229548,-182.652673,-59.728053,mad
bcc_HfTa,Hf4Ta124,case-81,/lustre/orion/lrn070/world-shared/mlupopa/RHEAs_HydraGNN/HydraGNN/examples/vasp_solid_solution_alloys/dataset/bcc_HfTa/Hf-Ta/Hf4Ta124/case-81,/lustre/orion/lrn070/world-shared/mlupopa/RHEAs_HydraGNN/HydraGNN/examples/vasp_solid_solution_alloys/dataset/bcc_HfTa/Hf-Ta/Hf4Ta124/case-81/N0.OUTCAR,0.968750,-182.730195,-63.666006,4.229548,-182.652673,-59.728053,mad
bcc_HfTa,Hf4Ta124,case-82,/lustre/orion/lrn070/world-shared/mlupopa/RHEAs_HydraGNN/HydraGNN/examples/vasp_solid_solution_alloys/dataset/bcc_HfTa/Hf-Ta/Hf4Ta124/case-82,/lustre/orion/lrn070/world-shared/mlupopa/RHEAs_HydraGNN/HydraGNN/examples/vasp_solid_solution_alloys/dataset/bcc_HfTa/Hf-Ta/Hf4Ta124/case-82/N0.OUTCAR,0.968750,-182.846206,-63.666006,4.229548,-182.652673,-59.728053,mad
bcc_HfTa,Hf4Ta124,case-84,/lustre/orion/lrn070/world-shared/mlupopa/RHEAs_HydraGNN/HydraGNN/examples/vasp_solid_solution_alloys/dataset/bcc_HfTa/Hf-Ta/Hf4Ta124/case-84,/lustre/orion/lrn070/world-shared/mlupopa/RHEAs_HydraGNN/HydraGNN/examples/vasp_solid_solution_alloys/dataset/bcc_HfTa/Hf-Ta/Hf4Ta124/case-84/N0.OUTCAR,0.968750,-179.016891,-63.666006,4.229548,-182.652673,-59.728053,mad
bcc_HfTa,Hf4Ta124,case-86,/lustre/orion/lrn070/world-shared/mlupopa/RHEAs_HydraGNN/HydraGNN/examples/vasp_solid_solution_alloys/dataset/bcc_HfTa/Hf-Ta/Hf4Ta124/case-86,/lustre/orion/lrn070/world-shared/mlupopa/RHEAs_HydraGNN/HydraGNN/examples/vasp_solid_solution_alloys/dataset/bcc_HfTa/Hf-Ta/Hf4Ta124/case-86/N0.OUTCAR,0.968750,-183.286906,-63.666006,4.229548,-182.652673,-59.728053,mad
bcc_HfTa,Hf4Ta124,case-90,/lustre/orion/lrn070/world-shared/mlupopa/RHEAs_HydraGNN/HydraGNN/examples/vasp_solid_solution_alloys/dataset/bcc_HfTa/Hf-Ta/Hf4Ta124/case-90,/lustre/orion/lrn070/world-shared/mlupopa/RHEAs_HydraGNN/HydraGNN/examples/vasp_solid_solution_alloys/dataset/bcc_HfTa/Hf-Ta/Hf4Ta124/case-90/N0.OUTCAR,0.968750,-179.101682,-63.666006,4.229548,-182.652673,-59.728053,mad
bcc_HfTa,Hf4Ta124,case-93,/lustre/orion/lrn070/world-shared/mlupopa/RHEAs_HydraGNN/HydraGNN/examples/vasp_solid_solution_alloys/dataset/bcc_HfTa/Hf-Ta/Hf4Ta124/case-93,/lustre/orion/lrn070/world-shared/mlupopa/RHEAs_HydraGNN/HydraGNN/examples/vasp_solid_solution_alloys/dataset/bcc_HfTa/Hf-Ta/Hf4Ta124/case-93/N0.OUTCAR,0.968750,-179.101301,-63.666006,4.229548,-182.652673,-59.728053,mad
bcc_HfTa,Hf4Ta124,case-94,/lustre/orion/lrn070/world-shared/mlupopa/RHEAs_HydraGNN/HydraGNN/examples/vasp_solid_solution_alloys/dataset/bcc_HfTa/Hf-Ta/Hf4Ta124/case-94,/lustre/orion/lrn070/world-shared/mlupopa/RHEAs_HydraGNN/HydraGNN/examples/vasp_solid_solution_alloys/dataset/bcc_HfTa/Hf-Ta/Hf4Ta124/case-94/N0.OUTCAR,0.968750,-182.651727,-63.666006,4.229548,-182.652673,-59.728053,mad
bcc_HfTa,Hf4Ta124,case-95,/lustre/orion/lrn070/world-shared/mlupopa/RHEAs_HydraGNN/HydraGNN/examples/vasp_solid_solution_alloys/dataset/bcc_HfTa/Hf-Ta/Hf4Ta124/case-95,/lustre/orion/lrn070/world-shared/mlupopa/RHEAs_HydraGNN/HydraGNN/examples/vasp_solid_solution_alloys/dataset/bcc_HfTa/Hf-Ta/Hf4Ta124/case-95/N0.OUTCAR,0.968750,-182.647247,-63.666006,4.229548,-182.652673,-59.728053,mad
bcc_HfTa,Hf4Ta124,case-96,/lustre/orion/lrn070/world-shared/mlupopa/RHEAs_HydraGNN/HydraGNN/examples/vasp_solid_solution_alloys/dataset/bcc_HfTa/Hf-Ta/Hf4Ta124/case-96,/lustre/orion/lrn070/world-shared/mlupopa/RHEAs_HydraGNN/HydraGNN/examples/vasp_solid_solution_alloys/dataset/bcc_HfTa/Hf-Ta/Hf4Ta124/case-96/N0.OUTCAR,0.968750,-153.299732,-63.666006,4.229548,-182.652673,-59.728053,mad
bcc_HfTa,Hf4Ta124,case-99,/lustre/orion/lrn070/world-shared/mlupopa/RHEAs_HydraGNN/HydraGNN/examples/vasp_solid_solution_alloys/dataset/bcc_HfTa/Hf-Ta/Hf4Ta124/case-99,/lustre/orion/lrn070/world-shared/mlupopa/RHEAs_HydraGNN/HydraGNN/examples/vasp_solid_solution_alloys/dataset/bcc_HfTa/Hf-Ta/Hf4Ta124/case-99/N0.OUTCAR,0.968750,-182.337226,-63.666006,4.229548,-182.652673,-59.728053,mad
bcc_HfTa,Hf52Ta76,case-17,/lustre/orion/lrn070/world-shared/mlupopa/RHEAs_HydraGNN/HydraGNN/examples/vasp_solid_solution_alloys/dataset/bcc_HfTa/Hf-Ta/Hf52Ta76/case-17,/lustre/orion/lrn070/world-shared/mlupopa/RHEAs_HydraGNN/HydraGNN/examples/vasp_solid_solution_alloys/dataset/bcc_HfTa/Hf-Ta/Hf52Ta76/case-17/N0.OUTCAR,0.593750,6.464514,-18.599253,1.732703,-20.271523,-16.381003,mad
bcc_HfTa,Hf52Ta76,case-22,/lustre/orion/lrn070/world-shared/mlupopa/RHEAs_HydraGNN/HydraGNN/examples/vasp_solid_solution_alloys/dataset/bcc_HfTa/Hf-Ta/Hf52Ta76/case-22,/lustre/orion/lrn070/world-shared/mlupopa/RHEAs_HydraGNN/HydraGNN/examples/vasp_solid_solution_alloys/dataset/bcc_HfTa/Hf-Ta/Hf52Ta76/case-22/N0.OUTCAR,0.593750,8.694544,-18.599253,1.732703,-20.271523,-16.381003,mad
bcc_HfTa,Hf52Ta76,case-37,/lustre/orion/lrn070/world-shared/mlupopa/RHEAs_HydraGNN/HydraGNN/examples/vasp_solid_solution_alloys/dataset/bcc_HfTa/Hf-Ta/Hf52Ta76/case-37,/lustre/orion/lrn070/world-shared/mlupopa/RHEAs_HydraGNN/HydraGNN/examples/vasp_solid_solution_alloys/dataset/bcc_HfTa/Hf-Ta/Hf52Ta76/case-37/N0.OUTCAR,0.593750,3.720238,-18.599253,1.732703,-20.271523,-16.381003,mad
bcc_HfTa,Hf52Ta76,case-68,/lustre/orion/lrn070/world-shared/mlupopa/RHEAs_HydraGNN/HydraGNN/examples/vasp_solid_solution_alloys/dataset/bcc_HfTa/Hf-Ta/Hf52Ta76/case-68,/lustre/orion/lrn070/world-shared/mlupopa/RHEAs_HydraGNN/HydraGNN/examples/vasp_solid_solution_alloys/dataset/bcc_HfTa/Hf-Ta/Hf52Ta76/case-68/N0.OUTCAR,0.593750,0.052467,-18.599253,1.732703,-20.271523,-16.381003,mad
bcc_HfTa,Hf52Ta76,case-79,/lustre/orion/lrn070/world-shared/mlupopa/RHEAs_HydraGNN/HydraGNN/examples/vasp_solid_solution_alloys/dataset/bcc_HfTa/Hf-Ta/Hf52Ta76/case-79,/lustre/orion/lrn070/world-shared/mlupopa/RHEAs_HydraGNN/HydraGNN/examples/vasp_solid_solution_alloys/dataset/bcc_HfTa/Hf-Ta/Hf52Ta76/case-79/N0.OUTCAR,0.593750,7.327265,-18.599253,1.732703,-20.271523,-16.381003,mad
bcc_HfTa,Hf52Ta76,case-95,/lustre/orion/lrn070/world-shared/mlupopa/RHEAs_HydraGNN/HydraGNN/examples/vasp_solid_solution_alloys/dataset/bcc_HfTa/Hf-Ta/Hf52Ta76/case-95,/lustre/orion/lrn070/world-shared/mlupopa/RHEAs_HydraGNN/HydraGNN/examples/vasp_solid_solution_alloys/dataset/bcc_HfTa/Hf-Ta/Hf52Ta76/case-95/N0.OUTCAR,0.593750,14.019553,-18.599253,1.732703,-20.271523,-16.381003,mad
bcc_HfTa,Hf56Ta72,case-19,/lustre/orion/lrn070/world-shared/mlupopa/RHEAs_HydraGNN/HydraGNN/examples/vasp_solid_solution_alloys/dataset/bcc_HfTa/Hf-Ta/Hf56Ta72/case-19,/lustre/orion/lrn070/world-shared/mlupopa/RHEAs_HydraGNN/HydraGNN/examples/vasp_solid_solution_alloys/dataset/bcc_HfTa/Hf-Ta/Hf56Ta72/case-19/N0.OUTCAR,0.562500,2.591384,-8.959568,1.822800,-10.593235,-6.913908,mad
bcc_HfTa,Hf56Ta72,case-21,/lustre/orion/lrn070/world-shared/mlupopa/RHEAs_HydraGNN/HydraGNN/examples/vasp_solid_solution_alloys/dataset/bcc_HfTa/Hf-Ta/Hf56Ta72/case-21,/lustre/orion/lrn070/world-shared/mlupopa/RHEAs_HydraGNN/HydraGNN/examples/vasp_solid_solution_alloys/dataset/bcc_HfTa/Hf-Ta/Hf56Ta72/case-21/N0.OUTCAR,0.562500,18.602845,-8.959568,1.822800,-10.593235,-6.913908,mad
bcc_HfTa,Hf56Ta72,case-4,/lustre/orion/lrn070/world-shared/mlupopa/RHEAs_HydraGNN/HydraGNN/examples/vasp_solid_solution_alloys/dataset/bcc_HfTa/Hf-Ta/Hf56Ta72/case-4,/lustre/orion/lrn070/world-shared/mlupopa/RHEAs_HydraGNN/HydraGNN/examples/vasp_solid_solution_alloys/dataset/bcc_HfTa/Hf-Ta/Hf56Ta72/case-4/N0.OUTCAR,0.562500,23.546735,-8.959568,1.822800,-10.593235,-6.913908,mad
bcc_HfTa,Hf56Ta72,case-5,/lustre/orion/lrn070/world-shared/mlupopa/RHEAs_HydraGNN/HydraGNN/examples/vasp_solid_solution_alloys/dataset/bcc_HfTa/Hf-Ta/Hf56Ta72/case-5,/lustre/orion/lrn070/world-shared/mlupopa/RHEAs_HydraGNN/HydraGNN/examples/vasp_solid_solution_alloys/dataset/bcc_HfTa/Hf-Ta/Hf56Ta72/case-5/N0.OUTCAR,0.562500,18.199910,-8.959568,1.822800,-10.593235,-6.913908,mad
bcc_HfTa,Hf56Ta72,case-68,/lustre/orion/lrn070/world-shared/mlupopa/RHEAs_HydraGNN/HydraGNN/examples/vasp_solid_solution_alloys/dataset/bcc_HfTa/Hf-Ta/Hf56Ta72/case-68,/lustre/orion/lrn070/world-shared/mlupopa/RHEAs_HydraGNN/HydraGNN/examples/vasp_solid_solution_alloys/dataset/bcc_HfTa/Hf-Ta/Hf56Ta72/case-68/N0.OUTCAR,0.562500,18.839667,-8.959568,1.822800,-10.593235,-6.913908,mad
bcc_HfTa,Hf56Ta72,case-69,/lustre/orion/lrn070/world-shared/mlupopa/RHEAs_HydraGNN/HydraGNN/examples/vasp_solid_solution_alloys/dataset/bcc_HfTa/Hf-Ta/Hf56Ta72/case-69,/lustre/orion/lrn070/world-shared/mlupopa/RHEAs_HydraGNN/HydraGNN/examples/vasp_solid_solution_alloys/dataset/bcc_HfTa/Hf-Ta/Hf56Ta72/case-69/N0.OUTCAR,0.562500,3.080148,-8.959568,1.822800,-10.593235,-6.913908,mad
bcc_HfTa,Hf56Ta72,case-77,/lustre/orion/lrn070/world-shared/mlupopa/RHEAs_HydraGNN/HydraGNN/examples/vasp_solid_solution_alloys/dataset/bcc_HfTa/Hf-Ta/Hf56Ta72/case-77,/lustre/orion/lrn070/world-shared/mlupopa/RHEAs_HydraGNN/HydraGNN/examples/vasp_solid_solution_alloys/dataset/bcc_HfTa/Hf-Ta/Hf56Ta72/case-77/N0.OUTCAR,0.562500,20.406841,-8.959568,1.822800,-10.593235,-6.913908,mad
bcc_HfTa,Hf56Ta72,case-83,/lustre/orion/lrn070/world-shared/mlupopa/RHEAs_HydraGNN/HydraGNN/examples/vasp_solid_solution_alloys/dataset/bcc_HfTa/Hf-Ta/Hf56Ta72/case-83,/lustre/orion/lrn070/world-shared/mlupopa/RHEAs_HydraGNN/HydraGNN/examples/vasp_solid_solution_alloys/dataset/bcc_HfTa/Hf-Ta/Hf56Ta72/case-83/N0.OUTCAR,0.562500,15.110529,-8.959568,1.822800,-10.593235,-6.913908,mad
bcc_HfTa,Hf56Ta72,case-97,/lustre/orion/lrn070/world-shared/mlupopa/RHEAs_HydraGNN/HydraGNN/examples/vasp_solid_solution_alloys/dataset/bcc_HfTa/Hf-Ta/Hf56Ta72/case-97,/lustre/orion/lrn070/world-shared/mlupopa/RHEAs_HydraGNN/HydraGNN/examples/vasp_solid_solution_alloys/dataset/bcc_HfTa/Hf-Ta/Hf56Ta72/case-97/N0.OUTCAR,0.562500,8.754950,-8.959568,1.822800,-10.593235,-6.913908,mad
bcc_HfTa,Hf56Ta72,case-99,/lustre/orion/lrn070/world-shared/mlupopa/RHEAs_HydraGNN/HydraGNN/examples/vasp_solid_solution_alloys/dataset/bcc_HfTa/Hf-Ta/Hf56Ta72/case-99,/lustre/orion/lrn070/world-shared/mlupopa/RHEAs_HydraGNN/HydraGNN/examples/vasp_solid_solution_alloys/dataset/bcc_HfTa/Hf-Ta/Hf56Ta72/case-99/N0.OUTCAR,0.562500,3.369598,-8.959568,1.822800,-10.593235,-6.913908,mad
bcc_HfTa,Hf60Ta68,case-13,/lustre/orion/lrn070/world-shared/mlupopa/RHEAs_HydraGNN/HydraGNN/examples/vasp_solid_solution_alloys/dataset/bcc_HfTa/Hf-Ta/Hf60Ta68/case-13,/lustre/orion/lrn070/world-shared/mlupopa/RHEAs_HydraGNN/HydraGNN/examples/vasp_solid_solution_alloys/dataset/bcc_HfTa/Hf-Ta/Hf60Ta68/case-13/N0.OUTCAR,0.531250,21.299677,0.121959,1.762347,-1.547878,1.996803,mad
bcc_HfTa,Hf60Ta68,case-15,/lustre/orion/lrn070/world-shared/mlupopa/RHEAs_HydraGNN/HydraGNN/examples/vasp_solid_solution_alloys/dataset/bcc_HfTa/Hf-Ta/Hf60Ta68/case-15,/lustre/orion/lrn070/world-shared/mlupopa/RHEAs_HydraGNN/HydraGNN/examples/vasp_solid_solution_alloys/dataset/bcc_HfTa/Hf-Ta/Hf60Ta68/case-15/N0.OUTCAR,0.531250,23.083885,0.121959,1.762347,-1.547878,1.996803,mad
bcc_HfTa,Hf60Ta68,case-29,/lustre/orion/lrn070/world-shared/mlupopa/RHEAs_HydraGNN/HydraGNN/examples/vasp_solid_solution_alloys/dataset/bcc_HfTa/Hf-Ta/Hf60Ta68/case-29,/lustre/orion/lrn070/world-shared/mlupopa/RHEAs_HydraGNN/HydraGNN/examples/vasp_solid_solution_alloys/dataset/bcc_HfTa/Hf-Ta/Hf60Ta68/case-29/N0.OUTCAR,0.531250,12.296507,0.121959,1.762347,-1.547878,1.996803,mad
bcc_HfTa,Hf60Ta68,case-34,/lustre/orion/lrn070/world-shared/mlupopa/RHEAs_HydraGNN/HydraGNN/examples/vasp_solid_solution_alloys/dataset/bcc_HfTa/Hf-Ta/Hf60Ta68/case-34,/lustre/orion/lrn070/world-shared/mlupopa/RHEAs_HydraGNN/HydraGNN/examples/vasp_solid_solution_alloys/dataset/bcc_HfTa/Hf-Ta/Hf60Ta68/case-34/N0.OUTCAR,0.531250,27.990188,0.121959,1.762347,-1.547878,1.996803,mad
bcc_HfTa,Hf60Ta68,case-45,/lustre/orion/lrn070/world-shared/mlupopa/RHEAs_HydraGNN/HydraGNN/examples/vasp_solid_solution_alloys/dataset/bcc_HfTa/Hf-Ta/Hf60Ta68/case-45,/lustre/orion/lrn070/world-shared/mlupopa/RHEAs_HydraGNN/HydraGNN/examples/vasp_solid_solution_alloys/dataset/bcc_HfTa/Hf-Ta/Hf60Ta68/case-45/N0.OUTCAR,0.531250,24.139301,0.121959,1.762347,-1.547878,1.996803,mad
bcc_HfTa,Hf60Ta68,case-6,/lustre/orion/lrn070/world-shared/mlupopa/RHEAs_HydraGNN/HydraGNN/examples/vasp_solid_solution_alloys/dataset/bcc_HfTa/Hf-Ta/Hf60Ta68/case-6,/lustre/orion/lrn070/world-shared/mlupopa/RHEAs_HydraGNN/HydraGNN/examples/vasp_solid_solution_alloys/dataset/bcc_HfTa/Hf-Ta/Hf60Ta68/case-6/N0.OUTCAR,0.531250,23.533143,0.121959,1.762347,-1.547878,1.996803,mad
bcc_HfTa,Hf60Ta68,case-64,/lustre/orion/lrn070/world-shared/mlupopa/RHEAs_HydraGNN/HydraGNN/examples/vasp_solid_solution_alloys/dataset/bcc_HfTa/Hf-Ta/Hf60Ta68/case-64,/lustre/orion/lrn070/world-shared/mlupopa/RHEAs_HydraGNN/HydraGNN/examples/vasp_solid_solution_alloys/dataset/bcc_HfTa/Hf-Ta/Hf60Ta68/case-64/N0.OUTCAR,0.531250,19.118792,0.121959,1.762347,-1.547878,1.996803,mad
bcc_HfTa,Hf60Ta68,case-65,/lustre/orion/lrn070/world-shared/mlupopa/RHEAs_HydraGNN/HydraGNN/examples/vasp_solid_solution_alloys/dataset/bcc_HfTa/Hf-Ta/Hf60Ta68/case-65,/lustre/orion/lrn070/world-shared/mlupopa/RHEAs_HydraGNN/HydraGNN/examples/vasp_solid_solution_alloys/dataset/bcc_HfTa/Hf-Ta/Hf60Ta68/case-65/N0.OUTCAR,0.531250,28.342509,0.121959,1.762347,-1.547878,1.996803,mad
bcc_HfTa,Hf60Ta68,case-69,/lustre/orion/lrn070/world-shared/mlupopa/RHEAs_HydraGNN/HydraGNN/examples/vasp_solid_solution_alloys/dataset/bcc_HfTa/Hf-Ta/Hf60Ta68/case-69,/lustre/orion/lrn070/world-shared/mlupopa/RHEAs_HydraGNN/HydraGNN/examples/vasp_solid_solution_alloys/dataset/bcc_HfTa/Hf-Ta/Hf60Ta68/case-69/N0.OUTCAR,0.531250,25.309512,0.121959,1.762347,-1.547878,1.996803,mad
bcc_HfTa,Hf60Ta68,case-80,/lustre/orion/lrn070/world-shared/mlupopa/RHEAs_HydraGNN/HydraGNN/examples/vasp_solid_solution_alloys/dataset/bcc_HfTa/Hf-Ta/Hf60Ta68/case-80,/lustre/orion/lrn070/world-shared/mlupopa/RHEAs_HydraGNN/HydraGNN/examples/vasp_solid_solution_alloys/dataset/bcc_HfTa/Hf-Ta/Hf60Ta68/case-80/N0.OUTCAR,0.531250,32.380949,0.121959,1.762347,-1.547878,1.996803,mad
bcc_HfTa,Hf64Ta64,case-22,/lustre/orion/lrn070/world-shared/mlupopa/RHEAs_HydraGNN/HydraGNN/examples/vasp_solid_solution_alloys/dataset/bcc_HfTa/Hf-Ta/Hf64Ta64/case-22,/lustre/orion/lrn070/world-shared/mlupopa/RHEAs_HydraGNN/HydraGNN/examples/vasp_solid_solution_alloys/dataset/bcc_HfTa/Hf-Ta/Hf64Ta64/case-22/N0.OUTCAR,0.500000,40.670605,8.376763,2.083745,6.447925,10.421724,mad
bcc_HfTa,Hf64Ta64,case-31,/lustre/orion/lrn070/world-shared/mlupopa/RHEAs_HydraGNN/HydraGNN/examples/vasp_solid_solution_alloys/dataset/bcc_HfTa/Hf-Ta/Hf64Ta64/case-31,/lustre/orion/lrn070/world-shared/mlupopa/RHEAs_HydraGNN/HydraGNN/examples/vasp_solid_solution_alloys/dataset/bcc_HfTa/Hf-Ta/Hf64Ta64/case-31/N0.OUTCAR,0.500000,31.038923,8.376763,2.083745,6.447925,10.421724,mad
bcc_HfTa,Hf64Ta64,case-74,/lustre/orion/lrn070/world-shared/mlupopa/RHEAs_HydraGNN/HydraGNN/examples/vasp_solid_solution_alloys/dataset/bcc_HfTa/Hf-Ta/Hf64Ta64/case-74,/lustre/orion/lrn070/world-shared/mlupopa/RHEAs_HydraGNN/HydraGNN/examples/vasp_solid_solution_alloys/dataset/bcc_HfTa/Hf-Ta/Hf64Ta64/case-74/N0.OUTCAR,0.500000,26.189424,8.376763,2.083745,6.447925,10.421724,mad
bcc_HfTa,Hf64Ta64,case-93,/lustre/orion/lrn070/world-shared/mlupopa/RHEAs_HydraGNN/HydraGNN/examples/vasp_solid_solution_alloys/dataset/bcc_HfTa/Hf-Ta/Hf64Ta64/case-93,/lustre/orion/lrn070/world-shared/mlupopa/RHEAs_HydraGNN/HydraGNN/examples/vasp_solid_solution_alloys/dataset/bcc_HfTa/Hf-Ta/Hf64Ta64/case-93/N0.OUTCAR,0.500000,32.334975,8.376763,2.083745,6.447925,10.421724,mad
bcc_HfTa,Hf64Ta64,case-96,/lustre/orion/lrn070/world-shared/mlupopa/RHEAs_HydraGNN/HydraGNN/examples/vasp_solid_solution_alloys/dataset/bcc_HfTa/Hf-Ta/Hf64Ta64/case-96,/lustre/orion/lrn070/world-shared/mlupopa/RHEAs_HydraGNN/HydraGNN/examples/vasp_solid_solution_alloys/dataset/bcc_HfTa/Hf-Ta/Hf64Ta64/case-96/N0.OUTCAR,0.500000,34.116275,8.376763,2.083745,6.447925,10.421724,mad
bcc_HfTa,Hf68Ta60,case-100,/lustre/orion/lrn070/world-shared/mlupopa/RHEAs_HydraGNN/HydraGNN/examples/vasp_solid_solution_alloys/dataset/bcc_HfTa/Hf-Ta/Hf68Ta60/case-100,/lustre/orion/lrn070/world-shared/mlupopa/RHEAs_HydraGNN/HydraGNN/examples/vasp_solid_solution_alloys/dataset/bcc_HfTa/Hf-Ta/Hf68Ta60/case-100/N0.OUTCAR,0.468750,33.997848,16.575388,1.804787,15.232822,18.668015,mad
bcc_HfTa,Hf68Ta60,case-14,/lustre/orion/lrn070/world-shared/mlupopa/RHEAs_HydraGNN/HydraGNN/examples/vasp_solid_solution_alloys/dataset/bcc_HfTa/Hf-Ta/Hf68Ta60/case-14,/lustre/orion/lrn070/world-shared/mlupopa/RHEAs_HydraGNN/HydraGNN/examples/vasp_solid_solution_alloys/dataset/bcc_HfTa/Hf-Ta/Hf68Ta60/case-14/N0.OUTCAR,0.468750,26.432001,16.575388,1.804787,15.232822,18.668015,mad
bcc_HfTa,Hf68Ta60,case-20,/lustre/orion/lrn070/world-shared/mlupopa/RHEAs_HydraGNN/HydraGNN/examples/vasp_solid_solution_alloys/dataset/bcc_HfTa/Hf-Ta/Hf68Ta60/case-20,/lustre/orion/lrn070/world-shared/mlupopa/RHEAs_HydraGNN/HydraGNN/examples/vasp_solid_solution_alloys/dataset/bcc_HfTa/Hf-Ta/Hf68Ta60/case-20/N0.OUTCAR,0.468750,43.285615,16.575388,1.804787,15.232822,18.668015,mad
bcc_HfTa,Hf68Ta60,case-53,/lustre/orion/lrn070/world-shared/mlupopa/RHEAs_HydraGNN/HydraGNN/examples/vasp_solid_solution_alloys/dataset/bcc_HfTa/Hf-Ta/Hf68Ta60/case-53,/lustre/orion/lrn070/world-shared/mlupopa/RHEAs_HydraGNN/HydraGNN/examples/vasp_solid_solution_alloys/dataset/bcc_HfTa/Hf-Ta/Hf68Ta60/case-53/N0.OUTCAR,0.468750,37.082069,16.575388,1.804787,15.232822,18.668015,mad
bcc_HfTa,Hf68Ta60,case-57,/lustre/orion/lrn070/world-shared/mlupopa/RHEAs_HydraGNN/HydraGNN/examples/vasp_solid_solution_alloys/dataset/bcc_HfTa/Hf-Ta/Hf68Ta60/case-57,/lustre/orion/lrn070/world-shared/mlupopa/RHEAs_HydraGNN/HydraGNN/examples/vasp_solid_solution_alloys/dataset/bcc_HfTa/Hf-Ta/Hf68Ta60/case-57/N0.OUTCAR,0.468750,40.344373,16.575388,1.804787,15.232822,18.668015,mad
bcc_HfTa,Hf68Ta60,case-58,/lustre/orion/lrn070/world-shared/mlupopa/RHEAs_HydraGNN/HydraGNN/examples/vasp_solid_solution_alloys/dataset/bcc_HfTa/Hf-Ta/Hf68Ta60/case-58,/lustre/orion/lrn070/world-shared/mlupopa/RHEAs_HydraGNN/HydraGNN/examples/vasp_solid_solution_alloys/dataset/bcc_HfTa/Hf-Ta/Hf68Ta60/case-58/N0.OUTCAR,0.468750,34.894958,16.575388,1.804787,15.232822,18.668015,mad
bcc_HfTa,Hf68Ta60,case-60,/lustre/orion/lrn070/world-shared/mlupopa/RHEAs_HydraGNN/HydraGNN/examples/vasp_solid_solution_alloys/dataset/bcc_HfTa/Hf-Ta/Hf68Ta60/case-60,/lustre/orion/lrn070/world-shared/mlupopa/RHEAs_HydraGNN/HydraGNN/examples/vasp_solid_solution_alloys/dataset/bcc_HfTa/Hf-Ta/Hf68Ta60/case-60/N0.OUTCAR,0.468750,38.040893,16.575388,1.804787,15.232822,18.668015,mad
bcc_HfTa,Hf68Ta60,case-64,/lustre/orion/lrn070/world-shared/mlupopa/RHEAs_HydraGNN/HydraGNN/examples/vasp_solid_solution_alloys/dataset/bcc_HfTa/Hf-Ta/Hf68Ta60/case-64,/lustre/orion/lrn070/world-shared/mlupopa/RHEAs_HydraGNN/HydraGNN/examples/vasp_solid_solution_alloys/dataset/bcc_HfTa/Hf-Ta/Hf68Ta60/case-64/N0.OUTCAR,0.468750,34.319708,16.575388,1.804787,15.232822,18.668015,mad
bcc_HfTa,Hf68Ta60,case-8,/lustre/orion/lrn070/world-shared/mlupopa/RHEAs_HydraGNN/HydraGNN/examples/vasp_solid_solution_alloys/dataset/bcc_HfTa/Hf-Ta/Hf68Ta60/case-8,/lustre/orion/lrn070/world-shared/mlupopa/RHEAs_HydraGNN/HydraGNN/examples/vasp_solid_solution_alloys/dataset/bcc_HfTa/Hf-Ta/Hf68Ta60/case-8/N0.OUTCAR,0.468750,39.742195,16.575388,1.804787,15.232822,18.668015,mad
bcc_HfTa,Hf72Ta56,case-15,/lustre/orion/lrn070/world-shared/mlupopa/RHEAs_HydraGNN/HydraGNN/examples/vasp_solid_solution_alloys/dataset/bcc_HfTa/Hf-Ta/Hf72Ta56/case-15,/lustre/orion/lrn070/world-shared/mlupopa/RHEAs_HydraGNN/HydraGNN/examples/vasp_solid_solution_alloys/dataset/bcc_HfTa/Hf-Ta/Hf72Ta56/case-15/N0.OUTCAR,0.437500,46.737751,25.155175,2.224413,23.163313,27.415217,mad
bcc_HfTa,Hf72Ta56,case-2,/lustre/orion/lrn070/world-shared/mlupopa/RHEAs_HydraGNN/HydraGNN/examples/vasp_solid_solution_alloys/dataset/bcc_HfTa/Hf-Ta/Hf72Ta56/case-2,/lustre/orion/lrn070/world-shared/mlupopa/RHEAs_HydraGNN/HydraGNN/examples/vasp_solid_solution_alloys/dataset/bcc_HfTa/Hf-Ta/Hf72Ta56/case-2/N0.OUTCAR,0.437500,41.313132,25.155175,2.224413,23.163313,27.415217,mad
bcc_HfTa,Hf72Ta56,case-29,/lustre/orion/lrn070/world-shared/mlupopa/RHEAs_HydraGNN/HydraGNN/examples/vasp_solid_solution_alloys/dataset/bcc_HfTa/Hf-Ta/Hf72Ta56/case-29,/lustre/orion/lrn070/world-shared/mlupopa/RHEAs_HydraGNN/HydraGNN/examples/vasp_solid_solution_alloys/dataset/bcc_HfTa/Hf-Ta/Hf72Ta56/case-29/N0.OUTCAR,0.437500,50.230465,25.155175,2.224413,23.163313,27.415217,mad
bcc_HfTa,Hf72Ta56,case-43,/lustre/orion/lrn070/world-shared/mlupopa/RHEAs_HydraGNN/HydraGNN/examples/vasp_solid_solution_alloys/dataset/bcc_HfTa/Hf-Ta/Hf72Ta56/case-43,/lustre/orion/lrn070/world-shared/mlupopa/RHEAs_HydraGNN/HydraGNN/examples/vasp_solid_solution_alloys/dataset/bcc_HfTa/Hf-Ta/Hf72Ta56/case-43/N0.OUTCAR,0.437500,42.859483,25.155175,2.224413,23.163313,27.415217,mad
bcc_HfTa,Hf72Ta56,case-46,/lustre/orion/lrn070/world-shared/mlupopa/RHEAs_HydraGNN/HydraGNN/examples/vasp_solid_solution_alloys/dataset/bcc_HfTa/Hf-Ta/Hf72Ta56/case-46,/lustre/orion/lrn070/world-shared/mlupopa/RHEAs_HydraGNN/HydraGNN/examples/vasp_solid_solution_alloys/dataset/bcc_HfTa/Hf-Ta/Hf72Ta56/case-46/N0.OUTCAR,0.437500,42.047355,25.155175,2.224413,23.163313,27.415217,mad
bcc_HfTa,Hf72Ta56,case-68,/lustre/orion/lrn070/world-shared/mlupopa/RHEAs_HydraGNN/HydraGNN/examples/vasp_solid_solution_alloys/dataset/bcc_HfTa/Hf-Ta/Hf72Ta56/case-68,/lustre/orion/lrn070/world-shared/mlupopa/RHEAs_HydraGNN/HydraGNN/examples/vasp_solid_solution_alloys/dataset/bcc_HfTa/Hf-Ta/Hf72Ta56/case-68/N0.OUTCAR,0.437500,46.296698,25.155175,2.224413,23.163313,27.415217,mad
bcc_HfTa,Hf72Ta56,case-78,/lustre/orion/lrn070/world-shared/mlupopa/RHEAs_HydraGNN/HydraGNN/examples/vasp_solid_solution_alloys/dataset/bcc_HfTa/Hf-Ta/Hf72Ta56/case-78,/lustre/orion/lrn070/world-shared/mlupopa/RHEAs_HydraGNN/HydraGNN/examples/vasp_solid_solution_alloys/dataset/bcc_HfTa/Hf-Ta/Hf72Ta56/case-78/N0.OUTCAR,0.437500,39.920565,25.155175,2.224413,23.163313,27.415217,mad
bcc_HfTa,Hf72Ta56,case-84,/lustre/orion/lrn070/world-shared/mlupopa/RHEAs_HydraGNN/HydraGNN/examples/vasp_solid_solution_alloys/dataset/bcc_HfTa/Hf-Ta/Hf72Ta56/case-84,/lustre/orion/lrn070/world-shared/mlupopa/RHEAs_HydraGNN/HydraGNN/examples/vasp_solid_solution_alloys/dataset/bcc_HfTa/Hf-Ta/Hf72Ta56/case-84/N0.OUTCAR,0.437500,43.992700,25.155175,2.224413,23.163313,27.415217,mad
bcc_HfTa,Hf72Ta56,case-86,/lustre/orion/lrn070/world-shared/mlupopa/RHEAs_HydraGNN/HydraGNN/examples/vasp_solid_solution_alloys/dataset/bcc_HfTa/Hf-Ta/Hf72Ta56/case-86,/lustre/orion/lrn070/world-shared/mlupopa/RHEAs_HydraGNN/HydraGNN/examples/vasp_solid_solution_alloys/dataset/bcc_HfTa/Hf-Ta/Hf72Ta56/case-86/N0.OUTCAR,0.437500,42.978229,25.155175,2.224413,23.163313,27.415217,mad
bcc_HfTa,Hf72Ta56,case-9,/lustre/orion/lrn070/world-shared/mlupopa/RHEAs_HydraGNN/HydraGNN/examples/vasp_solid_solution_alloys/dataset/bcc_HfTa/Hf-Ta/Hf72Ta56/case-9,/lustre/orion/lrn070/world-shared/mlupopa/RHEAs_HydraGNN/HydraGNN/examples/vasp_solid_solution_alloys/dataset/bcc_HfTa/Hf-Ta/Hf72Ta56/case-9/N0.OUTCAR,0.437500,41.278013,25.155175,2.224413,23.163313,27.415217,mad
bcc_HfTa,Hf72Ta56,case-91,/lustre/orion/lrn070/world-shared/mlupopa/RHEAs_HydraGNN/HydraGNN/examples/vasp_solid_solution_alloys/dataset/bcc_HfTa/Hf-Ta/Hf72Ta56/case-91,/lustre/orion/lrn070/world-shared/mlupopa/RHEAs_HydraGNN/HydraGNN/examples/vasp_solid_solution_alloys/dataset/bcc_HfTa/Hf-Ta/Hf72Ta56/case-91/N0.OUTCAR,0.437500,42.397595,25.155175,2.224413,23.163313,27.415217,mad
bcc_HfTa,Hf72Ta56,case-92,/lustre/orion/lrn070/world-shared/mlupopa/RHEAs_HydraGNN/HydraGNN/examples/vasp_solid_solution_alloys/dataset/bcc_HfTa/Hf-Ta/Hf72Ta56/case-92,/lustre/orion/lrn070/world-shared/mlupopa/RHEAs_HydraGNN/HydraGNN/examples/vasp_solid_solution_alloys/dataset/bcc_HfTa/Hf-Ta/Hf72Ta56/case-92/N0.OUTCAR,0.437500,43.985049,25.155175,2.224413,23.163313,27.415217,mad
bcc_HfTa,Hf76Ta52,case-10,/lustre/orion/lrn070/world-shared/mlupopa/RHEAs_HydraGNN/HydraGNN/examples/vasp_solid_solution_alloys/dataset/bcc_HfTa/Hf-Ta/Hf76Ta52/case-10,/lustre/orion/lrn070/world-shared/mlupopa/RHEAs_HydraGNN/HydraGNN/examples/vasp_solid_solution_alloys/dataset/bcc_HfTa/Hf-Ta/Hf76Ta52/case-10/N0.OUTCAR,0.406250,51.003210,31.921184,1.711498,30.388182,34.447961,mad
bcc_HfTa,Hf76Ta52,case-42,/lustre/orion/lrn070/world-shared/mlupopa/RHEAs_HydraGNN/HydraGNN/examples/vasp_solid_solution_alloys/dataset/bcc_HfTa/Hf-Ta/Hf76Ta52/case-42,/lustre/orion/lrn070/world-shared/mlupopa/RHEAs_HydraGNN/HydraGNN/examples/vasp_solid_solution_alloys/dataset/bcc_HfTa/Hf-Ta/Hf76Ta52/case-42/N0.OUTCAR,0.406250,47.796633,31.921184,1.711498,30.388182,34.447961,mad
bcc_HfTa,Hf76Ta52,case-44,/lustre/orion/lrn070/world-shared/mlupopa/RHEAs_HydraGNN/HydraGNN/examples/vasp_solid_solution_alloys/dataset/bcc_HfTa/Hf-Ta/Hf76Ta52/case-44,/lustre/orion/lrn070/world-shared/mlupopa/RHEAs_HydraGNN/HydraGNN/examples/vasp_solid_solution_alloys/dataset/bcc_HfTa/Hf-Ta/Hf76Ta52/case-44/N0.OUTCAR,0.406250,46.043387,31.921184,1.711498,30.388182,34.447961,mad
bcc_HfTa,Hf76Ta52,case-7,/lustre/orion/lrn070/world-shared/mlupopa/RHEAs_HydraGNN/HydraGNN/examples/vasp_solid_solution_alloys/dataset/bcc_HfTa/Hf-Ta/Hf76Ta52/case-7,/lustre/orion/lrn070/world-shared/mlupopa/RHEAs_HydraGNN/HydraGNN/examples/vasp_solid_solution_alloys/dataset/bcc_HfTa/Hf-Ta/Hf76Ta52/case-7/N0.OUTCAR,0.406250,46.507225,31.921184,1.711498,30.388182,34.447961,mad
bcc_HfTa,Hf76Ta52,case-76,/lustre/orion/lrn070/world-shared/mlupopa/RHEAs_HydraGNN/HydraGNN/examples/vasp_solid_solution_alloys/dataset/bcc_HfTa/Hf-Ta/Hf76Ta52/case-76,/lustre/orion/lrn070/world-shared/mlupopa/RHEAs_HydraGNN/HydraGNN/examples/vasp_solid_solution_alloys/dataset/bcc_HfTa/Hf-Ta/Hf76Ta52/case-76/N0.OUTCAR,0.406250,51.074025,31.921184,1.711498,30.388182,34.447961,mad
bcc_HfTa,Hf76Ta52,case-83,/lustre/orion/lrn070/world-shared/mlupopa/RHEAs_HydraGNN/HydraGNN/examples/vasp_solid_solution_alloys/dataset/bcc_HfTa/Hf-Ta/Hf76Ta52/case-83,/lustre/orion/lrn070/world-shared/mlupopa/RHEAs_HydraGNN/HydraGNN/examples/vasp_solid_solution_alloys/dataset/bcc_HfTa/Hf-Ta/Hf76Ta52/case-83/N0.OUTCAR,0.406250,46.230050,31.921184,1.711498,30.388182,34.447961,mad
bcc_HfTa,Hf76Ta52,case-90,/lustre/orion/lrn070/world-shared/mlupopa/RHEAs_HydraGNN/HydraGNN/examples/vasp_solid_solution_alloys/dataset/bcc_HfTa/Hf-Ta/Hf76Ta52/case-90,/lustre/orion/lrn070/world-shared/mlupopa/RHEAs_HydraGNN/HydraGNN/examples/vasp_solid_solution_alloys/dataset/bcc_HfTa/Hf-Ta/Hf76Ta52/case-90/N0.OUTCAR,0.406250,45.739854,31.921184,1.711498,30.388182,34.447961,mad
bcc_HfTa,Hf80Ta48,case-63,/lustre/orion/lrn070/world-shared/mlupopa/RHEAs_HydraGNN/HydraGNN/examples/vasp_solid_solution_alloys/dataset/bcc_HfTa/Hf-Ta/Hf80Ta48/case-63,/lustre/orion/lrn070/world-shared/mlupopa/RHEAs_HydraGNN/HydraGNN/examples/vasp_solid_solution_alloys/dataset/bcc_HfTa/Hf-Ta/Hf80Ta48/case-63/N0.OUTCAR,0.375000,52.636056,39.445625,2.517552,37.046714,42.149933,mad
bcc_HfTa,Hf80Ta48,case-71,/lustre/orion/lrn070/world-shared/mlupopa/RHEAs_HydraGNN/HydraGNN/examples/vasp_solid_solution_alloys/dataset/bcc_HfTa/Hf-Ta/Hf80Ta48/case-71,/lustre/orion/lrn070/world-shared/mlupopa/RHEAs_HydraGNN/HydraGNN/examples/vasp_solid_solution_alloys/dataset/bcc_HfTa/Hf-Ta/Hf80Ta48/case-71/N0.OUTCAR,0.375000,54.174254,39.445625,2.517552,37.046714,42.149933,mad
bcc_HfTa,Hf80Ta48,case-79,/lustre/orion/lrn070/world-shared/mlupopa/RHEAs_HydraGNN/HydraGNN/examples/vasp_solid_solution_alloys/dataset/bcc_HfTa/Hf-Ta/Hf80Ta48/case-79,/lustre/orion/lrn070/world-shared/mlupopa/RHEAs_HydraGNN/HydraGNN/examples/vasp_solid_solution_alloys/dataset/bcc_HfTa/Hf-Ta/Hf80Ta48/case-79/N0.OUTCAR,0.375000,53.378079,39.445625,2.517552,37.046714,42.149933,mad
bcc_HfTa,Hf84Ta44,case-23,/lustre/orion/lrn070/world-shared/mlupopa/RHEAs_HydraGNN/HydraGNN/examples/vasp_solid_solution_alloys/dataset/bcc_HfTa/Hf-Ta/Hf84Ta44/case-23,/lustre/orion/lrn070/world-shared/mlupopa/RHEAs_HydraGNN/HydraGNN/examples/vasp_solid_solution_alloys/dataset/bcc_HfTa/Hf-Ta/Hf84Ta44/case-23/N0.OUTCAR,0.343750,54.001404,45.450072,1.551960,44.090681,47.209536,mad
bcc_HfTa,Hf84Ta44,case-27,/lustre/orion/lrn070/world-shared/mlupopa/RHEAs_HydraGNN/HydraGNN/examples/vasp_solid_solution_alloys/dataset/bcc_HfTa/Hf-Ta/Hf84Ta44/case-27,/lustre/orion/lrn070/world-shared/mlupopa/RHEAs_HydraGNN/HydraGNN/examples/vasp_solid_solution_alloys/dataset/bcc_HfTa/Hf-Ta/Hf84Ta44/case-27/N0.OUTCAR,0.343750,57.820567,45.450072,1.551960,44.090681,47.209536,mad
bcc_HfTa,Hf84Ta44,case-36,/lustre/orion/lrn070/world-shared/mlupopa/RHEAs_HydraGNN/HydraGNN/examples/vasp_solid_solution_alloys/dataset/bcc_HfTa/Hf-Ta/Hf84Ta44/case-36,/lustre/orion/lrn070/world-shared/mlupopa/RHEAs_HydraGNN/HydraGNN/examples/vasp_solid_solution_alloys/dataset/bcc_HfTa/Hf-Ta/Hf84Ta44/case-36/N0.OUTCAR,0.343750,55.094967,45.450072,1.551960,44.090681,47.209536,mad
bcc_HfTa,Hf84Ta44,case-41,/lustre/orion/lrn070/world-shared/mlupopa/RHEAs_HydraGNN/HydraGNN/examples/vasp_solid_solution_alloys/dataset/bcc_HfTa/Hf-Ta/Hf84Ta44/case-41,/lustre/orion/lrn070/world-shared/mlupopa/RHEAs_HydraGNN/HydraGNN/examples/vasp_solid_solution_alloys/dataset/bcc_HfTa/Hf-Ta/Hf84Ta44/case-41/N0.OUTCAR,0.343750,56.629452,45.450072,1.551960,44.090681,47.209536,mad
bcc_HfTa,Hf84Ta44,case-86,/lustre/orion/lrn070/world-shared/mlupopa/RHEAs_HydraGNN/HydraGNN/examples/vasp_solid_solution_alloys/dataset/bcc_HfTa/Hf-Ta/Hf84Ta44/case-86,/lustre/orion/lrn070/world-shared/mlupopa/RHEAs_HydraGNN/HydraGNN/examples/vasp_solid_solution_alloys/dataset/bcc_HfTa/Hf-Ta/Hf84Ta44/case-86/N0.OUTCAR,0.343750,55.629080,45.450072,1.551960,44.090681,47.209536,mad
bcc_HfTa,Hf84Ta44,case-9,/lustre/orion/lrn070/world-shared/mlupopa/RHEAs_HydraGNN/HydraGNN/examples/vasp_solid_solution_alloys/dataset/bcc_HfTa/Hf-Ta/Hf84Ta44/case-9,/lustre/orion/lrn070/world-shared/mlupopa/RHEAs_HydraGNN/HydraGNN/examples/vasp_solid_solution_alloys/dataset/bcc_HfTa/Hf-Ta/Hf84Ta44/case-9/N0.OUTCAR,0.343750,58.045025,45.450072,1.551960,44.090681,47.209536,mad
bcc_HfTa,Hf84Ta44,case-93,/lustre/orion/lrn070/world-shared/mlupopa/RHEAs_HydraGNN/HydraGNN/examples/vasp_solid_solution_alloys/dataset/bcc_HfTa/Hf-Ta/Hf84Ta44/case-93,/lustre/orion/lrn070/world-shared/mlupopa/RHEAs_HydraGNN/HydraGNN/examples/vasp_solid_solution_alloys/dataset/bcc_HfTa/Hf-Ta/Hf84Ta44/case-93/N0.OUTCAR,0.343750,57.840305,45.450072,1.551960,44.090681,47.209536,mad
bcc_HfTa,Hf88Ta40,case-10,/lustre/orion/lrn070/world-shared/mlupopa/RHEAs_HydraGNN/HydraGNN/examples/vasp_solid_solution_alloys/dataset/bcc_HfTa/Hf-Ta/Hf88Ta40/case-10,/lustre/orion/lrn070/world-shared/mlupopa/RHEAs_HydraGNN/HydraGNN/examples/vasp_solid_solution_alloys/dataset/bcc_HfTa/Hf-Ta/Hf88Ta40/case-10/N0.OUTCAR,0.312500,59.481284,50.132853,1.352659,48.855414,51.499739,mad
bcc_HfTa,Hf88Ta40,case-15,/lustre/orion/lrn070/world-shared/mlupopa/RHEAs_HydraGNN/HydraGNN/examples/vasp_solid_solution_alloys/dataset/bcc_HfTa/Hf-Ta/Hf88Ta40/case-15,/lustre/orion/lrn070/world-shared/mlupopa/RHEAs_HydraGNN/HydraGNN/examples/vasp_solid_solution_alloys/dataset/bcc_HfTa/Hf-Ta/Hf88Ta40/case-15/N0.OUTCAR,0.312500,59.813272,50.132853,1.352659,48.855414,51.499739,mad
bcc_HfTa,Hf88Ta40,case-74,/lustre/orion/lrn070/world-shared/mlupopa/RHEAs_HydraGNN/HydraGNN/examples/vasp_solid_solution_alloys/dataset/bcc_HfTa/Hf-Ta/Hf88Ta40/case-74,/lustre/orion/lrn070/world-shared/mlupopa/RHEAs_HydraGNN/HydraGNN/examples/vasp_solid_solution_alloys/dataset/bcc_HfTa/Hf-Ta/Hf88Ta40/case-74/N0.OUTCAR,0.312500,57.783054,50.132853,1.352659,48.855414,51.499739,mad
bcc_HfTa,Hf88Ta40,case-93,/lustre/orion/lrn070/world-shared/mlupopa/RHEAs_HydraGNN/HydraGNN/examples/vasp_solid_solution_alloys/dataset/bcc_HfTa/Hf-Ta/Hf88Ta40/case-93,/lustre/orion/lrn070/world-shared/mlupopa/RHEAs_HydraGNN/HydraGNN/examples/vasp_solid_solution_alloys/dataset/bcc_HfTa/Hf-Ta/Hf88Ta40/case-93/N0.OUTCAR,0.312500,59.311388,50.132853,1.352659,48.855414,51.499739,mad
bcc_HfTa,Hf8Ta120,case-13,/lustre/orion/lrn070/world-shared/mlupopa/RHEAs_HydraGNN/HydraGNN/examples/vasp_solid_solution_alloys/dataset/bcc_HfTa/Hf-Ta/Hf8Ta120/case-13,/lustre/orion/lrn070/world-shared/mlupopa/RHEAs_HydraGNN/HydraGNN/examples/vasp_solid_solution_alloys/dataset/bcc_HfTa/Hf-Ta/Hf8Ta120/case-13/N0.OUTCAR,0.937500,-165.433080,-50.481222,4.010415,-165.410217,-49.957891,mad
bcc_HfTa,Hf8Ta120,case-14,/lustre/orion/lrn070/world-shared/mlupopa/RHEAs_HydraGNN/HydraGNN/examples/vasp_solid_solution_alloys/dataset/bcc_HfTa/Hf-Ta/Hf8Ta120/case-14,/lustre/orion/lrn070/world-shared/mlupopa/RHEAs_HydraGNN/HydraGNN/examples/vasp_solid_solution_alloys/dataset/bcc_HfTa/Hf-Ta/Hf8Ta120/case-14/N0.OUTCAR,0.937500,-165.763849,-50.481222,4.010415,-165.410217,-49.957891,mad
bcc_HfTa,Hf8Ta120,case-18,/lustre/orion/lrn070/world-shared/mlupopa/RHEAs_HydraGNN/HydraGNN/examples/vasp_solid_solution_alloys/dataset/bcc_HfTa/Hf-Ta/Hf8Ta120/case-18,/lustre/orion/lrn070/world-shared/mlupopa/RHEAs_HydraGNN/HydraGNN/examples/vasp_solid_solution_alloys/dataset/bcc_HfTa/Hf-Ta/Hf8Ta120/case-18/N0.OUTCAR,0.937500,-165.309846,-50.481222,4.010415,-165.410217,-49.957891,mad
bcc_HfTa,Hf8Ta120,case-19,/lustre/orion/lrn070/world-shared/mlupopa/RHEAs_HydraGNN/HydraGNN/examples/vasp_solid_solution_alloys/dataset/bcc_HfTa/Hf-Ta/Hf8Ta120/case-19,/lustre/orion/lrn070/world-shared/mlupopa/RHEAs_HydraGNN/HydraGNN/examples/vasp_solid_solution_alloys/dataset/bcc_HfTa/Hf-Ta/Hf8Ta120/case-19/N0.OUTCAR,0.937500,-164.965212,-50.481222,4.010415,-165.410217,-49.957891,mad
bcc_HfTa,Hf8Ta120,case-2,/lustre/orion/lrn070/world-shared/mlupopa/RHEAs_HydraGNN/HydraGNN/examples/vasp_solid_solution_alloys/dataset/bcc_HfTa/Hf-Ta/Hf8Ta120/case-2,/lustre/orion/lrn070/world-shared/mlupopa/RHEAs_HydraGNN/HydraGNN/examples/vasp_solid_solution_alloys/dataset/bcc_HfTa/Hf-Ta/Hf8Ta120/case-2/N0.OUTCAR,0.937500,-164.842959,-50.481222,4.010415,-165.410217,-49.957891,mad
bcc_HfTa,Hf8Ta120,case-20,/lustre/orion/lrn070/world-shared/mlupopa/RHEAs_HydraGNN/HydraGNN/examples/vasp_solid_solution_alloys/dataset/bcc_HfTa/Hf-Ta/Hf8Ta120/case-20,/lustre/orion/lrn070/world-shared/mlupopa/RHEAs_HydraGNN/HydraGNN/examples/vasp_solid_solution_alloys/dataset/bcc_HfTa/Hf-Ta/Hf8Ta120/case-20/N0.OUTCAR,0.937500,-165.337398,-50.481222,4.010415,-165.410217,-49.957891,mad
bcc_HfTa,Hf8Ta120,case-23,/lustre/orion/lrn070/world-shared/mlupopa/RHEAs_HydraGNN/HydraGNN/examples/vasp_solid_solution_alloys/dataset/bcc_HfTa/Hf-Ta/Hf8Ta120/case-23,/lustre/orion/lrn070/world-shared/mlupopa/RHEAs_HydraGNN/HydraGNN/examples/vasp_solid_solution_alloys/dataset/bcc_HfTa/Hf-Ta/Hf8Ta120/case-23/N0.OUTCAR,0.937500,-165.106419,-50.481222,4.010415,-165.410217,-49.957891,mad
bcc_HfTa,Hf8Ta120,case-29,/lustre/orion/lrn070/world-shared/mlupopa/RHEAs_HydraGNN/HydraGNN/examples/vasp_solid_solution_alloys/dataset/bcc_HfTa/Hf-Ta/Hf8Ta120/case-29,/lustre/orion/lrn070/world-shared/mlupopa/RHEAs_HydraGNN/HydraGNN/examples/vasp_solid_solution_alloys/dataset/bcc_HfTa/Hf-Ta/Hf8Ta120/case-29/N0.OUTCAR,0.937500,-161.620127,-50.481222,4.010415,-165.410217,-49.957891,mad
bcc_HfTa,Hf8Ta120,case-3,/lustre/orion/lrn070/world-shared/mlupopa/RHEAs_HydraGNN/HydraGNN/examples/vasp_solid_solution_alloys/dataset/bcc_HfTa/Hf-Ta/Hf8Ta120/case-3,/lustre/orion/lrn070/world-shared/mlupopa/RHEAs_HydraGNN/HydraGNN/examples/vasp_solid_solution_alloys/dataset/bcc_HfTa/Hf-Ta/Hf8Ta120/case-3/N0.OUTCAR,0.937500,-165.970241,-50.481222,4.010415,-165.410217,-49.957891,mad
bcc_HfTa,Hf8Ta120,case-32,/lustre/orion/lrn070/world-shared/mlupopa/RHEAs_HydraGNN/HydraGNN/examples/vasp_solid_solution_alloys/dataset/bcc_HfTa/Hf-Ta/Hf8Ta120/case-32,/lustre/orion/lrn070/world-shared/mlupopa/RHEAs_HydraGNN/HydraGNN/examples/vasp_solid_solution_alloys/dataset/bcc_HfTa/Hf-Ta/Hf8Ta120/case-32/N0.OUTCAR,0.937500,-165.462281,-50.481222,4.010415,-165.410217,-49.957891,mad
bcc_HfTa,Hf8Ta120,case-33,/lustre/orion/lrn070/world-shared/mlupopa/RHEAs_HydraGNN/HydraGNN/examples/vasp_solid_solution_alloys/dataset/bcc_HfTa/Hf-Ta/Hf8Ta120/case-33,/lustre/orion/lrn070/world-shared/mlupopa/RHEAs_HydraGNN/HydraGNN/examples/vasp_solid_solution_alloys/dataset/bcc_HfTa/Hf-Ta/Hf8Ta120/case-33/N0.OUTCAR,0.937500,-165.672686,-50.481222,4.010415,-165.410217,-49.957891,mad
bcc_HfTa,Hf8Ta120,case-35,/lustre/orion/lrn070/world-shared/mlupopa/RHEAs_HydraGNN/HydraGNN/examples/vasp_solid_solution_alloys/dataset/bcc_HfTa/Hf-Ta/Hf8Ta120/case-35,/lustre/orion/lrn070/world-shared/mlupopa/RHEAs_HydraGNN/HydraGNN/examples/vasp_solid_solution_alloys/dataset/bcc_HfTa/Hf-Ta/Hf8Ta120/case-35/N0.OUTCAR,0.937500,-165.731274,-50.481222,4.010415,-165.410217,-49.957891,mad
bcc_HfTa,Hf8Ta120,case-38,/lustre/orion/lrn070/world-shared/mlupopa/RHEAs_HydraGNN/HydraGNN/examples/vasp_solid_solution_alloys/dataset/bcc_HfTa/Hf-Ta/Hf8Ta120/case-38,/lustre/orion/lrn070/world-shared/mlupopa/RHEAs_HydraGNN/HydraGNN/examples/vasp_solid_solution_alloys/dataset/bcc_HfTa/Hf-Ta/Hf8Ta120/case-38/N0.OUTCAR,0.937500,-162.249339,-50.481222,4.010415,-165.410217,-49.957891,mad
bcc_HfTa,Hf8Ta120,case-4,/lustre/orion/lrn070/world-shared/mlupopa/RHEAs_HydraGNN/HydraGNN/examples/vasp_solid_solution_alloys/dataset/bcc_HfTa/Hf-Ta/Hf8Ta120/case-4,/lustre/orion/lrn070/world-shared/mlupopa/RHEAs_HydraGNN/HydraGNN/examples/vasp_solid_solution_alloys/dataset/bcc_HfTa/Hf-Ta/Hf8Ta120/case-4/N0.OUTCAR,0.937500,-165.799800,-50.481222,4.010415,-165.410217,-49.957891,mad
bcc_HfTa,Hf8Ta120,case-40,/lustre/orion/lrn070/world-shared/mlupopa/RHEAs_HydraGNN/HydraGNN/examples/vasp_solid_solution_alloys/dataset/bcc_HfTa/Hf-Ta/Hf8Ta120/case-40,/lustre/orion/lrn070/world-shared/mlupopa/RHEAs_HydraGNN/HydraGNN/examples/vasp_solid_solution_alloys/dataset/bcc_HfTa/Hf-Ta/Hf8Ta120/case-40/N0.OUTCAR,0.937500,-165.467720,-50.481222,4.010415,-165.410217,-49.957891,mad
bcc_HfTa,Hf8Ta120,case-42,/lustre/orion/lrn070/world-shared/mlupopa/RHEAs_HydraGNN/HydraGNN/examples/vasp_solid_solution_alloys/dataset/bcc_HfTa/Hf-Ta/Hf8Ta120/case-42,/lustre/orion/lrn070/world-shared/mlupopa/RHEAs_HydraGNN/HydraGNN/examples/vasp_solid_solution_alloys/dataset/bcc_HfTa/Hf-Ta/Hf8Ta120/case-42/N0.OUTCAR,0.937500,-164.964466,-50.481222,4.010415,-165.410217,-49.957891,mad
bcc_HfTa,Hf8Ta120,case-45,/lustre/orion/lrn070/world-shared/mlupopa/RHEAs_HydraGNN/HydraGNN/examples/vasp_solid_solution_alloys/dataset/bcc_HfTa/Hf-Ta/Hf8Ta120/case-45,/lustre/orion/lrn070/world-shared/mlupopa/RHEAs_HydraGNN/HydraGNN/examples/vasp_solid_solution_alloys/dataset/bcc_HfTa/Hf-Ta/Hf8Ta120/case-45/N0.OUTCAR,0.937500,-166.188510,-50.481222,4.010415,-165.410217,-49.957891,mad
bcc_HfTa,Hf8Ta120,case-48,/lustre/orion/lrn070/world-shared/mlupopa/RHEAs_HydraGNN/HydraGNN/examples/vasp_solid_solution_alloys/dataset/bcc_HfTa/Hf-Ta/Hf8Ta120/case-48,/lustre/orion/lrn070/world-shared/mlupopa/RHEAs_HydraGNN/HydraGNN/examples/vasp_solid_solution_alloys/dataset/bcc_HfTa/Hf-Ta/Hf8Ta120/case-48/N0.OUTCAR,0.937500,-165.880907,-50.481222,4.010415,-165.410217,-49.957891,mad
bcc_HfTa,Hf8Ta120,case-5,/lustre/orion/lrn070/world-shared/mlupopa/RHEAs_HydraGNN/HydraGNN/examples/vasp_solid_solution_alloys/dataset/bcc_HfTa/Hf-Ta/Hf8Ta120/case-5,/lustre/orion/lrn070/world-shared/mlupopa/RHEAs_HydraGNN/HydraGNN/examples/vasp_solid_solution_alloys/dataset/bcc_HfTa/Hf-Ta/Hf8Ta120/case-5/N0.OUTCAR,0.937500,-165.242041,-50.481222,4.010415,-165.410217,-49.957891,mad
bcc_HfTa,Hf8Ta120,case-50,/lustre/orion/lrn070/world-shared/mlupopa/RHEAs_HydraGNN/HydraGNN/examples/vasp_solid_solution_alloys/dataset/bcc_HfTa/Hf-Ta/Hf8Ta120/case-50,/lustre/orion/lrn070/world-shared/mlupopa/RHEAs_HydraGNN/HydraGNN/examples/vasp_solid_solution_alloys/dataset/bcc_HfTa/Hf-Ta/Hf8Ta120/case-50/N0.OUTCAR,0.937500,-164.485492,-50.481222,4.010415,-165.410217,-49.957891,mad
bcc_HfTa,Hf8Ta120,case-51,/lustre/orion/lrn070/world-shared/mlupopa/RHEAs_HydraGNN/HydraGNN/examples/vasp_solid_solution_alloys/dataset/bcc_HfTa/Hf-Ta/Hf8Ta120/case-51,/lustre/orion/lrn070/world-shared/mlupopa/RHEAs_HydraGNN/HydraGNN/examples/vasp_solid_solution_alloys/dataset/bcc_HfTa/Hf-Ta/Hf8Ta120/case-51/N0.OUTCAR,0.937500,-165.774227,-50.481222,4.010415,-165.410217,-49.957891,mad
bcc_HfTa,Hf8Ta120,case-52,/lustre/orion/lrn070/world-shared/mlupopa/RHEAs_HydraGNN/HydraGNN/examples/vasp_solid_solution_alloys/dataset/bcc_HfTa/Hf-Ta/Hf8Ta120/case-52,/lustre/orion/lrn070/world-shared/mlupopa/RHEAs_HydraGNN/HydraGNN/examples/vasp_solid_solution_alloys/dataset/bcc_HfTa/Hf-Ta/Hf8Ta120/case-52/N0.OUTCAR,0.937500,-162.241912,-50.481222,4.010415,-165.410217,-49.957891,mad
bcc_HfTa,Hf8Ta120,case-6,/lustre/orion/lrn070/world-shared/mlupopa/RHEAs_HydraGNN/HydraGNN/examples/vasp_solid_solution_alloys/dataset/bcc_HfTa/Hf-Ta/Hf8Ta120/case-6,/lustre/orion/lrn070/world-shared/mlupopa/RHEAs_HydraGNN/HydraGNN/examples/vasp_solid_solution_alloys/dataset/bcc_HfTa/Hf-Ta/Hf8Ta120/case-6/N0.OUTCAR,0.937500,-165.842273,-50.481222,4.010415,-165.410217,-49.957891,mad
bcc_HfTa,Hf8Ta120,case-61,/lustre/orion/lrn070/world-shared/mlupopa/RHEAs_HydraGNN/HydraGNN/examples/vasp_solid_solution_alloys/dataset/bcc_HfTa/Hf-Ta/Hf8Ta120/case-61,/lustre/orion/lrn070/world-shared/mlupopa/RHEAs_HydraGNN/HydraGNN/examples/vasp_solid_solution_alloys/dataset/bcc_HfTa/Hf-Ta/Hf8Ta120/case-61/N0.OUTCAR,0.937500,-165.165181,-50.481222,4.010415,-165.410217,-49.957891,mad
bcc_HfTa,Hf8Ta120,case-62,/lustre/orion/lrn070/world-shared/mlupopa/RHEAs_HydraGNN/HydraGNN/examples/vasp_solid_solution_alloys/dataset/bcc_HfTa/Hf-Ta/Hf8Ta120/case-62,/lustre/orion/lrn070/world-shared/mlupopa/RHEAs_HydraGNN/HydraGNN/examples/vasp_solid_solution_alloys/dataset/bcc_HfTa/Hf-Ta/Hf8Ta120/case-62/N0.OUTCAR,0.937500,-165.422258,-50.481222,4.010415,-165.410217,-49.957891,mad
bcc_HfTa,Hf8Ta120,case-67,/lustre/orion/lrn070/world-shared/mlupopa/RHEAs_HydraGNN/HydraGNN/examples/vasp_solid_solution_alloys/dataset/bcc_HfTa/Hf-Ta/Hf8Ta120/case-67,/lustre/orion/lrn070/world-shared/mlupopa/RHEAs_HydraGNN/HydraGNN/examples/vasp_solid_solution_alloys/dataset/bcc_HfTa/Hf-Ta/Hf8Ta120/case-67/N0.OUTCAR,0.937500,-165.398176,-50.481222,4.010415,-165.410217,-49.957891,mad
bcc_HfTa,Hf8Ta120,case-68,/lustre/orion/lrn070/world-shared/mlupopa/RHEAs_HydraGNN/HydraGNN/examples/vasp_solid_solution_alloys/dataset/bcc_HfTa/Hf-Ta/Hf8Ta120/case-68,/lustre/orion/lrn070/world-shared/mlupopa/RHEAs_HydraGNN/HydraGNN/examples/vasp_solid_solution_alloys/dataset/bcc_HfTa/Hf-Ta/Hf8Ta120/case-68/N0.OUTCAR,0.937500,-165.235458,-50.481222,4.010415,-165.410217,-49.957891,mad
bcc_HfTa,Hf8Ta120,case-70,/lustre/orion/lrn070/world-shared/mlupopa/RHEAs_HydraGNN/HydraGNN/examples/vasp_solid_solution_alloys/dataset/bcc_HfTa/Hf-Ta/Hf8Ta120/case-70,/lustre/orion/lrn070/world-shared/mlupopa/RHEAs_HydraGNN/HydraGNN/examples/vasp_solid_solution_alloys/dataset/bcc_HfTa/Hf-Ta/Hf8Ta120/case-70/N0.OUTCAR,0.937500,-165.648005,-50.481222,4.010415,-165.410217,-49.957891,mad
bcc_HfTa,Hf8Ta120,case-71,/lustre/orion/lrn070/world-shared/mlupopa/RHEAs_HydraGNN/HydraGNN/examples/vasp_solid_solution_alloys/dataset/bcc_HfTa/Hf-Ta/Hf8Ta120/case-71,/lustre/orion/lrn070/world-shared/mlupopa/RHEAs_HydraGNN/HydraGNN/examples/vasp_solid_solution_alloys/dataset/bcc_HfTa/Hf-Ta/Hf8Ta120/case-71/N0.OUTCAR,0.937500,-165.386418,-50.481222,4.010415,-165.410217,-49.957891,mad
bcc_HfTa,Hf8Ta120,case-72,/lustre/orion/lrn070/world-shared/mlupopa/RHEAs_HydraGNN/HydraGNN/examples/vasp_solid_solution_alloys/dataset/bcc_HfTa/Hf-Ta/Hf8Ta120/case-72,/lustre/orion/lrn070/world-shared/mlupopa/RHEAs_HydraGNN/HydraGNN/examples/vasp_solid_solution_alloys/dataset/bcc_HfTa/Hf-Ta/Hf8Ta120/case-72/N0.OUTCAR,0.937500,-165.623860,-50.481222,4.010415,-165.410217,-49.957891,mad
bcc_HfTa,Hf8Ta120,case-75,/lustre/orion/lrn070/world-shared/mlupopa/RHEAs_HydraGNN/HydraGNN/examples/vasp_solid_solution_alloys/dataset/bcc_HfTa/Hf-Ta/Hf8Ta120/case-75,/lustre/orion/lrn070/world-shared/mlupopa/RHEAs_HydraGNN/HydraGNN/examples/vasp_solid_solution_alloys/dataset/bcc_HfTa/Hf-Ta/Hf8Ta120/case-75/N0.OUTCAR,0.937500,-165.498482,-50.481222,4.010415,-165.410217,-49.957891,mad
bcc_HfTa,Hf8Ta120,case-76,/lustre/orion/lrn070/world-shared/mlupopa/RHEAs_HydraGNN/HydraGNN/examples/vasp_solid_solution_alloys/dataset/bcc_HfTa/Hf-Ta/Hf8Ta120/case-76,/lustre/orion/lrn070/world-shared/mlupopa/RHEAs_HydraGNN/HydraGNN/examples/vasp_solid_solution_alloys/dataset/bcc_HfTa/Hf-Ta/Hf8Ta120/case-76/N0.OUTCAR,0.937500,-165.727992,-50.481222,4.010415,-165.410217,-49.957891,mad
bcc_HfTa,Hf8Ta120,case-77,/lustre/orion/lrn070/world-shared/mlupopa/RHEAs_HydraGNN/HydraGNN/examples/vasp_solid_solution_alloys/dataset/bcc_HfTa/Hf-Ta/Hf8Ta120/case-77,/lustre/orion/lrn070/world-shared/mlupopa/RHEAs_HydraGNN/HydraGNN/examples/vasp_solid_solution_alloys/dataset/bcc_HfTa/Hf-Ta/Hf8Ta120/case-77/N0.OUTCAR,0.937500,-147.935935,-50.481222,4.010415,-165.410217,-49.957891,mad
bcc_HfTa,Hf8Ta120,case-78,/lustre/orion/lrn070/world-shared/mlupopa/RHEAs_HydraGNN/HydraGNN/examples/vasp_solid_solution_alloys/dataset/bcc_HfTa/Hf-Ta/Hf8Ta120/case-78,/lustre/orion/lrn070/world-shared/mlupopa/RHEAs_HydraGNN/HydraGNN/examples/vasp_solid_solution_alloys/dataset/bcc_HfTa/Hf-Ta/Hf8Ta120/case-78/N0.OUTCAR,0.937500,-165.746780,-50.481222,4.010415,-165.410217,-49.957891,mad
bcc_HfTa,Hf8Ta120,case-79,/lustre/orion/lrn070/world-shared/mlupopa/RHEAs_HydraGNN/HydraGNN/examples/vasp_solid_solution_alloys/dataset/bcc_HfTa/Hf-Ta/Hf8Ta120/case-79,/lustre/orion/lrn070/world-shared/mlupopa/RHEAs_HydraGNN/HydraGNN/examples/vasp_solid_solution_alloys/dataset/bcc_HfTa/Hf-Ta/Hf8Ta120/case-79/N0.OUTCAR,0.937500,-166.616964,-50.481222,4.010415,-165.410217,-49.957891,mad
bcc_HfTa,Hf8Ta120,case-80,/lustre/orion/lrn070/world-shared/mlupopa/RHEAs_HydraGNN/HydraGNN/examples/vasp_solid_solution_alloys/dataset/bcc_HfTa/Hf-Ta/Hf8Ta120/case-80,/lustre/orion/lrn070/world-shared/mlupopa/RHEAs_HydraGNN/HydraGNN/examples/vasp_solid_solution_alloys/dataset/bcc_HfTa/Hf-Ta/Hf8Ta120/case-80/N0.OUTCAR,0.937500,-165.814462,-50.481222,4.010415,-165.410217,-49.957891,mad
bcc_HfTa,Hf8Ta120,case-82,/lustre/orion/lrn070/world-shared/mlupopa/RHEAs_HydraGNN/HydraGNN/examples/vasp_solid_solution_alloys/dataset/bcc_HfTa/Hf-Ta/Hf8Ta120/case-82,/lustre/orion/lrn070/world-shared/mlupopa/RHEAs_HydraGNN/HydraGNN/examples/vasp_solid_solution_alloys/dataset/bcc_HfTa/Hf-Ta/Hf8Ta120/case-82/N0.OUTCAR,0.937500,-165.682319,-50.481222,4.010415,-165.410217,-49.957891,mad
bcc_HfTa,Hf8Ta120,case-85,/lustre/orion/lrn070/world-shared/mlupopa/RHEAs_HydraGNN/HydraGNN/examples/vasp_solid_solution_alloys/dataset/bcc_HfTa/Hf-Ta/Hf8Ta120/case-85,/lustre/orion/lrn070/world-shared/mlupopa/RHEAs_HydraGNN/HydraGNN/examples/vasp_solid_solution_alloys/dataset/bcc_HfTa/Hf-Ta/Hf8Ta120/case-85/N0.OUTCAR,0.937500,-165.493051,-50.481222,4.010415,-165.410217,-49.957891,mad
bcc_HfTa,Hf8Ta120,case-86,/lustre/orion/lrn070/world-shared/mlupopa/RHEAs_HydraGNN/HydraGNN/examples/vasp_solid_solution_alloys/dataset/bcc_HfTa/Hf-Ta/Hf8Ta120/case-86,/lustre/orion/lrn070/world-shared/mlupopa/RHEAs_HydraGNN/HydraGNN/examples/vasp_solid_solution_alloys/dataset/bcc_HfTa/Hf-Ta/Hf8Ta120/case-86/N0.OUTCAR,0.937500,-164.855997,-50.481222,4.010415,-165.410217,-49.957891,mad
bcc_HfTa,Hf8Ta120,case-87,/lustre/orion/lrn070/world-shared/mlupopa/RHEAs_HydraGNN/HydraGNN/examples/vasp_solid_solution_alloys/dataset/bcc_HfTa/Hf-Ta/Hf8Ta120/case-87,/lustre/orion/lrn070/world-shared/mlupopa/RHEAs_HydraGNN/HydraGNN/examples/vasp_solid_solution_alloys/dataset/bcc_HfTa/Hf-Ta/Hf8Ta120/case-87/N0.OUTCAR,0.937500,-165.075705,-50.481222,4.010415,-165.410217,-49.957891,mad
bcc_HfTa,Hf8Ta120,case-89,/lustre/orion/lrn070/world-shared/mlupopa/RHEAs_HydraGNN/HydraGNN/examples/vasp_solid_solution_alloys/dataset/bcc_HfTa/Hf-Ta/Hf8Ta120/case-89,/lustre/orion/lrn070/world-shared/mlupopa/RHEAs_HydraGNN/HydraGNN/examples/vasp_solid_solution_alloys/dataset/bcc_HfTa/Hf-Ta/Hf8Ta120/case-89/N0.OUTCAR,0.937500,-164.632071,-50.481222,4.010415,-165.410217,-49.957891,mad
bcc_HfTa,Hf8Ta120,case-9,/lustre/orion/lrn070/world-shared/mlupopa/RHEAs_HydraGNN/HydraGNN/examples/vasp_solid_solution_alloys/dataset/bcc_HfTa/Hf-Ta/Hf8Ta120/case-9,/lustre/orion/lrn070/world-shared/mlupopa/RHEAs_HydraGNN/HydraGNN/examples/vasp_solid_solution_alloys/dataset/bcc_HfTa/Hf-Ta/Hf8Ta120/case-9/N0.OUTCAR,0.937500,-165.862071,-50.481222,4.010415,-165.410217,-49.957891,mad
bcc_HfTa,Hf8Ta120,case-90,/lustre/orion/lrn070/world-shared/mlupopa/RHEAs_HydraGNN/HydraGNN/examples/vasp_solid_solution_alloys/dataset/bcc_HfTa/Hf-Ta/Hf8Ta120/case-90,/lustre/orion/lrn070/world-shared/mlupopa/RHEAs_HydraGNN/HydraGNN/examples/vasp_solid_solution_alloys/dataset/bcc_HfTa/Hf-Ta/Hf8Ta120/case-90/N0.OUTCAR,0.937500,-148.719515,-50.481222,4.010415,-165.410217,-49.957891,mad
bcc_HfTa,Hf8Ta120,case-92,/lustre/orion/lrn070/world-shared/mlupopa/RHEAs_HydraGNN/HydraGNN/examples/vasp_solid_solution_alloys/dataset/bcc_HfTa/Hf-Ta/Hf8Ta120/case-92,/lustre/orion/lrn070/world-shared/mlupopa/RHEAs_HydraGNN/HydraGNN/examples/vasp_solid_solution_alloys/dataset/bcc_HfTa/Hf-Ta/Hf8Ta120/case-92/N0.OUTCAR,0.937500,-166.086000,-50.481222,4.010415,-165.410217,-49.957891,mad
bcc_HfTa,Hf8Ta120,case-94,/lustre/orion/lrn070/world-shared/mlupopa/RHEAs_HydraGNN/HydraGNN/examples/vasp_solid_solution_alloys/dataset/bcc_HfTa/Hf-Ta/Hf8Ta120/case-94,/lustre/orion/lrn070/world-shared/mlupopa/RHEAs_HydraGNN/HydraGNN/examples/vasp_solid_solution_alloys/dataset/bcc_HfTa/Hf-Ta/Hf8Ta120/case-94/N0.OUTCAR,0.937500,-162.766644,-50.481222,4.010415,-165.410217,-49.957891,mad
bcc_HfTa,Hf8Ta120,case-95,/lustre/orion/lrn070/world-shared/mlupopa/RHEAs_HydraGNN/HydraGNN/examples/vasp_solid_solution_alloys/dataset/bcc_HfTa/Hf-Ta/Hf8Ta120/case-95,/lustre/orion/lrn070/world-shared/mlupopa/RHEAs_HydraGNN/HydraGNN/examples/vasp_solid_solution_alloys/dataset/bcc_HfTa/Hf-Ta/Hf8Ta120/case-95/N0.OUTCAR,0.937500,-161.467892,-50.481222,4.010415,-165.410217,-49.957891,mad
bcc_HfTa,Hf8Ta120,case-98,/lustre/orion/lrn070/world-shared/mlupopa/RHEAs_HydraGNN/HydraGNN/examples/vasp_solid_solution_alloys/dataset/bcc_HfTa/Hf-Ta/Hf8Ta120/case-98,/lustre/orion/lrn070/world-shared/mlupopa/RHEAs_HydraGNN/HydraGNN/examples/vasp_solid_solution_alloys/dataset/bcc_HfTa/Hf-Ta/Hf8Ta120/case-98/N0.OUTCAR,0.937500,-165.482588,-50.481222,4.010415,-165.410217,-49.957891,mad
bcc_HfTa,Hf8Ta120,case-99,/lustre/orion/lrn070/world-shared/mlupopa/RHEAs_HydraGNN/HydraGNN/examples/vasp_solid_solution_alloys/dataset/bcc_HfTa/Hf-Ta/Hf8Ta120/case-99,/lustre/orion/lrn070/world-shared/mlupopa/RHEAs_HydraGNN/HydraGNN/examples/vasp_solid_solution_alloys/dataset/bcc_HfTa/Hf-Ta/Hf8Ta120/case-99/N0.OUTCAR,0.937500,-165.246768,-50.481222,4.010415,-165.410217,-49.957891,mad
bcc_HfTa,Hf96Ta32,case-6,/lustre/orion/lrn070/world-shared/mlupopa/RHEAs_HydraGNN/HydraGNN/examples/vasp_solid_solution_alloys/dataset/bcc_HfTa/Hf-Ta/Hf96Ta32/case-6,/lustre/orion/lrn070/world-shared/mlupopa/RHEAs_HydraGNN/HydraGNN/examples/vasp_solid_solution_alloys/dataset/bcc_HfTa/Hf-Ta/Hf96Ta32/case-6/N0.OUTCAR,0.250000,63.669532,55.275462,1.326771,54.346324,56.965894,mad
bcc_HfTi,Hf76Ti52,case-60,/lustre/orion/lrn070/world-shared/mlupopa/RHEAs_HydraGNN/HydraGNN/examples/vasp_solid_solution_alloys/dataset/bcc_HfTi/Hf-Ti/Hf76Ti52/case-60,/lustre/orion/lrn070/world-shared/mlupopa/RHEAs_HydraGNN/HydraGNN/examples/vasp_solid_solution_alloys/dataset/bcc_HfTi/Hf-Ti/Hf76Ti52/case-60/N0.OUTCAR,0.593750,38.498883,35.560255,0.546916,35.043687,36.112864,mad
bcc_NbTi,Nb100Ti28,case-12,/lustre/orion/lrn070/world-shared/mlupopa/RHEAs_HydraGNN/HydraGNN/examples/vasp_solid_solution_alloys/dataset/bcc_NbTi/Nb-Ti/Nb100Ti28/case-12,/lustre/orion/lrn070/world-shared/mlupopa/RHEAs_HydraGNN/HydraGNN/examples/vasp_solid_solution_alloys/dataset/bcc_NbTi/Nb-Ti/Nb100Ti28/case-12/N1.OUTCAR,0.781250,11.443661,1.978499,1.195731,1.188144,9.883500,mad
bcc_NbTi,Nb100Ti28,case-13,/lustre/orion/lrn070/world-shared/mlupopa/RHEAs_HydraGNN/HydraGNN/examples/vasp_solid_solution_alloys/dataset/bcc_NbTi/Nb-Ti/Nb100Ti28/case-13,/lustre/orion/lrn070/world-shared/mlupopa/RHEAs_HydraGNN/HydraGNN/examples/vasp_solid_solution_alloys/dataset/bcc_NbTi/Nb-Ti/Nb100Ti28/case-13/N1.OUTCAR,0.781250,10.107713,1.978499,1.195731,1.188144,9.883500,mad
bcc_NbTi,Nb100Ti28,case-15,/lustre/orion/lrn070/world-shared/mlupopa/RHEAs_HydraGNN/HydraGNN/examples/vasp_solid_solution_alloys/dataset/bcc_NbTi/Nb-Ti/Nb100Ti28/case-15,/lustre/orion/lrn070/world-shared/mlupopa/RHEAs_HydraGNN/HydraGNN/examples/vasp_solid_solution_alloys/dataset/bcc_NbTi/Nb-Ti/Nb100Ti28/case-15/N0.OUTCAR,0.781250,10.650760,1.978499,1.195731,1.188144,9.883500,mad
bcc_NbTi,Nb100Ti28,case-16,/lustre/orion/lrn070/world-shared/mlupopa/RHEAs_HydraGNN/HydraGNN/examples/vasp_solid_solution_alloys/dataset/bcc_NbTi/Nb-Ti/Nb100Ti28/case-16,/lustre/orion/lrn070/world-shared/mlupopa/RHEAs_HydraGNN/HydraGNN/examples/vasp_solid_solution_alloys/dataset/bcc_NbTi/Nb-Ti/Nb100Ti28/case-16/N0.OUTCAR,0.781250,9.108072,1.978499,1.195731,1.188144,9.883500,mad
bcc_NbTi,Nb100Ti28,case-17,/lustre/orion/lrn070/world-shared/mlupopa/RHEAs_HydraGNN/HydraGNN/examples/vasp_solid_solution_alloys/dataset/bcc_NbTi/Nb-Ti/Nb100Ti28/case-17,/lustre/orion/lrn070/world-shared/mlupopa/RHEAs_HydraGNN/HydraGNN/examples/vasp_solid_solution_alloys/dataset/bcc_NbTi/Nb-Ti/Nb100Ti28/case-17/N0.OUTCAR,0.781250,9.812491,1.978499,1.195731,1.188144,9.883500,mad
bcc_NbTi,Nb100Ti28,case-21,/lustre/orion/lrn070/world-shared/mlupopa/RHEAs_HydraGNN/HydraGNN/examples/vasp_solid_solution_alloys/dataset/bcc_NbTi/Nb-Ti/Nb100Ti28/case-21,/lustre/orion/lrn070/world-shared/mlupopa/RHEAs_HydraGNN/HydraGNN/examples/vasp_solid_solution_alloys/dataset/bcc_NbTi/Nb-Ti/Nb100Ti28/case-21/N0.OUTCAR,0.781250,9.945838,1.978499,1.195731,1.188144,9.883500,mad
bcc_NbTi,Nb100Ti28,case-22,/lustre/orion/lrn070/world-shared/mlupopa/RHEAs_HydraGNN/HydraGNN/examples/vasp_solid_solution_alloys/dataset/bcc_NbTi/Nb-Ti/Nb100Ti28/case-22,/lustre/orion/lrn070/world-shared/mlupopa/RHEAs_HydraGNN/HydraGNN/examples/vasp_solid_solution_alloys/dataset/bcc_NbTi/Nb-Ti/Nb100Ti28/case-22/N0.OUTCAR,0.781250,8.787447,1.978499,1.195731,1.188144,9.883500,mad
bcc_NbTi,Nb100Ti28,case-24,/lustre/orion/lrn070/world-shared/mlupopa/RHEAs_HydraGNN/HydraGNN/examples/vasp_solid_solution_alloys/dataset/bcc_NbTi/Nb-Ti/Nb100Ti28/case-24,/lustre/orion/lrn070/world-shared/mlupopa/RHEAs_HydraGNN/HydraGNN/examples/vasp_solid_solution_alloys/dataset/bcc_NbTi/Nb-Ti/Nb100Ti28/case-24/N1.OUTCAR,0.781250,10.379588,1.978499,1.195731,1.188144,9.883500,mad
bcc_NbTi,Nb100Ti28,case-29,/lustre/orion/lrn070/world-shared/mlupopa/RHEAs_HydraGNN/HydraGNN/examples/vasp_solid_solution_alloys/dataset/bcc_NbTi/Nb-Ti/Nb100Ti28/case-29,/lustre/orion/lrn070/world-shared/mlupopa/RHEAs_HydraGNN/HydraGNN/examples/vasp_solid_solution_alloys/dataset/bcc_NbTi/Nb-Ti/Nb100Ti28/case-29/N0.OUTCAR,0.781250,11.952397,1.978499,1.195731,1.188144,9.883500,mad
bcc_NbTi,Nb100Ti28,case-31,/lustre/orion/lrn070/world-shared/mlupopa/RHEAs_HydraGNN/HydraGNN/examples/vasp_solid_solution_alloys/dataset/bcc_NbTi/Nb-Ti/Nb100Ti28/case-31,/lustre/orion/lrn070/world-shared/mlupopa/RHEAs_HydraGNN/HydraGNN/examples/vasp_solid_solution_alloys/dataset/bcc_NbTi/Nb-Ti/Nb100Ti28/case-31/N0.OUTCAR,0.781250,10.873788,1.978499,1.195731,1.188144,9.883500,mad
bcc_NbTi,Nb100Ti28,case-33,/lustre/orion/lrn070/world-shared/mlupopa/RHEAs_HydraGNN/HydraGNN/examples/vasp_solid_solution_alloys/dataset/bcc_NbTi/Nb-Ti/Nb100Ti28/case-33,/lustre/orion/lrn070/world-shared/mlupopa/RHEAs_HydraGNN/HydraGNN/examples/vasp_solid_solution_alloys/dataset/bcc_NbTi/Nb-Ti/Nb100Ti28/case-33/N1.OUTCAR,0.781250,10.871122,1.978499,1.195731,1.188144,9.883500,mad
bcc_NbTi,Nb100Ti28,case-35,/lustre/orion/lrn070/world-shared/mlupopa/RHEAs_HydraGNN/HydraGNN/examples/vasp_solid_solution_alloys/dataset/bcc_NbTi/Nb-Ti/Nb100Ti28/case-35,/lustre/orion/lrn070/world-shared/mlupopa/RHEAs_HydraGNN/HydraGNN/examples/vasp_solid_solution_alloys/dataset/bcc_NbTi/Nb-Ti/Nb100Ti28/case-35/N0.OUTCAR,0.781250,8.782573,1.978499,1.195731,1.188144,9.883500,mad
bcc_NbTi,Nb100Ti28,case-36,/lustre/orion/lrn070/world-shared/mlupopa/RHEAs_HydraGNN/HydraGNN/examples/vasp_solid_solution_alloys/dataset/bcc_NbTi/Nb-Ti/Nb100Ti28/case-36,/lustre/orion/lrn070/world-shared/mlupopa/RHEAs_HydraGNN/HydraGNN/examples/vasp_solid_solution_alloys/dataset/bcc_NbTi/Nb-Ti/Nb100Ti28/case-36/N0.OUTCAR,0.781250,9.958279,1.978499,1.195731,1.188144,9.883500,mad
bcc_NbTi,Nb100Ti28,case-40,/lustre/orion/lrn070/world-shared/mlupopa/RHEAs_HydraGNN/HydraGNN/examples/vasp_solid_solution_alloys/dataset/bcc_NbTi/Nb-Ti/Nb100Ti28/case-40,/lustre/orion/lrn070/world-shared/mlupopa/RHEAs_HydraGNN/HydraGNN/examples/vasp_solid_solution_alloys/dataset/bcc_NbTi/Nb-Ti/Nb100Ti28/case-40/N0.OUTCAR,0.781250,10.005097,1.978499,1.195731,1.188144,9.883500,mad
bcc_NbTi,Nb100Ti28,case-44,/lustre/orion/lrn070/world-shared/mlupopa/RHEAs_HydraGNN/HydraGNN/examples/vasp_solid_solution_alloys/dataset/bcc_NbTi/Nb-Ti/Nb100Ti28/case-44,/lustre/orion/lrn070/world-shared/mlupopa/RHEAs_HydraGNN/HydraGNN/examples/vasp_solid_solution_alloys/dataset/bcc_NbTi/Nb-Ti/Nb100Ti28/case-44/N0.OUTCAR,0.781250,10.291118,1.978499,1.195731,1.188144,9.883500,mad
bcc_NbTi,Nb100Ti28,case-47,/lustre/orion/lrn070/world-shared/mlupopa/RHEAs_HydraGNN/HydraGNN/examples/vasp_solid_solution_alloys/dataset/bcc_NbTi/Nb-Ti/Nb100Ti28/case-47,/lustre/orion/lrn070/world-shared/mlupopa/RHEAs_HydraGNN/HydraGNN/examples/vasp_solid_solution_alloys/dataset/bcc_NbTi/Nb-Ti/Nb100Ti28/case-47/N0.OUTCAR,0.781250,12.350332,1.978499,1.195731,1.188144,9.883500,mad
bcc_NbTi,Nb100Ti28,case-5,/lustre/orion/lrn070/world-shared/mlupopa/RHEAs_HydraGNN/HydraGNN/examples/vasp_solid_solution_alloys/dataset/bcc_NbTi/Nb-Ti/Nb100Ti28/case-5,/lustre/orion/lrn070/world-shared/mlupopa/RHEAs_HydraGNN/HydraGNN/examples/vasp_solid_solution_alloys/dataset/bcc_NbTi/Nb-Ti/Nb100Ti28/case-5/N1.OUTCAR,0.781250,11.068902,1.978499,1.195731,1.188144,9.883500,mad
bcc_NbTi,Nb100Ti28,case-50,/lustre/orion/lrn070/world-shared/mlupopa/RHEAs_HydraGNN/HydraGNN/examples/vasp_solid_solution_alloys/dataset/bcc_NbTi/Nb-Ti/Nb100Ti28/case-50,/lustre/orion/lrn070/world-shared/mlupopa/RHEAs_HydraGNN/HydraGNN/examples/vasp_solid_solution_alloys/dataset/bcc_NbTi/Nb-Ti/Nb100Ti28/case-50/N1.OUTCAR,0.781250,10.356708,1.978499,1.195731,1.188144,9.883500,mad
bcc_NbTi,Nb100Ti28,case-52,/lustre/orion/lrn070/world-shared/mlupopa/RHEAs_HydraGNN/HydraGNN/examples/vasp_solid_solution_alloys/dataset/bcc_NbTi/Nb-Ti/Nb100Ti28/case-52,/lustre/orion/lrn070/world-shared/mlupopa/RHEAs_HydraGNN/HydraGNN/examples/vasp_solid_solution_alloys/dataset/bcc_NbTi/Nb-Ti/Nb100Ti28/case-52/N0.OUTCAR,0.781250,44.315051,1.978499,1.195731,1.188144,9.883500,mad
bcc_NbTi,Nb100Ti28,case-54,/lustre/orion/lrn070/world-shared/mlupopa/RHEAs_HydraGNN/HydraGNN/examples/vasp_solid_solution_alloys/dataset/bcc_NbTi/Nb-Ti/Nb100Ti28/case-54,/lustre/orion/lrn070/world-shared/mlupopa/RHEAs_HydraGNN/HydraGNN/examples/vasp_solid_solution_alloys/dataset/bcc_NbTi/Nb-Ti/Nb100Ti28/case-54/N0.OUTCAR,0.781250,11.606330,1.978499,1.195731,1.188144,9.883500,mad
bcc_NbTi,Nb100Ti28,case-55,/lustre/orion/lrn070/world-shared/mlupopa/RHEAs_HydraGNN/HydraGNN/examples/vasp_solid_solution_alloys/dataset/bcc_NbTi/Nb-Ti/Nb100Ti28/case-55,/lustre/orion/lrn070/world-shared/mlupopa/RHEAs_HydraGNN/HydraGNN/examples/vasp_solid_solution_alloys/dataset/bcc_NbTi/Nb-Ti/Nb100Ti28/case-55/N0.OUTCAR,0.781250,9.259691,1.978499,1.195731,1.188144,9.883500,mad
bcc_NbTi,Nb100Ti28,case-60,/lustre/orion/lrn070/world-shared/mlupopa/RHEAs_HydraGNN/HydraGNN/examples/vasp_solid_solution_alloys/dataset/bcc_NbTi/Nb-Ti/Nb100Ti28/case-60,/lustre/orion/lrn070/world-shared/mlupopa/RHEAs_HydraGNN/HydraGNN/examples/vasp_solid_solution_alloys/dataset/bcc_NbTi/Nb-Ti/Nb100Ti28/case-60/N0.OUTCAR,0.781250,10.325747,1.978499,1.195731,1.188144,9.883500,mad
bcc_NbTi,Nb100Ti28,case-61,/lustre/orion/lrn070/world-shared/mlupopa/RHEAs_HydraGNN/HydraGNN/examples/vasp_solid_solution_alloys/dataset/bcc_NbTi/Nb-Ti/Nb100Ti28/case-61,/lustre/orion/lrn070/world-shared/mlupopa/RHEAs_HydraGNN/HydraGNN/examples/vasp_solid_solution_alloys/dataset/bcc_NbTi/Nb-Ti/Nb100Ti28/case-61/N0.OUTCAR,0.781250,34.086080,1.978499,1.195731,1.188144,9.883500,mad
bcc_NbTi,Nb100Ti28,case-63,/lustre/orion/lrn070/world-shared/mlupopa/RHEAs_HydraGNN/HydraGNN/examples/vasp_solid_solution_alloys/dataset/bcc_NbTi/Nb-Ti/Nb100Ti28/case-63,/lustre/orion/lrn070/world-shared/mlupopa/RHEAs_HydraGNN/HydraGNN/examples/vasp_solid_solution_alloys/dataset/bcc_NbTi/Nb-Ti/Nb100Ti28/case-63/N0.OUTCAR,0.781250,9.251416,1.978499,1.195731,1.188144,9.883500,mad
bcc_NbTi,Nb100Ti28,case-72,/lustre/orion/lrn070/world-shared/mlupopa/RHEAs_HydraGNN/HydraGNN/examples/vasp_solid_solution_alloys/dataset/bcc_NbTi/Nb-Ti/Nb100Ti28/case-72,/lustre/orion/lrn070/world-shared/mlupopa/RHEAs_HydraGNN/HydraGNN/examples/vasp_solid_solution_alloys/dataset/bcc_NbTi/Nb-Ti/Nb100Ti28/case-72/N0.OUTCAR,0.781250,8.636086,1.978499,1.195731,1.188144,9.883500,mad
bcc_NbTi,Nb100Ti28,case-75,/lustre/orion/lrn070/world-shared/mlupopa/RHEAs_HydraGNN/HydraGNN/examples/vasp_solid_solution_alloys/dataset/bcc_NbTi/Nb-Ti/Nb100Ti28/case-75,/lustre/orion/lrn070/world-shared/mlupopa/RHEAs_HydraGNN/HydraGNN/examples/vasp_solid_solution_alloys/dataset/bcc_NbTi/Nb-Ti/Nb100Ti28/case-75/N1.OUTCAR,0.781250,26.906037,1.978499,1.195731,1.188144,9.883500,mad
bcc_NbTi,Nb100Ti28,case-79,/lustre/orion/lrn070/world-shared/mlupopa/RHEAs_HydraGNN/HydraGNN/examples/vasp_solid_solution_alloys/dataset/bcc_NbTi/Nb-Ti/Nb100Ti28/case-79,/lustre/orion/lrn070/world-shared/mlupopa/RHEAs_HydraGNN/HydraGNN/examples/vasp_solid_solution_alloys/dataset/bcc_NbTi/Nb-Ti/Nb100Ti28/case-79/N0.OUTCAR,0.781250,10.257789,1.978499,1.195731,1.188144,9.883500,mad
bcc_NbTi,Nb100Ti28,case-8,/lustre/orion/lrn070/world-shared/mlupopa/RHEAs_HydraGNN/HydraGNN/examples/vasp_solid_solution_alloys/dataset/bcc_NbTi/Nb-Ti/Nb100Ti28/case-8,/lustre/orion/lrn070/world-shared/mlupopa/RHEAs_HydraGNN/HydraGNN/examples/vasp_solid_solution_alloys/dataset/bcc_NbTi/Nb-Ti/Nb100Ti28/case-8/N1.OUTCAR,0.781250,11.319951,1.978499,1.195731,1.188144,9.883500,mad
bcc_NbTi,Nb100Ti28,case-81,/lustre/orion/lrn070/world-shared/mlupopa/RHEAs_HydraGNN/HydraGNN/examples/vasp_solid_solution_alloys/dataset/bcc_NbTi/Nb-Ti/Nb100Ti28/case-81,/lustre/orion/lrn070/world-shared/mlupopa/RHEAs_HydraGNN/HydraGNN/examples/vasp_solid_solution_alloys/dataset/bcc_NbTi/Nb-Ti/Nb100Ti28/case-81/N0.OUTCAR,0.781250,9.528436,1.978499,1.195731,1.188144,9.883500,mad
bcc_NbTi,Nb100Ti28,case-9,/lustre/orion/lrn070/world-shared/mlupopa/RHEAs_HydraGNN/HydraGNN/examples/vasp_solid_solution_alloys/dataset/bcc_NbTi/Nb-Ti/Nb100Ti28/case-9,/lustre/orion/lrn070/world-shared/mlupopa/RHEAs_HydraGNN/HydraGNN/examples/vasp_solid_solution_alloys/dataset/bcc_NbTi/Nb-Ti/Nb100Ti28/case-9/N0.OUTCAR,0.781250,12.576857,1.978499,1.195731,1.188144,9.883500,mad
bcc_NbTi,Nb100Ti28,case-90,/lustre/orion/lrn070/world-shared/mlupopa/RHEAs_HydraGNN/HydraGNN/examples/vasp_solid_solution_alloys/dataset/bcc_NbTi/Nb-Ti/Nb100Ti28/case-90,/lustre/orion/lrn070/world-shared/mlupopa/RHEAs_HydraGNN/HydraGNN/examples/vasp_solid_solution_alloys/dataset/bcc_NbTi/Nb-Ti/Nb100Ti28/case-90/N0.OUTCAR,0.781250,11.016639,1.978499,1.195731,1.188144,9.883500,mad
bcc_NbTi,Nb100Ti28,case-92,/lustre/orion/lrn070/world-shared/mlupopa/RHEAs_HydraGNN/HydraGNN/examples/vasp_solid_solution_alloys/dataset/bcc_NbTi/Nb-Ti/Nb100Ti28/case-92,/lustre/orion/lrn070/world-shared/mlupopa/RHEAs_HydraGNN/HydraGNN/examples/vasp_solid_solution_alloys/dataset/bcc_NbTi/Nb-Ti/Nb100Ti28/case-92/N1.OUTCAR,0.781250,9.862721,1.978499,1.195731,1.188144,9.883500,mad
bcc_NbTi,Nb100Ti28,case-95,/lustre/orion/lrn070/world-shared/mlupopa/RHEAs_HydraGNN/HydraGNN/examples/vasp_solid_solution_alloys/dataset/bcc_NbTi/Nb-Ti/Nb100Ti28/case-95,/lustre/orion/lrn070/world-shared/mlupopa/RHEAs_HydraGNN/HydraGNN/examples/vasp_solid_solution_alloys/dataset/bcc_NbTi/Nb-Ti/Nb100Ti28/case-95/N1.OUTCAR,0.781250,9.517095,1.978499,1.195731,1.188144,9.883500,mad
bcc_NbTi,Nb100Ti28,case-97,/lustre/orion/lrn070/world-shared/mlupopa/RHEAs_HydraGNN/HydraGNN/examples/vasp_solid_solution_alloys/dataset/bcc_NbTi/Nb-Ti/Nb100Ti28/case-97,/lustre/orion/lrn070/world-shared/mlupopa/RHEAs_HydraGNN/HydraGNN/examples/vasp_solid_solution_alloys/dataset/bcc_NbTi/Nb-Ti/Nb100Ti28/case-97/N0.OUTCAR,0.781250,10.621729,1.978499,1.195731,1.188144,9.883500,mad
bcc_NbTi,Nb100Ti28,case-99,/lustre/orion/lrn070/world-shared/mlupopa/RHEAs_HydraGNN/HydraGNN/examples/vasp_solid_solution_alloys/dataset/bcc_NbTi/Nb-Ti/Nb100Ti28/case-99,/lustre/orion/lrn070/world-shared/mlupopa/RHEAs_HydraGNN/HydraGNN/examples/vasp_solid_solution_alloys/dataset/bcc_NbTi/Nb-Ti/Nb100Ti28/case-99/N0.OUTCAR,0.781250,10.096932,1.978499,1.195731,1.188144,9.883500,mad
bcc_NbTi,Nb104Ti24,case-11,/lustre/orion/lrn070/world-shared/mlupopa/RHEAs_HydraGNN/HydraGNN/examples/vasp_solid_solution_alloys/dataset/bcc_NbTi/Nb-Ti/Nb104Ti24/case-11,/lustre/orion/lrn070/world-shared/mlupopa/RHEAs_HydraGNN/HydraGNN/examples/vasp_solid_solution_alloys/dataset/bcc_NbTi/Nb-Ti/Nb104Ti24/case-11/N1.OUTCAR,0.812500,8.984811,-1.474768,0.644145,-1.881000,7.504793,mad
bcc_NbTi,Nb104Ti24,case-14,/lustre/orion/lrn070/world-shared/mlupopa/RHEAs_HydraGNN/HydraGNN/examples/vasp_solid_solution_alloys/dataset/bcc_NbTi/Nb-Ti/Nb104Ti24/case-14,/lustre/orion/lrn070/world-shared/mlupopa/RHEAs_HydraGNN/HydraGNN/examples/vasp_solid_solution_alloys/dataset/bcc_NbTi/Nb-Ti/Nb104Ti24/case-14/N0.OUTCAR,0.812500,8.473259,-1.474768,0.644145,-1.881000,7.504793,mad
bcc_NbTi,Nb104Ti24,case-15,/lustre/orion/lrn070/world-shared/mlupopa/RHEAs_HydraGNN/HydraGNN/examples/vasp_solid_solution_alloys/dataset/bcc_NbTi/Nb-Ti/Nb104Ti24/case-15,/lustre/orion/lrn070/world-shared/mlupopa/RHEAs_HydraGNN/HydraGNN/examples/vasp_solid_solution_alloys/dataset/bcc_NbTi/Nb-Ti/Nb104Ti24/case-15/N0.OUTCAR,0.812500,7.830755,-1.474768,0.644145,-1.881000,7.504793,mad
bcc_NbTi,Nb104Ti24,case-21,/lustre/orion/lrn070/world-shared/mlupopa/RHEAs_HydraGNN/HydraGNN/examples/vasp_solid_solution_alloys/dataset/bcc_NbTi/Nb-Ti/Nb104Ti24/case-21,/lustre/orion/lrn070/world-shared/mlupopa/RHEAs_HydraGNN/HydraGNN/examples/vasp_solid_solution_alloys/dataset/bcc_NbTi/Nb-Ti/Nb104Ti24/case-21/N0.OUTCAR,0.812500,9.200476,-1.474768,0.644145,-1.881000,7.504793,mad
bcc_NbTi,Nb104Ti24,case-22,/lustre/orion/lrn070/world-shared/mlupopa/RHEAs_HydraGNN/HydraGNN/examples/vasp_solid_solution_alloys/dataset/bcc_NbTi/Nb-Ti/Nb104Ti24/case-22,/lustre/orion/lrn070/world-shared/mlupopa/RHEAs_HydraGNN/HydraGNN/examples/vasp_solid_solution_alloys/dataset/bcc_NbTi/Nb-Ti/Nb104Ti24/case-22/N1.OUTCAR,0.812500,8.395995,-1.474768,0.644145,-1.881000,7.504793,mad
bcc_NbTi,Nb104Ti24,case-26,/lustre/orion/lrn070/world-shared/mlupopa/RHEAs_HydraGNN/HydraGNN/examples/vasp_solid_solution_alloys/dataset/bcc_NbTi/Nb-Ti/Nb104Ti24/case-26,/lustre/orion/lrn070/world-shared/mlupopa/RHEAs_HydraGNN/HydraGNN/examples/vasp_solid_solution_alloys/dataset/bcc_NbTi/Nb-Ti/Nb104Ti24/case-26/N1.OUTCAR,0.812500,8.319191,-1.474768,0.644145,-1.881000,7.504793,mad
bcc_NbTi,Nb104Ti24,case-28,/lustre/orion/lrn070/world-shared/mlupopa/RHEAs_HydraGNN/HydraGNN/examples/vasp_solid_solution_alloys/dataset/bcc_NbTi/Nb-Ti/Nb104Ti24/case-28,/lustre/orion/lrn070/world-shared/mlupopa/RHEAs_HydraGNN/HydraGNN/examples/vasp_solid_solution_alloys/dataset/bcc_NbTi/Nb-Ti/Nb104Ti24/case-28/N0.OUTCAR,0.812500,7.326203,-1.474768,0.644145,-1.881000,7.504793,mad
bcc_NbTi,Nb104Ti24,case-31,/lustre/orion/lrn070/world-shared/mlupopa/RHEAs_HydraGNN/HydraGNN/examples/vasp_solid_solution_alloys/dataset/bcc_NbTi/Nb-Ti/Nb104Ti24/case-31,/lustre/orion/lrn070/world-shared/mlupopa/RHEAs_HydraGNN/HydraGNN/examples/vasp_solid_solution_alloys/dataset/bcc_NbTi/Nb-Ti/Nb104Ti24/case-31/N0.OUTCAR,0.812500,9.906154,-1.474768,0.644145,-1.881000,7.504793,mad
bcc_NbTi,Nb104Ti24,case-37,/lustre/orion/lrn070/world-shared/mlupopa/RHEAs_HydraGNN/HydraGNN/examples/vasp_solid_solution_alloys/dataset/bcc_NbTi/Nb-Ti/Nb104Ti24/case-37,/lustre/orion/lrn070/world-shared/mlupopa/RHEAs_HydraGNN/HydraGNN/examples/vasp_solid_solution_alloys/dataset/bcc_NbTi/Nb-Ti/Nb104Ti24/case-37/N1.OUTCAR,0.812500,8.270095,-1.474768,0.644145,-1.881000,7.504793,mad
bcc_NbTi,Nb104Ti24,case-38,/lustre/orion/lrn070/world-shared/mlupopa/RHEAs_HydraGNN/HydraGNN/examples/vasp_solid_solution_alloys/dataset/bcc_NbTi/Nb-Ti/Nb104Ti24/case-38,/lustre/orion/lrn070/world-shared/mlupopa/RHEAs_HydraGNN/HydraGNN/examples/vasp_solid_solution_alloys/dataset/bcc_NbTi/Nb-Ti/Nb104Ti24/case-38/N0.OUTCAR,0.812500,9.469259,-1.474768,0.644145,-1.881000,7.504793,mad
bcc_NbTi,Nb104Ti24,case-39,/lustre/orion/lrn070/world-shared/mlupopa/RHEAs_HydraGNN/HydraGNN/examples/vasp_solid_solution_alloys/dataset/bcc_NbTi/Nb-Ti/Nb104Ti24/case-39,/lustre/orion/lrn070/world-shared/mlupopa/RHEAs_HydraGNN/HydraGNN/examples/vasp_solid_solution_alloys/dataset/bcc_NbTi/Nb-Ti/Nb104Ti24/case-39/N1.OUTCAR,0.812500,8.192430,-1.474768,0.644145,-1.881000,7.504793,mad
bcc_NbTi,Nb104Ti24,case-4,/lustre/orion/lrn070/world-shared/mlupopa/RHEAs_HydraGNN/HydraGNN/examples/vasp_solid_solution_alloys/dataset/bcc_NbTi/Nb-Ti/Nb104Ti24/case-4,/lustre/orion/lrn070/world-shared/mlupopa/RHEAs_HydraGNN/HydraGNN/examples/vasp_solid_solution_alloys/dataset/bcc_NbTi/Nb-Ti/Nb104Ti24/case-4/N0.OUTCAR,0.812500,7.980328,-1.474768,0.644145,-1.881000,7.504793,mad
bcc_NbTi,Nb104Ti24,case-5,/lustre/orion/lrn070/world-shared/mlupopa/RHEAs_HydraGNN/HydraGNN/examples/vasp_solid_solution_alloys/dataset/bcc_NbTi/Nb-Ti/Nb104Ti24/case-5,/lustre/orion/lrn070/world-shared/mlupopa/RHEAs_HydraGNN/HydraGNN/examples/vasp_solid_solution_alloys/dataset/bcc_NbTi/Nb-Ti/Nb104Ti24/case-5/N0.OUTCAR,0.812500,8.877107,-1.474768,0.644145,-1.881000,7.504793,mad
bcc_NbTi,Nb104Ti24,case-51,/lustre/orion/lrn070/world-shared/mlupopa/RHEAs_HydraGNN/HydraGNN/examples/vasp_solid_solution_alloys/dataset/bcc_NbTi/Nb-Ti/Nb104Ti24/case-51,/lustre/orion/lrn070/world-shared/mlupopa/RHEAs_HydraGNN/HydraGNN/examples/vasp_solid_solution_alloys/dataset/bcc_NbTi/Nb-Ti/Nb104Ti24/case-51/N0.OUTCAR,0.812500,7.990298,-1.474768,0.644145,-1.881000,7.504793,mad
bcc_NbTi,Nb104Ti24,case-54,/lustre/orion/lrn070/world-shared/mlupopa/RHEAs_HydraGNN/HydraGNN/examples/vasp_solid_solution_alloys/dataset/bcc_NbTi/Nb-Ti/Nb104Ti24/case-54,/lustre/orion/lrn070/world-shared/mlupopa/RHEAs_HydraGNN/HydraGNN/examples/vasp_solid_solution_alloys/dataset/bcc_NbTi/Nb-Ti/Nb104Ti24/case-54/N1.OUTCAR,0.812500,8.376383,-1.474768,0.644145,-1.881000,7.504793,mad
bcc_NbTi,Nb104Ti24,case-55,/lustre/orion/lrn070/world-shared/mlupopa/RHEAs_HydraGNN/HydraGNN/examples/vasp_solid_solution_alloys/dataset/bcc_NbTi/Nb-Ti/Nb104Ti24/case-55,/lustre/orion/lrn070/world-shared/mlupopa/RHEAs_HydraGNN/HydraGNN/examples/vasp_solid_solution_alloys/dataset/bcc_NbTi/Nb-Ti/Nb104Ti24/case-55/N0.OUTCAR,0.812500,7.764843,-1.474768,0.644145,-1.881000,7.504793,mad
bcc_NbTi,Nb104Ti24,case-59,/lustre/orion/lrn070/world-shared/mlupopa/RHEAs_HydraGNN/HydraGNN/examples/vasp_solid_solution_alloys/dataset/bcc_NbTi/Nb-Ti/Nb104Ti24/case-59,/lustre/orion/lrn070/world-shared/mlupopa/RHEAs_HydraGNN/HydraGNN/examples/vasp_solid_solution_alloys/dataset/bcc_NbTi/Nb-Ti/Nb104Ti24/case-59/N1.OUTCAR,0.812500,9.329645,-1.474768,0.644145,-1.881000,7.504793,mad
bcc_NbTi,Nb104Ti24,case-60,/lustre/orion/lrn070/world-shared/mlupopa/RHEAs_HydraGNN/HydraGNN/examples/vasp_solid_solution_alloys/dataset/bcc_NbTi/Nb-Ti/Nb104Ti24/case-60,/lustre/orion/lrn070/world-shared/mlupopa/RHEAs_HydraGNN/HydraGNN/examples/vasp_solid_solution_alloys/dataset/bcc_NbTi/Nb-Ti/Nb104Ti24/case-60/N0.OUTCAR,0.812500,8.446454,-1.474768,0.644145,-1.881000,7.504793,mad
bcc_NbTi,Nb104Ti24,case-61,/lustre/orion/lrn070/world-shared/mlupopa/RHEAs_HydraGNN/HydraGNN/examples/vasp_solid_solution_alloys/dataset/bcc_NbTi/Nb-Ti/Nb104Ti24/case-61,/lustre/orion/lrn070/world-shared/mlupopa/RHEAs_HydraGNN/HydraGNN/examples/vasp_solid_solution_alloys/dataset/bcc_NbTi/Nb-Ti/Nb104Ti24/case-61/N0.OUTCAR,0.812500,8.077022,-1.474768,0.644145,-1.881000,7.504793,mad
bcc_NbTi,Nb104Ti24,case-63,/lustre/orion/lrn070/world-shared/mlupopa/RHEAs_HydraGNN/HydraGNN/examples/vasp_solid_solution_alloys/dataset/bcc_NbTi/Nb-Ti/Nb104Ti24/case-63,/lustre/orion/lrn070/world-shared/mlupopa/RHEAs_HydraGNN/HydraGNN/examples/vasp_solid_solution_alloys/dataset/bcc_NbTi/Nb-Ti/Nb104Ti24/case-63/N1.OUTCAR,0.812500,7.464353,-1.474768,0.644145,-1.881000,7.504793,mad
bcc_NbTi,Nb104Ti24,case-67,/lustre/orion/lrn070/world-shared/mlupopa/RHEAs_HydraGNN/HydraGNN/examples/vasp_solid_solution_alloys/dataset/bcc_NbTi/Nb-Ti/Nb104Ti24/case-67,/lustre/orion/lrn070/world-shared/mlupopa/RHEAs_HydraGNN/HydraGNN/examples/vasp_solid_solution_alloys/dataset/bcc_NbTi/Nb-Ti/Nb104Ti24/case-67/N0.OUTCAR,0.812500,9.120869,-1.474768,0.644145,-1.881000,7.504793,mad
bcc_NbTi,Nb104Ti24,case-73,/lustre/orion/lrn070/world-shared/mlupopa/RHEAs_HydraGNN/HydraGNN/examples/vasp_solid_solution_alloys/dataset/bcc_NbTi/Nb-Ti/Nb104Ti24/case-73,/lustre/orion/lrn070/world-shared/mlupopa/RHEAs_HydraGNN/HydraGNN/examples/vasp_solid_solution_alloys/dataset/bcc_NbTi/Nb-Ti/Nb104Ti24/case-73/N0.OUTCAR,0.812500,8.305991,-1.474768,0.644145,-1.881000,7.504793,mad
bcc_NbTi,Nb104Ti24,case-81,/lustre/orion/lrn070/world-shared/mlupopa/RHEAs_HydraGNN/HydraGNN/examples/vasp_solid_solution_alloys/dataset/bcc_NbTi/Nb-Ti/Nb104Ti24/case-81,/lustre/orion/lrn070/world-shared/mlupopa/RHEAs_HydraGNN/HydraGNN/examples/vasp_solid_solution_alloys/dataset/bcc_NbTi/Nb-Ti/Nb104Ti24/case-81/N0.OUTCAR,0.812500,7.942105,-1.474768,0.644145,-1.881000,7.504793,mad
bcc_NbTi,Nb104Ti24,case-83,/lustre/orion/lrn070/world-shared/mlupopa/RHEAs_HydraGNN/HydraGNN/examples/vasp_solid_solution_alloys/dataset/bcc_NbTi/Nb-Ti/Nb104Ti24/case-83,/lustre/orion/lrn070/world-shared/mlupopa/RHEAs_HydraGNN/HydraGNN/examples/vasp_solid_solution_alloys/dataset/bcc_NbTi/Nb-Ti/Nb104Ti24/case-83/N0.OUTCAR,0.812500,7.626114,-1.474768,0.644145,-1.881000,7.504793,mad
bcc_NbTi,Nb104Ti24,case-86,/lustre/orion/lrn070/world-shared/mlupopa/RHEAs_HydraGNN/HydraGNN/examples/vasp_solid_solution_alloys/dataset/bcc_NbTi/Nb-Ti/Nb104Ti24/case-86,/lustre/orion/lrn070/world-shared/mlupopa/RHEAs_HydraGNN/HydraGNN/examples/vasp_solid_solution_alloys/dataset/bcc_NbTi/Nb-Ti/Nb104Ti24/case-86/N0.OUTCAR,0.812500,8.494845,-1.474768,0.644145,-1.881000,7.504793,mad
bcc_NbTi,Nb104Ti24,case-9,/lustre/orion/lrn070/world-shared/mlupopa/RHEAs_HydraGNN/HydraGNN/examples/vasp_solid_solution_alloys/dataset/bcc_NbTi/Nb-Ti/Nb104Ti24/case-9,/lustre/orion/lrn070/world-shared/mlupopa/RHEAs_HydraGNN/HydraGNN/examples/vasp_solid_solution_alloys/dataset/bcc_NbTi/Nb-Ti/Nb104Ti24/case-9/N0.OUTCAR,0.812500,8.100738,-1.474768,0.644145,-1.881000,7.504793,mad
bcc_NbTi,Nb104Ti24,case-95,/lustre/orion/lrn070/world-shared/mlupopa/RHEAs_HydraGNN/HydraGNN/examples/vasp_solid_solution_alloys/dataset/bcc_NbTi/Nb-Ti/Nb104Ti24/case-95,/lustre/orion/lrn070/world-shared/mlupopa/RHEAs_HydraGNN/HydraGNN/examples/vasp_solid_solution_alloys/dataset/bcc_NbTi/Nb-Ti/Nb104Ti24/case-95/N0.OUTCAR,0.812500,8.035763,-1.474768,0.644145,-1.881000,7.504793,mad
bcc_NbTi,Nb108Ti20,case-19,/lustre/orion/lrn070/world-shared/mlupopa/RHEAs_HydraGNN/HydraGNN/examples/vasp_solid_solution_alloys/dataset/bcc_NbTi/Nb-Ti/Nb108Ti20/case-19,/lustre/orion/lrn070/world-shared/mlupopa/RHEAs_HydraGNN/HydraGNN/examples/vasp_solid_solution_alloys/dataset/bcc_NbTi/Nb-Ti/Nb108Ti20/case-19/N0.OUTCAR,0.843750,6.310758,-4.848331,0.578719,-5.426337,-4.282052,mad
bcc_NbTi,Nb108Ti20,case-38,/lustre/orion/lrn070/world-shared/mlupopa/RHEAs_HydraGNN/HydraGNN/examples/vasp_solid_solution_alloys/dataset/bcc_NbTi/Nb-Ti/Nb108Ti20/case-38,/lustre/orion/lrn070/world-shared/mlupopa/RHEAs_HydraGNN/HydraGNN/examples/vasp_solid_solution_alloys/dataset/bcc_NbTi/Nb-Ti/Nb108Ti20/case-38/N1.OUTCAR,0.843750,6.551578,-4.848331,0.578719,-5.426337,-4.282052,mad
bcc_NbTi,Nb108Ti20,case-4,/lustre/orion/lrn070/world-shared/mlupopa/RHEAs_HydraGNN/HydraGNN/examples/vasp_solid_solution_alloys/dataset/bcc_NbTi/Nb-Ti/Nb108Ti20/case-4,/lustre/orion/lrn070/world-shared/mlupopa/RHEAs_HydraGNN/HydraGNN/examples/vasp_solid_solution_alloys/dataset/bcc_NbTi/Nb-Ti/Nb108Ti20/case-4/N0.OUTCAR,0.843750,6.912884,-4.848331,0.578719,-5.426337,-4.282052,mad
bcc_NbTi,Nb108Ti20,case-48,/lustre/orion/lrn070/world-shared/mlupopa/RHEAs_HydraGNN/HydraGNN/examples/vasp_solid_solution_alloys/dataset/bcc_NbTi/Nb-Ti/Nb108Ti20/case-48,/lustre/orion/lrn070/world-shared/mlupopa/RHEAs_HydraGNN/HydraGNN/examples/vasp_solid_solution_alloys/dataset/bcc_NbTi/Nb-Ti/Nb108Ti20/case-48/N1.OUTCAR,0.843750,6.346035,-4.848331,0.578719,-5.426337,-4.282052,mad
bcc_NbTi,Nb108Ti20,case-56,/lustre/orion/lrn070/world-shared/mlupopa/RHEAs_HydraGNN/HydraGNN/examples/vasp_solid_solution_alloys/dataset/bcc_NbTi/Nb-Ti/Nb108Ti20/case-56,/lustre/orion/lrn070/world-shared/mlupopa/RHEAs_HydraGNN/HydraGNN/examples/vasp_solid_solution_alloys/dataset/bcc_NbTi/Nb-Ti/Nb108Ti20/case-56/N0.OUTCAR,0.843750,6.049997,-4.848331,0.578719,-5.426337,-4.282052,mad
bcc_NbTi,Nb108Ti20,case-57,/lustre/orion/lrn070/world-shared/mlupopa/RHEAs_HydraGNN/HydraGNN/examples/vasp_solid_solution_alloys/dataset/bcc_NbTi/Nb-Ti/Nb108Ti20/case-57,/lustre/orion/lrn070/world-shared/mlupopa/RHEAs_HydraGNN/HydraGNN/examples/vasp_solid_solution_alloys/dataset/bcc_NbTi/Nb-Ti/Nb108Ti20/case-57/N0.OUTCAR,0.843750,7.294421,-4.848331,0.578719,-5.426337,-4.282052,mad
bcc_NbTi,Nb108Ti20,case-69,/lustre/orion/lrn070/world-shared/mlupopa/RHEAs_HydraGNN/HydraGNN/examples/vasp_solid_solution_alloys/dataset/bcc_NbTi/Nb-Ti/Nb108Ti20/case-69,/lustre/orion/lrn070/world-shared/mlupopa/RHEAs_HydraGNN/HydraGNN/examples/vasp_solid_solution_alloys/dataset/bcc_NbTi/Nb-Ti/Nb108Ti20/case-69/N0.OUTCAR,0.843750,43.089056,-4.848331,0.578719,-5.426337,-4.282052,mad
bcc_NbTi,Nb108Ti20,case-70,/lustre/orion/lrn070/world-shared/mlupopa/RHEAs_HydraGNN/HydraGNN/examples/vasp_solid_solution_alloys/dataset/bcc_NbTi/Nb-Ti/Nb108Ti20/case-70,/lustre/orion/lrn070/world-shared/mlupopa/RHEAs_HydraGNN/HydraGNN/examples/vasp_solid_solution_alloys/dataset/bcc_NbTi/Nb-Ti/Nb108Ti20/case-70/N1.OUTCAR,0.843750,7.463511,-4.848331,0.578719,-5.426337,-4.282052,mad
bcc_NbTi,Nb108Ti20,case-77,/lustre/orion/lrn070/world-shared/mlupopa/RHEAs_HydraGNN/HydraGNN/examples/vasp_solid_solution_alloys/dataset/bcc_NbTi/Nb-Ti/Nb108Ti20/case-77,/lustre/orion/lrn070/world-shared/mlupopa/RHEAs_HydraGNN/HydraGNN/examples/vasp_solid_solution_alloys/dataset/bcc_NbTi/Nb-Ti/Nb108Ti20/case-77/N0.OUTCAR,0.843750,6.504971,-4.848331,0.578719,-5.426337,-4.282052,mad
bcc_NbTi,Nb108Ti20,case-8,/lustre/orion/lrn070/world-shared/mlupopa/RHEAs_HydraGNN/HydraGNN/examples/vasp_solid_solution_alloys/dataset/bcc_NbTi/Nb-Ti/Nb108Ti20/case-8,/lustre/orion/lrn070/world-shared/mlupopa/RHEAs_HydraGNN/HydraGNN/examples/vasp_solid_solution_alloys/dataset/bcc_NbTi/Nb-Ti/Nb108Ti20/case-8/N0.OUTCAR,0.843750,7.313565,-4.848331,0.578719,-5.426337,-4.282052,mad
bcc_NbTi,Nb108Ti20,case-80,/lustre/orion/lrn070/world-shared/mlupopa/RHEAs_HydraGNN/HydraGNN/examples/vasp_solid_solution_alloys/dataset/bcc_NbTi/Nb-Ti/Nb108Ti20/case-80,/lustre/orion/lrn070/world-shared/mlupopa/RHEAs_HydraGNN/HydraGNN/examples/vasp_solid_solution_alloys/dataset/bcc_NbTi/Nb-Ti/Nb108Ti20/case-80/N1.OUTCAR,0.843750,5.410277,-4.848331,0.578719,-5.426337,-4.282052,mad
bcc_NbTi,Nb108Ti20,case-82,/lustre/orion/lrn070/world-shared/mlupopa/RHEAs_HydraGNN/HydraGNN/examples/vasp_solid_solution_alloys/dataset/bcc_NbTi/Nb-Ti/Nb108Ti20/case-82,/lustre/orion/lrn070/world-shared/mlupopa/RHEAs_HydraGNN/HydraGNN/examples/vasp_solid_solution_alloys/dataset/bcc_NbTi/Nb-Ti/Nb108Ti20/case-82/N0.OUTCAR,0.843750,5.955169,-4.848331,0.578719,-5.426337,-4.282052,mad
bcc_NbTi,Nb108Ti20,case-9,/lustre/orion/lrn070/world-shared/mlupopa/RHEAs_HydraGNN/HydraGNN/examples/vasp_solid_solution_alloys/dataset/bcc_NbTi/Nb-Ti/Nb108Ti20/case-9,/lustre/orion/lrn070/world-shared/mlupopa/RHEAs_HydraGNN/HydraGNN/examples/vasp_solid_solution_alloys/dataset/bcc_NbTi/Nb-Ti/Nb108Ti20/case-9/N0.OUTCAR,0.843750,6.620077,-4.848331,0.578719,-5.426337,-4.282052,mad
bcc_NbTi,Nb108Ti20,case-91,/lustre/orion/lrn070/world-shared/mlupopa/RHEAs_HydraGNN/HydraGNN/examples/vasp_solid_solution_alloys/dataset/bcc_NbTi/Nb-Ti/Nb108Ti20/case-91,/lustre/orion/lrn070/world-shared/mlupopa/RHEAs_HydraGNN/HydraGNN/examples/vasp_solid_solution_alloys/dataset/bcc_NbTi/Nb-Ti/Nb108Ti20/case-91/N0.OUTCAR,0.843750,7.845198,-4.848331,0.578719,-5.426337,-4.282052,mad
bcc_NbTi,Nb112Ti16,case-15,/lustre/orion/lrn070/world-shared/mlupopa/RHEAs_HydraGNN/HydraGNN/examples/vasp_solid_solution_alloys/dataset/bcc_NbTi/Nb-Ti/Nb112Ti16/case-15,/lustre/orion/lrn070/world-shared/mlupopa/RHEAs_HydraGNN/HydraGNN/examples/vasp_solid_solution_alloys/dataset/bcc_NbTi/Nb-Ti/Nb112Ti16/case-15/N0.OUTCAR,0.875000,4.696996,-7.943718,0.604654,-8.439793,-6.506613,mad
bcc_NbTi,Nb112Ti16,case-16,/lustre/orion/lrn070/world-shared/mlupopa/RHEAs_HydraGNN/HydraGNN/examples/vasp_solid_solution_alloys/dataset/bcc_NbTi/Nb-Ti/Nb112Ti16/case-16,/lustre/orion/lrn070/world-shared/mlupopa/RHEAs_HydraGNN/HydraGNN/examples/vasp_solid_solution_alloys/dataset/bcc_NbTi/Nb-Ti/Nb112Ti16/case-16/N1.OUTCAR,0.875000,5.560457,-7.943718,0.604654,-8.439793,-6.506613,mad
bcc_NbTi,Nb112Ti16,case-18,/lustre/orion/lrn070/world-shared/mlupopa/RHEAs_HydraGNN/HydraGNN/examples/vasp_solid_solution_alloys/dataset/bcc_NbTi/Nb-Ti/Nb112Ti16/case-18,/lustre/orion/lrn070/world-shared/mlupopa/RHEAs_HydraGNN/HydraGNN/examples/vasp_solid_solution_alloys/dataset/bcc_NbTi/Nb-Ti/Nb112Ti16/case-18/N0.OUTCAR,0.875000,5.560223,-7.943718,0.604654,-8.439793,-6.506613,mad
bcc_NbTi,Nb112Ti16,case-21,/lustre/orion/lrn070/world-shared/mlupopa/RHEAs_HydraGNN/HydraGNN/examples/vasp_solid_solution_alloys/dataset/bcc_NbTi/Nb-Ti/Nb112Ti16/case-21,/lustre/orion/lrn070/world-shared/mlupopa/RHEAs_HydraGNN/HydraGNN/examples/vasp_solid_solution_alloys/dataset/bcc_NbTi/Nb-Ti/Nb112Ti16/case-21/N0.OUTCAR,0.875000,4.266404,-7.943718,0.604654,-8.439793,-6.506613,mad
bcc_NbTi,Nb112Ti16,case-22,/lustre/orion/lrn070/world-shared/mlupopa/RHEAs_HydraGNN/HydraGNN/examples/vasp_solid_solution_alloys/dataset/bcc_NbTi/Nb-Ti/Nb112Ti16/case-22,/lustre/orion/lrn070/world-shared/mlupopa/RHEAs_HydraGNN/HydraGNN/examples/vasp_solid_solution_alloys/dataset/bcc_NbTi/Nb-Ti/Nb112Ti16/case-22/N1.OUTCAR,0.875000,3.991730,-7.943718,0.604654,-8.439793,-6.506613,mad
bcc_NbTi,Nb112Ti16,case-27,/lustre/orion/lrn070/world-shared/mlupopa/RHEAs_HydraGNN/HydraGNN/examples/vasp_solid_solution_alloys/dataset/bcc_NbTi/Nb-Ti/Nb112Ti16/case-27,/lustre/orion/lrn070/world-shared/mlupopa/RHEAs_HydraGNN/HydraGNN/examples/vasp_solid_solution_alloys/dataset/bcc_NbTi/Nb-Ti/Nb112Ti16/case-27/N0.OUTCAR,0.875000,5.358203,-7.943718,0.604654,-8.439793,-6.506613,mad
bcc_NbTi,Nb112Ti16,case-28,/lustre/orion/lrn070/world-shared/mlupopa/RHEAs_HydraGNN/HydraGNN/examples/vasp_solid_solution_alloys/dataset/bcc_NbTi/Nb-Ti/Nb112Ti16/case-28,/lustre/orion/lrn070/world-shared/mlupopa/RHEAs_HydraGNN/HydraGNN/examples/vasp_solid_solution_alloys/dataset/bcc_NbTi/Nb-Ti/Nb112Ti16/case-28/N0.OUTCAR,0.875000,4.586859,-7.943718,0.604654,-8.439793,-6.506613,mad
bcc_NbTi,Nb112Ti16,case-29,/lustre/orion/lrn070/world-shared/mlupopa/RHEAs_HydraGNN/HydraGNN/examples/vasp_solid_solution_alloys/dataset/bcc_NbTi/Nb-Ti/Nb112Ti16/case-29,/lustre/orion/lrn070/world-shared/mlupopa/RHEAs_HydraGNN/HydraGNN/examples/vasp_solid_solution_alloys/dataset/bcc_NbTi/Nb-Ti/Nb112Ti16/case-29/N0.OUTCAR,0.875000,4.306344,-7.943718,0.604654,-8.439793,-6.506613,mad
bcc_NbTi,Nb112Ti16,case-30,/lustre/orion/lrn070/world-shared/mlupopa/RHEAs_HydraGNN/HydraGNN/examples/vasp_solid_solution_alloys/dataset/bcc_NbTi/Nb-Ti/Nb112Ti16/case-30,/lustre/orion/lrn070/world-shared/mlupopa/RHEAs_HydraGNN/HydraGNN/examples/vasp_solid_solution_alloys/dataset/bcc_NbTi/Nb-Ti/Nb112Ti16/case-30/N1.OUTCAR,0.875000,4.476451,-7.943718,0.604654,-8.439793,-6.506613,mad
bcc_NbTi,Nb112Ti16,case-35,/lustre/orion/lrn070/world-shared/mlupopa/RHEAs_HydraGNN/HydraGNN/examples/vasp_solid_solution_alloys/dataset/bcc_NbTi/Nb-Ti/Nb112Ti16/case-35,/lustre/orion/lrn070/world-shared/mlupopa/RHEAs_HydraGNN/HydraGNN/examples/vasp_solid_solution_alloys/dataset/bcc_NbTi/Nb-Ti/Nb112Ti16/case-35/N1.OUTCAR,0.875000,3.916548,-7.943718,0.604654,-8.439793,-6.506613,mad
bcc_NbTi,Nb112Ti16,case-4,/lustre/orion/lrn070/world-shared/mlupopa/RHEAs_HydraGNN/HydraGNN/examples/vasp_solid_solution_alloys/dataset/bcc_NbTi/Nb-Ti/Nb112Ti16/case-4,/lustre/orion/lrn070/world-shared/mlupopa/RHEAs_HydraGNN/HydraGNN/examples/vasp_solid_solution_alloys/dataset/bcc_NbTi/Nb-Ti/Nb112Ti16/case-4/N0.OUTCAR,0.875000,4.929912,-7.943718,0.604654,-8.439793,-6.506613,mad
bcc_NbTi,Nb112Ti16,case-40,/lustre/orion/lrn070/world-shared/mlupopa/RHEAs_HydraGNN/HydraGNN/examples/vasp_solid_solution_alloys/dataset/bcc_NbTi/Nb-Ti/Nb112Ti16/case-40,/lustre/orion/lrn070/world-shared/mlupopa/RHEAs_HydraGNN/HydraGNN/examples/vasp_solid_solution_alloys/dataset/bcc_NbTi/Nb-Ti/Nb112Ti16/case-40/N1.OUTCAR,0.875000,4.055736,-7.943718,0.604654,-8.439793,-6.506613,mad
bcc_NbTi,Nb112Ti16,case-5,/lustre/orion/lrn070/world-shared/mlupopa/RHEAs_HydraGNN/HydraGNN/examples/vasp_solid_solution_alloys/dataset/bcc_NbTi/Nb-Ti/Nb112Ti16/case-5,/lustre/orion/lrn070/world-shared/mlupopa/RHEAs_HydraGNN/HydraGNN/examples/vasp_solid_solution_alloys/dataset/bcc_NbTi/Nb-Ti/Nb112Ti16/case-5/N0.OUTCAR,0.875000,4.080768,-7.943718,0.604654,-8.439793,-6.506613,mad
bcc_NbTi,Nb112Ti16,case-58,/lustre/orion/lrn070/world-shared/mlupopa/RHEAs_HydraGNN/HydraGNN/examples/vasp_solid_solution_alloys/dataset/bcc_NbTi/Nb-Ti/Nb112Ti16/case-58,/lustre/orion/lrn070/world-shared/mlupopa/RHEAs_HydraGNN/HydraGNN/examples/vasp_solid_solution_alloys/dataset/bcc_NbTi/Nb-Ti/Nb112Ti16/case-58/N0.OUTCAR,0.875000,4.607946,-7.943718,0.604654,-8.439793,-6.506613,mad
bcc_NbTi,Nb112Ti16,case-63,/lustre/orion/lrn070/world-shared/mlupopa/RHEAs_HydraGNN/HydraGNN/examples/vasp_solid_solution_alloys/dataset/bcc_NbTi/Nb-Ti/Nb112Ti16/case-63,/lustre/orion/lrn070/world-shared/mlupopa/RHEAs_HydraGNN/HydraGNN/examples/vasp_solid_solution_alloys/dataset/bcc_NbTi/Nb-Ti/Nb112Ti16/case-63/N1.OUTCAR,0.875000,4.856247,-7.943718,0.604654,-8.439793,-6.506613,mad
bcc_NbTi,Nb112Ti16,case-65,/lustre/orion/lrn070/world-shared/mlupopa/RHEAs_HydraGNN/HydraGNN/examples/vasp_solid_solution_alloys/dataset/bcc_NbTi/Nb-Ti/Nb112Ti16/case-65,/lustre/orion/lrn070/world-shared/mlupopa/RHEAs_HydraGNN/HydraGNN/examples/vasp_solid_solution_alloys/dataset/bcc_NbTi/Nb-Ti/Nb112Ti16/case-65/N0.OUTCAR,0.875000,4.504716,-7.943718,0.604654,-8.439793,-6.506613,mad
bcc_NbTi,Nb112Ti16,case-66,/lustre/orion/lrn070/world-shared/mlupopa/RHEAs_HydraGNN/HydraGNN/examples/vasp_solid_solution_alloys/dataset/bcc_NbTi/Nb-Ti/Nb112Ti16/case-66,/lustre/orion/lrn070/world-shared/mlupopa/RHEAs_HydraGNN/HydraGNN/examples/vasp_solid_solution_alloys/dataset/bcc_NbTi/Nb-Ti/Nb112Ti16/case-66/N1.OUTCAR,0.875000,4.506733,-7.943718,0.604654,-8.439793,-6.506613,mad
bcc_NbTi,Nb112Ti16,case-68,/lustre/orion/lrn070/world-shared/mlupopa/RHEAs_HydraGNN/HydraGNN/examples/vasp_solid_solution_alloys/dataset/bcc_NbTi/Nb-Ti/Nb112Ti16/case-68,/lustre/orion/lrn070/world-shared/mlupopa/RHEAs_HydraGNN/HydraGNN/examples/vasp_solid_solution_alloys/dataset/bcc_NbTi/Nb-Ti/Nb112Ti16/case-68/N0.OUTCAR,0.875000,4.616139,-7.943718,0.604654,-8.439793,-6.506613,mad
bcc_NbTi,Nb112Ti16,case-70,/lustre/orion/lrn070/world-shared/mlupopa/RHEAs_HydraGNN/HydraGNN/examples/vasp_solid_solution_alloys/dataset/bcc_NbTi/Nb-Ti/Nb112Ti16/case-70,/lustre/orion/lrn070/world-shared/mlupopa/RHEAs_HydraGNN/HydraGNN/examples/vasp_solid_solution_alloys/dataset/bcc_NbTi/Nb-Ti/Nb112Ti16/case-70/N1.OUTCAR,0.875000,3.755226,-7.943718,0.604654,-8.439793,-6.506613,mad
bcc_NbTi,Nb112Ti16,case-82,/lustre/orion/lrn070/world-shared/mlupopa/RHEAs_HydraGNN/HydraGNN/examples/vasp_solid_solution_alloys/dataset/bcc_NbTi/Nb-Ti/Nb112Ti16/case-82,/lustre/orion/lrn070/world-shared/mlupopa/RHEAs_HydraGNN/HydraGNN/examples/vasp_solid_solution_alloys/dataset/bcc_NbTi/Nb-Ti/Nb112Ti16/case-82/N1.OUTCAR,0.875000,4.174583,-7.943718,0.604654,-8.439793,-6.506613,mad
bcc_NbTi,Nb112Ti16,case-84,/lustre/orion/lrn070/world-shared/mlupopa/RHEAs_HydraGNN/HydraGNN/examples/vasp_solid_solution_alloys/dataset/bcc_NbTi/Nb-Ti/Nb112Ti16/case-84,/lustre/orion/lrn070/world-shared/mlupopa/RHEAs_HydraGNN/HydraGNN/examples/vasp_solid_solution_alloys/dataset/bcc_NbTi/Nb-Ti/Nb112Ti16/case-84/N0.OUTCAR,0.875000,4.800910,-7.943718,0.604654,-8.439793,-6.506613,mad
bcc_NbTi,Nb112Ti16,case-9,/lustre/orion/lrn070/world-shared/mlupopa/RHEAs_HydraGNN/HydraGNN/examples/vasp_solid_solution_alloys/dataset/bcc_NbTi/Nb-Ti/Nb112Ti16/case-9,/lustre/orion/lrn070/world-shared/mlupopa/RHEAs_HydraGNN/HydraGNN/examples/vasp_solid_solution_alloys/dataset/bcc_NbTi/Nb-Ti/Nb112Ti16/case-9/N0.OUTCAR,0.875000,4.904005,-7.943718,0.604654,-8.439793,-6.506613,mad
bcc_NbTi,Nb112Ti16,case-91,/lustre/orion/lrn070/world-shared/mlupopa/RHEAs_HydraGNN/HydraGNN/examples/vasp_solid_solution_alloys/dataset/bcc_NbTi/Nb-Ti/Nb112Ti16/case-91,/lustre/orion/lrn070/world-shared/mlupopa/RHEAs_HydraGNN/HydraGNN/examples/vasp_solid_solution_alloys/dataset/bcc_NbTi/Nb-Ti/Nb112Ti16/case-91/N1.OUTCAR,0.875000,4.209282,-7.943718,0.604654,-8.439793,-6.506613,mad
bcc_NbTi,Nb112Ti16,case-92,/lustre/orion/lrn070/world-shared/mlupopa/RHEAs_HydraGNN/HydraGNN/examples/vasp_solid_solution_alloys/dataset/bcc_NbTi/Nb-Ti/Nb112Ti16/case-92,/lustre/orion/lrn070/world-shared/mlupopa/RHEAs_HydraGNN/HydraGNN/examples/vasp_solid_solution_alloys/dataset/bcc_NbTi/Nb-Ti/Nb112Ti16/case-92/N0.OUTCAR,0.875000,3.991015,-7.943718,0.604654,-8.439793,-6.506613,mad
bcc_NbTi,Nb116Ti12,case-1,/lustre/orion/lrn070/world-shared/mlupopa/RHEAs_HydraGNN/HydraGNN/examples/vasp_solid_solution_alloys/dataset/bcc_NbTi/Nb-Ti/Nb116Ti12/case-1,/lustre/orion/lrn070/world-shared/mlupopa/RHEAs_HydraGNN/HydraGNN/examples/vasp_solid_solution_alloys/dataset/bcc_NbTi/Nb-Ti/Nb116Ti12/case-1/N0.OUTCAR,0.906250,2.713270,-11.110588,0.550121,-11.486144,2.206427,mad
bcc_NbTi,Nb116Ti12,case-10,/lustre/orion/lrn070/world-shared/mlupopa/RHEAs_HydraGNN/HydraGNN/examples/vasp_solid_solution_alloys/dataset/bcc_NbTi/Nb-Ti/Nb116Ti12/case-10,/lustre/orion/lrn070/world-shared/mlupopa/RHEAs_HydraGNN/HydraGNN/examples/vasp_solid_solution_alloys/dataset/bcc_NbTi/Nb-Ti/Nb116Ti12/case-10/N0.OUTCAR,0.906250,2.258203,-11.110588,0.550121,-11.486144,2.206427,mad
bcc_NbTi,Nb116Ti12,case-100,/lustre/orion/lrn070/world-shared/mlupopa/RHEAs_HydraGNN/HydraGNN/examples/vasp_solid_solution_alloys/dataset/bcc_NbTi/Nb-Ti/Nb116Ti12/case-100,/lustre/orion/lrn070/world-shared/mlupopa/RHEAs_HydraGNN/HydraGNN/examples/vasp_solid_solution_alloys/dataset/bcc_NbTi/Nb-Ti/Nb116Ti12/case-100/N0.OUTCAR,0.906250,2.699855,-11.110588,0.550121,-11.486144,2.206427,mad
bcc_NbTi,Nb116Ti12,case-19,/lustre/orion/lrn070/world-shared/mlupopa/RHEAs_HydraGNN/HydraGNN/examples/vasp_solid_solution_alloys/dataset/bcc_NbTi/Nb-Ti/Nb116Ti12/case-19,/lustre/orion/lrn070/world-shared/mlupopa/RHEAs_HydraGNN/HydraGNN/examples/vasp_solid_solution_alloys/dataset/bcc_NbTi/Nb-Ti/Nb116Ti12/case-19/N1.OUTCAR,0.906250,2.595071,-11.110588,0.550121,-11.486144,2.206427,mad
bcc_NbTi,Nb116Ti12,case-20,/lustre/orion/lrn070/world-shared/mlupopa/RHEAs_HydraGNN/HydraGNN/examples/vasp_solid_solution_alloys/dataset/bcc_NbTi/Nb-Ti/Nb116Ti12/case-20,/lustre/orion/lrn070/world-shared/mlupopa/RHEAs_HydraGNN/HydraGNN/examples/vasp_solid_solution_alloys/dataset/bcc_NbTi/Nb-Ti/Nb116Ti12/case-20/N1.OUTCAR,0.906250,2.853206,-11.110588,0.550121,-11.486144,2.206427,mad
bcc_NbTi,Nb116Ti12,case-22,/lustre/orion/lrn070/world-shared/mlupopa/RHEAs_HydraGNN/HydraGNN/examples/vasp_solid_solution_alloys/dataset/bcc_NbTi/Nb-Ti/Nb116Ti12/case-22,/lustre/orion/lrn070/world-shared/mlupopa/RHEAs_HydraGNN/HydraGNN/examples/vasp_solid_solution_alloys/dataset/bcc_NbTi/Nb-Ti/Nb116Ti12/case-22/N1.OUTCAR,0.906250,3.058783,-11.110588,0.550121,-11.486144,2.206427,mad
bcc_NbTi,Nb116Ti12,case-32,/lustre/orion/lrn070/world-shared/mlupopa/RHEAs_HydraGNN/HydraGNN/examples/vasp_solid_solution_alloys/dataset/bcc_NbTi/Nb-Ti/Nb116Ti12/case-32,/lustre/orion/lrn070/world-shared/mlupopa/RHEAs_HydraGNN/HydraGNN/examples/vasp_solid_solution_alloys/dataset/bcc_NbTi/Nb-Ti/Nb116Ti12/case-32/N1.OUTCAR,0.906250,3.021778,-11.110588,0.550121,-11.486144,2.206427,mad
bcc_NbTi,Nb116Ti12,case-37,/lustre/orion/lrn070/world-shared/mlupopa/RHEAs_HydraGNN/HydraGNN/examples/vasp_solid_solution_alloys/dataset/bcc_NbTi/Nb-Ti/Nb116Ti12/case-37,/lustre/orion/lrn070/world-shared/mlupopa/RHEAs_HydraGNN/HydraGNN/examples/vasp_solid_solution_alloys/dataset/bcc_NbTi/Nb-Ti/Nb116Ti12/case-37/N0.OUTCAR,0.906250,2.252344,-11.110588,0.550121,-11.486144,2.206427,mad
bcc_NbTi,Nb116Ti12,case-42,/lustre/orion/lrn070/world-shared/mlupopa/RHEAs_HydraGNN/HydraGNN/examples/vasp_solid_solution_alloys/dataset/bcc_NbTi/Nb-Ti/Nb116Ti12/case-42,/lustre/orion/lrn070/world-shared/mlupopa/RHEAs_HydraGNN/HydraGNN/examples/vasp_solid_solution_alloys/dataset/bcc_NbTi/Nb-Ti/Nb116Ti12/case-42/N1.OUTCAR,0.906250,2.509970,-11.110588,0.550121,-11.486144,2.206427,mad
bcc_NbTi,Nb116Ti12,case-43,/lustre/orion/lrn070/world-shared/mlupopa/RHEAs_HydraGNN/HydraGNN/examples/vasp_solid_solution_alloys/dataset/bcc_NbTi/Nb-Ti/Nb116Ti12/case-43,/lustre/orion/lrn070/world-shared/mlupopa/RHEAs_HydraGNN/HydraGNN/examples/vasp_solid_solution_alloys/dataset/bcc_NbTi/Nb-Ti/Nb116Ti12/case-43/N1.OUTCAR,0.906250,2.952012,-11.110588,0.550121,-11.486144,2.206427,mad
bcc_NbTi,Nb116Ti12,case-45,/lustre/orion/lrn070/world-shared/mlupopa/RHEAs_HydraGNN/HydraGNN/examples/vasp_solid_solution_alloys/dataset/bcc_NbTi/Nb-Ti/Nb116Ti12/case-45,/lustre/orion/lrn070/world-shared/mlupopa/RHEAs_HydraGNN/HydraGNN/examples/vasp_solid_solution_alloys/dataset/bcc_NbTi/Nb-Ti/Nb116Ti12/case-45/N1.OUTCAR,0.906250,2.241574,-11.110588,0.550121,-11.486144,2.206427,mad
bcc_NbTi,Nb116Ti12,case-47,/lustre/orion/lrn070/world-shared/mlupopa/RHEAs_HydraGNN/HydraGNN/examples/vasp_solid_solution_alloys/dataset/bcc_NbTi/Nb-Ti/Nb116Ti12/case-47,/lustre/orion/lrn070/world-shared/mlupopa/RHEAs_HydraGNN/HydraGNN/examples/vasp_solid_solution_alloys/dataset/bcc_NbTi/Nb-Ti/Nb116Ti12/case-47/N0.OUTCAR,0.906250,2.398248,-11.110588,0.550121,-11.486144,2.206427,mad
bcc_NbTi,Nb116Ti12,case-49,/lustre/orion/lrn070/world-shared/mlupopa/RHEAs_HydraGNN/HydraGNN/examples/vasp_solid_solution_alloys/dataset/bcc_NbTi/Nb-Ti/Nb116Ti12/case-49,/lustre/orion/lrn070/world-shared/mlupopa/RHEAs_HydraGNN/HydraGNN/examples/vasp_solid_solution_alloys/dataset/bcc_NbTi/Nb-Ti/Nb116Ti12/case-49/N1.OUTCAR,0.906250,2.378794,-11.110588,0.550121,-11.486144,2.206427,mad
bcc_NbTi,Nb116Ti12,case-54,/lustre/orion/lrn070/world-shared/mlupopa/RHEAs_HydraGNN/HydraGNN/examples/vasp_solid_solution_alloys/dataset/bcc_NbTi/Nb-Ti/Nb116Ti12/case-54,/lustre/orion/lrn070/world-shared/mlupopa/RHEAs_HydraGNN/HydraGNN/examples/vasp_solid_solution_alloys/dataset/bcc_NbTi/Nb-Ti/Nb116Ti12/case-54/N1.OUTCAR,0.906250,2.772528,-11.110588,0.550121,-11.486144,2.206427,mad
bcc_NbTi,Nb116Ti12,case-6,/lustre/orion/lrn070/world-shared/mlupopa/RHEAs_HydraGNN/HydraGNN/examples/vasp_solid_solution_alloys/dataset/bcc_NbTi/Nb-Ti/Nb116Ti12/case-6,/lustre/orion/lrn070/world-shared/mlupopa/RHEAs_HydraGNN/HydraGNN/examples/vasp_solid_solution_alloys/dataset/bcc_NbTi/Nb-Ti/Nb116Ti12/case-6/N1.OUTCAR,0.906250,2.676824,-11.110588,0.550121,-11.486144,2.206427,mad
bcc_NbTi,Nb116Ti12,case-63,/lustre/orion/lrn070/world-shared/mlupopa/RHEAs_HydraGNN/HydraGNN/examples/vasp_solid_solution_alloys/dataset/bcc_NbTi/Nb-Ti/Nb116Ti12/case-63,/lustre/orion/lrn070/world-shared/mlupopa/RHEAs_HydraGNN/HydraGNN/examples/vasp_solid_solution_alloys/dataset/bcc_NbTi/Nb-Ti/Nb116Ti12/case-63/N1.OUTCAR,0.906250,2.305372,-11.110588,0.550121,-11.486144,2.206427,mad
bcc_NbTi,Nb116Ti12,case-64,/lustre/orion/lrn070/world-shared/mlupopa/RHEAs_HydraGNN/HydraGNN/examples/vasp_solid_solution_alloys/dataset/bcc_NbTi/Nb-Ti/Nb116Ti12/case-64,/lustre/orion/lrn070/world-shared/mlupopa/RHEAs_HydraGNN/HydraGNN/examples/vasp_solid_solution_alloys/dataset/bcc_NbTi/Nb-Ti/Nb116Ti12/case-64/N0.OUTCAR,0.906250,3.121177,-11.110588,0.550121,-11.486144,2.206427,mad
bcc_NbTi,Nb116Ti12,case-78,/lustre/orion/lrn070/world-shared/mlupopa/RHEAs_HydraGNN/HydraGNN/examples/vasp_solid_solution_alloys/dataset/bcc_NbTi/Nb-Ti/Nb116Ti12/case-78,/lustre/orion/lrn070/world-shared/mlupopa/RHEAs_HydraGNN/HydraGNN/examples/vasp_solid_solution_alloys/dataset/bcc_NbTi/Nb-Ti/Nb116Ti12/case-78/N1.OUTCAR,0.906250,-6.646568,-11.110588,0.550121,-11.486144,2.206427,mad
bcc_NbTi,Nb116Ti12,case-79,/lustre/orion/lrn070/world-shared/mlupopa/RHEAs_HydraGNN/HydraGNN/examples/vasp_solid_solution_alloys/dataset/bcc_NbTi/Nb-Ti/Nb116Ti12/case-79,/lustre/orion/lrn070/world-shared/mlupopa/RHEAs_HydraGNN/HydraGNN/examples/vasp_solid_solution_alloys/dataset/bcc_NbTi/Nb-Ti/Nb116Ti12/case-79/N0.OUTCAR,0.906250,2.690688,-11.110588,0.550121,-11.486144,2.206427,mad
bcc_NbTi,Nb116Ti12,case-8,/lustre/orion/lrn070/world-shared/mlupopa/RHEAs_HydraGNN/HydraGNN/examples/vasp_solid_solution_alloys/dataset/bcc_NbTi/Nb-Ti/Nb116Ti12/case-8,/lustre/orion/lrn070/world-shared/mlupopa/RHEAs_HydraGNN/HydraGNN/examples/vasp_solid_solution_alloys/dataset/bcc_NbTi/Nb-Ti/Nb116Ti12/case-8/N1.OUTCAR,0.906250,2.588431,-11.110588,0.550121,-11.486144,2.206427,mad
bcc_NbTi,Nb116Ti12,case-82,/lustre/orion/lrn070/world-shared/mlupopa/RHEAs_HydraGNN/HydraGNN/examples/vasp_solid_solution_alloys/dataset/bcc_NbTi/Nb-Ti/Nb116Ti12/case-82,/lustre/orion/lrn070/world-shared/mlupopa/RHEAs_HydraGNN/HydraGNN/examples/vasp_solid_solution_alloys/dataset/bcc_NbTi/Nb-Ti/Nb116Ti12/case-82/N1.OUTCAR,0.906250,2.262492,-11.110588,0.550121,-11.486144,2.206427,mad
bcc_NbTi,Nb116Ti12,case-86,/lustre/orion/lrn070/world-shared/mlupopa/RHEAs_HydraGNN/HydraGNN/examples/vasp_solid_solution_alloys/dataset/bcc_NbTi/Nb-Ti/Nb116Ti12/case-86,/lustre/orion/lrn070/world-shared/mlupopa/RHEAs_HydraGNN/HydraGNN/examples/vasp_solid_solution_alloys/dataset/bcc_NbTi/Nb-Ti/Nb116Ti12/case-86/N0.OUTCAR,0.906250,2.048503,-11.110588,0.550121,-11.486144,2.206427,mad
bcc_NbTi,Nb116Ti12,case-87,/lustre/orion/lrn070/world-shared/mlupopa/RHEAs_HydraGNN/HydraGNN/examples/vasp_solid_solution_alloys/dataset/bcc_NbTi/Nb-Ti/Nb116Ti12/case-87,/lustre/orion/lrn070/world-shared/mlupopa/RHEAs_HydraGNN/HydraGNN/examples/vasp_solid_solution_alloys/dataset/bcc_NbTi/Nb-Ti/Nb116Ti12/case-87/N0.OUTCAR,0.906250,2.443909,-11.110588,0.550121,-11.486144,2.206427,mad
bcc_NbTi,Nb116Ti12,case-88,/lustre/orion/lrn070/world-shared/mlupopa/RHEAs_HydraGNN/HydraGNN/examples/vasp_solid_solution_alloys/dataset/bcc_NbTi/Nb-Ti/Nb116Ti12/case-88,/lustre/orion/lrn070/world-shared/mlupopa/RHEAs_HydraGNN/HydraGNN/examples/vasp_solid_solution_alloys/dataset/bcc_NbTi/Nb-Ti/Nb116Ti12/case-88/N1.OUTCAR,0.906250,3.463862,-11.110588,0.550121,-11.486144,2.206427,mad
bcc_NbTi,Nb116Ti12,case-91,/lustre/orion/lrn070/world-shared/mlupopa/RHEAs_HydraGNN/HydraGNN/examples/vasp_solid_solution_alloys/dataset/bcc_NbTi/Nb-Ti/Nb116Ti12/case-91,/lustre/orion/lrn070/world-shared/mlupopa/RHEAs_HydraGNN/HydraGNN/examples/vasp_solid_solution_alloys/dataset/bcc_NbTi/Nb-Ti/Nb116Ti12/case-91/N1.OUTCAR,0.906250,2.194711,-11.110588,0.550121,-11.486144,2.206427,mad
bcc_NbTi,Nb116Ti12,case-92,/lustre/orion/lrn070/world-shared/mlupopa/RHEAs_HydraGNN/HydraGNN/examples/vasp_solid_solution_alloys/dataset/bcc_NbTi/Nb-Ti/Nb116Ti12/case-92,/lustre/orion/lrn070/world-shared/mlupopa/RHEAs_HydraGNN/HydraGNN/examples/vasp_solid_solution_alloys/dataset/bcc_NbTi/Nb-Ti/Nb116Ti12/case-92/N1.OUTCAR,0.906250,2.816494,-11.110588,0.550121,-11.486144,2.206427,mad
bcc_NbTi,Nb116Ti12,case-93,/lustre/orion/lrn070/world-shared/mlupopa/RHEAs_HydraGNN/HydraGNN/examples/vasp_solid_solution_alloys/dataset/bcc_NbTi/Nb-Ti/Nb116Ti12/case-93,/lustre/orion/lrn070/world-shared/mlupopa/RHEAs_HydraGNN/HydraGNN/examples/vasp_solid_solution_alloys/dataset/bcc_NbTi/Nb-Ti/Nb116Ti12/case-93/N1.OUTCAR,0.906250,3.141116,-11.110588,0.550121,-11.486144,2.206427,mad
bcc_NbTi,Nb116Ti12,case-95,/lustre/orion/lrn070/world-shared/mlupopa/RHEAs_HydraGNN/HydraGNN/examples/vasp_solid_solution_alloys/dataset/bcc_NbTi/Nb-Ti/Nb116Ti12/case-95,/lustre/orion/lrn070/world-shared/mlupopa/RHEAs_HydraGNN/HydraGNN/examples/vasp_solid_solution_alloys/dataset/bcc_NbTi/Nb-Ti/Nb116Ti12/case-95/N1.OUTCAR,0.906250,2.146327,-11.110588,0.550121,-11.486144,2.206427,mad
bcc_NbTi,Nb116Ti12,case-99,/lustre/orion/lrn070/world-shared/mlupopa/RHEAs_HydraGNN/HydraGNN/examples/vasp_solid_solution_alloys/dataset/bcc_NbTi/Nb-Ti/Nb116Ti12/case-99,/lustre/orion/lrn070/world-shared/mlupopa/RHEAs_HydraGNN/HydraGNN/examples/vasp_solid_solution_alloys/dataset/bcc_NbTi/Nb-Ti/Nb116Ti12/case-99/N0.OUTCAR,0.906250,3.085679,-11.110588,0.550121,-11.486144,2.206427,mad
bcc_NbTi,Nb120Ti8,case-17,/lustre/orion/lrn070/world-shared/mlupopa/RHEAs_HydraGNN/HydraGNN/examples/vasp_solid_solution_alloys/dataset/bcc_NbTi/Nb-Ti/Nb120Ti8/case-17,/lustre/orion/lrn070/world-shared/mlupopa/RHEAs_HydraGNN/HydraGNN/examples/vasp_solid_solution_alloys/dataset/bcc_NbTi/Nb-Ti/Nb120Ti8/case-17/N1.OUTCAR,0.937500,0.993632,-14.294938,0.387713,-14.550676,0.646053,mad
bcc_NbTi,Nb120Ti8,case-2,/lustre/orion/lrn070/world-shared/mlupopa/RHEAs_HydraGNN/HydraGNN/examples/vasp_solid_solution_alloys/dataset/bcc_NbTi/Nb-Ti/Nb120Ti8/case-2,/lustre/orion/lrn070/world-shared/mlupopa/RHEAs_HydraGNN/HydraGNN/examples/vasp_solid_solution_alloys/dataset/bcc_NbTi/Nb-Ti/Nb120Ti8/case-2/N1.OUTCAR,0.937500,0.592274,-14.294938,0.387713,-14.550676,0.646053,mad
bcc_NbTi,Nb120Ti8,case-20,/lustre/orion/lrn070/world-shared/mlupopa/RHEAs_HydraGNN/HydraGNN/examples/vasp_solid_solution_alloys/dataset/bcc_NbTi/Nb-Ti/Nb120Ti8/case-20,/lustre/orion/lrn070/world-shared/mlupopa/RHEAs_HydraGNN/HydraGNN/examples/vasp_solid_solution_alloys/dataset/bcc_NbTi/Nb-Ti/Nb120Ti8/case-20/N0.OUTCAR,0.937500,0.795549,-14.294938,0.387713,-14.550676,0.646053,mad
bcc_NbTi,Nb120Ti8,case-21,/lustre/orion/lrn070/world-shared/mlupopa/RHEAs_HydraGNN/HydraGNN/examples/vasp_solid_solution_alloys/dataset/bcc_NbTi/Nb-Ti/Nb120Ti8/case-21,/lustre/orion/lrn070/world-shared/mlupopa/RHEAs_HydraGNN/HydraGNN/examples/vasp_solid_solution_alloys/dataset/bcc_NbTi/Nb-Ti/Nb120Ti8/case-21/N0.OUTCAR,0.937500,1.239636,-14.294938,0.387713,-14.550676,0.646053,mad
bcc_NbTi,Nb120Ti8,case-24,/lustre/orion/lrn070/world-shared/mlupopa/RHEAs_HydraGNN/HydraGNN/examples/vasp_solid_solution_alloys/dataset/bcc_NbTi/Nb-Ti/Nb120Ti8/case-24,/lustre/orion/lrn070/world-shared/mlupopa/RHEAs_HydraGNN/HydraGNN/examples/vasp_solid_solution_alloys/dataset/bcc_NbTi/Nb-Ti/Nb120Ti8/case-24/N1.OUTCAR,0.937500,1.491966,-14.294938,0.387713,-14.550676,0.646053,mad
bcc_NbTi,Nb120Ti8,case-25,/lustre/orion/lrn070/world-shared/mlupopa/RHEAs_HydraGNN/HydraGNN/examples/vasp_solid_solution_alloys/dataset/bcc_NbTi/Nb-Ti/Nb120Ti8/case-25,/lustre/orion/lrn070/world-shared/mlupopa/RHEAs_HydraGNN/HydraGNN/examples/vasp_solid_solution_alloys/dataset/bcc_NbTi/Nb-Ti/Nb120Ti8/case-25/N1.OUTCAR,0.937500,1.663992,-14.294938,0.387713,-14.550676,0.646053,mad
bcc_NbTi,Nb120Ti8,case-29,/lustre/orion/lrn070/world-shared/mlupopa/RHEAs_HydraGNN/HydraGNN/examples/vasp_solid_solution_alloys/dataset/bcc_NbTi/Nb-Ti/Nb120Ti8/case-29,/lustre/orion/lrn070/world-shared/mlupopa/RHEAs_HydraGNN/HydraGNN/examples/vasp_solid_solution_alloys/dataset/bcc_NbTi/Nb-Ti/Nb120Ti8/case-29/N0.OUTCAR,0.937500,1.411328,-14.294938,0.387713,-14.550676,0.646053,mad
bcc_NbTi,Nb120Ti8,case-3,/lustre/orion/lrn070/world-shared/mlupopa/RHEAs_HydraGNN/HydraGNN/examples/vasp_solid_solution_alloys/dataset/bcc_NbTi/Nb-Ti/Nb120Ti8/case-3,/lustre/orion/lrn070/world-shared/mlupopa/RHEAs_HydraGNN/HydraGNN/examples/vasp_solid_solution_alloys/dataset/bcc_NbTi/Nb-Ti/Nb120Ti8/case-3/N1.OUTCAR,0.937500,0.562592,-14.294938,0.387713,-14.550676,0.646053,mad
bcc_NbTi,Nb120Ti8,case-32,/lustre/orion/lrn070/world-shared/mlupopa/RHEAs_HydraGNN/HydraGNN/examples/vasp_solid_solution_alloys/dataset/bcc_NbTi/Nb-Ti/Nb120Ti8/case-32,/lustre/orion/lrn070/world-shared/mlupopa/RHEAs_HydraGNN/HydraGNN/examples/vasp_solid_solution_alloys/dataset/bcc_NbTi/Nb-Ti/Nb120Ti8/case-32/N1.OUTCAR,0.937500,1.826850,-14.294938,0.387713,-14.550676,0.646053,mad
bcc_NbTi,Nb120Ti8,case-33,/lustre/orion/lrn070/world-shared/mlupopa/RHEAs_HydraGNN/HydraGNN/examples/vasp_solid_solution_alloys/dataset/bcc_NbTi/Nb-Ti/Nb120Ti8/case-33,/lustre/orion/lrn070/world-shared/mlupopa/RHEAs_HydraGNN/HydraGNN/examples/vasp_solid_solution_alloys/dataset/bcc_NbTi/Nb-Ti/Nb120Ti8/case-33/N1.OUTCAR,0.937500,0.809991,-14.294938,0.387713,-14.550676,0.646053,mad
bcc_NbTi,Nb120Ti8,case-35,/lustre/orion/lrn070/world-shared/mlupopa/RHEAs_HydraGNN/HydraGNN/examples/vasp_solid_solution_alloys/dataset/bcc_NbTi/Nb-Ti/Nb120Ti8/case-35,/lustre/orion/lrn070/world-shared/mlupopa/RHEAs_HydraGNN/HydraGNN/examples/vasp_solid_solution_alloys/dataset/bcc_NbTi/Nb-Ti/Nb120Ti8/case-35/N0.OUTCAR,0.937500,1.557502,-14.294938,0.387713,-14.550676,0.646053,mad
bcc_NbTi,Nb120Ti8,case-37,/lustre/orion/lrn070/world-shared/mlupopa/RHEAs_HydraGNN/HydraGNN/examples/vasp_solid_solution_alloys/dataset/bcc_NbTi/Nb-Ti/Nb120Ti8/case-37,/lustre/orion/lrn070/world-shared/mlupopa/RHEAs_HydraGNN/HydraGNN/examples/vasp_solid_solution_alloys/dataset/bcc_NbTi/Nb-Ti/Nb120Ti8/case-37/N1.OUTCAR,0.937500,1.196028,-14.294938,0.387713,-14.550676,0.646053,mad
bcc_NbTi,Nb120Ti8,case-38,/lustre/orion/lrn070/world-shared/mlupopa/RHEAs_HydraGNN/HydraGNN/examples/vasp_solid_solution_alloys/dataset/bcc_NbTi/Nb-Ti/Nb120Ti8/case-38,/lustre/orion/lrn070/world-shared/mlupopa/RHEAs_HydraGNN/HydraGNN/examples/vasp_solid_solution_alloys/dataset/bcc_NbTi/Nb-Ti/Nb120Ti8/case-38/N0.OUTCAR,0.937500,1.006085,-14.294938,0.387713,-14.550676,0.646053,mad
bcc_NbTi,Nb120Ti8,case-39,/lustre/orion/lrn070/world-shared/mlupopa/RHEAs_HydraGNN/HydraGNN/examples/vasp_solid_solution_alloys/dataset/bcc_NbTi/Nb-Ti/Nb120Ti8/case-39,/lustre/orion/lrn070/world-shared/mlupopa/RHEAs_HydraGNN/HydraGNN/examples/vasp_solid_solution_alloys/dataset/bcc_NbTi/Nb-Ti/Nb120Ti8/case-39/N1.OUTCAR,0.937500,1.655251,-14.294938,0.387713,-14.550676,0.646053,mad
bcc_NbTi,Nb120Ti8,case-44,/lustre/orion/lrn070/world-shared/mlupopa/RHEAs_HydraGNN/HydraGNN/examples/vasp_solid_solution_alloys/dataset/bcc_NbTi/Nb-Ti/Nb120Ti8/case-44,/lustre/orion/lrn070/world-shared/mlupopa/RHEAs_HydraGNN/HydraGNN/examples/vasp_solid_solution_alloys/dataset/bcc_NbTi/Nb-Ti/Nb120Ti8/case-44/N1.OUTCAR,0.937500,0.936949,-14.294938,0.387713,-14.550676,0.646053,mad
bcc_NbTi,Nb120Ti8,case-47,/lustre/orion/lrn070/world-shared/mlupopa/RHEAs_HydraGNN/HydraGNN/examples/vasp_solid_solution_alloys/dataset/bcc_NbTi/Nb-Ti/Nb120Ti8/case-47,/lustre/orion/lrn070/world-shared/mlupopa/RHEAs_HydraGNN/HydraGNN/examples/vasp_solid_solution_alloys/dataset/bcc_NbTi/Nb-Ti/Nb120Ti8/case-47/N0.OUTCAR,0.937500,-12.212183,-14.294938,0.387713,-14.550676,0.646053,mad
bcc_NbTi,Nb120Ti8,case-51,/lustre/orion/lrn070/world-shared/mlupopa/RHEAs_HydraGNN/HydraGNN/examples/vasp_solid_solution_alloys/dataset/bcc_NbTi/Nb-Ti/Nb120Ti8/case-51,/lustre/orion/lrn070/world-shared/mlupopa/RHEAs_HydraGNN/HydraGNN/examples/vasp_solid_solution_alloys/dataset/bcc_NbTi/Nb-Ti/Nb120Ti8/case-51/N1.OUTCAR,0.937500,1.225431,-14.294938,0.387713,-14.550676,0.646053,mad
bcc_NbTi,Nb120Ti8,case-52,/lustre/orion/lrn070/world-shared/mlupopa/RHEAs_HydraGNN/HydraGNN/examples/vasp_solid_solution_alloys/dataset/bcc_NbTi/Nb-Ti/Nb120Ti8/case-52,/lustre/orion/lrn070/world-shared/mlupopa/RHEAs_HydraGNN/HydraGNN/examples/vasp_solid_solution_alloys/dataset/bcc_NbTi/Nb-Ti/Nb120Ti8/case-52/N1.OUTCAR,0.937500,1.774073,-14.294938,0.387713,-14.550676,0.646053,mad
bcc_NbTi,Nb120Ti8,case-53,/lustre/orion/lrn070/world-shared/mlupopa/RHEAs_HydraGNN/HydraGNN/examples/vasp_solid_solution_alloys/dataset/bcc_NbTi/Nb-Ti/Nb120Ti8/case-53,/lustre/orion/lrn070/world-shared/mlupopa/RHEAs_HydraGNN/HydraGNN/examples/vasp_solid_solution_alloys/dataset/bcc_NbTi/Nb-Ti/Nb120Ti8/case-53/N0.OUTCAR,0.937500,1.131364,-14.294938,0.387713,-14.550676,0.646053,mad
bcc_NbTi,Nb120Ti8,case-56,/lustre/orion/lrn070/world-shared/mlupopa/RHEAs_HydraGNN/HydraGNN/examples/vasp_solid_solution_alloys/dataset/bcc_NbTi/Nb-Ti/Nb120Ti8/case-56,/lustre/orion/lrn070/world-shared/mlupopa/RHEAs_HydraGNN/HydraGNN/examples/vasp_solid_solution_alloys/dataset/bcc_NbTi/Nb-Ti/Nb120Ti8/case-56/N1.OUTCAR,0.937500,0.999851,-14.294938,0.387713,-14.550676,0.646053,mad
bcc_NbTi,Nb120Ti8,case-57,/lustre/orion/lrn070/world-shared/mlupopa/RHEAs_HydraGNN/HydraGNN/examples/vasp_solid_solution_alloys/dataset/bcc_NbTi/Nb-Ti/Nb120Ti8/case-57,/lustre/orion/lrn070/world-shared/mlupopa/RHEAs_HydraGNN/HydraGNN/examples/vasp_solid_solution_alloys/dataset/bcc_NbTi/Nb-Ti/Nb120Ti8/case-57/N1.OUTCAR,0.937500,0.941717,-14.294938,0.387713,-14.550676,0.646053,mad
bcc_NbTi,Nb120Ti8,case-6,/lustre/orion/lrn070/world-shared/mlupopa/RHEAs_HydraGNN/HydraGNN/examples/vasp_solid_solution_alloys/dataset/bcc_NbTi/Nb-Ti/Nb120Ti8/case-6,/lustre/orion/lrn070/world-shared/mlupopa/RHEAs_HydraGNN/HydraGNN/examples/vasp_solid_solution_alloys/dataset/bcc_NbTi/Nb-Ti/Nb120Ti8/case-6/N1.OUTCAR,0.937500,0.761679,-14.294938,0.387713,-14.550676,0.646053,mad
bcc_NbTi,Nb120Ti8,case-60,/lustre/orion/lrn070/world-shared/mlupopa/RHEAs_HydraGNN/HydraGNN/examples/vasp_solid_solution_alloys/dataset/bcc_NbTi/Nb-Ti/Nb120Ti8/case-60,/lustre/orion/lrn070/world-shared/mlupopa/RHEAs_HydraGNN/HydraGNN/examples/vasp_solid_solution_alloys/dataset/bcc_NbTi/Nb-Ti/Nb120Ti8/case-60/N1.OUTCAR,0.937500,1.102948,-14.294938,0.387713,-14.550676,0.646053,mad
bcc_NbTi,Nb120Ti8,case-68,/lustre/orion/lrn070/world-shared/mlupopa/RHEAs_HydraGNN/HydraGNN/examples/vasp_solid_solution_alloys/dataset/bcc_NbTi/Nb-Ti/Nb120Ti8/case-68,/lustre/orion/lrn070/world-shared/mlupopa/RHEAs_HydraGNN/HydraGNN/examples/vasp_solid_solution_alloys/dataset/bcc_NbTi/Nb-Ti/Nb120Ti8/case-68/N0.OUTCAR,0.937500,0.635266,-14.294938,0.387713,-14.550676,0.646053,mad
bcc_NbTi,Nb120Ti8,case-70,/lustre/orion/lrn070/world-shared/mlupopa/RHEAs_HydraGNN/HydraGNN/examples/vasp_solid_solution_alloys/dataset/bcc_NbTi/Nb-Ti/Nb120Ti8/case-70,/lustre/orion/lrn070/world-shared/mlupopa/RHEAs_HydraGNN/HydraGNN/examples/vasp_solid_solution_alloys/dataset/bcc_NbTi/Nb-Ti/Nb120Ti8/case-70/N0.OUTCAR,0.937500,0.799249,-14.294938,0.387713,-14.550676,0.646053,mad
bcc_NbTi,Nb120Ti8,case-75,/lustre/orion/lrn070/world-shared/mlupopa/RHEAs_HydraGNN/HydraGNN/examples/vasp_solid_solution_alloys/dataset/bcc_NbTi/Nb-Ti/Nb120Ti8/case-75,/lustre/orion/lrn070/world-shared/mlupopa/RHEAs_HydraGNN/HydraGNN/examples/vasp_solid_solution_alloys/dataset/bcc_NbTi/Nb-Ti/Nb120Ti8/case-75/N1.OUTCAR,0.937500,1.050900,-14.294938,0.387713,-14.550676,0.646053,mad
bcc_NbTi,Nb120Ti8,case-78,/lustre/orion/lrn070/world-shared/mlupopa/RHEAs_HydraGNN/HydraGNN/examples/vasp_solid_solution_alloys/dataset/bcc_NbTi/Nb-Ti/Nb120Ti8/case-78,/lustre/orion/lrn070/world-shared/mlupopa/RHEAs_HydraGNN/HydraGNN/examples/vasp_solid_solution_alloys/dataset/bcc_NbTi/Nb-Ti/Nb120Ti8/case-78/N1.OUTCAR,0.937500,0.749758,-14.294938,0.387713,-14.550676,0.646053,mad
bcc_NbTi,Nb120Ti8,case-8,/lustre/orion/lrn070/world-shared/mlupopa/RHEAs_HydraGNN/HydraGNN/examples/vasp_solid_solution_alloys/dataset/bcc_NbTi/Nb-Ti/Nb120Ti8/case-8,/lustre/orion/lrn070/world-shared/mlupopa/RHEAs_HydraGNN/HydraGNN/examples/vasp_solid_solution_alloys/dataset/bcc_NbTi/Nb-Ti/Nb120Ti8/case-8/N0.OUTCAR,0.937500,0.501423,-14.294938,0.387713,-14.550676,0.646053,mad
bcc_NbTi,Nb120Ti8,case-81,/lustre/orion/lrn070/world-shared/mlupopa/RHEAs_HydraGNN/HydraGNN/examples/vasp_solid_solution_alloys/dataset/bcc_NbTi/Nb-Ti/Nb120Ti8/case-81,/lustre/orion/lrn070/world-shared/mlupopa/RHEAs_HydraGNN/HydraGNN/examples/vasp_solid_solution_alloys/dataset/bcc_NbTi/Nb-Ti/Nb120Ti8/case-81/N1.OUTCAR,0.937500,0.678413,-14.294938,0.387713,-14.550676,0.646053,mad
bcc_NbTi,Nb120Ti8,case-84,/lustre/orion/lrn070/world-shared/mlupopa/RHEAs_HydraGNN/HydraGNN/examples/vasp_solid_solution_alloys/dataset/bcc_NbTi/Nb-Ti/Nb120Ti8/case-84,/lustre/orion/lrn070/world-shared/mlupopa/RHEAs_HydraGNN/HydraGNN/examples/vasp_solid_solution_alloys/dataset/bcc_NbTi/Nb-Ti/Nb120Ti8/case-84/N1.OUTCAR,0.937500,1.190410,-14.294938,0.387713,-14.550676,0.646053,mad
bcc_NbTi,Nb124Ti4,case-12,/lustre/orion/lrn070/world-shared/mlupopa/RHEAs_HydraGNN/HydraGNN/examples/vasp_solid_solution_alloys/dataset/bcc_NbTi/Nb-Ti/Nb124Ti4/case-12,/lustre/orion/lrn070/world-shared/mlupopa/RHEAs_HydraGNN/HydraGNN/examples/vasp_solid_solution_alloys/dataset/bcc_NbTi/Nb-Ti/Nb124Ti4/case-12/N1.OUTCAR,0.968750,-16.616865,-1.072018,0.540556,-17.497866,-0.737700,mad
bcc_NbTi,Nb124Ti4,case-16,/lustre/orion/lrn070/world-shared/mlupopa/RHEAs_HydraGNN/HydraGNN/examples/vasp_solid_solution_alloys/dataset/bcc_NbTi/Nb-Ti/Nb124Ti4/case-16,/lustre/orion/lrn070/world-shared/mlupopa/RHEAs_HydraGNN/HydraGNN/examples/vasp_solid_solution_alloys/dataset/bcc_NbTi/Nb-Ti/Nb124Ti4/case-16/N0.OUTCAR,0.968750,-17.848297,-1.072018,0.540556,-17.497866,-0.737700,mad
bcc_NbTi,Nb124Ti4,case-17,/lustre/orion/lrn070/world-shared/mlupopa/RHEAs_HydraGNN/HydraGNN/examples/vasp_solid_solution_alloys/dataset/bcc_NbTi/Nb-Ti/Nb124Ti4/case-17,/lustre/orion/lrn070/world-shared/mlupopa/RHEAs_HydraGNN/HydraGNN/examples/vasp_solid_solution_alloys/dataset/bcc_NbTi/Nb-Ti/Nb124Ti4/case-17/N0.OUTCAR,0.968750,-17.565033,-1.072018,0.540556,-17.497866,-0.737700,mad
bcc_NbTi,Nb124Ti4,case-18,/lustre/orion/lrn070/world-shared/mlupopa/RHEAs_HydraGNN/HydraGNN/examples/vasp_solid_solution_alloys/dataset/bcc_NbTi/Nb-Ti/Nb124Ti4/case-18,/lustre/orion/lrn070/world-shared/mlupopa/RHEAs_HydraGNN/HydraGNN/examples/vasp_solid_solution_alloys/dataset/bcc_NbTi/Nb-Ti/Nb124Ti4/case-18/N0.OUTCAR,0.968750,-16.347689,-1.072018,0.540556,-17.497866,-0.737700,mad
bcc_NbTi,Nb124Ti4,case-20,/lustre/orion/lrn070/world-shared/mlupopa/RHEAs_HydraGNN/HydraGNN/examples/vasp_solid_solution_alloys/dataset/bcc_NbTi/Nb-Ti/Nb124Ti4/case-20,/lustre/orion/lrn070/world-shared/mlupopa/RHEAs_HydraGNN/HydraGNN/examples/vasp_solid_solution_alloys/dataset/bcc_NbTi/Nb-Ti/Nb124Ti4/case-20/N0.OUTCAR,0.968750,-17.607428,-1.072018,0.540556,-17.497866,-0.737700,mad
bcc_NbTi,Nb124Ti4,case-26,/lustre/orion/lrn070/world-shared/mlupopa/RHEAs_HydraGNN/HydraGNN/examples/vasp_solid_solution_alloys/dataset/bcc_NbTi/Nb-Ti/Nb124Ti4/case-26,/lustre/orion/lrn070/world-shared/mlupopa/RHEAs_HydraGNN/HydraGNN/examples/vasp_solid_solution_alloys/dataset/bcc_NbTi/Nb-Ti/Nb124Ti4/case-26/N0.OUTCAR,0.968750,-17.703153,-1.072018,0.540556,-17.497866,-0.737700,mad
bcc_NbTi,Nb124Ti4,case-27,/lustre/orion/lrn070/world-shared/mlupopa/RHEAs_HydraGNN/HydraGNN/examples/vasp_solid_solution_alloys/dataset/bcc_NbTi/Nb-Ti/Nb124Ti4/case-27,/lustre/orion/lrn070/world-shared/mlupopa/RHEAs_HydraGNN/HydraGNN/examples/vasp_solid_solution_alloys/dataset/bcc_NbTi/Nb-Ti/Nb124Ti4/case-27/N0.OUTCAR,0.968750,-17.656531,-1.072018,0.540556,-17.497866,-0.737700,mad
bcc_NbTi,Nb124Ti4,case-29,/lustre/orion/lrn070/world-shared/mlupopa/RHEAs_HydraGNN/HydraGNN/examples/vasp_solid_solution_alloys/dataset/bcc_NbTi/Nb-Ti/Nb124Ti4/case-29,/lustre/orion/lrn070/world-shared/mlupopa/RHEAs_HydraGNN/HydraGNN/examples/vasp_solid_solution_alloys/dataset/bcc_NbTi/Nb-Ti/Nb124Ti4/case-29/N1.OUTCAR,0.968750,-17.635615,-1.072018,0.540556,-17.497866,-0.737700,mad
bcc_NbTi,Nb124Ti4,case-32,/lustre/orion/lrn070/world-shared/mlupopa/RHEAs_HydraGNN/HydraGNN/examples/vasp_solid_solution_alloys/dataset/bcc_NbTi/Nb-Ti/Nb124Ti4/case-32,/lustre/orion/lrn070/world-shared/mlupopa/RHEAs_HydraGNN/HydraGNN/examples/vasp_solid_solution_alloys/dataset/bcc_NbTi/Nb-Ti/Nb124Ti4/case-32/N0.OUTCAR,0.968750,-17.532429,-1.072018,0.540556,-17.497866,-0.737700,mad
bcc_NbTi,Nb124Ti4,case-35,/lustre/orion/lrn070/world-shared/mlupopa/RHEAs_HydraGNN/HydraGNN/examples/vasp_solid_solution_alloys/dataset/bcc_NbTi/Nb-Ti/Nb124Ti4/case-35,/lustre/orion/lrn070/world-shared/mlupopa/RHEAs_HydraGNN/HydraGNN/examples/vasp_solid_solution_alloys/dataset/bcc_NbTi/Nb-Ti/Nb124Ti4/case-35/N0.OUTCAR,0.968750,-17.604417,-1.072018,0.540556,-17.497866,-0.737700,mad
bcc_NbTi,Nb124Ti4,case-36,/lustre/orion/lrn070/world-shared/mlupopa/RHEAs_HydraGNN/HydraGNN/examples/vasp_solid_solution_alloys/dataset/bcc_NbTi/Nb-Ti/Nb124Ti4/case-36,/lustre/orion/lrn070/world-shared/mlupopa/RHEAs_HydraGNN/HydraGNN/examples/vasp_solid_solution_alloys/dataset/bcc_NbTi/Nb-Ti/Nb124Ti4/case-36/N1.OUTCAR,0.968750,-16.283985,-1.072018,0.540556,-17.497866,-0.737700,mad
bcc_NbTi,Nb124Ti4,case-38,/lustre/orion/lrn070/world-shared/mlupopa/RHEAs_HydraGNN/HydraGNN/examples/vasp_solid_solution_alloys/dataset/bcc_NbTi/Nb-Ti/Nb124Ti4/case-38,/lustre/orion/lrn070/world-shared/mlupopa/RHEAs_HydraGNN/HydraGNN/examples/vasp_solid_solution_alloys/dataset/bcc_NbTi/Nb-Ti/Nb124Ti4/case-38/N1.OUTCAR,0.968750,-17.647719,-1.072018,0.540556,-17.497866,-0.737700,mad
bcc_NbTi,Nb124Ti4,case-39,/lustre/orion/lrn070/world-shared/mlupopa/RHEAs_HydraGNN/HydraGNN/examples/vasp_solid_solution_alloys/dataset/bcc_NbTi/Nb-Ti/Nb124Ti4/case-39,/lustre/orion/lrn070/world-shared/mlupopa/RHEAs_HydraGNN/HydraGNN/examples/vasp_solid_solution_alloys/dataset/bcc_NbTi/Nb-Ti/Nb124Ti4/case-39/N0.OUTCAR,0.968750,-17.485314,-1.072018,0.540556,-17.497866,-0.737700,mad
bcc_NbTi,Nb124Ti4,case-4,/lustre/orion/lrn070/world-shared/mlupopa/RHEAs_HydraGNN/HydraGNN/examples/vasp_solid_solution_alloys/dataset/bcc_NbTi/Nb-Ti/Nb124Ti4/case-4,/lustre/orion/lrn070/world-shared/mlupopa/RHEAs_HydraGNN/HydraGNN/examples/vasp_solid_solution_alloys/dataset/bcc_NbTi/Nb-Ti/Nb124Ti4/case-4/N0.OUTCAR,0.968750,-17.404499,-1.072018,0.540556,-17.497866,-0.737700,mad
bcc_NbTi,Nb124Ti4,case-42,/lustre/orion/lrn070/world-shared/mlupopa/RHEAs_HydraGNN/HydraGNN/examples/vasp_solid_solution_alloys/dataset/bcc_NbTi/Nb-Ti/Nb124Ti4/case-42,/lustre/orion/lrn070/world-shared/mlupopa/RHEAs_HydraGNN/HydraGNN/examples/vasp_solid_solution_alloys/dataset/bcc_NbTi/Nb-Ti/Nb124Ti4/case-42/N0.OUTCAR,0.968750,-17.674147,-1.072018,0.540556,-17.497866,-0.737700,mad
bcc_NbTi,Nb124Ti4,case-44,/lustre/orion/lrn070/world-shared/mlupopa/RHEAs_HydraGNN/HydraGNN/examples/vasp_solid_solution_alloys/dataset/bcc_NbTi/Nb-Ti/Nb124Ti4/case-44,/lustre/orion/lrn070/world-shared/mlupopa/RHEAs_HydraGNN/HydraGNN/examples/vasp_solid_solution_alloys/dataset/bcc_NbTi/Nb-Ti/Nb124Ti4/case-44/N0.OUTCAR,0.968750,-17.587176,-1.072018,0.540556,-17.497866,-0.737700,mad
bcc_NbTi,Nb124Ti4,case-48,/lustre/orion/lrn070/world-shared/mlupopa/RHEAs_HydraGNN/HydraGNN/examples/vasp_solid_solution_alloys/dataset/bcc_NbTi/Nb-Ti/Nb124Ti4/case-48,/lustre/orion/lrn070/world-shared/mlupopa/RHEAs_HydraGNN/HydraGNN/examples/vasp_solid_solution_alloys/dataset/bcc_NbTi/Nb-Ti/Nb124Ti4/case-48/N0.OUTCAR,0.968750,-17.584987,-1.072018,0.540556,-17.497866,-0.737700,mad
bcc_NbTi,Nb124Ti4,case-50,/lustre/orion/lrn070/world-shared/mlupopa/RHEAs_HydraGNN/HydraGNN/examples/vasp_solid_solution_alloys/dataset/bcc_NbTi/Nb-Ti/Nb124Ti4/case-50,/lustre/orion/lrn070/world-shared/mlupopa/RHEAs_HydraGNN/HydraGNN/examples/vasp_solid_solution_alloys/dataset/bcc_NbTi/Nb-Ti/Nb124Ti4/case-50/N0.OUTCAR,0.968750,-17.610999,-1.072018,0.540556,-17.497866,-0.737700,mad
bcc_NbTi,Nb124Ti4,case-55,/lustre/orion/lrn070/world-shared/mlupopa/RHEAs_HydraGNN/HydraGNN/examples/vasp_solid_solution_alloys/dataset/bcc_NbTi/Nb-Ti/Nb124Ti4/case-55,/lustre/orion/lrn070/world-shared/mlupopa/RHEAs_HydraGNN/HydraGNN/examples/vasp_solid_solution_alloys/dataset/bcc_NbTi/Nb-Ti/Nb124Ti4/case-55/N0.OUTCAR,0.968750,-17.690912,-1.072018,0.540556,-17.497866,-0.737700,mad
bcc_NbTi,Nb124Ti4,case-57,/lustre/orion/lrn070/world-shared/mlupopa/RHEAs_HydraGNN/HydraGNN/examples/vasp_solid_solution_alloys/dataset/bcc_NbTi/Nb-Ti/Nb124Ti4/case-57,/lustre/orion/lrn070/world-shared/mlupopa/RHEAs_HydraGNN/HydraGNN/examples/vasp_solid_solution_alloys/dataset/bcc_NbTi/Nb-Ti/Nb124Ti4/case-57/N1.OUTCAR,0.968750,-17.712383,-1.072018,0.540556,-17.497866,-0.737700,mad
bcc_NbTi,Nb124Ti4,case-58,/lustre/orion/lrn070/world-shared/mlupopa/RHEAs_HydraGNN/HydraGNN/examples/vasp_solid_solution_alloys/dataset/bcc_NbTi/Nb-Ti/Nb124Ti4/case-58,/lustre/orion/lrn070/world-shared/mlupopa/RHEAs_HydraGNN/HydraGNN/examples/vasp_solid_solution_alloys/dataset/bcc_NbTi/Nb-Ti/Nb124Ti4/case-58/N0.OUTCAR,0.968750,-17.507901,-1.072018,0.540556,-17.497866,-0.737700,mad
bcc_NbTi,Nb124Ti4,case-59,/lustre/orion/lrn070/world-shared/mlupopa/RHEAs_HydraGNN/HydraGNN/examples/vasp_solid_solution_alloys/dataset/bcc_NbTi/Nb-Ti/Nb124Ti4/case-59,/lustre/orion/lrn070/world-shared/mlupopa/RHEAs_HydraGNN/HydraGNN/examples/vasp_solid_solution_alloys/dataset/bcc_NbTi/Nb-Ti/Nb124Ti4/case-59/N0.OUTCAR,0.968750,-17.772142,-1.072018,0.540556,-17.497866,-0.737700,mad
bcc_NbTi,Nb124Ti4,case-6,/lustre/orion/lrn070/world-shared/mlupopa/RHEAs_HydraGNN/HydraGNN/examples/vasp_solid_solution_alloys/dataset/bcc_NbTi/Nb-Ti/Nb124Ti4/case-6,/lustre/orion/lrn070/world-shared/mlupopa/RHEAs_HydraGNN/HydraGNN/examples/vasp_solid_solution_alloys/dataset/bcc_NbTi/Nb-Ti/Nb124Ti4/case-6/N1.OUTCAR,0.968750,-17.946988,-1.072018,0.540556,-17.497866,-0.737700,mad
bcc_NbTi,Nb124Ti4,case-61,/lustre/orion/lrn070/world-shared/mlupopa/RHEAs_HydraGNN/HydraGNN/examples/vasp_solid_solution_alloys/dataset/bcc_NbTi/Nb-Ti/Nb124Ti4/case-61,/lustre/orion/lrn070/world-shared/mlupopa/RHEAs_HydraGNN/HydraGNN/examples/vasp_solid_solution_alloys/dataset/bcc_NbTi/Nb-Ti/Nb124Ti4/case-61/N0.OUTCAR,0.968750,-17.472697,-1.072018,0.540556,-17.497866,-0.737700,mad
bcc_NbTi,Nb124Ti4,case-62,/lustre/orion/lrn070/world-shared/mlupopa/RHEAs_HydraGNN/HydraGNN/examples/vasp_solid_solution_alloys/dataset/bcc_NbTi/Nb-Ti/Nb124Ti4/case-62,/lustre/orion/lrn070/world-shared/mlupopa/RHEAs_HydraGNN/HydraGNN/examples/vasp_solid_solution_alloys/dataset/bcc_NbTi/Nb-Ti/Nb124Ti4/case-62/N0.OUTCAR,0.968750,-17.207950,-1.072018,0.540556,-17.497866,-0.737700,mad
bcc_NbTi,Nb124Ti4,case-63,/lustre/orion/lrn070/world-shared/mlupopa/RHEAs_HydraGNN/HydraGNN/examples/vasp_solid_solution_alloys/dataset/bcc_NbTi/Nb-Ti/Nb124Ti4/case-63,/lustre/orion/lrn070/world-shared/mlupopa/RHEAs_HydraGNN/HydraGNN/examples/vasp_solid_solution_alloys/dataset/bcc_NbTi/Nb-Ti/Nb124Ti4/case-63/N1.OUTCAR,0.968750,-17.195708,-1.072018,0.540556,-17.497866,-0.737700,mad
bcc_NbTi,Nb124Ti4,case-65,/lustre/orion/lrn070/world-shared/mlupopa/RHEAs_HydraGNN/HydraGNN/examples/vasp_solid_solution_alloys/dataset/bcc_NbTi/Nb-Ti/Nb124Ti4/case-65,/lustre/orion/lrn070/world-shared/mlupopa/RHEAs_HydraGNN/HydraGNN/examples/vasp_solid_solution_alloys/dataset/bcc_NbTi/Nb-Ti/Nb124Ti4/case-65/N0.OUTCAR,0.968750,-17.845738,-1.072018,0.540556,-17.497866,-0.737700,mad
bcc_NbTi,Nb124Ti4,case-66,/lustre/orion/lrn070/world-shared/mlupopa/RHEAs_HydraGNN/HydraGNN/examples/vasp_solid_solution_alloys/dataset/bcc_NbTi/Nb-Ti/Nb124Ti4/case-66,/lustre/orion/lrn070/world-shared/mlupopa/RHEAs_HydraGNN/HydraGNN/examples/vasp_solid_solution_alloys/dataset/bcc_NbTi/Nb-Ti/Nb124Ti4/case-66/N1.OUTCAR,0.968750,-17.408588,-1.072018,0.540556,-17.497866,-0.737700,mad
bcc_NbTi,Nb124Ti4,case-69,/lustre/orion/lrn070/world-shared/mlupopa/RHEAs_HydraGNN/HydraGNN/examples/vasp_solid_solution_alloys/dataset/bcc_NbTi/Nb-Ti/Nb124Ti4/case-69,/lustre/orion/lrn070/world-shared/mlupopa/RHEAs_HydraGNN/HydraGNN/examples/vasp_solid_solution_alloys/dataset/bcc_NbTi/Nb-Ti/Nb124Ti4/case-69/N0.OUTCAR,0.968750,-16.342251,-1.072018,0.540556,-17.497866,-0.737700,mad
bcc_NbTi,Nb124Ti4,case-70,/lustre/orion/lrn070/world-shared/mlupopa/RHEAs_HydraGNN/HydraGNN/examples/vasp_solid_solution_alloys/dataset/bcc_NbTi/Nb-Ti/Nb124Ti4/case-70,/lustre/orion/lrn070/world-shared/mlupopa/RHEAs_HydraGNN/HydraGNN/examples/vasp_solid_solution_alloys/dataset/bcc_NbTi/Nb-Ti/Nb124Ti4/case-70/N0.OUTCAR,0.968750,-16.332014,-1.072018,0.540556,-17.497866,-0.737700,mad
bcc_NbTi,Nb124Ti4,case-72,/lustre/orion/lrn070/world-shared/mlupopa/RHEAs_HydraGNN/HydraGNN/examples/vasp_solid_solution_alloys/dataset/bcc_NbTi/Nb-Ti/Nb124Ti4/case-72,/lustre/orion/lrn070/world-shared/mlupopa/RHEAs_HydraGNN/HydraGNN/examples/vasp_solid_solution_alloys/dataset/bcc_NbTi/Nb-Ti/Nb124Ti4/case-72/N0.OUTCAR,0.968750,-16.419730,-1.072018,0.540556,-17.497866,-0.737700,mad
bcc_NbTi,Nb124Ti4,case-75,/lustre/orion/lrn070/world-shared/mlupopa/RHEAs_HydraGNN/HydraGNN/examples/vasp_solid_solution_alloys/dataset/bcc_NbTi/Nb-Ti/Nb124Ti4/case-75,/lustre/orion/lrn070/world-shared/mlupopa/RHEAs_HydraGNN/HydraGNN/examples/vasp_solid_solution_alloys/dataset/bcc_NbTi/Nb-Ti/Nb124Ti4/case-75/N0.OUTCAR,0.968750,-16.412343,-1.072018,0.540556,-17.497866,-0.737700,mad
bcc_NbTi,Nb124Ti4,case-78,/lustre/orion/lrn070/world-shared/mlupopa/RHEAs_HydraGNN/HydraGNN/examples/vasp_solid_solution_alloys/dataset/bcc_NbTi/Nb-Ti/Nb124Ti4/case-78,/lustre/orion/lrn070/world-shared/mlupopa/RHEAs_HydraGNN/HydraGNN/examples/vasp_solid_solution_alloys/dataset/bcc_NbTi/Nb-Ti/Nb124Ti4/case-78/N0.OUTCAR,0.968750,-17.559654,-1.072018,0.540556,-17.497866,-0.737700,mad
bcc_NbTi,Nb124Ti4,case-8,/lustre/orion/lrn070/world-shared/mlupopa/RHEAs_HydraGNN/HydraGNN/examples/vasp_solid_solution_alloys/dataset/bcc_NbTi/Nb-Ti/Nb124Ti4/case-8,/lustre/orion/lrn070/world-shared/mlupopa/RHEAs_HydraGNN/HydraGNN/examples/vasp_solid_solution_alloys/dataset/bcc_NbTi/Nb-Ti/Nb124Ti4/case-8/N0.OUTCAR,0.968750,-17.587079,-1.072018,0.540556,-17.497866,-0.737700,mad
bcc_NbTi,Nb124Ti4,case-82,/lustre/orion/lrn070/world-shared/mlupopa/RHEAs_HydraGNN/HydraGNN/examples/vasp_solid_solution_alloys/dataset/bcc_NbTi/Nb-Ti/Nb124Ti4/case-82,/lustre/orion/lrn070/world-shared/mlupopa/RHEAs_HydraGNN/HydraGNN/examples/vasp_solid_solution_alloys/dataset/bcc_NbTi/Nb-Ti/Nb124Ti4/case-82/N0.OUTCAR,0.968750,-17.438071,-1.072018,0.540556,-17.497866,-0.737700,mad
bcc_NbTi,Nb124Ti4,case-84,/lustre/orion/lrn070/world-shared/mlupopa/RHEAs_HydraGNN/HydraGNN/examples/vasp_solid_solution_alloys/dataset/bcc_NbTi/Nb-Ti/Nb124Ti4/case-84,/lustre/orion/lrn070/world-shared/mlupopa/RHEAs_HydraGNN/HydraGNN/examples/vasp_solid_solution_alloys/dataset/bcc_NbTi/Nb-Ti/Nb124Ti4/case-84/N0.OUTCAR,0.968750,-17.911093,-1.072018,0.540556,-17.497866,-0.737700,mad
bcc_NbTi,Nb124Ti4,case-85,/lustre/orion/lrn070/world-shared/mlupopa/RHEAs_HydraGNN/HydraGNN/examples/vasp_solid_solution_alloys/dataset/bcc_NbTi/Nb-Ti/Nb124Ti4/case-85,/lustre/orion/lrn070/world-shared/mlupopa/RHEAs_HydraGNN/HydraGNN/examples/vasp_solid_solution_alloys/dataset/bcc_NbTi/Nb-Ti/Nb124Ti4/case-85/N0.OUTCAR,0.968750,-16.458089,-1.072018,0.540556,-17.497866,-0.737700,mad
bcc_NbTi,Nb124Ti4,case-88,/lustre/orion/lrn070/world-shared/mlupopa/RHEAs_HydraGNN/HydraGNN/examples/vasp_solid_solution_alloys/dataset/bcc_NbTi/Nb-Ti/Nb124Ti4/case-88,/lustre/orion/lrn070/world-shared/mlupopa/RHEAs_HydraGNN/HydraGNN/examples/vasp_solid_solution_alloys/dataset/bcc_NbTi/Nb-Ti/Nb124Ti4/case-88/N1.OUTCAR,0.968750,-17.494522,-1.072018,0.540556,-17.497866,-0.737700,mad
bcc_NbTi,Nb124Ti4,case-91,/lustre/orion/lrn070/world-shared/mlupopa/RHEAs_HydraGNN/HydraGNN/examples/vasp_solid_solution_alloys/dataset/bcc_NbTi/Nb-Ti/Nb124Ti4/case-91,/lustre/orion/lrn070/world-shared/mlupopa/RHEAs_HydraGNN/HydraGNN/examples/vasp_solid_solution_alloys/dataset/bcc_NbTi/Nb-Ti/Nb124Ti4/case-91/N0.OUTCAR,0.968750,-17.592354,-1.072018,0.540556,-17.497866,-0.737700,mad
bcc_NbTi,Nb124Ti4,case-94,/lustre/orion/lrn070/world-shared/mlupopa/RHEAs_HydraGNN/HydraGNN/examples/vasp_solid_solution_alloys/dataset/bcc_NbTi/Nb-Ti/Nb124Ti4/case-94,/lustre/orion/lrn070/world-shared/mlupopa/RHEAs_HydraGNN/HydraGNN/examples/vasp_solid_solution_alloys/dataset/bcc_NbTi/Nb-Ti/Nb124Ti4/case-94/N1.OUTCAR,0.968750,-17.514786,-1.072018,0.540556,-17.497866,-0.737700,mad
bcc_NbTi,Nb124Ti4,case-96,/lustre/orion/lrn070/world-shared/mlupopa/RHEAs_HydraGNN/HydraGNN/examples/vasp_solid_solution_alloys/dataset/bcc_NbTi/Nb-Ti/Nb124Ti4/case-96,/lustre/orion/lrn070/world-shared/mlupopa/RHEAs_HydraGNN/HydraGNN/examples/vasp_solid_solution_alloys/dataset/bcc_NbTi/Nb-Ti/Nb124Ti4/case-96/N0.OUTCAR,0.968750,-17.574018,-1.072018,0.540556,-17.497866,-0.737700,mad
bcc_NbTi,Nb28Ti100,case-56,/lustre/orion/lrn070/world-shared/mlupopa/RHEAs_HydraGNN/HydraGNN/examples/vasp_solid_solution_alloys/dataset/bcc_NbTi/Nb-Ti/Nb28Ti100/case-56,/lustre/orion/lrn070/world-shared/mlupopa/RHEAs_HydraGNN/HydraGNN/examples/vasp_solid_solution_alloys/dataset/bcc_NbTi/Nb-Ti/Nb28Ti100/case-56/N1.OUTCAR,0.218750,36.600497,42.783218,1.057844,41.769545,43.915821,mad
bcc_NbTi,Nb40Ti88,case-85,/lustre/orion/lrn070/world-shared/mlupopa/RHEAs_HydraGNN/HydraGNN/examples/vasp_solid_solution_alloys/dataset/bcc_NbTi/Nb-Ti/Nb40Ti88/case-85,/lustre/orion/lrn070/world-shared/mlupopa/RHEAs_HydraGNN/HydraGNN/examples/vasp_solid_solution_alloys/dataset/bcc_NbTi/Nb-Ti/Nb40Ti88/case-85/N1.OUTCAR,0.312500,58.064543,41.925257,1.042108,40.892099,42.965930,mad
bcc_NbTi,Nb48Ti80,case-60,/lustre/orion/lrn070/world-shared/mlupopa/RHEAs_HydraGNN/HydraGNN/examples/vasp_solid_solution_alloys/dataset/bcc_NbTi/Nb-Ti/Nb48Ti80/case-60,/lustre/orion/lrn070/world-shared/mlupopa/RHEAs_HydraGNN/HydraGNN/examples/vasp_solid_solution_alloys/dataset/bcc_NbTi/Nb-Ti/Nb48Ti80/case-60/N0.OUTCAR,0.375000,51.570857,38.668285,1.005182,37.797135,40.135211,mad
bcc_NbTi,Nb48Ti80,case-61,/lustre/orion/lrn070/world-shared/mlupopa/RHEAs_HydraGNN/HydraGNN/examples/vasp_solid_solution_alloys/dataset/bcc_NbTi/Nb-Ti/Nb48Ti80/case-61,/lustre/orion/lrn070/world-shared/mlupopa/RHEAs_HydraGNN/HydraGNN/examples/vasp_solid_solution_alloys/dataset/bcc_NbTi/Nb-Ti/Nb48Ti80/case-61/N0.OUTCAR,0.375000,50.267395,38.668285,1.005182,37.797135,40.135211,mad
bcc_NbTi,Nb48Ti80,case-83,/lustre/orion/lrn070/world-shared/mlupopa/RHEAs_HydraGNN/HydraGNN/examples/vasp_solid_solution_alloys/dataset/bcc_NbTi/Nb-Ti/Nb48Ti80/case-83,/lustre/orion/lrn070/world-shared/mlupopa/RHEAs_HydraGNN/HydraGNN/examples/vasp_solid_solution_alloys/dataset/bcc_NbTi/Nb-Ti/Nb48Ti80/case-83/N1.OUTCAR,0.375000,52.651675,38.668285,1.005182,37.797135,40.135211,mad
bcc_NbTi,Nb4Ti124,case-77,/lustre/orion/lrn070/world-shared/mlupopa/RHEAs_HydraGNN/HydraGNN/examples/vasp_solid_solution_alloys/dataset/bcc_NbTi/Nb-Ti/Nb4Ti124/case-77,/lustre/orion/lrn070/world-shared/mlupopa/RHEAs_HydraGNN/HydraGNN/examples/vasp_solid_solution_alloys/dataset/bcc_NbTi/Nb-Ti/Nb4Ti124/case-77/N0.OUTCAR,0.031250,9.758473,10.421865,0.108091,10.311622,10.516895,mad
bcc_NbTi,Nb4Ti124,case-80,/lustre/orion/lrn070/world-shared/mlupopa/RHEAs_HydraGNN/HydraGNN/examples/vasp_solid_solution_alloys/dataset/bcc_NbTi/Nb-Ti/Nb4Ti124/case-80,/lustre/orion/lrn070/world-shared/mlupopa/RHEAs_HydraGNN/HydraGNN/examples/vasp_solid_solution_alloys/dataset/bcc_NbTi/Nb-Ti/Nb4Ti124/case-80/N0.OUTCAR,0.031250,9.747082,10.421865,0.108091,10.311622,10.516895,mad
bcc_NbTi,Nb52Ti76,case-62,/lustre/orion/lrn070/world-shared/mlupopa/RHEAs_HydraGNN/HydraGNN/examples/vasp_solid_solution_alloys/dataset/bcc_NbTi/Nb-Ti/Nb52Ti76/case-62,/lustre/orion/lrn070/world-shared/mlupopa/RHEAs_HydraGNN/HydraGNN/examples/vasp_solid_solution_alloys/dataset/bcc_NbTi/Nb-Ti/Nb52Ti76/case-62/N1.OUTCAR,0.406250,48.717089,36.118879,1.210862,35.044930,37.377630,mad
bcc_NbTi,Nb52Ti76,case-67,/lustre/orion/lrn070/world-shared/mlupopa/RHEAs_HydraGNN/HydraGNN/examples/vasp_solid_solution_alloys/dataset/bcc_NbTi/Nb-Ti/Nb52Ti76/case-67,/lustre/orion/lrn070/world-shared/mlupopa/RHEAs_HydraGNN/HydraGNN/examples/vasp_solid_solution_alloys/dataset/bcc_NbTi/Nb-Ti/Nb52Ti76/case-67/N1.OUTCAR,0.406250,44.996528,36.118879,1.210862,35.044930,37.377630,mad
bcc_NbTi,Nb52Ti76,case-84,/lustre/orion/lrn070/world-shared/mlupopa/RHEAs_HydraGNN/HydraGNN/examples/vasp_solid_solution_alloys/dataset/bcc_NbTi/Nb-Ti/Nb52Ti76/case-84,/lustre/orion/lrn070/world-shared/mlupopa/RHEAs_HydraGNN/HydraGNN/examples/vasp_solid_solution_alloys/dataset/bcc_NbTi/Nb-Ti/Nb52Ti76/case-84/N0.OUTCAR,0.406250,62.161562,36.118879,1.210862,35.044930,37.377630,mad
bcc_NbTi,Nb52Ti76,case-87,/lustre/orion/lrn070/world-shared/mlupopa/RHEAs_HydraGNN/HydraGNN/examples/vasp_solid_solution_alloys/dataset/bcc_NbTi/Nb-Ti/Nb52Ti76/case-87,/lustre/orion/lrn070/world-shared/mlupopa/RHEAs_HydraGNN/HydraGNN/examples/vasp_solid_solution_alloys/dataset/bcc_NbTi/Nb-Ti/Nb52Ti76/case-87/N0.OUTCAR,0.406250,48.850708,36.118879,1.210862,35.044930,37.377630,mad
bcc_NbTi,Nb52Ti76,case-95,/lustre/orion/lrn070/world-shared/mlupopa/RHEAs_HydraGNN/HydraGNN/examples/vasp_solid_solution_alloys/dataset/bcc_NbTi/Nb-Ti/Nb52Ti76/case-95,/lustre/orion/lrn070/world-shared/mlupopa/RHEAs_HydraGNN/HydraGNN/examples/vasp_solid_solution_alloys/dataset/bcc_NbTi/Nb-Ti/Nb52Ti76/case-95/N1.OUTCAR,0.406250,64.366050,36.118879,1.210862,35.044930,37.377630,mad
bcc_NbTi,Nb56Ti72,case-3,/lustre/orion/lrn070/world-shared/mlupopa/RHEAs_HydraGNN/HydraGNN/examples/vasp_solid_solution_alloys/dataset/bcc_NbTi/Nb-Ti/Nb56Ti72/case-3,/lustre/orion/lrn070/world-shared/mlupopa/RHEAs_HydraGNN/HydraGNN/examples/vasp_solid_solution_alloys/dataset/bcc_NbTi/Nb-Ti/Nb56Ti72/case-3/N0.OUTCAR,0.437500,61.122896,33.588397,1.117913,32.344587,34.619524,mad
bcc_NbTi,Nb56Ti72,case-66,/lustre/orion/lrn070/world-shared/mlupopa/RHEAs_HydraGNN/HydraGNN/examples/vasp_solid_solution_alloys/dataset/bcc_NbTi/Nb-Ti/Nb56Ti72/case-66,/lustre/orion/lrn070/world-shared/mlupopa/RHEAs_HydraGNN/HydraGNN/examples/vasp_solid_solution_alloys/dataset/bcc_NbTi/Nb-Ti/Nb56Ti72/case-66/N0.OUTCAR,0.437500,48.798052,33.588397,1.117913,32.344587,34.619524,mad
bcc_NbTi,Nb60Ti68,case-68,/lustre/orion/lrn070/world-shared/mlupopa/RHEAs_HydraGNN/HydraGNN/examples/vasp_solid_solution_alloys/dataset/bcc_NbTi/Nb-Ti/Nb60Ti68/case-68,/lustre/orion/lrn070/world-shared/mlupopa/RHEAs_HydraGNN/HydraGNN/examples/vasp_solid_solution_alloys/dataset/bcc_NbTi/Nb-Ti/Nb60Ti68/case-68/N1.OUTCAR,0.468750,62.449506,31.501983,1.595603,29.858643,32.940912,mad
bcc_NbTi,Nb60Ti68,case-70,/lustre/orion/lrn070/world-shared/mlupopa/RHEAs_HydraGNN/HydraGNN/examples/vasp_solid_solution_alloys/dataset/bcc_NbTi/Nb-Ti/Nb60Ti68/case-70,/lustre/orion/lrn070/world-shared/mlupopa/RHEAs_HydraGNN/HydraGNN/examples/vasp_solid_solution_alloys/dataset/bcc_NbTi/Nb-Ti/Nb60Ti68/case-70/N0.OUTCAR,0.468750,44.904736,31.501983,1.595603,29.858643,32.940912,mad
bcc_NbTi,Nb60Ti68,case-82,/lustre/orion/lrn070/world-shared/mlupopa/RHEAs_HydraGNN/HydraGNN/examples/vasp_solid_solution_alloys/dataset/bcc_NbTi/Nb-Ti/Nb60Ti68/case-82,/lustre/orion/lrn070/world-shared/mlupopa/RHEAs_HydraGNN/HydraGNN/examples/vasp_solid_solution_alloys/dataset/bcc_NbTi/Nb-Ti/Nb60Ti68/case-82/N0.OUTCAR,0.468750,44.420935,31.501983,1.595603,29.858643,32.940912,mad
bcc_NbTi,Nb68Ti60,case-13,/lustre/orion/lrn070/world-shared/mlupopa/RHEAs_HydraGNN/HydraGNN/examples/vasp_solid_solution_alloys/dataset/bcc_NbTi/Nb-Ti/Nb68Ti60/case-13,/lustre/orion/lrn070/world-shared/mlupopa/RHEAs_HydraGNN/HydraGNN/examples/vasp_solid_solution_alloys/dataset/bcc_NbTi/Nb-Ti/Nb68Ti60/case-13/N0.OUTCAR,0.531250,42.733431,26.426307,1.615144,24.619703,27.904781,mad
bcc_NbTi,Nb68Ti60,case-26,/lustre/orion/lrn070/world-shared/mlupopa/RHEAs_HydraGNN/HydraGNN/examples/vasp_solid_solution_alloys/dataset/bcc_NbTi/Nb-Ti/Nb68Ti60/case-26,/lustre/orion/lrn070/world-shared/mlupopa/RHEAs_HydraGNN/HydraGNN/examples/vasp_solid_solution_alloys/dataset/bcc_NbTi/Nb-Ti/Nb68Ti60/case-26/N0.OUTCAR,0.531250,43.632499,26.426307,1.615144,24.619703,27.904781,mad
bcc_NbTi,Nb68Ti60,case-63,/lustre/orion/lrn070/world-shared/mlupopa/RHEAs_HydraGNN/HydraGNN/examples/vasp_solid_solution_alloys/dataset/bcc_NbTi/Nb-Ti/Nb68Ti60/case-63,/lustre/orion/lrn070/world-shared/mlupopa/RHEAs_HydraGNN/HydraGNN/examples/vasp_solid_solution_alloys/dataset/bcc_NbTi/Nb-Ti/Nb68Ti60/case-63/N0.OUTCAR,0.531250,36.462609,26.426307,1.615144,24.619703,27.904781,mad
bcc_NbTi,Nb72Ti56,case-10,/lustre/orion/lrn070/world-shared/mlupopa/RHEAs_HydraGNN/HydraGNN/examples/vasp_solid_solution_alloys/dataset/bcc_NbTi/Nb-Ti/Nb72Ti56/case-10,/lustre/orion/lrn070/world-shared/mlupopa/RHEAs_HydraGNN/HydraGNN/examples/vasp_solid_solution_alloys/dataset/bcc_NbTi/Nb-Ti/Nb72Ti56/case-10/N0.OUTCAR,0.562500,38.363365,22.316159,1.660999,21.177594,25.067233,mad
bcc_NbTi,Nb72Ti56,case-14,/lustre/orion/lrn070/world-shared/mlupopa/RHEAs_HydraGNN/HydraGNN/examples/vasp_solid_solution_alloys/dataset/bcc_NbTi/Nb-Ti/Nb72Ti56/case-14,/lustre/orion/lrn070/world-shared/mlupopa/RHEAs_HydraGNN/HydraGNN/examples/vasp_solid_solution_alloys/dataset/bcc_NbTi/Nb-Ti/Nb72Ti56/case-14/N0.OUTCAR,0.562500,45.693244,22.316159,1.660999,21.177594,25.067233,mad
bcc_NbTi,Nb72Ti56,case-17,/lustre/orion/lrn070/world-shared/mlupopa/RHEAs_HydraGNN/HydraGNN/examples/vasp_solid_solution_alloys/dataset/bcc_NbTi/Nb-Ti/Nb72Ti56/case-17,/lustre/orion/lrn070/world-shared/mlupopa/RHEAs_HydraGNN/HydraGNN/examples/vasp_solid_solution_alloys/dataset/bcc_NbTi/Nb-Ti/Nb72Ti56/case-17/N0.OUTCAR,0.562500,53.219304,22.316159,1.660999,21.177594,25.067233,mad
bcc_NbTi,Nb72Ti56,case-19,/lustre/orion/lrn070/world-shared/mlupopa/RHEAs_HydraGNN/HydraGNN/examples/vasp_solid_solution_alloys/dataset/bcc_NbTi/Nb-Ti/Nb72Ti56/case-19,/lustre/orion/lrn070/world-shared/mlupopa/RHEAs_HydraGNN/HydraGNN/examples/vasp_solid_solution_alloys/dataset/bcc_NbTi/Nb-Ti/Nb72Ti56/case-19/N0.OUTCAR,0.562500,56.444526,22.316159,1.660999,21.177594,25.067233,mad
bcc_NbTi,Nb72Ti56,case-33,/lustre/orion/lrn070/world-shared/mlupopa/RHEAs_HydraGNN/HydraGNN/examples/vasp_solid_solution_alloys/dataset/bcc_NbTi/Nb-Ti/Nb72Ti56/case-33,/lustre/orion/lrn070/world-shared/mlupopa/RHEAs_HydraGNN/HydraGNN/examples/vasp_solid_solution_alloys/dataset/bcc_NbTi/Nb-Ti/Nb72Ti56/case-33/N0.OUTCAR,0.562500,36.114233,22.316159,1.660999,21.177594,25.067233,mad
bcc_NbTi,Nb72Ti56,case-48,/lustre/orion/lrn070/world-shared/mlupopa/RHEAs_HydraGNN/HydraGNN/examples/vasp_solid_solution_alloys/dataset/bcc_NbTi/Nb-Ti/Nb72Ti56/case-48,/lustre/orion/lrn070/world-shared/mlupopa/RHEAs_HydraGNN/HydraGNN/examples/vasp_solid_solution_alloys/dataset/bcc_NbTi/Nb-Ti/Nb72Ti56/case-48/N0.OUTCAR,0.562500,38.835284,22.316159,1.660999,21.177594,25.067233,mad
bcc_NbTi,Nb72Ti56,case-93,/lustre/orion/lrn070/world-shared/mlupopa/RHEAs_HydraGNN/HydraGNN/examples/vasp_solid_solution_alloys/dataset/bcc_NbTi/Nb-Ti/Nb72Ti56/case-93,/lustre/orion/lrn070/world-shared/mlupopa/RHEAs_HydraGNN/HydraGNN/examples/vasp_solid_solution_alloys/dataset/bcc_NbTi/Nb-Ti/Nb72Ti56/case-93/N0.OUTCAR,0.562500,38.571915,22.316159,1.660999,21.177594,25.067233,mad
bcc_NbTi,Nb80Ti48,case-13,/lustre/orion/lrn070/world-shared/mlupopa/RHEAs_HydraGNN/HydraGNN/examples/vasp_solid_solution_alloys/dataset/bcc_NbTi/Nb-Ti/Nb80Ti48/case-13,/lustre/orion/lrn070/world-shared/mlupopa/RHEAs_HydraGNN/HydraGNN/examples/vasp_solid_solution_alloys/dataset/bcc_NbTi/Nb-Ti/Nb80Ti48/case-13/N0.OUTCAR,0.625000,31.572004,16.887471,1.232417,15.893577,19.505297,mad
bcc_NbTi,Nb80Ti48,case-14,/lustre/orion/lrn070/world-shared/mlupopa/RHEAs_HydraGNN/HydraGNN/examples/vasp_solid_solution_alloys/dataset/bcc_NbTi/Nb-Ti/Nb80Ti48/case-14,/lustre/orion/lrn070/world-shared/mlupopa/RHEAs_HydraGNN/HydraGNN/examples/vasp_solid_solution_alloys/dataset/bcc_NbTi/Nb-Ti/Nb80Ti48/case-14/N0.OUTCAR,0.625000,23.368250,16.887471,1.232417,15.893577,19.505297,mad
bcc_NbTi,Nb80Ti48,case-53,/lustre/orion/lrn070/world-shared/mlupopa/RHEAs_HydraGNN/HydraGNN/examples/vasp_solid_solution_alloys/dataset/bcc_NbTi/Nb-Ti/Nb80Ti48/case-53,/lustre/orion/lrn070/world-shared/mlupopa/RHEAs_HydraGNN/HydraGNN/examples/vasp_solid_solution_alloys/dataset/bcc_NbTi/Nb-Ti/Nb80Ti48/case-53/N0.OUTCAR,0.625000,53.123579,16.887471,1.232417,15.893577,19.505297,mad
bcc_NbTi,Nb80Ti48,case-93,/lustre/orion/lrn070/world-shared/mlupopa/RHEAs_HydraGNN/HydraGNN/examples/vasp_solid_solution_alloys/dataset/bcc_NbTi/Nb-Ti/Nb80Ti48/case-93,/lustre/orion/lrn070/world-shared/mlupopa/RHEAs_HydraGNN/HydraGNN/examples/vasp_solid_solution_alloys/dataset/bcc_NbTi/Nb-Ti/Nb80Ti48/case-93/N0.OUTCAR,0.625000,64.516187,16.887471,1.232417,15.893577,19.505297,mad
bcc_NbTi,Nb84Ti44,case-43,/lustre/orion/lrn070/world-shared/mlupopa/RHEAs_HydraGNN/HydraGNN/examples/vasp_solid_solution_alloys/dataset/bcc_NbTi/Nb-Ti/Nb84Ti44/case-43,/lustre/orion/lrn070/world-shared/mlupopa/RHEAs_HydraGNN/HydraGNN/examples/vasp_solid_solution_alloys/dataset/bcc_NbTi/Nb-Ti/Nb84Ti44/case-43/N0.OUTCAR,0.656250,47.285367,13.799040,1.450816,12.915270,17.930066,mad
bcc_NbTi,Nb84Ti44,case-61,/lustre/orion/lrn070/world-shared/mlupopa/RHEAs_HydraGNN/HydraGNN/examples/vasp_solid_solution_alloys/dataset/bcc_NbTi/Nb-Ti/Nb84Ti44/case-61,/lustre/orion/lrn070/world-shared/mlupopa/RHEAs_HydraGNN/HydraGNN/examples/vasp_solid_solution_alloys/dataset/bcc_NbTi/Nb-Ti/Nb84Ti44/case-61/N0.OUTCAR,0.656250,35.778328,13.799040,1.450816,12.915270,17.930066,mad
bcc_NbTi,Nb88Ti40,case-10,/lustre/orion/lrn070/world-shared/mlupopa/RHEAs_HydraGNN/HydraGNN/examples/vasp_solid_solution_alloys/dataset/bcc_NbTi/Nb-Ti/Nb88Ti40/case-10,/lustre/orion/lrn070/world-shared/mlupopa/RHEAs_HydraGNN/HydraGNN/examples/vasp_solid_solution_alloys/dataset/bcc_NbTi/Nb-Ti/Nb88Ti40/case-10/N1.OUTCAR,0.687500,31.227569,11.669806,2.285633,10.171717,16.126404,mad
bcc_NbTi,Nb88Ti40,case-2,/lustre/orion/lrn070/world-shared/mlupopa/RHEAs_HydraGNN/HydraGNN/examples/vasp_solid_solution_alloys/dataset/bcc_NbTi/Nb-Ti/Nb88Ti40/case-2,/lustre/orion/lrn070/world-shared/mlupopa/RHEAs_HydraGNN/HydraGNN/examples/vasp_solid_solution_alloys/dataset/bcc_NbTi/Nb-Ti/Nb88Ti40/case-2/N0.OUTCAR,0.687500,48.826352,11.669806,2.285633,10.171717,16.126404,mad
bcc_NbTi,Nb88Ti40,case-43,/lustre/orion/lrn070/world-shared/mlupopa/RHEAs_HydraGNN/HydraGNN/examples/vasp_solid_solution_alloys/dataset/bcc_NbTi/Nb-Ti/Nb88Ti40/case-43,/lustre/orion/lrn070/world-shared/mlupopa/RHEAs_HydraGNN/HydraGNN/examples/vasp_solid_solution_alloys/dataset/bcc_NbTi/Nb-Ti/Nb88Ti40/case-43/N0.OUTCAR,0.687500,34.583219,11.669806,2.285633,10.171717,16.126404,mad
bcc_NbTi,Nb88Ti40,case-73,/lustre/orion/lrn070/world-shared/mlupopa/RHEAs_HydraGNN/HydraGNN/examples/vasp_solid_solution_alloys/dataset/bcc_NbTi/Nb-Ti/Nb88Ti40/case-73,/lustre/orion/lrn070/world-shared/mlupopa/RHEAs_HydraGNN/HydraGNN/examples/vasp_solid_solution_alloys/dataset/bcc_NbTi/Nb-Ti/Nb88Ti40/case-73/N0.OUTCAR,0.687500,29.439585,11.669806,2.285633,10.171717,16.126404,mad
bcc_NbTi,Nb88Ti40,case-76,/lustre/orion/lrn070/world-shared/mlupopa/RHEAs_HydraGNN/HydraGNN/examples/vasp_solid_solution_alloys/dataset/bcc_NbTi/Nb-Ti/Nb88Ti40/case-76,/lustre/orion/lrn070/world-shared/mlupopa/RHEAs_HydraGNN/HydraGNN/examples/vasp_solid_solution_alloys/dataset/bcc_NbTi/Nb-Ti/Nb88Ti40/case-76/N0.OUTCAR,0.687500,37.919695,11.669806,2.285633,10.171717,16.126404,mad
bcc_NbTi,Nb92Ti36,case-11,/lustre/orion/lrn070/world-shared/mlupopa/RHEAs_HydraGNN/HydraGNN/examples/vasp_solid_solution_alloys/dataset/bcc_NbTi/Nb-Ti/Nb92Ti36/case-11,/lustre/orion/lrn070/world-shared/mlupopa/RHEAs_HydraGNN/HydraGNN/examples/vasp_solid_solution_alloys/dataset/bcc_NbTi/Nb-Ti/Nb92Ti36/case-11/N0.OUTCAR,0.718750,14.210370,7.851465,1.017019,7.091729,13.933090,mad
bcc_NbTi,Nb92Ti36,case-13,/lustre/orion/lrn070/world-shared/mlupopa/RHEAs_HydraGNN/HydraGNN/examples/vasp_solid_solution_alloys/dataset/bcc_NbTi/Nb-Ti/Nb92Ti36/case-13,/lustre/orion/lrn070/world-shared/mlupopa/RHEAs_HydraGNN/HydraGNN/examples/vasp_solid_solution_alloys/dataset/bcc_NbTi/Nb-Ti/Nb92Ti36/case-13/N1.OUTCAR,0.718750,48.470069,7.851465,1.017019,7.091729,13.933090,mad
bcc_NbTi,Nb92Ti36,case-15,/lustre/orion/lrn070/world-shared/mlupopa/RHEAs_HydraGNN/HydraGNN/examples/vasp_solid_solution_alloys/dataset/bcc_NbTi/Nb-Ti/Nb92Ti36/case-15,/lustre/orion/lrn070/world-shared/mlupopa/RHEAs_HydraGNN/HydraGNN/examples/vasp_solid_solution_alloys/dataset/bcc_NbTi/Nb-Ti/Nb92Ti36/case-15/N0.OUTCAR,0.718750,15.289969,7.851465,1.017019,7.091729,13.933090,mad
bcc_NbTi,Nb92Ti36,case-18,/lustre/orion/lrn070/world-shared/mlupopa/RHEAs_HydraGNN/HydraGNN/examples/vasp_solid_solution_alloys/dataset/bcc_NbTi/Nb-Ti/Nb92Ti36/case-18,/lustre/orion/lrn070/world-shared/mlupopa/RHEAs_HydraGNN/HydraGNN/examples/vasp_solid_solution_alloys/dataset/bcc_NbTi/Nb-Ti/Nb92Ti36/case-18/N0.OUTCAR,0.718750,25.058567,7.851465,1.017019,7.091729,13.933090,mad
bcc_NbTi,Nb92Ti36,case-2,/lustre/orion/lrn070/world-shared/mlupopa/RHEAs_HydraGNN/HydraGNN/examples/vasp_solid_solution_alloys/dataset/bcc_NbTi/Nb-Ti/Nb92Ti36/case-2,/lustre/orion/lrn070/world-shared/mlupopa/RHEAs_HydraGNN/HydraGNN/examples/vasp_solid_solution_alloys/dataset/bcc_NbTi/Nb-Ti/Nb92Ti36/case-2/N0.OUTCAR,0.718750,14.538512,7.851465,1.017019,7.091729,13.933090,mad
bcc_NbTi,Nb92Ti36,case-25,/lustre/orion/lrn070/world-shared/mlupopa/RHEAs_HydraGNN/HydraGNN/examples/vasp_solid_solution_alloys/dataset/bcc_NbTi/Nb-Ti/Nb92Ti36/case-25,/lustre/orion/lrn070/world-shared/mlupopa/RHEAs_HydraGNN/HydraGNN/examples/vasp_solid_solution_alloys/dataset/bcc_NbTi/Nb-Ti/Nb92Ti36/case-25/N1.OUTCAR,0.718750,14.475187,7.851465,1.017019,7.091729,13.933090,mad
bcc_NbTi,Nb92Ti36,case-26,/lustre/orion/lrn070/world-shared/mlupopa/RHEAs_HydraGNN/HydraGNN/examples/vasp_solid_solution_alloys/dataset/bcc_NbTi/Nb-Ti/Nb92Ti36/case-26,/lustre/orion/lrn070/world-shared/mlupopa/RHEAs_HydraGNN/HydraGNN/examples/vasp_solid_solution_alloys/dataset/bcc_NbTi/Nb-Ti/Nb92Ti36/case-26/N0.OUTCAR,0.718750,14.543596,7.851465,1.017019,7.091729,13.933090,mad
bcc_NbTi,Nb92Ti36,case-27,/lustre/orion/lrn070/world-shared/mlupopa/RHEAs_HydraGNN/HydraGNN/examples/vasp_solid_solution_alloys/dataset/bcc_NbTi/Nb-Ti/Nb92Ti36/case-27,/lustre/orion/lrn070/world-shared/mlupopa/RHEAs_HydraGNN/HydraGNN/examples/vasp_solid_solution_alloys/dataset/bcc_NbTi/Nb-Ti/Nb92Ti36/case-27/N1.OUTCAR,0.718750,14.839968,7.851465,1.017019,7.091729,13.933090,mad
bcc_NbTi,Nb92Ti36,case-30,/lustre/orion/lrn070/world-shared/mlupopa/RHEAs_HydraGNN/HydraGNN/examples/vasp_solid_solution_alloys/dataset/bcc_NbTi/Nb-Ti/Nb92Ti36/case-30,/lustre/orion/lrn070/world-shared/mlupopa/RHEAs_HydraGNN/HydraGNN/examples/vasp_solid_solution_alloys/dataset/bcc_NbTi/Nb-Ti/Nb92Ti36/case-30/N0.OUTCAR,0.718750,47.393170,7.851465,1.017019,7.091729,13.933090,mad
bcc_NbTi,Nb92Ti36,case-31,/lustre/orion/lrn070/world-shared/mlupopa/RHEAs_HydraGNN/HydraGNN/examples/vasp_solid_solution_alloys/dataset/bcc_NbTi/Nb-Ti/Nb92Ti36/case-31,/lustre/orion/lrn070/world-shared/mlupopa/RHEAs_HydraGNN/HydraGNN/examples/vasp_solid_solution_alloys/dataset/bcc_NbTi/Nb-Ti/Nb92Ti36/case-31/N0.OUTCAR,0.718750,14.796018,7.851465,1.017019,7.091729,13.933090,mad
bcc_NbTi,Nb92Ti36,case-40,/lustre/orion/lrn070/world-shared/mlupopa/RHEAs_HydraGNN/HydraGNN/examples/vasp_solid_solution_alloys/dataset/bcc_NbTi/Nb-Ti/Nb92Ti36/case-40,/lustre/orion/lrn070/world-shared/mlupopa/RHEAs_HydraGNN/HydraGNN/examples/vasp_solid_solution_alloys/dataset/bcc_NbTi/Nb-Ti/Nb92Ti36/case-40/N1.OUTCAR,0.718750,15.445215,7.851465,1.017019,7.091729,13.933090,mad
bcc_NbTi,Nb92Ti36,case-42,/lustre/orion/lrn070/world-shared/mlupopa/RHEAs_HydraGNN/HydraGNN/examples/vasp_solid_solution_alloys/dataset/bcc_NbTi/Nb-Ti/Nb92Ti36/case-42,/lustre/orion/lrn070/world-shared/mlupopa/RHEAs_HydraGNN/HydraGNN/examples/vasp_solid_solution_alloys/dataset/bcc_NbTi/Nb-Ti/Nb92Ti36/case-42/N1.OUTCAR,0.718750,13.747957,7.851465,1.017019,7.091729,13.933090,mad
bcc_NbTi,Nb92Ti36,case-46,/lustre/orion/lrn070/world-shared/mlupopa/RHEAs_HydraGNN/HydraGNN/examples/vasp_solid_solution_alloys/dataset/bcc_NbTi/Nb-Ti/Nb92Ti36/case-46,/lustre/orion/lrn070/world-shared/mlupopa/RHEAs_HydraGNN/HydraGNN/examples/vasp_solid_solution_alloys/dataset/bcc_NbTi/Nb-Ti/Nb92Ti36/case-46/N0.OUTCAR,0.718750,15.231352,7.851465,1.017019,7.091729,13.933090,mad
bcc_NbTi,Nb92Ti36,case-47,/lustre/orion/lrn070/world-shared/mlupopa/RHEAs_HydraGNN/HydraGNN/examples/vasp_solid_solution_alloys/dataset/bcc_NbTi/Nb-Ti/Nb92Ti36/case-47,/lustre/orion/lrn070/world-shared/mlupopa/RHEAs_HydraGNN/HydraGNN/examples/vasp_solid_solution_alloys/dataset/bcc_NbTi/Nb-Ti/Nb92Ti36/case-47/N0.OUTCAR,0.718750,13.574937,7.851465,1.017019,7.091729,13.933090,mad
bcc_NbTi,Nb92Ti36,case-49,/lustre/orion/lrn070/world-shared/mlupopa/RHEAs_HydraGNN/HydraGNN/examples/vasp_solid_solution_alloys/dataset/bcc_NbTi/Nb-Ti/Nb92Ti36/case-49,/lustre/orion/lrn070/world-shared/mlupopa/RHEAs_HydraGNN/HydraGNN/examples/vasp_solid_solution_alloys/dataset/bcc_NbTi/Nb-Ti/Nb92Ti36/case-49/N0.OUTCAR,0.718750,14.232186,7.851465,1.017019,7.091729,13.933090,mad
bcc_NbTi,Nb92Ti36,case-51,/lustre/orion/lrn070/world-shared/mlupopa/RHEAs_HydraGNN/HydraGNN/examples/vasp_solid_solution_alloys/dataset/bcc_NbTi/Nb-Ti/Nb92Ti36/case-51,/lustre/orion/lrn070/world-shared/mlupopa/RHEAs_HydraGNN/HydraGNN/examples/vasp_solid_solution_alloys/dataset/bcc_NbTi/Nb-Ti/Nb92Ti36/case-51/N0.OUTCAR,0.718750,14.798263,7.851465,1.017019,7.091729,13.933090,mad
bcc_NbTi,Nb92Ti36,case-52,/lustre/orion/lrn070/world-shared/mlupopa/RHEAs_HydraGNN/HydraGNN/examples/vasp_solid_solution_alloys/dataset/bcc_NbTi/Nb-Ti/Nb92Ti36/case-52,/lustre/orion/lrn070/world-shared/mlupopa/RHEAs_HydraGNN/HydraGNN/examples/vasp_solid_solution_alloys/dataset/bcc_NbTi/Nb-Ti/Nb92Ti36/case-52/N0.OUTCAR,0.718750,14.549655,7.851465,1.017019,7.091729,13.933090,mad
bcc_NbTi,Nb92Ti36,case-55,/lustre/orion/lrn070/world-shared/mlupopa/RHEAs_HydraGNN/HydraGNN/examples/vasp_solid_solution_alloys/dataset/bcc_NbTi/Nb-Ti/Nb92Ti36/case-55,/lustre/orion/lrn070/world-shared/mlupopa/RHEAs_HydraGNN/HydraGNN/examples/vasp_solid_solution_alloys/dataset/bcc_NbTi/Nb-Ti/Nb92Ti36/case-55/N2.OUTCAR,0.718750,14.713374,7.851465,1.017019,7.091729,13.933090,mad
bcc_NbTi,Nb92Ti36,case-57,/lustre/orion/lrn070/world-shared/mlupopa/RHEAs_HydraGNN/HydraGNN/examples/vasp_solid_solution_alloys/dataset/bcc_NbTi/Nb-Ti/Nb92Ti36/case-57,/lustre/orion/lrn070/world-shared/mlupopa/RHEAs_HydraGNN/HydraGNN/examples/vasp_solid_solution_alloys/dataset/bcc_NbTi/Nb-Ti/Nb92Ti36/case-57/N0.OUTCAR,0.718750,13.954499,7.851465,1.017019,7.091729,13.933090,mad
bcc_NbTi,Nb92Ti36,case-65,/lustre/orion/lrn070/world-shared/mlupopa/RHEAs_HydraGNN/HydraGNN/examples/vasp_solid_solution_alloys/dataset/bcc_NbTi/Nb-Ti/Nb92Ti36/case-65,/lustre/orion/lrn070/world-shared/mlupopa/RHEAs_HydraGNN/HydraGNN/examples/vasp_solid_solution_alloys/dataset/bcc_NbTi/Nb-Ti/Nb92Ti36/case-65/N1.OUTCAR,0.718750,14.167678,7.851465,1.017019,7.091729,13.933090,mad
bcc_NbTi,Nb92Ti36,case-66,/lustre/orion/lrn070/world-shared/mlupopa/RHEAs_HydraGNN/HydraGNN/examples/vasp_solid_solution_alloys/dataset/bcc_NbTi/Nb-Ti/Nb92Ti36/case-66,/lustre/orion/lrn070/world-shared/mlupopa/RHEAs_HydraGNN/HydraGNN/examples/vasp_solid_solution_alloys/dataset/bcc_NbTi/Nb-Ti/Nb92Ti36/case-66/N1.OUTCAR,0.718750,14.429705,7.851465,1.017019,7.091729,13.933090,mad
bcc_NbTi,Nb92Ti36,case-68,/lustre/orion/lrn070/world-shared/mlupopa/RHEAs_HydraGNN/HydraGNN/examples/vasp_solid_solution_alloys/dataset/bcc_NbTi/Nb-Ti/Nb92Ti36/case-68,/lustre/orion/lrn070/world-shared/mlupopa/RHEAs_HydraGNN/HydraGNN/examples/vasp_solid_solution_alloys/dataset/bcc_NbTi/Nb-Ti/Nb92Ti36/case-68/N0.OUTCAR,0.718750,13.925953,7.851465,1.017019,7.091729,13.933090,mad
bcc_NbTi,Nb92Ti36,case-69,/lustre/orion/lrn070/world-shared/mlupopa/RHEAs_HydraGNN/HydraGNN/examples/vasp_solid_solution_alloys/dataset/bcc_NbTi/Nb-Ti/Nb92Ti36/case-69,/lustre/orion/lrn070/world-shared/mlupopa/RHEAs_HydraGNN/HydraGNN/examples/vasp_solid_solution_alloys/dataset/bcc_NbTi/Nb-Ti/Nb92Ti36/case-69/N0.OUTCAR,0.718750,13.553235,7.851465,1.017019,7.091729,13.933090,mad
bcc_NbTi,Nb92Ti36,case-7,/lustre/orion/lrn070/world-shared/mlupopa/RHEAs_HydraGNN/HydraGNN/examples/vasp_solid_solution_alloys/dataset/bcc_NbTi/Nb-Ti/Nb92Ti36/case-7,/lustre/orion/lrn070/world-shared/mlupopa/RHEAs_HydraGNN/HydraGNN/examples/vasp_solid_solution_alloys/dataset/bcc_NbTi/Nb-Ti/Nb92Ti36/case-7/N0.OUTCAR,0.718750,14.492176,7.851465,1.017019,7.091729,13.933090,mad
bcc_NbTi,Nb92Ti36,case-70,/lustre/orion/lrn070/world-shared/mlupopa/RHEAs_HydraGNN/HydraGNN/examples/vasp_solid_solution_alloys/dataset/bcc_NbTi/Nb-Ti/Nb92Ti36/case-70,/lustre/orion/lrn070/world-shared/mlupopa/RHEAs_HydraGNN/HydraGNN/examples/vasp_solid_solution_alloys/dataset/bcc_NbTi/Nb-Ti/Nb92Ti36/case-70/N0.OUTCAR,0.718750,14.583474,7.851465,1.017019,7.091729,13.933090,mad
bcc_NbTi,Nb92Ti36,case-74,/lustre/orion/lrn070/world-shared/mlupopa/RHEAs_HydraGNN/HydraGNN/examples/vasp_solid_solution_alloys/dataset/bcc_NbTi/Nb-Ti/Nb92Ti36/case-74,/lustre/orion/lrn070/world-shared/mlupopa/RHEAs_HydraGNN/HydraGNN/examples/vasp_solid_solution_alloys/dataset/bcc_NbTi/Nb-Ti/Nb92Ti36/case-74/N0.OUTCAR,0.718750,23.999045,7.851465,1.017019,7.091729,13.933090,mad
bcc_NbTi,Nb92Ti36,case-80,/lustre/orion/lrn070/world-shared/mlupopa/RHEAs_HydraGNN/HydraGNN/examples/vasp_solid_solution_alloys/dataset/bcc_NbTi/Nb-Ti/Nb92Ti36/case-80,/lustre/orion/lrn070/world-shared/mlupopa/RHEAs_HydraGNN/HydraGNN/examples/vasp_solid_solution_alloys/dataset/bcc_NbTi/Nb-Ti/Nb92Ti36/case-80/N1.OUTCAR,0.718750,13.736493,7.851465,1.017019,7.091729,13.933090,mad
bcc_NbTi,Nb92Ti36,case-84,/lustre/orion/lrn070/world-shared/mlupopa/RHEAs_HydraGNN/HydraGNN/examples/vasp_solid_solution_alloys/dataset/bcc_NbTi/Nb-Ti/Nb92Ti36/case-84,/lustre/orion/lrn070/world-shared/mlupopa/RHEAs_HydraGNN/HydraGNN/examples/vasp_solid_solution_alloys/dataset/bcc_NbTi/Nb-Ti/Nb92Ti36/case-84/N1.OUTCAR,0.718750,14.086618,7.851465,1.017019,7.091729,13.933090,mad
bcc_NbTi,Nb92Ti36,case-85,/lustre/orion/lrn070/world-shared/mlupopa/RHEAs_HydraGNN/HydraGNN/examples/vasp_solid_solution_alloys/dataset/bcc_NbTi/Nb-Ti/Nb92Ti36/case-85,/lustre/orion/lrn070/world-shared/mlupopa/RHEAs_HydraGNN/HydraGNN/examples/vasp_solid_solution_alloys/dataset/bcc_NbTi/Nb-Ti/Nb92Ti36/case-85/N1.OUTCAR,0.718750,14.828785,7.851465,1.017019,7.091729,13.933090,mad
bcc_NbTi,Nb92Ti36,case-90,/lustre/orion/lrn070/world-shared/mlupopa/RHEAs_HydraGNN/HydraGNN/examples/vasp_solid_solution_alloys/dataset/bcc_NbTi/Nb-Ti/Nb92Ti36/case-90,/lustre/orion/lrn070/world-shared/mlupopa/RHEAs_HydraGNN/HydraGNN/examples/vasp_solid_solution_alloys/dataset/bcc_NbTi/Nb-Ti/Nb92Ti36/case-90/N0.OUTCAR,0.718750,14.667440,7.851465,1.017019,7.091729,13.933090,mad
bcc_NbTi,Nb96Ti32,case-14,/lustre/orion/lrn070/world-shared/mlupopa/RHEAs_HydraGNN/HydraGNN/examples/vasp_solid_solution_alloys/dataset/bcc_NbTi/Nb-Ti/Nb96Ti32/case-14,/lustre/orion/lrn070/world-shared/mlupopa/RHEAs_HydraGNN/HydraGNN/examples/vasp_solid_solution_alloys/dataset/bcc_NbTi/Nb-Ti/Nb96Ti32/case-14/N0.OUTCAR,0.750000,12.266026,4.676658,1.075721,3.932067,11.287713,mad
bcc_NbTi,Nb96Ti32,case-19,/lustre/orion/lrn070/world-shared/mlupopa/RHEAs_HydraGNN/HydraGNN/examples/vasp_solid_solution_alloys/dataset/bcc_NbTi/Nb-Ti/Nb96Ti32/case-19,/lustre/orion/lrn070/world-shared/mlupopa/RHEAs_HydraGNN/HydraGNN/examples/vasp_solid_solution_alloys/dataset/bcc_NbTi/Nb-Ti/Nb96Ti32/case-19/N1.OUTCAR,0.750000,12.454323,4.676658,1.075721,3.932067,11.287713,mad
bcc_NbTi,Nb96Ti32,case-20,/lustre/orion/lrn070/world-shared/mlupopa/RHEAs_HydraGNN/HydraGNN/examples/vasp_solid_solution_alloys/dataset/bcc_NbTi/Nb-Ti/Nb96Ti32/case-20,/lustre/orion/lrn070/world-shared/mlupopa/RHEAs_HydraGNN/HydraGNN/examples/vasp_solid_solution_alloys/dataset/bcc_NbTi/Nb-Ti/Nb96Ti32/case-20/N1.OUTCAR,0.750000,12.002479,4.676658,1.075721,3.932067,11.287713,mad
bcc_NbTi,Nb96Ti32,case-26,/lustre/orion/lrn070/world-shared/mlupopa/RHEAs_HydraGNN/HydraGNN/examples/vasp_solid_solution_alloys/dataset/bcc_NbTi/Nb-Ti/Nb96Ti32/case-26,/lustre/orion/lrn070/world-shared/mlupopa/RHEAs_HydraGNN/HydraGNN/examples/vasp_solid_solution_alloys/dataset/bcc_NbTi/Nb-Ti/Nb96Ti32/case-26/N0.OUTCAR,0.750000,12.884268,4.676658,1.075721,3.932067,11.287713,mad
bcc_NbTi,Nb96Ti32,case-3,/lustre/orion/lrn070/world-shared/mlupopa/RHEAs_HydraGNN/HydraGNN/examples/vasp_solid_solution_alloys/dataset/bcc_NbTi/Nb-Ti/Nb96Ti32/case-3,/lustre/orion/lrn070/world-shared/mlupopa/RHEAs_HydraGNN/HydraGNN/examples/vasp_solid_solution_alloys/dataset/bcc_NbTi/Nb-Ti/Nb96Ti32/case-3/N0.OUTCAR,0.750000,12.069194,4.676658,1.075721,3.932067,11.287713,mad
bcc_NbTi,Nb96Ti32,case-31,/lustre/orion/lrn070/world-shared/mlupopa/RHEAs_HydraGNN/HydraGNN/examples/vasp_solid_solution_alloys/dataset/bcc_NbTi/Nb-Ti/Nb96Ti32/case-31,/lustre/orion/lrn070/world-shared/mlupopa/RHEAs_HydraGNN/HydraGNN/examples/vasp_solid_solution_alloys/dataset/bcc_NbTi/Nb-Ti/Nb96Ti32/case-31/N1.OUTCAR,0.750000,12.446272,4.676658,1.075721,3.932067,11.287713,mad
bcc_NbTi,Nb96Ti32,case-34,/lustre/orion/lrn070/world-shared/mlupopa/RHEAs_HydraGNN/HydraGNN/examples/vasp_solid_solution_alloys/dataset/bcc_NbTi/Nb-Ti/Nb96Ti32/case-34,/lustre/orion/lrn070/world-shared/mlupopa/RHEAs_HydraGNN/HydraGNN/examples/vasp_solid_solution_alloys/dataset/bcc_NbTi/Nb-Ti/Nb96Ti32/case-34/N1.OUTCAR,0.750000,12.175474,4.676658,1.075721,3.932067,11.287713,mad
bcc_NbTi,Nb96Ti32,case-35,/lustre/orion/lrn070/world-shared/mlupopa/RHEAs_HydraGNN/HydraGNN/examples/vasp_solid_solution_alloys/dataset/bcc_NbTi/Nb-Ti/Nb96Ti32/case-35,/lustre/orion/lrn070/world-shared/mlupopa/RHEAs_HydraGNN/HydraGNN/examples/vasp_solid_solution_alloys/dataset/bcc_NbTi/Nb-Ti/Nb96Ti32/case-35/N1.OUTCAR,0.750000,12.168280,4.676658,1.075721,3.932067,11.287713,mad
bcc_NbTi,Nb96Ti32,case-37,/lustre/orion/lrn070/world-shared/mlupopa/RHEAs_HydraGNN/HydraGNN/examples/vasp_solid_solution_alloys/dataset/bcc_NbTi/Nb-Ti/Nb96Ti32/case-37,/lustre/orion/lrn070/world-shared/mlupopa/RHEAs_HydraGNN/HydraGNN/examples/vasp_solid_solution_alloys/dataset/bcc_NbTi/Nb-Ti/Nb96Ti32/case-37/N1.OUTCAR,0.750000,13.406098,4.676658,1.075721,3.932067,11.287713,mad
bcc_NbTi,Nb96Ti32,case-42,/lustre/orion/lrn070/world-shared/mlupopa/RHEAs_HydraGNN/HydraGNN/examples/vasp_solid_solution_alloys/dataset/bcc_NbTi/Nb-Ti/Nb96Ti32/case-42,/lustre/orion/lrn070/world-shared/mlupopa/RHEAs_HydraGNN/HydraGNN/examples/vasp_solid_solution_alloys/dataset/bcc_NbTi/Nb-Ti/Nb96Ti32/case-42/N0.OUTCAR,0.750000,10.898744,4.676658,1.075721,3.932067,11.287713,mad
bcc_NbTi,Nb96Ti32,case-44,/lustre/orion/lrn070/world-shared/mlupopa/RHEAs_HydraGNN/HydraGNN/examples/vasp_solid_solution_alloys/dataset/bcc_NbTi/Nb-Ti/Nb96Ti32/case-44,/lustre/orion/lrn070/world-shared/mlupopa/RHEAs_HydraGNN/HydraGNN/examples/vasp_solid_solution_alloys/dataset/bcc_NbTi/Nb-Ti/Nb96Ti32/case-44/N0.OUTCAR,0.750000,11.628134,4.676658,1.075721,3.932067,11.287713,mad
bcc_NbTi,Nb96Ti32,case-47,/lustre/orion/lrn070/world-shared/mlupopa/RHEAs_HydraGNN/HydraGNN/examples/vasp_solid_solution_alloys/dataset/bcc_NbTi/Nb-Ti/Nb96Ti32/case-47,/lustre/orion/lrn070/world-shared/mlupopa/RHEAs_HydraGNN/HydraGNN/examples/vasp_solid_solution_alloys/dataset/bcc_NbTi/Nb-Ti/Nb96Ti32/case-47/N0.OUTCAR,0.750000,13.745867,4.676658,1.075721,3.932067,11.287713,mad
bcc_NbTi,Nb96Ti32,case-5,/lustre/orion/lrn070/world-shared/mlupopa/RHEAs_HydraGNN/HydraGNN/examples/vasp_solid_solution_alloys/dataset/bcc_NbTi/Nb-Ti/Nb96Ti32/case-5,/lustre/orion/lrn070/world-shared/mlupopa/RHEAs_HydraGNN/HydraGNN/examples/vasp_solid_solution_alloys/dataset/bcc_NbTi/Nb-Ti/Nb96Ti32/case-5/N1.OUTCAR,0.750000,12.042582,4.676658,1.075721,3.932067,11.287713,mad
bcc_NbTi,Nb96Ti32,case-51,/lustre/orion/lrn070/world-shared/mlupopa/RHEAs_HydraGNN/HydraGNN/examples/vasp_solid_solution_alloys/dataset/bcc_NbTi/Nb-Ti/Nb96Ti32/case-51,/lustre/orion/lrn070/world-shared/mlupopa/RHEAs_HydraGNN/HydraGNN/examples/vasp_solid_solution_alloys/dataset/bcc_NbTi/Nb-Ti/Nb96Ti32/case-51/N0.OUTCAR,0.750000,11.174239,4.676658,1.075721,3.932067,11.287713,mad
bcc_NbTi,Nb96Ti32,case-58,/lustre/orion/lrn070/world-shared/mlupopa/RHEAs_HydraGNN/HydraGNN/examples/vasp_solid_solution_alloys/dataset/bcc_NbTi/Nb-Ti/Nb96Ti32/case-58,/lustre/orion/lrn070/world-shared/mlupopa/RHEAs_HydraGNN/HydraGNN/examples/vasp_solid_solution_alloys/dataset/bcc_NbTi/Nb-Ti/Nb96Ti32/case-58/N0.OUTCAR,0.750000,13.590617,4.676658,1.075721,3.932067,11.287713,mad
bcc_NbTi,Nb96Ti32,case-59,/lustre/orion/lrn070/world-shared/mlupopa/RHEAs_HydraGNN/HydraGNN/examples/vasp_solid_solution_alloys/dataset/bcc_NbTi/Nb-Ti/Nb96Ti32/case-59,/lustre/orion/lrn070/world-shared/mlupopa/RHEAs_HydraGNN/HydraGNN/examples/vasp_solid_solution_alloys/dataset/bcc_NbTi/Nb-Ti/Nb96Ti32/case-59/N0.OUTCAR,0.750000,25.547648,4.676658,1.075721,3.932067,11.287713,mad
bcc_NbTi,Nb96Ti32,case-60,/lustre/orion/lrn070/world-shared/mlupopa/RHEAs_HydraGNN/HydraGNN/examples/vasp_solid_solution_alloys/dataset/bcc_NbTi/Nb-Ti/Nb96Ti32/case-60,/lustre/orion/lrn070/world-shared/mlupopa/RHEAs_HydraGNN/HydraGNN/examples/vasp_solid_solution_alloys/dataset/bcc_NbTi/Nb-Ti/Nb96Ti32/case-60/N0.OUTCAR,0.750000,12.597526,4.676658,1.075721,3.932067,11.287713,mad
bcc_NbTi,Nb96Ti32,case-63,/lustre/orion/lrn070/world-shared/mlupopa/RHEAs_HydraGNN/HydraGNN/examples/vasp_solid_solution_alloys/dataset/bcc_NbTi/Nb-Ti/Nb96Ti32/case-63,/lustre/orion/lrn070/world-shared/mlupopa/RHEAs_HydraGNN/HydraGNN/examples/vasp_solid_solution_alloys/dataset/bcc_NbTi/Nb-Ti/Nb96Ti32/case-63/N0.OUTCAR,0.750000,12.351475,4.676658,1.075721,3.932067,11.287713,mad
bcc_NbTi,Nb96Ti32,case-65,/lustre/orion/lrn070/world-shared/mlupopa/RHEAs_HydraGNN/HydraGNN/examples/vasp_solid_solution_alloys/dataset/bcc_NbTi/Nb-Ti/Nb96Ti32/case-65,/lustre/orion/lrn070/world-shared/mlupopa/RHEAs_HydraGNN/HydraGNN/examples/vasp_solid_solution_alloys/dataset/bcc_NbTi/Nb-Ti/Nb96Ti32/case-65/N0.OUTCAR,0.750000,12.626385,4.676658,1.075721,3.932067,11.287713,mad
bcc_NbTi,Nb96Ti32,case-68,/lustre/orion/lrn070/world-shared/mlupopa/RHEAs_HydraGNN/HydraGNN/examples/vasp_solid_solution_alloys/dataset/bcc_NbTi/Nb-Ti/Nb96Ti32/case-68,/lustre/orion/lrn070/world-shared/mlupopa/RHEAs_HydraGNN/HydraGNN/examples/vasp_solid_solution_alloys/dataset/bcc_NbTi/Nb-Ti/Nb96Ti32/case-68/N0.OUTCAR,0.750000,11.916244,4.676658,1.075721,3.932067,11.287713,mad
bcc_NbTi,Nb96Ti32,case-70,/lustre/orion/lrn070/world-shared/mlupopa/RHEAs_HydraGNN/HydraGNN/examples/vasp_solid_solution_alloys/dataset/bcc_NbTi/Nb-Ti/Nb96Ti32/case-70,/lustre/orion/lrn070/world-shared/mlupopa/RHEAs_HydraGNN/HydraGNN/examples/vasp_solid_solution_alloys/dataset/bcc_NbTi/Nb-Ti/Nb96Ti32/case-70/N0.OUTCAR,0.750000,12.116660,4.676658,1.075721,3.932067,11.287713,mad
bcc_NbTi,Nb96Ti32,case-71,/lustre/orion/lrn070/world-shared/mlupopa/RHEAs_HydraGNN/HydraGNN/examples/vasp_solid_solution_alloys/dataset/bcc_NbTi/Nb-Ti/Nb96Ti32/case-71,/lustre/orion/lrn070/world-shared/mlupopa/RHEAs_HydraGNN/HydraGNN/examples/vasp_solid_solution_alloys/dataset/bcc_NbTi/Nb-Ti/Nb96Ti32/case-71/N1.OUTCAR,0.750000,10.669524,4.676658,1.075721,3.932067,11.287713,mad
bcc_NbTi,Nb96Ti32,case-75,/lustre/orion/lrn070/world-shared/mlupopa/RHEAs_HydraGNN/HydraGNN/examples/vasp_solid_solution_alloys/dataset/bcc_NbTi/Nb-Ti/Nb96Ti32/case-75,/lustre/orion/lrn070/world-shared/mlupopa/RHEAs_HydraGNN/HydraGNN/examples/vasp_solid_solution_alloys/dataset/bcc_NbTi/Nb-Ti/Nb96Ti32/case-75/N0.OUTCAR,0.750000,13.081754,4.676658,1.075721,3.932067,11.287713,mad
bcc_NbTi,Nb96Ti32,case-80,/lustre/orion/lrn070/world-shared/mlupopa/RHEAs_HydraGNN/HydraGNN/examples/vasp_solid_solution_alloys/dataset/bcc_NbTi/Nb-Ti/Nb96Ti32/case-80,/lustre/orion/lrn070/world-shared/mlupopa/RHEAs_HydraGNN/HydraGNN/examples/vasp_solid_solution_alloys/dataset/bcc_NbTi/Nb-Ti/Nb96Ti32/case-80/N1.OUTCAR,0.750000,11.960735,4.676658,1.075721,3.932067,11.287713,mad
bcc_NbTi,Nb96Ti32,case-84,/lustre/orion/lrn070/world-shared/mlupopa/RHEAs_HydraGNN/HydraGNN/examples/vasp_solid_solution_alloys/dataset/bcc_NbTi/Nb-Ti/Nb96Ti32/case-84,/lustre/orion/lrn070/world-shared/mlupopa/RHEAs_HydraGNN/HydraGNN/examples/vasp_solid_solution_alloys/dataset/bcc_NbTi/Nb-Ti/Nb96Ti32/case-84/N0.OUTCAR,0.750000,12.049332,4.676658,1.075721,3.932067,11.287713,mad
bcc_NbTi,Nb96Ti32,case-87,/lustre/orion/lrn070/world-shared/mlupopa/RHEAs_HydraGNN/HydraGNN/examples/vasp_solid_solution_alloys/dataset/bcc_NbTi/Nb-Ti/Nb96Ti32/case-87,/lustre/orion/lrn070/world-shared/mlupopa/RHEAs_HydraGNN/HydraGNN/examples/vasp_solid_solution_alloys/dataset/bcc_NbTi/Nb-Ti/Nb96Ti32/case-87/N1.OUTCAR,0.750000,13.105232,4.676658,1.075721,3.932067,11.287713,mad
bcc_NbTi,Nb96Ti32,case-91,/lustre/orion/lrn070/world-shared/mlupopa/RHEAs_HydraGNN/HydraGNN/examples/vasp_solid_solution_alloys/dataset/bcc_NbTi/Nb-Ti/Nb96Ti32/case-91,/lustre/orion/lrn070/world-shared/mlupopa/RHEAs_HydraGNN/HydraGNN/examples/vasp_solid_solution_alloys/dataset/bcc_NbTi/Nb-Ti/Nb96Ti32/case-91/N1.OUTCAR,0.750000,11.857260,4.676658,1.075721,3.932067,11.287713,mad
bcc_NbTi,Nb96Ti32,case-97,/lustre/orion/lrn070/world-shared/mlupopa/RHEAs_HydraGNN/HydraGNN/examples/vasp_solid_solution_alloys/dataset/bcc_NbTi/Nb-Ti/Nb96Ti32/case-97,/lustre/orion/lrn070/world-shared/mlupopa/RHEAs_HydraGNN/HydraGNN/examples/vasp_solid_solution_alloys/dataset/bcc_NbTi/Nb-Ti/Nb96Ti32/case-97/N0.OUTCAR,0.750000,11.947704,4.676658,1.075721,3.932067,11.287713,mad
bcc_TaTi,Ta100Ti28,case-1,/lustre/orion/lrn070/world-shared/mlupopa/RHEAs_HydraGNN/HydraGNN/examples/vasp_solid_solution_alloys/dataset/bcc_TaTi/Ta-Ti/Ta100Ti28/case-1,/lustre/orion/lrn070/world-shared/mlupopa/RHEAs_HydraGNN/HydraGNN/examples/vasp_solid_solution_alloys/dataset/bcc_TaTi/Ta-Ti/Ta100Ti28/case-1/N0.OUTCAR,0.781250,-26.669936,-119.745203,3.078493,-122.346630,-26.131849,mad
bcc_TaTi,Ta100Ti28,case-100,/lustre/orion/lrn070/world-shared/mlupopa/RHEAs_HydraGNN/HydraGNN/examples/vasp_solid_solution_alloys/dataset/bcc_TaTi/Ta-Ti/Ta100Ti28/case-100,/lustre/orion/lrn070/world-shared/mlupopa/RHEAs_HydraGNN/HydraGNN/examples/vasp_solid_solution_alloys/dataset/bcc_TaTi/Ta-Ti/Ta100Ti28/case-100/N0.OUTCAR,0.781250,-25.465369,-119.745203,3.078493,-122.346630,-26.131849,mad
bcc_TaTi,Ta100Ti28,case-11,/lustre/orion/lrn070/world-shared/mlupopa/RHEAs_HydraGNN/HydraGNN/examples/vasp_solid_solution_alloys/dataset/bcc_TaTi/Ta-Ti/Ta100Ti28/case-11,/lustre/orion/lrn070/world-shared/mlupopa/RHEAs_HydraGNN/HydraGNN/examples/vasp_solid_solution_alloys/dataset/bcc_TaTi/Ta-Ti/Ta100Ti28/case-11/N0.OUTCAR,0.781250,-26.087921,-119.745203,3.078493,-122.346630,-26.131849,mad
bcc_TaTi,Ta100Ti28,case-13,/lustre/orion/lrn070/world-shared/mlupopa/RHEAs_HydraGNN/HydraGNN/examples/vasp_solid_solution_alloys/dataset/bcc_TaTi/Ta-Ti/Ta100Ti28/case-13,/lustre/orion/lrn070/world-shared/mlupopa/RHEAs_HydraGNN/HydraGNN/examples/vasp_solid_solution_alloys/dataset/bcc_TaTi/Ta-Ti/Ta100Ti28/case-13/N0.OUTCAR,0.781250,-25.420694,-119.745203,3.078493,-122.346630,-26.131849,mad
bcc_TaTi,Ta100Ti28,case-19,/lustre/orion/lrn070/world-shared/mlupopa/RHEAs_HydraGNN/HydraGNN/examples/vasp_solid_solution_alloys/dataset/bcc_TaTi/Ta-Ti/Ta100Ti28/case-19,/lustre/orion/lrn070/world-shared/mlupopa/RHEAs_HydraGNN/HydraGNN/examples/vasp_solid_solution_alloys/dataset/bcc_TaTi/Ta-Ti/Ta100Ti28/case-19/N0.OUTCAR,0.781250,-25.920264,-119.745203,3.078493,-122.346630,-26.131849,mad
bcc_TaTi,Ta100Ti28,case-20,/lustre/orion/lrn070/world-shared/mlupopa/RHEAs_HydraGNN/HydraGNN/examples/vasp_solid_solution_alloys/dataset/bcc_TaTi/Ta-Ti/Ta100Ti28/case-20,/lustre/orion/lrn070/world-shared/mlupopa/RHEAs_HydraGNN/HydraGNN/examples/vasp_solid_solution_alloys/dataset/bcc_TaTi/Ta-Ti/Ta100Ti28/case-20/N0.OUTCAR,0.781250,-25.989038,-119.745203,3.078493,-122.346630,-26.131849,mad
bcc_TaTi,Ta100Ti28,case-21,/lustre/orion/lrn070/world-shared/mlupopa/RHEAs_HydraGNN/HydraGNN/examples/vasp_solid_solution_alloys/dataset/bcc_TaTi/Ta-Ti/Ta100Ti28/case-21,/lustre/orion/lrn070/world-shared/mlupopa/RHEAs_HydraGNN/HydraGNN/examples/vasp_solid_solution_alloys/dataset/bcc_TaTi/Ta-Ti/Ta100Ti28/case-21/N0.OUTCAR,0.781250,-26.146491,-119.745203,3.078493,-122.346630,-26.131849,mad
bcc_TaTi,Ta100Ti28,case-28,/lustre/orion/lrn070/world-shared/mlupopa/RHEAs_HydraGNN/HydraGNN/examples/vasp_solid_solution_alloys/dataset/bcc_TaTi/Ta-Ti/Ta100Ti28/case-28,/lustre/orion/lrn070/world-shared/mlupopa/RHEAs_HydraGNN/HydraGNN/examples/vasp_solid_solution_alloys/dataset/bcc_TaTi/Ta-Ti/Ta100Ti28/case-28/N0.OUTCAR,0.781250,-26.835855,-119.745203,3.078493,-122.346630,-26.131849,mad
bcc_TaTi,Ta100Ti28,case-32,/lustre/orion/lrn070/world-shared/mlupopa/RHEAs_HydraGNN/HydraGNN/examples/vasp_solid_solution_alloys/dataset/bcc_TaTi/Ta-Ti/Ta100Ti28/case-32,/lustre/orion/lrn070/world-shared/mlupopa/RHEAs_HydraGNN/HydraGNN/examples/vasp_solid_solution_alloys/dataset/bcc_TaTi/Ta-Ti/Ta100Ti28/case-32/N0.OUTCAR,0.781250,-25.483072,-119.745203,3.078493,-122.346630,-26.131849,mad
bcc_TaTi,Ta100Ti28,case-37,/lustre/orion/lrn070/world-shared/mlupopa/RHEAs_HydraGNN/HydraGNN/examples/vasp_solid_solution_alloys/dataset/bcc_TaTi/Ta-Ti/Ta100Ti28/case-37,/lustre/orion/lrn070/world-shared/mlupopa/RHEAs_HydraGNN/HydraGNN/examples/vasp_solid_solution_alloys/dataset/bcc_TaTi/Ta-Ti/Ta100Ti28/case-37/N1.OUTCAR,0.781250,-24.838934,-119.745203,3.078493,-122.346630,-26.131849,mad
bcc_TaTi,Ta100Ti28,case-38,/lustre/orion/lrn070/world-shared/mlupopa/RHEAs_HydraGNN/HydraGNN/examples/vasp_solid_solution_alloys/dataset/bcc_TaTi/Ta-Ti/Ta100Ti28/case-38,/lustre/orion/lrn070/world-shared/mlupopa/RHEAs_HydraGNN/HydraGNN/examples/vasp_solid_solution_alloys/dataset/bcc_TaTi/Ta-Ti/Ta100Ti28/case-38/N1.OUTCAR,0.781250,-27.082133,-119.745203,3.078493,-122.346630,-26.131849,mad
bcc_TaTi,Ta100Ti28,case-42,/lustre/orion/lrn070/world-shared/mlupopa/RHEAs_HydraGNN/HydraGNN/examples/vasp_solid_solution_alloys/dataset/bcc_TaTi/Ta-Ti/Ta100Ti28/case-42,/lustre/orion/lrn070/world-shared/mlupopa/RHEAs_HydraGNN/HydraGNN/examples/vasp_solid_solution_alloys/dataset/bcc_TaTi/Ta-Ti/Ta100Ti28/case-42/N0.OUTCAR,0.781250,-38.063542,-119.745203,3.078493,-122.346630,-26.131849,mad
bcc_TaTi,Ta100Ti28,case-44,/lustre/orion/lrn070/world-shared/mlupopa/RHEAs_HydraGNN/HydraGNN/examples/vasp_solid_solution_alloys/dataset/bcc_TaTi/Ta-Ti/Ta100Ti28/case-44,/lustre/orion/lrn070/world-shared/mlupopa/RHEAs_HydraGNN/HydraGNN/examples/vasp_solid_solution_alloys/dataset/bcc_TaTi/Ta-Ti/Ta100Ti28/case-44/N0.OUTCAR,0.781250,-25.175211,-119.745203,3.078493,-122.346630,-26.131849,mad
bcc_TaTi,Ta100Ti28,case-45,/lustre/orion/lrn070/world-shared/mlupopa/RHEAs_HydraGNN/HydraGNN/examples/vasp_solid_solution_alloys/dataset/bcc_TaTi/Ta-Ti/Ta100Ti28/case-45,/lustre/orion/lrn070/world-shared/mlupopa/RHEAs_HydraGNN/HydraGNN/examples/vasp_solid_solution_alloys/dataset/bcc_TaTi/Ta-Ti/Ta100Ti28/case-45/N0.OUTCAR,0.781250,-24.772379,-119.745203,3.078493,-122.346630,-26.131849,mad
bcc_TaTi,Ta100Ti28,case-50,/lustre/orion/lrn070/world-shared/mlupopa/RHEAs_HydraGNN/HydraGNN/examples/vasp_solid_solution_alloys/dataset/bcc_TaTi/Ta-Ti/Ta100Ti28/case-50,/lustre/orion/lrn070/world-shared/mlupopa/RHEAs_HydraGNN/HydraGNN/examples/vasp_solid_solution_alloys/dataset/bcc_TaTi/Ta-Ti/Ta100Ti28/case-50/N0.OUTCAR,0.781250,-24.970084,-119.745203,3.078493,-122.346630,-26.131849,mad
bcc_TaTi,Ta100Ti28,case-54,/lustre/orion/lrn070/world-shared/mlupopa/RHEAs_HydraGNN/HydraGNN/examples/vasp_solid_solution_alloys/dataset/bcc_TaTi/Ta-Ti/Ta100Ti28/case-54,/lustre/orion/lrn070/world-shared/mlupopa/RHEAs_HydraGNN/HydraGNN/examples/vasp_solid_solution_alloys/dataset/bcc_TaTi/Ta-Ti/Ta100Ti28/case-54/N0.OUTCAR,0.781250,-25.144808,-119.745203,3.078493,-122.346630,-26.131849,mad
bcc_TaTi,Ta100Ti28,case-57,/lustre/orion/lrn070/world-shared/mlupopa/RHEAs_HydraGNN/HydraGNN/examples/vasp_solid_solution_alloys/dataset/bcc_TaTi/Ta-Ti/Ta100Ti28/case-57,/lustre/orion/lrn070/world-shared/mlupopa/RHEAs_HydraGNN/HydraGNN/examples/vasp_solid_solution_alloys/dataset/bcc_TaTi/Ta-Ti/Ta100Ti28/case-57/N0.OUTCAR,0.781250,-96.039928,-119.745203,3.078493,-122.346630,-26.131849,mad
bcc_TaTi,Ta100Ti28,case-6,/lustre/orion/lrn070/world-shared/mlupopa/RHEAs_HydraGNN/HydraGNN/examples/vasp_solid_solution_alloys/dataset/bcc_TaTi/Ta-Ti/Ta100Ti28/case-6,/lustre/orion/lrn070/world-shared/mlupopa/RHEAs_HydraGNN/HydraGNN/examples/vasp_solid_solution_alloys/dataset/bcc_TaTi/Ta-Ti/Ta100Ti28/case-6/N0.OUTCAR,0.781250,-25.856939,-119.745203,3.078493,-122.346630,-26.131849,mad
bcc_TaTi,Ta100Ti28,case-62,/lustre/orion/lrn070/world-shared/mlupopa/RHEAs_HydraGNN/HydraGNN/examples/vasp_solid_solution_alloys/dataset/bcc_TaTi/Ta-Ti/Ta100Ti28/case-62,/lustre/orion/lrn070/world-shared/mlupopa/RHEAs_HydraGNN/HydraGNN/examples/vasp_solid_solution_alloys/dataset/bcc_TaTi/Ta-Ti/Ta100Ti28/case-62/N1.OUTCAR,0.781250,-25.383156,-119.745203,3.078493,-122.346630,-26.131849,mad
bcc_TaTi,Ta100Ti28,case-68,/lustre/orion/lrn070/world-shared/mlupopa/RHEAs_HydraGNN/HydraGNN/examples/vasp_solid_solution_alloys/dataset/bcc_TaTi/Ta-Ti/Ta100Ti28/case-68,/lustre/orion/lrn070/world-shared/mlupopa/RHEAs_HydraGNN/HydraGNN/examples/vasp_solid_solution_alloys/dataset/bcc_TaTi/Ta-Ti/Ta100Ti28/case-68/N1.OUTCAR,0.781250,-25.276985,-119.745203,3.078493,-122.346630,-26.131849,mad
bcc_TaTi,Ta100Ti28,case-71,/lustre/orion/lrn070/world-shared/mlupopa/RHEAs_HydraGNN/HydraGNN/examples/vasp_solid_solution_alloys/dataset/bcc_TaTi/Ta-Ti/Ta100Ti28/case-71,/lustre/orion/lrn070/world-shared/mlupopa/RHEAs_HydraGNN/HydraGNN/examples/vasp_solid_solution_alloys/dataset/bcc_TaTi/Ta-Ti/Ta100Ti28/case-71/N0.OUTCAR,0.781250,-25.496159,-119.745203,3.078493,-122.346630,-26.131849,mad
bcc_TaTi,Ta100Ti28,case-73,/lustre/orion/lrn070/world-shared/mlupopa/RHEAs_HydraGNN/HydraGNN/examples/vasp_solid_solution_alloys/dataset/bcc_TaTi/Ta-Ti/Ta100Ti28/case-73,/lustre/orion/lrn070/world-shared/mlupopa/RHEAs_HydraGNN/HydraGNN/examples/vasp_solid_solution_alloys/dataset/bcc_TaTi/Ta-Ti/Ta100Ti28/case-73/N0.OUTCAR,0.781250,-25.998150,-119.745203,3.078493,-122.346630,-26.131849,mad
bcc_TaTi,Ta100Ti28,case-76,/lustre/orion/lrn070/world-shared/mlupopa/RHEAs_HydraGNN/HydraGNN/examples/vasp_solid_solution_alloys/dataset/bcc_TaTi/Ta-Ti/Ta100Ti28/case-76,/lustre/orion/lrn070/world-shared/mlupopa/RHEAs_HydraGNN/HydraGNN/examples/vasp_solid_solution_alloys/dataset/bcc_TaTi/Ta-Ti/Ta100Ti28/case-76/N0.OUTCAR,0.781250,-27.125571,-119.745203,3.078493,-122.346630,-26.131849,mad
bcc_TaTi,Ta100Ti28,case-79,/lustre/orion/lrn070/world-shared/mlupopa/RHEAs_HydraGNN/HydraGNN/examples/vasp_solid_solution_alloys/dataset/bcc_TaTi/Ta-Ti/Ta100Ti28/case-79,/lustre/orion/lrn070/world-shared/mlupopa/RHEAs_HydraGNN/HydraGNN/examples/vasp_solid_solution_alloys/dataset/bcc_TaTi/Ta-Ti/Ta100Ti28/case-79/N0.OUTCAR,0.781250,-25.262240,-119.745203,3.078493,-122.346630,-26.131849,mad
bcc_TaTi,Ta100Ti28,case-8,/lustre/orion/lrn070/world-shared/mlupopa/RHEAs_HydraGNN/HydraGNN/examples/vasp_solid_solution_alloys/dataset/bcc_TaTi/Ta-Ti/Ta100Ti28/case-8,/lustre/orion/lrn070/world-shared/mlupopa/RHEAs_HydraGNN/HydraGNN/examples/vasp_solid_solution_alloys/dataset/bcc_TaTi/Ta-Ti/Ta100Ti28/case-8/N1.OUTCAR,0.781250,-35.570198,-119.745203,3.078493,-122.346630,-26.131849,mad
bcc_TaTi,Ta100Ti28,case-80,/lustre/orion/lrn070/world-shared/mlupopa/RHEAs_HydraGNN/HydraGNN/examples/vasp_solid_solution_alloys/dataset/bcc_TaTi/Ta-Ti/Ta100Ti28/case-80,/lustre/orion/lrn070/world-shared/mlupopa/RHEAs_HydraGNN/HydraGNN/examples/vasp_solid_solution_alloys/dataset/bcc_TaTi/Ta-Ti/Ta100Ti28/case-80/N0.OUTCAR,0.781250,-25.250558,-119.745203,3.078493,-122.346630,-26.131849,mad
bcc_TaTi,Ta100Ti28,case-83,/lustre/orion/lrn070/world-shared/mlupopa/RHEAs_HydraGNN/HydraGNN/examples/vasp_solid_solution_alloys/dataset/bcc_TaTi/Ta-Ti/Ta100Ti28/case-83,/lustre/orion/lrn070/world-shared/mlupopa/RHEAs_HydraGNN/HydraGNN/examples/vasp_solid_solution_alloys/dataset/bcc_TaTi/Ta-Ti/Ta100Ti28/case-83/N0.OUTCAR,0.781250,-25.533693,-119.745203,3.078493,-122.346630,-26.131849,mad
bcc_TaTi,Ta100Ti28,case-85,/lustre/orion/lrn070/world-shared/mlupopa/RHEAs_HydraGNN/HydraGNN/examples/vasp_solid_solution_alloys/dataset/bcc_TaTi/Ta-Ti/Ta100Ti28/case-85,/lustre/orion/lrn070/world-shared/mlupopa/RHEAs_HydraGNN/HydraGNN/examples/vasp_solid_solution_alloys/dataset/bcc_TaTi/Ta-Ti/Ta100Ti28/case-85/N0.OUTCAR,0.781250,-25.694665,-119.745203,3.078493,-122.346630,-26.131849,mad
bcc_TaTi,Ta100Ti28,case-88,/lustre/orion/lrn070/world-shared/mlupopa/RHEAs_HydraGNN/HydraGNN/examples/vasp_solid_solution_alloys/dataset/bcc_TaTi/Ta-Ti/Ta100Ti28/case-88,/lustre/orion/lrn070/world-shared/mlupopa/RHEAs_HydraGNN/HydraGNN/examples/vasp_solid_solution_alloys/dataset/bcc_TaTi/Ta-Ti/Ta100Ti28/case-88/N1.OUTCAR,0.781250,-25.010644,-119.745203,3.078493,-122.346630,-26.131849,mad
bcc_TaTi,Ta100Ti28,case-89,/lustre/orion/lrn070/world-shared/mlupopa/RHEAs_HydraGNN/HydraGNN/examples/vasp_solid_solution_alloys/dataset/bcc_TaTi/Ta-Ti/Ta100Ti28/case-89,/lustre/orion/lrn070/world-shared/mlupopa/RHEAs_HydraGNN/HydraGNN/examples/vasp_solid_solution_alloys/dataset/bcc_TaTi/Ta-Ti/Ta100Ti28/case-89/N0.OUTCAR,0.781250,-25.579326,-119.745203,3.078493,-122.346630,-26.131849,mad
bcc_TaTi,Ta100Ti28,case-92,/lustre/orion/lrn070/world-shared/mlupopa/RHEAs_HydraGNN/HydraGNN/examples/vasp_solid_solution_alloys/dataset/bcc_TaTi/Ta-Ti/Ta100Ti28/case-92,/lustre/orion/lrn070/world-shared/mlupopa/RHEAs_HydraGNN/HydraGNN/examples/vasp_solid_solution_alloys/dataset/bcc_TaTi/Ta-Ti/Ta100Ti28/case-92/N0.OUTCAR,0.781250,-24.968014,-119.745203,3.078493,-122.346630,-26.131849,mad
bcc_TaTi,Ta100Ti28,case-93,/lustre/orion/lrn070/world-shared/mlupopa/RHEAs_HydraGNN/HydraGNN/examples/vasp_solid_solution_alloys/dataset/bcc_TaTi/Ta-Ti/Ta100Ti28/case-93,/lustre/orion/lrn070/world-shared/mlupopa/RHEAs_HydraGNN/HydraGNN/examples/vasp_solid_solution_alloys/dataset/bcc_TaTi/Ta-Ti/Ta100Ti28/case-93/N0.OUTCAR,0.781250,-25.509324,-119.745203,3.078493,-122.346630,-26.131849,mad
bcc_TaTi,Ta100Ti28,case-95,/lustre/orion/lrn070/world-shared/mlupopa/RHEAs_HydraGNN/HydraGNN/examples/vasp_solid_solution_alloys/dataset/bcc_TaTi/Ta-Ti/Ta100Ti28/case-95,/lustre/orion/lrn070/world-shared/mlupopa/RHEAs_HydraGNN/HydraGNN/examples/vasp_solid_solution_alloys/dataset/bcc_TaTi/Ta-Ti/Ta100Ti28/case-95/N0.OUTCAR,0.781250,-26.997043,-119.745203,3.078493,-122.346630,-26.131849,mad
bcc_TaTi,Ta100Ti28,case-97,/lustre/orion/lrn070/world-shared/mlupopa/RHEAs_HydraGNN/HydraGNN/examples/vasp_solid_solution_alloys/dataset/bcc_TaTi/Ta-Ti/Ta100Ti28/case-97,/lustre/orion/lrn070/world-shared/mlupopa/RHEAs_HydraGNN/HydraGNN/examples/vasp_solid_solution_alloys/dataset/bcc_TaTi/Ta-Ti/Ta100Ti28/case-97/N1.OUTCAR,0.781250,-38.749810,-119.745203,3.078493,-122.346630,-26.131849,mad
bcc_TaTi,Ta100Ti28,case-98,/lustre/orion/lrn070/world-shared/mlupopa/RHEAs_HydraGNN/HydraGNN/examples/vasp_solid_solution_alloys/dataset/bcc_TaTi/Ta-Ti/Ta100Ti28/case-98,/lustre/orion/lrn070/world-shared/mlupopa/RHEAs_HydraGNN/HydraGNN/examples/vasp_solid_solution_alloys/dataset/bcc_TaTi/Ta-Ti/Ta100Ti28/case-98/N0.OUTCAR,0.781250,-26.042332,-119.745203,3.078493,-122.346630,-26.131849,mad
bcc_TaTi,Ta100Ti28,case-99,/lustre/orion/lrn070/world-shared/mlupopa/RHEAs_HydraGNN/HydraGNN/examples/vasp_solid_solution_alloys/dataset/bcc_TaTi/Ta-Ti/Ta100Ti28/case-99,/lustre/orion/lrn070/world-shared/mlupopa/RHEAs_HydraGNN/HydraGNN/examples/vasp_solid_solution_alloys/dataset/bcc_TaTi/Ta-Ti/Ta100Ti28/case-99/N0.OUTCAR,0.781250,-32.196013,-119.745203,3.078493,-122.346630,-26.131849,mad
bcc_TaTi,Ta104Ti24,case-11,/lustre/orion/lrn070/world-shared/mlupopa/RHEAs_HydraGNN/HydraGNN/examples/vasp_solid_solution_alloys/dataset/bcc_TaTi/Ta-Ti/Ta104Ti24/case-11,/lustre/orion/lrn070/world-shared/mlupopa/RHEAs_HydraGNN/HydraGNN/examples/vasp_solid_solution_alloys/dataset/bcc_TaTi/Ta-Ti/Ta104Ti24/case-11/N0.OUTCAR,0.812500,-31.968130,-128.950551,4.700762,-132.313211,-32.609727,mad
bcc_TaTi,Ta104Ti24,case-13,/lustre/orion/lrn070/world-shared/mlupopa/RHEAs_HydraGNN/HydraGNN/examples/vasp_solid_solution_alloys/dataset/bcc_TaTi/Ta-Ti/Ta104Ti24/case-13,/lustre/orion/lrn070/world-shared/mlupopa/RHEAs_HydraGNN/HydraGNN/examples/vasp_solid_solution_alloys/dataset/bcc_TaTi/Ta-Ti/Ta104Ti24/case-13/N1.OUTCAR,0.812500,-32.630568,-128.950551,4.700762,-132.313211,-32.609727,mad
bcc_TaTi,Ta104Ti24,case-17,/lustre/orion/lrn070/world-shared/mlupopa/RHEAs_HydraGNN/HydraGNN/examples/vasp_solid_solution_alloys/dataset/bcc_TaTi/Ta-Ti/Ta104Ti24/case-17,/lustre/orion/lrn070/world-shared/mlupopa/RHEAs_HydraGNN/HydraGNN/examples/vasp_solid_solution_alloys/dataset/bcc_TaTi/Ta-Ti/Ta104Ti24/case-17/N0.OUTCAR,0.812500,-32.134098,-128.950551,4.700762,-132.313211,-32.609727,mad
bcc_TaTi,Ta104Ti24,case-18,/lustre/orion/lrn070/world-shared/mlupopa/RHEAs_HydraGNN/HydraGNN/examples/vasp_solid_solution_alloys/dataset/bcc_TaTi/Ta-Ti/Ta104Ti24/case-18,/lustre/orion/lrn070/world-shared/mlupopa/RHEAs_HydraGNN/HydraGNN/examples/vasp_solid_solution_alloys/dataset/bcc_TaTi/Ta-Ti/Ta104Ti24/case-18/N0.OUTCAR,0.812500,-32.519894,-128.950551,4.700762,-132.313211,-32.609727,mad
bcc_TaTi,Ta104Ti24,case-22,/lustre/orion/lrn070/world-shared/mlupopa/RHEAs_HydraGNN/HydraGNN/examples/vasp_solid_solution_alloys/dataset/bcc_TaTi/Ta-Ti/Ta104Ti24/case-22,/lustre/orion/lrn070/world-shared/mlupopa/RHEAs_HydraGNN/HydraGNN/examples/vasp_solid_solution_alloys/dataset/bcc_TaTi/Ta-Ti/Ta104Ti24/case-22/N0.OUTCAR,0.812500,-32.367559,-128.950551,4.700762,-132.313211,-32.609727,mad
bcc_TaTi,Ta104Ti24,case-26,/lustre/orion/lrn070/world-shared/mlupopa/RHEAs_HydraGNN/HydraGNN/examples/vasp_solid_solution_alloys/dataset/bcc_TaTi/Ta-Ti/Ta104Ti24/case-26,/lustre/orion/lrn070/world-shared/mlupopa/RHEAs_HydraGNN/HydraGNN/examples/vasp_solid_solution_alloys/dataset/bcc_TaTi/Ta-Ti/Ta104Ti24/case-26/N0.OUTCAR,0.812500,-32.894127,-128.950551,4.700762,-132.313211,-32.609727,mad
bcc_TaTi,Ta104Ti24,case-27,/lustre/orion/lrn070/world-shared/mlupopa/RHEAs_HydraGNN/HydraGNN/examples/vasp_solid_solution_alloys/dataset/bcc_TaTi/Ta-Ti/Ta104Ti24/case-27,/lustre/orion/lrn070/world-shared/mlupopa/RHEAs_HydraGNN/HydraGNN/examples/vasp_solid_solution_alloys/dataset/bcc_TaTi/Ta-Ti/Ta104Ti24/case-27/N0.OUTCAR,0.812500,-32.573547,-128.950551,4.700762,-132.313211,-32.609727,mad
bcc_TaTi,Ta104Ti24,case-34,/lustre/orion/lrn070/world-shared/mlupopa/RHEAs_HydraGNN/HydraGNN/examples/vasp_solid_solution_alloys/dataset/bcc_TaTi/Ta-Ti/Ta104Ti24/case-34,/lustre/orion/lrn070/world-shared/mlupopa/RHEAs_HydraGNN/HydraGNN/examples/vasp_solid_solution_alloys/dataset/bcc_TaTi/Ta-Ti/Ta104Ti24/case-34/N0.OUTCAR,0.812500,-32.700011,-128.950551,4.700762,-132.313211,-32.609727,mad
bcc_TaTi,Ta104Ti24,case-35,/lustre/orion/lrn070/world-shared/mlupopa/RHEAs_HydraGNN/HydraGNN/examples/vasp_solid_solution_alloys/dataset/bcc_TaTi/Ta-Ti/Ta104Ti24/case-35,/lustre/orion/lrn070/world-shared/mlupopa/RHEAs_HydraGNN/HydraGNN/examples/vasp_solid_solution_alloys/dataset/bcc_TaTi/Ta-Ti/Ta104Ti24/case-35/N0.OUTCAR,0.812500,-32.209374,-128.950551,4.700762,-132.313211,-32.609727,mad
bcc_TaTi,Ta104Ti24,case-36,/lustre/orion/lrn070/world-shared/mlupopa/RHEAs_HydraGNN/HydraGNN/examples/vasp_solid_solution_alloys/dataset/bcc_TaTi/Ta-Ti/Ta104Ti24/case-36,/lustre/orion/lrn070/world-shared/mlupopa/RHEAs_HydraGNN/HydraGNN/examples/vasp_solid_solution_alloys/dataset/bcc_TaTi/Ta-Ti/Ta104Ti24/case-36/N0.OUTCAR,0.812500,-32.544706,-128.950551,4.700762,-132.313211,-32.609727,mad
bcc_TaTi,Ta104Ti24,case-38,/lustre/orion/lrn070/world-shared/mlupopa/RHEAs_HydraGNN/HydraGNN/examples/vasp_solid_solution_alloys/dataset/bcc_TaTi/Ta-Ti/Ta104Ti24/case-38,/lustre/orion/lrn070/world-shared/mlupopa/RHEAs_HydraGNN/HydraGNN/examples/vasp_solid_solution_alloys/dataset/bcc_TaTi/Ta-Ti/Ta104Ti24/case-38/N1.OUTCAR,0.812500,-32.334805,-128.950551,4.700762,-132.313211,-32.609727,mad
bcc_TaTi,Ta104Ti24,case-39,/lustre/orion/lrn070/world-shared/mlupopa/RHEAs_HydraGNN/HydraGNN/examples/vasp_solid_solution_alloys/dataset/bcc_TaTi/Ta-Ti/Ta104Ti24/case-39,/lustre/orion/lrn070/world-shared/mlupopa/RHEAs_HydraGNN/HydraGNN/examples/vasp_solid_solution_alloys/dataset/bcc_TaTi/Ta-Ti/Ta104Ti24/case-39/N0.OUTCAR,0.812500,-32.563198,-128.950551,4.700762,-132.313211,-32.609727,mad
bcc_TaTi,Ta104Ti24,case-4,/lustre/orion/lrn070/world-shared/mlupopa/RHEAs_HydraGNN/HydraGNN/examples/vasp_solid_solution_alloys/dataset/bcc_TaTi/Ta-Ti/Ta104Ti24/case-4,/lustre/orion/lrn070/world-shared/mlupopa/RHEAs_HydraGNN/HydraGNN/examples/vasp_solid_solution_alloys/dataset/bcc_TaTi/Ta-Ti/Ta104Ti24/case-4/N0.OUTCAR,0.812500,-32.294839,-128.950551,4.700762,-132.313211,-32.609727,mad
bcc_TaTi,Ta104Ti24,case-42,/lustre/orion/lrn070/world-shared/mlupopa/RHEAs_HydraGNN/HydraGNN/examples/vasp_solid_solution_alloys/dataset/bcc_TaTi/Ta-Ti/Ta104Ti24/case-42,/lustre/orion/lrn070/world-shared/mlupopa/RHEAs_HydraGNN/HydraGNN/examples/vasp_solid_solution_alloys/dataset/bcc_TaTi/Ta-Ti/Ta104Ti24/case-42/N0.OUTCAR,0.812500,-34.790715,-128.950551,4.700762,-132.313211,-32.609727,mad
bcc_TaTi,Ta104Ti24,case-43,/lustre/orion/lrn070/world-shared/mlupopa/RHEAs_HydraGNN/HydraGNN/examples/vasp_solid_solution_alloys/dataset/bcc_TaTi/Ta-Ti/Ta104Ti24/case-43,/lustre/orion/lrn070/world-shared/mlupopa/RHEAs_HydraGNN/HydraGNN/examples/vasp_solid_solution_alloys/dataset/bcc_TaTi/Ta-Ti/Ta104Ti24/case-43/N0.OUTCAR,0.812500,-33.048070,-128.950551,4.700762,-132.313211,-32.609727,mad
bcc_TaTi,Ta104Ti24,case-45,/lustre/orion/lrn070/world-shared/mlupopa/RHEAs_HydraGNN/HydraGNN/examples/vasp_solid_solution_alloys/dataset/bcc_TaTi/Ta-Ti/Ta104Ti24/case-45,/lustre/orion/lrn070/world-shared/mlupopa/RHEAs_HydraGNN/HydraGNN/examples/vasp_solid_solution_alloys/dataset/bcc_TaTi/Ta-Ti/Ta104Ti24/case-45/N1.OUTCAR,0.812500,-32.976482,-128.950551,4.700762,-132.313211,-32.609727,mad
bcc_TaTi,Ta104Ti24,case-46,/lustre/orion/lrn070/world-shared/mlupopa/RHEAs_HydraGNN/HydraGNN/examples/vasp_solid_solution_alloys/dataset/bcc_TaTi/Ta-Ti/Ta104Ti24/case-46,/lustre/orion/lrn070/world-shared/mlupopa/RHEAs_HydraGNN/HydraGNN/examples/vasp_solid_solution_alloys/dataset/bcc_TaTi/Ta-Ti/Ta104Ti24/case-46/N0.OUTCAR,0.812500,-32.690702,-128.950551,4.700762,-132.313211,-32.609727,mad
bcc_TaTi,Ta104Ti24,case-48,/lustre/orion/lrn070/world-shared/mlupopa/RHEAs_HydraGNN/HydraGNN/examples/vasp_solid_solution_alloys/dataset/bcc_TaTi/Ta-Ti/Ta104Ti24/case-48,/lustre/orion/lrn070/world-shared/mlupopa/RHEAs_HydraGNN/HydraGNN/examples/vasp_solid_solution_alloys/dataset/bcc_TaTi/Ta-Ti/Ta104Ti24/case-48/N1.OUTCAR,0.812500,-32.451615,-128.950551,4.700762,-132.313211,-32.609727,mad
bcc_TaTi,Ta104Ti24,case-49,/lustre/orion/lrn070/world-shared/mlupopa/RHEAs_HydraGNN/HydraGNN/examples/vasp_solid_solution_alloys/dataset/bcc_TaTi/Ta-Ti/Ta104Ti24/case-49,/lustre/orion/lrn070/world-shared/mlupopa/RHEAs_HydraGNN/HydraGNN/examples/vasp_solid_solution_alloys/dataset/bcc_TaTi/Ta-Ti/Ta104Ti24/case-49/N0.OUTCAR,0.812500,-31.999429,-128.950551,4.700762,-132.313211,-32.609727,mad
bcc_TaTi,Ta104Ti24,case-5,/lustre/orion/lrn070/world-shared/mlupopa/RHEAs_HydraGNN/HydraGNN/examples/vasp_solid_solution_alloys/dataset/bcc_TaTi/Ta-Ti/Ta104Ti24/case-5,/lustre/orion/lrn070/world-shared/mlupopa/RHEAs_HydraGNN/HydraGNN/examples/vasp_solid_solution_alloys/dataset/bcc_TaTi/Ta-Ti/Ta104Ti24/case-5/N0.OUTCAR,0.812500,-32.242315,-128.950551,4.700762,-132.313211,-32.609727,mad
bcc_TaTi,Ta104Ti24,case-50,/lustre/orion/lrn070/world-shared/mlupopa/RHEAs_HydraGNN/HydraGNN/examples/vasp_solid_solution_alloys/dataset/bcc_TaTi/Ta-Ti/Ta104Ti24/case-50,/lustre/orion/lrn070/world-shared/mlupopa/RHEAs_HydraGNN/HydraGNN/examples/vasp_solid_solution_alloys/dataset/bcc_TaTi/Ta-Ti/Ta104Ti24/case-50/N0.OUTCAR,0.812500,-32.800820,-128.950551,4.700762,-132.313211,-32.609727,mad
bcc_TaTi,Ta104Ti24,case-51,/lustre/orion/lrn070/world-shared/mlupopa/RHEAs_HydraGNN/HydraGNN/examples/vasp_solid_solution_alloys/dataset/bcc_TaTi/Ta-Ti/Ta104Ti24/case-51,/lustre/orion/lrn070/world-shared/mlupopa/RHEAs_HydraGNN/HydraGNN/examples/vasp_solid_solution_alloys/dataset/bcc_TaTi/Ta-Ti/Ta104Ti24/case-51/N0.OUTCAR,0.812500,-32.395017,-128.950551,4.700762,-132.313211,-32.609727,mad
bcc_TaTi,Ta104Ti24,case-52,/lustre/orion/lrn070/world-shared/mlupopa/RHEAs_HydraGNN/HydraGNN/examples/vasp_solid_solution_alloys/dataset/bcc_TaTi/Ta-Ti/Ta104Ti24/case-52,/lustre/orion/lrn070/world-shared/mlupopa/RHEAs_HydraGNN/HydraGNN/examples/vasp_solid_solution_alloys/dataset/bcc_TaTi/Ta-Ti/Ta104Ti24/case-52/N0.OUTCAR,0.812500,-32.343284,-128.950551,4.700762,-132.313211,-32.609727,mad
bcc_TaTi,Ta104Ti24,case-56,/lustre/orion/lrn070/world-shared/mlupopa/RHEAs_HydraGNN/HydraGNN/examples/vasp_solid_solution_alloys/dataset/bcc_TaTi/Ta-Ti/Ta104Ti24/case-56,/lustre/orion/lrn070/world-shared/mlupopa/RHEAs_HydraGNN/HydraGNN/examples/vasp_solid_solution_alloys/dataset/bcc_TaTi/Ta-Ti/Ta104Ti24/case-56/N1.OUTCAR,0.812500,-32.778178,-128.950551,4.700762,-132.313211,-32.609727,mad
bcc_TaTi,Ta104Ti24,case-58,/lustre/orion/lrn070/world-shared/mlupopa/RHEAs_HydraGNN/HydraGNN/examples/vasp_solid_solution_alloys/dataset/bcc_TaTi/Ta-Ti/Ta104Ti24/case-58,/lustre/orion/lrn070/world-shared/mlupopa/RHEAs_HydraGNN/HydraGNN/examples/vasp_solid_solution_alloys/dataset/bcc_TaTi/Ta-Ti/Ta104Ti24/case-58/N0.OUTCAR,0.812500,-32.859724,-128.950551,4.700762,-132.313211,-32.609727,mad
bcc_TaTi,Ta104Ti24,case-6,/lustre/orion/lrn070/world-shared/mlupopa/RHEAs_HydraGNN/HydraGNN/examples/vasp_solid_solution_alloys/dataset/bcc_TaTi/Ta-Ti/Ta104Ti24/case-6,/lustre/orion/lrn070/world-shared/mlupopa/RHEAs_HydraGNN/HydraGNN/examples/vasp_solid_solution_alloys/dataset/bcc_TaTi/Ta-Ti/Ta104Ti24/case-6/N0.OUTCAR,0.812500,-33.084413,-128.950551,4.700762,-132.313211,-32.609727,mad
bcc_TaTi,Ta104Ti24,case-63,/lustre/orion/lrn070/world-shared/mlupopa/RHEAs_HydraGNN/HydraGNN/examples/vasp_solid_solution_alloys/dataset/bcc_TaTi/Ta-Ti/Ta104Ti24/case-63,/lustre/orion/lrn070/world-shared/mlupopa/RHEAs_HydraGNN/HydraGNN/examples/vasp_solid_solution_alloys/dataset/bcc_TaTi/Ta-Ti/Ta104Ti24/case-63/N0.OUTCAR,0.812500,-32.601727,-128.950551,4.700762,-132.313211,-32.609727,mad
bcc_TaTi,Ta104Ti24,case-65,/lustre/orion/lrn070/world-shared/mlupopa/RHEAs_HydraGNN/HydraGNN/examples/vasp_solid_solution_alloys/dataset/bcc_TaTi/Ta-Ti/Ta104Ti24/case-65,/lustre/orion/lrn070/world-shared/mlupopa/RHEAs_HydraGNN/HydraGNN/examples/vasp_solid_solution_alloys/dataset/bcc_TaTi/Ta-Ti/Ta104Ti24/case-65/N0.OUTCAR,0.812500,-32.639220,-128.950551,4.700762,-132.313211,-32.609727,mad
bcc_TaTi,Ta104Ti24,case-67,/lustre/orion/lrn070/world-shared/mlupopa/RHEAs_HydraGNN/HydraGNN/examples/vasp_solid_solution_alloys/dataset/bcc_TaTi/Ta-Ti/Ta104Ti24/case-67,/lustre/orion/lrn070/world-shared/mlupopa/RHEAs_HydraGNN/HydraGNN/examples/vasp_solid_solution_alloys/dataset/bcc_TaTi/Ta-Ti/Ta104Ti24/case-67/N0.OUTCAR,0.812500,-33.055929,-128.950551,4.700762,-132.313211,-32.609727,mad
bcc_TaTi,Ta104Ti24,case-68,/lustre/orion/lrn070/world-shared/mlupopa/RHEAs_HydraGNN/HydraGNN/examples/vasp_solid_solution_alloys/dataset/bcc_TaTi/Ta-Ti/Ta104Ti24/case-68,/lustre/orion/lrn070/world-shared/mlupopa/RHEAs_HydraGNN/HydraGNN/examples/vasp_solid_solution_alloys/dataset/bcc_TaTi/Ta-Ti/Ta104Ti24/case-68/N0.OUTCAR,0.812500,-33.034758,-128.950551,4.700762,-132.313211,-32.609727,mad
bcc_TaTi,Ta104Ti24,case-7,/lustre/orion/lrn070/world-shared/mlupopa/RHEAs_HydraGNN/HydraGNN/examples/vasp_solid_solution_alloys/dataset/bcc_TaTi/Ta-Ti/Ta104Ti24/case-7,/lustre/orion/lrn070/world-shared/mlupopa/RHEAs_HydraGNN/HydraGNN/examples/vasp_solid_solution_alloys/dataset/bcc_TaTi/Ta-Ti/Ta104Ti24/case-7/N0.OUTCAR,0.812500,-32.378083,-128.950551,4.700762,-132.313211,-32.609727,mad
bcc_TaTi,Ta104Ti24,case-70,/lustre/orion/lrn070/world-shared/mlupopa/RHEAs_HydraGNN/HydraGNN/examples/vasp_solid_solution_alloys/dataset/bcc_TaTi/Ta-Ti/Ta104Ti24/case-70,/lustre/orion/lrn070/world-shared/mlupopa/RHEAs_HydraGNN/HydraGNN/examples/vasp_solid_solution_alloys/dataset/bcc_TaTi/Ta-Ti/Ta104Ti24/case-70/N0.OUTCAR,0.812500,-32.247440,-128.950551,4.700762,-132.313211,-32.609727,mad
bcc_TaTi,Ta104Ti24,case-71,/lustre/orion/lrn070/world-shared/mlupopa/RHEAs_HydraGNN/HydraGNN/examples/vasp_solid_solution_alloys/dataset/bcc_TaTi/Ta-Ti/Ta104Ti24/case-71,/lustre/orion/lrn070/world-shared/mlupopa/RHEAs_HydraGNN/HydraGNN/examples/vasp_solid_solution_alloys/dataset/bcc_TaTi/Ta-Ti/Ta104Ti24/case-71/N0.OUTCAR,0.812500,-32.608967,-128.950551,4.700762,-132.313211,-32.609727,mad
bcc_TaTi,Ta104Ti24,case-73,/lustre/orion/lrn070/world-shared/mlupopa/RHEAs_HydraGNN/HydraGNN/examples/vasp_solid_solution_alloys/dataset/bcc_TaTi/Ta-Ti/Ta104Ti24/case-73,/lustre/orion/lrn070/world-shared/mlupopa/RHEAs_HydraGNN/HydraGNN/examples/vasp_solid_solution_alloys/dataset/bcc_TaTi/Ta-Ti/Ta104Ti24/case-73/N0.OUTCAR,0.812500,-32.516298,-128.950551,4.700762,-132.313211,-32.609727,mad
bcc_TaTi,Ta104Ti24,case-76,/lustre/orion/lrn070/world-shared/mlupopa/RHEAs_HydraGNN/HydraGNN/examples/vasp_solid_solution_alloys/dataset/bcc_TaTi/Ta-Ti/Ta104Ti24/case-76,/lustre/orion/lrn070/world-shared/mlupopa/RHEAs_HydraGNN/HydraGNN/examples/vasp_solid_solution_alloys/dataset/bcc_TaTi/Ta-Ti/Ta104Ti24/case-76/N0.OUTCAR,0.812500,-32.712046,-128.950551,4.700762,-132.313211,-32.609727,mad
bcc_TaTi,Ta104Ti24,case-78,/lustre/orion/lrn070/world-shared/mlupopa/RHEAs_HydraGNN/HydraGNN/examples/vasp_solid_solution_alloys/dataset/bcc_TaTi/Ta-Ti/Ta104Ti24/case-78,/lustre/orion/lrn070/world-shared/mlupopa/RHEAs_HydraGNN/HydraGNN/examples/vasp_solid_solution_alloys/dataset/bcc_TaTi/Ta-Ti/Ta104Ti24/case-78/N0.OUTCAR,0.812500,-32.526672,-128.950551,4.700762,-132.313211,-32.609727,mad
bcc_TaTi,Ta104Ti24,case-79,/lustre/orion/lrn070/world-shared/mlupopa/RHEAs_HydraGNN/HydraGNN/examples/vasp_solid_solution_alloys/dataset/bcc_TaTi/Ta-Ti/Ta104Ti24/case-79,/lustre/orion/lrn070/world-shared/mlupopa/RHEAs_HydraGNN/HydraGNN/examples/vasp_solid_solution_alloys/dataset/bcc_TaTi/Ta-Ti/Ta104Ti24/case-79/N0.OUTCAR,0.812500,-32.844404,-128.950551,4.700762,-132.313211,-32.609727,mad
bcc_TaTi,Ta104Ti24,case-86,/lustre/orion/lrn070/world-shared/mlupopa/RHEAs_HydraGNN/HydraGNN/examples/vasp_solid_solution_alloys/dataset/bcc_TaTi/Ta-Ti/Ta104Ti24/case-86,/lustre/orion/lrn070/world-shared/mlupopa/RHEAs_HydraGNN/HydraGNN/examples/vasp_solid_solution_alloys/dataset/bcc_TaTi/Ta-Ti/Ta104Ti24/case-86/N0.OUTCAR,0.812500,-32.554545,-128.950551,4.700762,-132.313211,-32.609727,mad
bcc_TaTi,Ta104Ti24,case-87,/lustre/orion/lrn070/world-shared/mlupopa/RHEAs_HydraGNN/HydraGNN/examples/vasp_solid_solution_alloys/dataset/bcc_TaTi/Ta-Ti/Ta104Ti24/case-87,/lustre/orion/lrn070/world-shared/mlupopa/RHEAs_HydraGNN/HydraGNN/examples/vasp_solid_solution_alloys/dataset/bcc_TaTi/Ta-Ti/Ta104Ti24/case-87/N0.OUTCAR,0.812500,-32.708739,-128.950551,4.700762,-132.313211,-32.609727,mad
bcc_TaTi,Ta104Ti24,case-88,/lustre/orion/lrn070/world-shared/mlupopa/RHEAs_HydraGNN/HydraGNN/examples/vasp_solid_solution_alloys/dataset/bcc_TaTi/Ta-Ti/Ta104Ti24/case-88,/lustre/orion/lrn070/world-shared/mlupopa/RHEAs_HydraGNN/HydraGNN/examples/vasp_solid_solution_alloys/dataset/bcc_TaTi/Ta-Ti/Ta104Ti24/case-88/N0.OUTCAR,0.812500,-32.582254,-128.950551,4.700762,-132.313211,-32.609727,mad
bcc_TaTi,Ta104Ti24,case-89,/lustre/orion/lrn070/world-shared/mlupopa/RHEAs_HydraGNN/HydraGNN/examples/vasp_solid_solution_alloys/dataset/bcc_TaTi/Ta-Ti/Ta104Ti24/case-89,/lustre/orion/lrn070/world-shared/mlupopa/RHEAs_HydraGNN/HydraGNN/examples/vasp_solid_solution_alloys/dataset/bcc_TaTi/Ta-Ti/Ta104Ti24/case-89/N0.OUTCAR,0.812500,-32.689570,-128.950551,4.700762,-132.313211,-32.609727,mad
bcc_TaTi,Ta104Ti24,case-90,/lustre/orion/lrn070/world-shared/mlupopa/RHEAs_HydraGNN/HydraGNN/examples/vasp_solid_solution_alloys/dataset/bcc_TaTi/Ta-Ti/Ta104Ti24/case-90,/lustre/orion/lrn070/world-shared/mlupopa/RHEAs_HydraGNN/HydraGNN/examples/vasp_solid_solution_alloys/dataset/bcc_TaTi/Ta-Ti/Ta104Ti24/case-90/N0.OUTCAR,0.812500,-32.609981,-128.950551,4.700762,-132.313211,-32.609727,mad
bcc_TaTi,Ta104Ti24,case-92,/lustre/orion/lrn070/world-shared/mlupopa/RHEAs_HydraGNN/HydraGNN/examples/vasp_solid_solution_alloys/dataset/bcc_TaTi/Ta-Ti/Ta104Ti24/case-92,/lustre/orion/lrn070/world-shared/mlupopa/RHEAs_HydraGNN/HydraGNN/examples/vasp_solid_solution_alloys/dataset/bcc_TaTi/Ta-Ti/Ta104Ti24/case-92/N0.OUTCAR,0.812500,-32.263749,-128.950551,4.700762,-132.313211,-32.609727,mad
bcc_TaTi,Ta104Ti24,case-93,/lustre/orion/lrn070/world-shared/mlupopa/RHEAs_HydraGNN/HydraGNN/examples/vasp_solid_solution_alloys/dataset/bcc_TaTi/Ta-Ti/Ta104Ti24/case-93,/lustre/orion/lrn070/world-shared/mlupopa/RHEAs_HydraGNN/HydraGNN/examples/vasp_solid_solution_alloys/dataset/bcc_TaTi/Ta-Ti/Ta104Ti24/case-93/N1.OUTCAR,0.812500,-32.846268,-128.950551,4.700762,-132.313211,-32.609727,mad
bcc_TaTi,Ta104Ti24,case-94,/lustre/orion/lrn070/world-shared/mlupopa/RHEAs_HydraGNN/HydraGNN/examples/vasp_solid_solution_alloys/dataset/bcc_TaTi/Ta-Ti/Ta104Ti24/case-94,/lustre/orion/lrn070/world-shared/mlupopa/RHEAs_HydraGNN/HydraGNN/examples/vasp_solid_solution_alloys/dataset/bcc_TaTi/Ta-Ti/Ta104Ti24/case-94/N0.OUTCAR,0.812500,-37.957733,-128.950551,4.700762,-132.313211,-32.609727,mad
bcc_TaTi,Ta104Ti24,case-95,/lustre/orion/lrn070/world-shared/mlupopa/RHEAs_HydraGNN/HydraGNN/examples/vasp_solid_solution_alloys/dataset/bcc_TaTi/Ta-Ti/Ta104Ti24/case-95,/lustre/orion/lrn070/world-shared/mlupopa/RHEAs_HydraGNN/HydraGNN/examples/vasp_solid_solution_alloys/dataset/bcc_TaTi/Ta-Ti/Ta104Ti24/case-95/N0.OUTCAR,0.812500,-32.238741,-128.950551,4.700762,-132.313211,-32.609727,mad
bcc_TaTi,Ta104Ti24,case-96,/lustre/orion/lrn070/world-shared/mlupopa/RHEAs_HydraGNN/HydraGNN/examples/vasp_solid_solution_alloys/dataset/bcc_TaTi/Ta-Ti/Ta104Ti24/case-96,/lustre/orion/lrn070/world-shared/mlupopa/RHEAs_HydraGNN/HydraGNN/examples/vasp_solid_solution_alloys/dataset/bcc_TaTi/Ta-Ti/Ta104Ti24/case-96/N0.OUTCAR,0.812500,-32.674895,-128.950551,4.700762,-132.313211,-32.609727,mad
bcc_TaTi,Ta108Ti20,case-1,/lustre/orion/lrn070/world-shared/mlupopa/RHEAs_HydraGNN/HydraGNN/examples/vasp_solid_solution_alloys/dataset/bcc_TaTi/Ta-Ti/Ta108Ti20/case-1,/lustre/orion/lrn070/world-shared/mlupopa/RHEAs_HydraGNN/HydraGNN/examples/vasp_solid_solution_alloys/dataset/bcc_TaTi/Ta-Ti/Ta108Ti20/case-1/N0.OUTCAR,0.843750,-143.289618,-40.048927,1.344507,-143.078559,-39.464606,mad
bcc_TaTi,Ta108Ti20,case-10,/lustre/orion/lrn070/world-shared/mlupopa/RHEAs_HydraGNN/HydraGNN/examples/vasp_solid_solution_alloys/dataset/bcc_TaTi/Ta-Ti/Ta108Ti20/case-10,/lustre/orion/lrn070/world-shared/mlupopa/RHEAs_HydraGNN/HydraGNN/examples/vasp_solid_solution_alloys/dataset/bcc_TaTi/Ta-Ti/Ta108Ti20/case-10/N0.OUTCAR,0.843750,-145.374655,-40.048927,1.344507,-143.078559,-39.464606,mad
bcc_TaTi,Ta108Ti20,case-100,/lustre/orion/lrn070/world-shared/mlupopa/RHEAs_HydraGNN/HydraGNN/examples/vasp_solid_solution_alloys/dataset/bcc_TaTi/Ta-Ti/Ta108Ti20/case-100,/lustre/orion/lrn070/world-shared/mlupopa/RHEAs_HydraGNN/HydraGNN/examples/vasp_solid_solution_alloys/dataset/bcc_TaTi/Ta-Ti/Ta108Ti20/case-100/N0.OUTCAR,0.843750,-142.934808,-40.048927,1.344507,-143.078559,-39.464606,mad
bcc_TaTi,Ta108Ti20,case-11,/lustre/orion/lrn070/world-shared/mlupopa/RHEAs_HydraGNN/HydraGNN/examples/vasp_solid_solution_alloys/dataset/bcc_TaTi/Ta-Ti/Ta108Ti20/case-11,/lustre/orion/lrn070/world-shared/mlupopa/RHEAs_HydraGNN/HydraGNN/examples/vasp_solid_solution_alloys/dataset/bcc_TaTi/Ta-Ti/Ta108Ti20/case-11/N1.OUTCAR,0.843750,-144.709155,-40.048927,1.344507,-143.078559,-39.464606,mad
bcc_TaTi,Ta108Ti20,case-12,/lustre/orion/lrn070/world-shared/mlupopa/RHEAs_HydraGNN/HydraGNN/examples/vasp_solid_solution_alloys/dataset/bcc_TaTi/Ta-Ti/Ta108Ti20/case-12,/lustre/orion/lrn070/world-shared/mlupopa/RHEAs_HydraGNN/HydraGNN/examples/vasp_solid_solution_alloys/dataset/bcc_TaTi/Ta-Ti/Ta108Ti20/case-12/N0.OUTCAR,0.843750,-144.314919,-40.048927,1.344507,-143.078559,-39.464606,mad
bcc_TaTi,Ta108Ti20,case-17,/lustre/orion/lrn070/world-shared/mlupopa/RHEAs_HydraGNN/HydraGNN/examples/vasp_solid_solution_alloys/dataset/bcc_TaTi/Ta-Ti/Ta108Ti20/case-17,/lustre/orion/lrn070/world-shared/mlupopa/RHEAs_HydraGNN/HydraGNN/examples/vasp_solid_solution_alloys/dataset/bcc_TaTi/Ta-Ti/Ta108Ti20/case-17/N0.OUTCAR,0.843750,-143.933474,-40.048927,1.344507,-143.078559,-39.464606,mad
bcc_TaTi,Ta108Ti20,case-2,/lustre/orion/lrn070/world-shared/mlupopa/RHEAs_HydraGNN/HydraGNN/examples/vasp_solid_solution_alloys/dataset/bcc_TaTi/Ta-Ti/Ta108Ti20/case-2,/lustre/orion/lrn070/world-shared/mlupopa/RHEAs_HydraGNN/HydraGNN/examples/vasp_solid_solution_alloys/dataset/bcc_TaTi/Ta-Ti/Ta108Ti20/case-2/N0.OUTCAR,0.843750,-142.374006,-40.048927,1.344507,-143.078559,-39.464606,mad
bcc_TaTi,Ta108Ti20,case-21,/lustre/orion/lrn070/world-shared/mlupopa/RHEAs_HydraGNN/HydraGNN/examples/vasp_solid_solution_alloys/dataset/bcc_TaTi/Ta-Ti/Ta108Ti20/case-21,/lustre/orion/lrn070/world-shared/mlupopa/RHEAs_HydraGNN/HydraGNN/examples/vasp_solid_solution_alloys/dataset/bcc_TaTi/Ta-Ti/Ta108Ti20/case-21/N0.OUTCAR,0.843750,-144.212813,-40.048927,1.344507,-143.078559,-39.464606,mad
bcc_TaTi,Ta108Ti20,case-22,/lustre/orion/lrn070/world-shared/mlupopa/RHEAs_HydraGNN/HydraGNN/examples/vasp_solid_solution_alloys/dataset/bcc_TaTi/Ta-Ti/Ta108Ti20/case-22,/lustre/orion/lrn070/world-shared/mlupopa/RHEAs_HydraGNN/HydraGNN/examples/vasp_solid_solution_alloys/dataset/bcc_TaTi/Ta-Ti/Ta108Ti20/case-22/N0.OUTCAR,0.843750,-139.133408,-40.048927,1.344507,-143.078559,-39.464606,mad
bcc_TaTi,Ta108Ti20,case-23,/lustre/orion/lrn070/world-shared/mlupopa/RHEAs_HydraGNN/HydraGNN/examples/vasp_solid_solution_alloys/dataset/bcc_TaTi/Ta-Ti/Ta108Ti20/case-23,/lustre/orion/lrn070/world-shared/mlupopa/RHEAs_HydraGNN/HydraGNN/examples/vasp_solid_solution_alloys/dataset/bcc_TaTi/Ta-Ti/Ta108Ti20/case-23/N0.OUTCAR,0.843750,-141.896114,-40.048927,1.344507,-143.078559,-39.464606,mad
bcc_TaTi,Ta108Ti20,case-26,/lustre/orion/lrn070/world-shared/mlupopa/RHEAs_HydraGNN/HydraGNN/examples/vasp_solid_solution_alloys/dataset/bcc_TaTi/Ta-Ti/Ta108Ti20/case-26,/lustre/orion/lrn070/world-shared/mlupopa/RHEAs_HydraGNN/HydraGNN/examples/vasp_solid_solution_alloys/dataset/bcc_TaTi/Ta-Ti/Ta108Ti20/case-26/N0.OUTCAR,0.843750,-142.667245,-40.048927,1.344507,-143.078559,-39.464606,mad
bcc_TaTi,Ta108Ti20,case-30,/lustre/orion/lrn070/world-shared/mlupopa/RHEAs_HydraGNN/HydraGNN/examples/vasp_solid_solution_alloys/dataset/bcc_TaTi/Ta-Ti/Ta108Ti20/case-30,/lustre/orion/lrn070/world-shared/mlupopa/RHEAs_HydraGNN/HydraGNN/examples/vasp_solid_solution_alloys/dataset/bcc_TaTi/Ta-Ti/Ta108Ti20/case-30/N0.OUTCAR,0.843750,-144.750055,-40.048927,1.344507,-143.078559,-39.464606,mad
bcc_TaTi,Ta108Ti20,case-33,/lustre/orion/lrn070/world-shared/mlupopa/RHEAs_HydraGNN/HydraGNN/examples/vasp_solid_solution_alloys/dataset/bcc_TaTi/Ta-Ti/Ta108Ti20/case-33,/lustre/orion/lrn070/world-shared/mlupopa/RHEAs_HydraGNN/HydraGNN/examples/vasp_solid_solution_alloys/dataset/bcc_TaTi/Ta-Ti/Ta108Ti20/case-33/N0.OUTCAR,0.843750,-143.896760,-40.048927,1.344507,-143.078559,-39.464606,mad
bcc_TaTi,Ta108Ti20,case-36,/lustre/orion/lrn070/world-shared/mlupopa/RHEAs_HydraGNN/HydraGNN/examples/vasp_solid_solution_alloys/dataset/bcc_TaTi/Ta-Ti/Ta108Ti20/case-36,/lustre/orion/lrn070/world-shared/mlupopa/RHEAs_HydraGNN/HydraGNN/examples/vasp_solid_solution_alloys/dataset/bcc_TaTi/Ta-Ti/Ta108Ti20/case-36/N0.OUTCAR,0.843750,-142.958056,-40.048927,1.344507,-143.078559,-39.464606,mad
bcc_TaTi,Ta108Ti20,case-37,/lustre/orion/lrn070/world-shared/mlupopa/RHEAs_HydraGNN/HydraGNN/examples/vasp_solid_solution_alloys/dataset/bcc_TaTi/Ta-Ti/Ta108Ti20/case-37,/lustre/orion/lrn070/world-shared/mlupopa/RHEAs_HydraGNN/HydraGNN/examples/vasp_solid_solution_alloys/dataset/bcc_TaTi/Ta-Ti/Ta108Ti20/case-37/N0.OUTCAR,0.843750,-142.870784,-40.048927,1.344507,-143.078559,-39.464606,mad
bcc_TaTi,Ta108Ti20,case-39,/lustre/orion/lrn070/world-shared/mlupopa/RHEAs_HydraGNN/HydraGNN/examples/vasp_solid_solution_alloys/dataset/bcc_TaTi/Ta-Ti/Ta108Ti20/case-39,/lustre/orion/lrn070/world-shared/mlupopa/RHEAs_HydraGNN/HydraGNN/examples/vasp_solid_solution_alloys/dataset/bcc_TaTi/Ta-Ti/Ta108Ti20/case-39/N0.OUTCAR,0.843750,-143.176096,-40.048927,1.344507,-143.078559,-39.464606,mad
bcc_TaTi,Ta108Ti20,case-4,/lustre/orion/lrn070/world-shared/mlupopa/RHEAs_HydraGNN/HydraGNN/examples/vasp_solid_solution_alloys/dataset/bcc_TaTi/Ta-Ti/Ta108Ti20/case-4,/lustre/orion/lrn070/world-shared/mlupopa/RHEAs_HydraGNN/HydraGNN/examples/vasp_solid_solution_alloys/dataset/bcc_TaTi/Ta-Ti/Ta108Ti20/case-4/N0.OUTCAR,0.843750,-144.000913,-40.048927,1.344507,-143.078559,-39.464606,mad
bcc_TaTi,Ta108Ti20,case-40,/lustre/orion/lrn070/world-shared/mlupopa/RHEAs_HydraGNN/HydraGNN/examples/vasp_solid_solution_alloys/dataset/bcc_TaTi/Ta-Ti/Ta108Ti20/case-40,/lustre/orion/lrn070/world-shared/mlupopa/RHEAs_HydraGNN/HydraGNN/examples/vasp_solid_solution_alloys/dataset/bcc_TaTi/Ta-Ti/Ta108Ti20/case-40/N0.OUTCAR,0.843750,-143.057552,-40.048927,1.344507,-143.078559,-39.464606,mad
bcc_TaTi,Ta108Ti20,case-41,/lustre/orion/lrn070/world-shared/mlupopa/RHEAs_HydraGNN/HydraGNN/examples/vasp_solid_solution_alloys/dataset/bcc_TaTi/Ta-Ti/Ta108Ti20/case-41,/lustre/orion/lrn070/world-shared/mlupopa/RHEAs_HydraGNN/HydraGNN/examples/vasp_solid_solution_alloys/dataset/bcc_TaTi/Ta-Ti/Ta108Ti20/case-41/N0.OUTCAR,0.843750,-142.764270,-40.048927,1.344507,-143.078559,-39.464606,mad
bcc_TaTi,Ta108Ti20,case-44,/lustre/orion/lrn070/world-shared/mlupopa/RHEAs_HydraGNN/HydraGNN/examples/vasp_solid_solution_alloys/dataset/bcc_TaTi/Ta-Ti/Ta108Ti20/case-44,/lustre/orion/lrn070/world-shared/mlupopa/RHEAs_HydraGNN/HydraGNN/examples/vasp_solid_solution_alloys/dataset/bcc_TaTi/Ta-Ti/Ta108Ti20/case-44/N0.OUTCAR,0.843750,-144.603072,-40.048927,1.344507,-143.078559,-39.464606,mad
bcc_TaTi,Ta108Ti20,case-45,/lustre/orion/lrn070/world-shared/mlupopa/RHEAs_HydraGNN/HydraGNN/examples/vasp_solid_solution_alloys/dataset/bcc_TaTi/Ta-Ti/Ta108Ti20/case-45,/lustre/orion/lrn070/world-shared/mlupopa/RHEAs_HydraGNN/HydraGNN/examples/vasp_solid_solution_alloys/dataset/bcc_TaTi/Ta-Ti/Ta108Ti20/case-45/N0.OUTCAR,0.843750,-141.880223,-40.048927,1.344507,-143.078559,-39.464606,mad
bcc_TaTi,Ta108Ti20,case-47,/lustre/orion/lrn070/world-shared/mlupopa/RHEAs_HydraGNN/HydraGNN/examples/vasp_solid_solution_alloys/dataset/bcc_TaTi/Ta-Ti/Ta108Ti20/case-47,/lustre/orion/lrn070/world-shared/mlupopa/RHEAs_HydraGNN/HydraGNN/examples/vasp_solid_solution_alloys/dataset/bcc_TaTi/Ta-Ti/Ta108Ti20/case-47/N0.OUTCAR,0.843750,-144.155541,-40.048927,1.344507,-143.078559,-39.464606,mad
bcc_TaTi,Ta108Ti20,case-49,/lustre/orion/lrn070/world-shared/mlupopa/RHEAs_HydraGNN/HydraGNN/examples/vasp_solid_solution_alloys/dataset/bcc_TaTi/Ta-Ti/Ta108Ti20/case-49,/lustre/orion/lrn070/world-shared/mlupopa/RHEAs_HydraGNN/HydraGNN/examples/vasp_solid_solution_alloys/dataset/bcc_TaTi/Ta-Ti/Ta108Ti20/case-49/N0.OUTCAR,0.843750,-143.510751,-40.048927,1.344507,-143.078559,-39.464606,mad
bcc_TaTi,Ta108Ti20,case-5,/lustre/orion/lrn070/world-shared/mlupopa/RHEAs_HydraGNN/HydraGNN/examples/vasp_solid_solution_alloys/dataset/bcc_TaTi/Ta-Ti/Ta108Ti20/case-5,/lustre/orion/lrn070/world-shared/mlupopa/RHEAs_HydraGNN/HydraGNN/examples/vasp_solid_solution_alloys/dataset/bcc_TaTi/Ta-Ti/Ta108Ti20/case-5/N0.OUTCAR,0.843750,-143.153649,-40.048927,1.344507,-143.078559,-39.464606,mad
bcc_TaTi,Ta108Ti20,case-51,/lustre/orion/lrn070/world-shared/mlupopa/RHEAs_HydraGNN/HydraGNN/examples/vasp_solid_solution_alloys/dataset/bcc_TaTi/Ta-Ti/Ta108Ti20/case-51,/lustre/orion/lrn070/world-shared/mlupopa/RHEAs_HydraGNN/HydraGNN/examples/vasp_solid_solution_alloys/dataset/bcc_TaTi/Ta-Ti/Ta108Ti20/case-51/N0.OUTCAR,0.843750,-143.830666,-40.048927,1.344507,-143.078559,-39.464606,mad
bcc_TaTi,Ta108Ti20,case-52,/lustre/orion/lrn070/world-shared/mlupopa/RHEAs_HydraGNN/HydraGNN/examples/vasp_solid_solution_alloys/dataset/bcc_TaTi/Ta-Ti/Ta108Ti20/case-52,/lustre/orion/lrn070/world-shared/mlupopa/RHEAs_HydraGNN/HydraGNN/examples/vasp_solid_solution_alloys/dataset/bcc_TaTi/Ta-Ti/Ta108Ti20/case-52/N0.OUTCAR,0.843750,-141.788532,-40.048927,1.344507,-143.078559,-39.464606,mad
bcc_TaTi,Ta108Ti20,case-53,/lustre/orion/lrn070/world-shared/mlupopa/RHEAs_HydraGNN/HydraGNN/examples/vasp_solid_solution_alloys/dataset/bcc_TaTi/Ta-Ti/Ta108Ti20/case-53,/lustre/orion/lrn070/world-shared/mlupopa/RHEAs_HydraGNN/HydraGNN/examples/vasp_solid_solution_alloys/dataset/bcc_TaTi/Ta-Ti/Ta108Ti20/case-53/N0.OUTCAR,0.843750,-143.777736,-40.048927,1.344507,-143.078559,-39.464606,mad
bcc_TaTi,Ta108Ti20,case-54,/lustre/orion/lrn070/world-shared/mlupopa/RHEAs_HydraGNN/HydraGNN/examples/vasp_solid_solution_alloys/dataset/bcc_TaTi/Ta-Ti/Ta108Ti20/case-54,/lustre/orion/lrn070/world-shared/mlupopa/RHEAs_HydraGNN/HydraGNN/examples/vasp_solid_solution_alloys/dataset/bcc_TaTi/Ta-Ti/Ta108Ti20/case-54/N0.OUTCAR,0.843750,-142.973735,-40.048927,1.344507,-143.078559,-39.464606,mad
bcc_TaTi,Ta108Ti20,case-61,/lustre/orion/lrn070/world-shared/mlupopa/RHEAs_HydraGNN/HydraGNN/examples/vasp_solid_solution_alloys/dataset/bcc_TaTi/Ta-Ti/Ta108Ti20/case-61,/lustre/orion/lrn070/world-shared/mlupopa/RHEAs_HydraGNN/HydraGNN/examples/vasp_solid_solution_alloys/dataset/bcc_TaTi/Ta-Ti/Ta108Ti20/case-61/N1.OUTCAR,0.843750,-141.367261,-40.048927,1.344507,-143.078559,-39.464606,mad
bcc_TaTi,Ta108Ti20,case-63,/lustre/orion/lrn070/world-shared/mlupopa/RHEAs_HydraGNN/HydraGNN/examples/vasp_solid_solution_alloys/dataset/bcc_TaTi/Ta-Ti/Ta108Ti20/case-63,/lustre/orion/lrn070/world-shared/mlupopa/RHEAs_HydraGNN/HydraGNN/examples/vasp_solid_solution_alloys/dataset/bcc_TaTi/Ta-Ti/Ta108Ti20/case-63/N0.OUTCAR,0.843750,-142.783624,-40.048927,1.344507,-143.078559,-39.464606,mad
bcc_TaTi,Ta108Ti20,case-66,/lustre/orion/lrn070/world-shared/mlupopa/RHEAs_HydraGNN/HydraGNN/examples/vasp_solid_solution_alloys/dataset/bcc_TaTi/Ta-Ti/Ta108Ti20/case-66,/lustre/orion/lrn070/world-shared/mlupopa/RHEAs_HydraGNN/HydraGNN/examples/vasp_solid_solution_alloys/dataset/bcc_TaTi/Ta-Ti/Ta108Ti20/case-66/N0.OUTCAR,0.843750,-143.681177,-40.048927,1.344507,-143.078559,-39.464606,mad
bcc_TaTi,Ta108Ti20,case-67,/lustre/orion/lrn070/world-shared/mlupopa/RHEAs_HydraGNN/HydraGNN/examples/vasp_solid_solution_alloys/dataset/bcc_TaTi/Ta-Ti/Ta108Ti20/case-67,/lustre/orion/lrn070/world-shared/mlupopa/RHEAs_HydraGNN/HydraGNN/examples/vasp_solid_solution_alloys/dataset/bcc_TaTi/Ta-Ti/Ta108Ti20/case-67/N1.OUTCAR,0.843750,-141.036485,-40.048927,1.344507,-143.078559,-39.464606,mad
bcc_TaTi,Ta108Ti20,case-7,/lustre/orion/lrn070/world-shared/mlupopa/RHEAs_HydraGNN/HydraGNN/examples/vasp_solid_solution_alloys/dataset/bcc_TaTi/Ta-Ti/Ta108Ti20/case-7,/lustre/orion/lrn070/world-shared/mlupopa/RHEAs_HydraGNN/HydraGNN/examples/vasp_solid_solution_alloys/dataset/bcc_TaTi/Ta-Ti/Ta108Ti20/case-7/N0.OUTCAR,0.843750,-143.141579,-40.048927,1.344507,-143.078559,-39.464606,mad
bcc_TaTi,Ta108Ti20,case-71,/lustre/orion/lrn070/world-shared/mlupopa/RHEAs_HydraGNN/HydraGNN/examples/vasp_solid_solution_alloys/dataset/bcc_TaTi/Ta-Ti/Ta108Ti20/case-71,/lustre/orion/lrn070/world-shared/mlupopa/RHEAs_HydraGNN/HydraGNN/examples/vasp_solid_solution_alloys/dataset/bcc_TaTi/Ta-Ti/Ta108Ti20/case-71/N0.OUTCAR,0.843750,-143.047607,-40.048927,1.344507,-143.078559,-39.464606,mad
bcc_TaTi,Ta108Ti20,case-72,/lustre/orion/lrn070/world-shared/mlupopa/RHEAs_HydraGNN/HydraGNN/examples/vasp_solid_solution_alloys/dataset/bcc_TaTi/Ta-Ti/Ta108Ti20/case-72,/lustre/orion/lrn070/world-shared/mlupopa/RHEAs_HydraGNN/HydraGNN/examples/vasp_solid_solution_alloys/dataset/bcc_TaTi/Ta-Ti/Ta108Ti20/case-72/N0.OUTCAR,0.843750,-142.586358,-40.048927,1.344507,-143.078559,-39.464606,mad
bcc_TaTi,Ta108Ti20,case-73,/lustre/orion/lrn070/world-shared/mlupopa/RHEAs_HydraGNN/HydraGNN/examples/vasp_solid_solution_alloys/dataset/bcc_TaTi/Ta-Ti/Ta108Ti20/case-73,/lustre/orion/lrn070/world-shared/mlupopa/RHEAs_HydraGNN/HydraGNN/examples/vasp_solid_solution_alloys/dataset/bcc_TaTi/Ta-Ti/Ta108Ti20/case-73/N0.OUTCAR,0.843750,-142.911454,-40.048927,1.344507,-143.078559,-39.464606,mad
bcc_TaTi,Ta108Ti20,case-75,/lustre/orion/lrn070/world-shared/mlupopa/RHEAs_HydraGNN/HydraGNN/examples/vasp_solid_solution_alloys/dataset/bcc_TaTi/Ta-Ti/Ta108Ti20/case-75,/lustre/orion/lrn070/world-shared/mlupopa/RHEAs_HydraGNN/HydraGNN/examples/vasp_solid_solution_alloys/dataset/bcc_TaTi/Ta-Ti/Ta108Ti20/case-75/N0.OUTCAR,0.843750,-143.640283,-40.048927,1.344507,-143.078559,-39.464606,mad
bcc_TaTi,Ta108Ti20,case-76,/lustre/orion/lrn070/world-shared/mlupopa/RHEAs_HydraGNN/HydraGNN/examples/vasp_solid_solution_alloys/dataset/bcc_TaTi/Ta-Ti/Ta108Ti20/case-76,/lustre/orion/lrn070/world-shared/mlupopa/RHEAs_HydraGNN/HydraGNN/examples/vasp_solid_solution_alloys/dataset/bcc_TaTi/Ta-Ti/Ta108Ti20/case-76/N0.OUTCAR,0.843750,-142.387714,-40.048927,1.344507,-143.078559,-39.464606,mad
bcc_TaTi,Ta108Ti20,case-80,/lustre/orion/lrn070/world-shared/mlupopa/RHEAs_HydraGNN/HydraGNN/examples/vasp_solid_solution_alloys/dataset/bcc_TaTi/Ta-Ti/Ta108Ti20/case-80,/lustre/orion/lrn070/world-shared/mlupopa/RHEAs_HydraGNN/HydraGNN/examples/vasp_solid_solution_alloys/dataset/bcc_TaTi/Ta-Ti/Ta108Ti20/case-80/N0.OUTCAR,0.843750,-140.797712,-40.048927,1.344507,-143.078559,-39.464606,mad
bcc_TaTi,Ta108Ti20,case-82,/lustre/orion/lrn070/world-shared/mlupopa/RHEAs_HydraGNN/HydraGNN/examples/vasp_solid_solution_alloys/dataset/bcc_TaTi/Ta-Ti/Ta108Ti20/case-82,/lustre/orion/lrn070/world-shared/mlupopa/RHEAs_HydraGNN/HydraGNN/examples/vasp_solid_solution_alloys/dataset/bcc_TaTi/Ta-Ti/Ta108Ti20/case-82/N0.OUTCAR,0.843750,-142.796835,-40.048927,1.344507,-143.078559,-39.464606,mad
bcc_TaTi,Ta108Ti20,case-87,/lustre/orion/lrn070/world-shared/mlupopa/RHEAs_HydraGNN/HydraGNN/examples/vasp_solid_solution_alloys/dataset/bcc_TaTi/Ta-Ti/Ta108Ti20/case-87,/lustre/orion/lrn070/world-shared/mlupopa/RHEAs_HydraGNN/HydraGNN/examples/vasp_solid_solution_alloys/dataset/bcc_TaTi/Ta-Ti/Ta108Ti20/case-87/N0.OUTCAR,0.843750,-144.325948,-40.048927,1.344507,-143.078559,-39.464606,mad
bcc_TaTi,Ta108Ti20,case-88,/lustre/orion/lrn070/world-shared/mlupopa/RHEAs_HydraGNN/HydraGNN/examples/vasp_solid_solution_alloys/dataset/bcc_TaTi/Ta-Ti/Ta108Ti20/case-88,/lustre/orion/lrn070/world-shared/mlupopa/RHEAs_HydraGNN/HydraGNN/examples/vasp_solid_solution_alloys/dataset/bcc_TaTi/Ta-Ti/Ta108Ti20/case-88/N0.OUTCAR,0.843750,-144.444663,-40.048927,1.344507,-143.078559,-39.464606,mad
bcc_TaTi,Ta108Ti20,case-89,/lustre/orion/lrn070/world-shared/mlupopa/RHEAs_HydraGNN/HydraGNN/examples/vasp_solid_solution_alloys/dataset/bcc_TaTi/Ta-Ti/Ta108Ti20/case-89,/lustre/orion/lrn070/world-shared/mlupopa/RHEAs_HydraGNN/HydraGNN/examples/vasp_solid_solution_alloys/dataset/bcc_TaTi/Ta-Ti/Ta108Ti20/case-89/N0.OUTCAR,0.843750,-139.713506,-40.048927,1.344507,-143.078559,-39.464606,mad
bcc_TaTi,Ta108Ti20,case-9,/lustre/orion/lrn070/world-shared/mlupopa/RHEAs_HydraGNN/HydraGNN/examples/vasp_solid_solution_alloys/dataset/bcc_TaTi/Ta-Ti/Ta108Ti20/case-9,/lustre/orion/lrn070/world-shared/mlupopa/RHEAs_HydraGNN/HydraGNN/examples/vasp_solid_solution_alloys/dataset/bcc_TaTi/Ta-Ti/Ta108Ti20/case-9/N1.OUTCAR,0.843750,-143.205747,-40.048927,1.344507,-143.078559,-39.464606,mad
bcc_TaTi,Ta108Ti20,case-90,/lustre/orion/lrn070/world-shared/mlupopa/RHEAs_HydraGNN/HydraGNN/examples/vasp_solid_solution_alloys/dataset/bcc_TaTi/Ta-Ti/Ta108Ti20/case-90,/lustre/orion/lrn070/world-shared/mlupopa/RHEAs_HydraGNN/HydraGNN/examples/vasp_solid_solution_alloys/dataset/bcc_TaTi/Ta-Ti/Ta108Ti20/case-90/N0.OUTCAR,0.843750,-144.334127,-40.048927,1.344507,-143.078559,-39.464606,mad
bcc_TaTi,Ta108Ti20,case-91,/lustre/orion/lrn070/world-shared/mlupopa/RHEAs_HydraGNN/HydraGNN/examples/vasp_solid_solution_alloys/dataset/bcc_TaTi/Ta-Ti/Ta108Ti20/case-91,/lustre/orion/lrn070/world-shared/mlupopa/RHEAs_HydraGNN/HydraGNN/examples/vasp_solid_solution_alloys/dataset/bcc_TaTi/Ta-Ti/Ta108Ti20/case-91/N0.OUTCAR,0.843750,-143.974111,-40.048927,1.344507,-143.078559,-39.464606,mad
bcc_TaTi,Ta108Ti20,case-94,/lustre/orion/lrn070/world-shared/mlupopa/RHEAs_HydraGNN/HydraGNN/examples/vasp_solid_solution_alloys/dataset/bcc_TaTi/Ta-Ti/Ta108Ti20/case-94,/lustre/orion/lrn070/world-shared/mlupopa/RHEAs_HydraGNN/HydraGNN/examples/vasp_solid_solution_alloys/dataset/bcc_TaTi/Ta-Ti/Ta108Ti20/case-94/N0.OUTCAR,0.843750,-142.104639,-40.048927,1.344507,-143.078559,-39.464606,mad
bcc_TaTi,Ta108Ti20,case-96,/lustre/orion/lrn070/world-shared/mlupopa/RHEAs_HydraGNN/HydraGNN/examples/vasp_solid_solution_alloys/dataset/bcc_TaTi/Ta-Ti/Ta108Ti20/case-96,/lustre/orion/lrn070/world-shared/mlupopa/RHEAs_HydraGNN/HydraGNN/examples/vasp_solid_solution_alloys/dataset/bcc_TaTi/Ta-Ti/Ta108Ti20/case-96/N0.OUTCAR,0.843750,-143.694737,-40.048927,1.344507,-143.078559,-39.464606,mad
bcc_TaTi,Ta112Ti16,case-1,/lustre/orion/lrn070/world-shared/mlupopa/RHEAs_HydraGNN/HydraGNN/examples/vasp_solid_solution_alloys/dataset/bcc_TaTi/Ta-Ti/Ta112Ti16/case-1,/lustre/orion/lrn070/world-shared/mlupopa/RHEAs_HydraGNN/HydraGNN/examples/vasp_solid_solution_alloys/dataset/bcc_TaTi/Ta-Ti/Ta112Ti16/case-1/N0.OUTCAR,0.875000,-154.157735,-47.266301,2.238615,-154.169590,-46.357112,mad
bcc_TaTi,Ta112Ti16,case-10,/lustre/orion/lrn070/world-shared/mlupopa/RHEAs_HydraGNN/HydraGNN/examples/vasp_solid_solution_alloys/dataset/bcc_TaTi/Ta-Ti/Ta112Ti16/case-10,/lustre/orion/lrn070/world-shared/mlupopa/RHEAs_HydraGNN/HydraGNN/examples/vasp_solid_solution_alloys/dataset/bcc_TaTi/Ta-Ti/Ta112Ti16/case-10/N0.OUTCAR,0.875000,-154.444919,-47.266301,2.238615,-154.169590,-46.357112,mad
bcc_TaTi,Ta112Ti16,case-11,/lustre/orion/lrn070/world-shared/mlupopa/RHEAs_HydraGNN/HydraGNN/examples/vasp_solid_solution_alloys/dataset/bcc_TaTi/Ta-Ti/Ta112Ti16/case-11,/lustre/orion/lrn070/world-shared/mlupopa/RHEAs_HydraGNN/HydraGNN/examples/vasp_solid_solution_alloys/dataset/bcc_TaTi/Ta-Ti/Ta112Ti16/case-11/N0.OUTCAR,0.875000,-155.358773,-47.266301,2.238615,-154.169590,-46.357112,mad
bcc_TaTi,Ta112Ti16,case-12,/lustre/orion/lrn070/world-shared/mlupopa/RHEAs_HydraGNN/HydraGNN/examples/vasp_solid_solution_alloys/dataset/bcc_TaTi/Ta-Ti/Ta112Ti16/case-12,/lustre/orion/lrn070/world-shared/mlupopa/RHEAs_HydraGNN/HydraGNN/examples/vasp_solid_solution_alloys/dataset/bcc_TaTi/Ta-Ti/Ta112Ti16/case-12/N0.OUTCAR,0.875000,-154.284343,-47.266301,2.238615,-154.169590,-46.357112,mad
bcc_TaTi,Ta112Ti16,case-18,/lustre/orion/lrn070/world-shared/mlupopa/RHEAs_HydraGNN/HydraGNN/examples/vasp_solid_solution_alloys/dataset/bcc_TaTi/Ta-Ti/Ta112Ti16/case-18,/lustre/orion/lrn070/world-shared/mlupopa/RHEAs_HydraGNN/HydraGNN/examples/vasp_solid_solution_alloys/dataset/bcc_TaTi/Ta-Ti/Ta112Ti16/case-18/N0.OUTCAR,0.875000,-154.303217,-47.266301,2.238615,-154.169590,-46.357112,mad
bcc_TaTi,Ta112Ti16,case-19,/lustre/orion/lrn070/world-shared/mlupopa/RHEAs_HydraGNN/HydraGNN/examples/vasp_solid_solution_alloys/dataset/bcc_TaTi/Ta-Ti/Ta112Ti16/case-19,/lustre/orion/lrn070/world-shared/mlupopa/RHEAs_HydraGNN/HydraGNN/examples/vasp_solid_solution_alloys/dataset/bcc_TaTi/Ta-Ti/Ta112Ti16/case-19/N0.OUTCAR,0.875000,-154.116359,-47.266301,2.238615,-154.169590,-46.357112,mad
bcc_TaTi,Ta112Ti16,case-20,/lustre/orion/lrn070/world-shared/mlupopa/RHEAs_HydraGNN/HydraGNN/examples/vasp_solid_solution_alloys/dataset/bcc_TaTi/Ta-Ti/Ta112Ti16/case-20,/lustre/orion/lrn070/world-shared/mlupopa/RHEAs_HydraGNN/HydraGNN/examples/vasp_solid_solution_alloys/dataset/bcc_TaTi/Ta-Ti/Ta112Ti16/case-20/N0.OUTCAR,0.875000,-153.546832,-47.266301,2.238615,-154.169590,-46.357112,mad
bcc_TaTi,Ta112Ti16,case-22,/lustre/orion/lrn070/world-shared/mlupopa/RHEAs_HydraGNN/HydraGNN/examples/vasp_solid_solution_alloys/dataset/bcc_TaTi/Ta-Ti/Ta112Ti16/case-22,/lustre/orion/lrn070/world-shared/mlupopa/RHEAs_HydraGNN/HydraGNN/examples/vasp_solid_solution_alloys/dataset/bcc_TaTi/Ta-Ti/Ta112Ti16/case-22/N0.OUTCAR,0.875000,-153.253530,-47.266301,2.238615,-154.169590,-46.357112,mad
bcc_TaTi,Ta112Ti16,case-24,/lustre/orion/lrn070/world-shared/mlupopa/RHEAs_HydraGNN/HydraGNN/examples/vasp_solid_solution_alloys/dataset/bcc_TaTi/Ta-Ti/Ta112Ti16/case-24,/lustre/orion/lrn070/world-shared/mlupopa/RHEAs_HydraGNN/HydraGNN/examples/vasp_solid_solution_alloys/dataset/bcc_TaTi/Ta-Ti/Ta112Ti16/case-24/N0.OUTCAR,0.875000,-154.837781,-47.266301,2.238615,-154.169590,-46.357112,mad
bcc_TaTi,Ta112Ti16,case-25,/lustre/orion/lrn070/world-shared/mlupopa/RHEAs_HydraGNN/HydraGNN/examples/vasp_solid_solution_alloys/dataset/bcc_TaTi/Ta-Ti/Ta112Ti16/case-25,/lustre/orion/lrn070/world-shared/mlupopa/RHEAs_HydraGNN/HydraGNN/examples/vasp_solid_solution_alloys/dataset/bcc_TaTi/Ta-Ti/Ta112Ti16/case-25/N0.OUTCAR,0.875000,-153.704315,-47.266301,2.238615,-154.169590,-46.357112,mad
bcc_TaTi,Ta112Ti16,case-28,/lustre/orion/lrn070/world-shared/mlupopa/RHEAs_HydraGNN/HydraGNN/examples/vasp_solid_solution_alloys/dataset/bcc_TaTi/Ta-Ti/Ta112Ti16/case-28,/lustre/orion/lrn070/world-shared/mlupopa/RHEAs_HydraGNN/HydraGNN/examples/vasp_solid_solution_alloys/dataset/bcc_TaTi/Ta-Ti/Ta112Ti16/case-28/N0.OUTCAR,0.875000,-154.047812,-47.266301,2.238615,-154.169590,-46.357112,mad
bcc_TaTi,Ta112Ti16,case-3,/lustre/orion/lrn070/world-shared/mlupopa/RHEAs_HydraGNN/HydraGNN/examples/vasp_solid_solution_alloys/dataset/bcc_TaTi/Ta-Ti/Ta112Ti16/case-3,/lustre/orion/lrn070/world-shared/mlupopa/RHEAs_HydraGNN/HydraGNN/examples/vasp_solid_solution_alloys/dataset/bcc_TaTi/Ta-Ti/Ta112Ti16/case-3/N0.OUTCAR,0.875000,-150.655795,-47.266301,2.238615,-154.169590,-46.357112,mad
bcc_TaTi,Ta112Ti16,case-35,/lustre/orion/lrn070/world-shared/mlupopa/RHEAs_HydraGNN/HydraGNN/examples/vasp_solid_solution_alloys/dataset/bcc_TaTi/Ta-Ti/Ta112Ti16/case-35,/lustre/orion/lrn070/world-shared/mlupopa/RHEAs_HydraGNN/HydraGNN/examples/vasp_solid_solution_alloys/dataset/bcc_TaTi/Ta-Ti/Ta112Ti16/case-35/N0.OUTCAR,0.875000,-151.487328,-47.266301,2.238615,-154.169590,-46.357112,mad
bcc_TaTi,Ta112Ti16,case-36,/lustre/orion/lrn070/world-shared/mlupopa/RHEAs_HydraGNN/HydraGNN/examples/vasp_solid_solution_alloys/dataset/bcc_TaTi/Ta-Ti/Ta112Ti16/case-36,/lustre/orion/lrn070/world-shared/mlupopa/RHEAs_HydraGNN/HydraGNN/examples/vasp_solid_solution_alloys/dataset/bcc_TaTi/Ta-Ti/Ta112Ti16/case-36/N0.OUTCAR,0.875000,-155.241646,-47.266301,2.238615,-154.169590,-46.357112,mad
bcc_TaTi,Ta112Ti16,case-37,/lustre/orion/lrn070/world-shared/mlupopa/RHEAs_HydraGNN/HydraGNN/examples/vasp_solid_solution_alloys/dataset/bcc_TaTi/Ta-Ti/Ta112Ti16/case-37,/lustre/orion/lrn070/world-shared/mlupopa/RHEAs_HydraGNN/HydraGNN/examples/vasp_solid_solution_alloys/dataset/bcc_TaTi/Ta-Ti/Ta112Ti16/case-37/N0.OUTCAR,0.875000,-154.271792,-47.266301,2.238615,-154.169590,-46.357112,mad
bcc_TaTi,Ta112Ti16,case-40,/lustre/orion/lrn070/world-shared/mlupopa/RHEAs_HydraGNN/HydraGNN/examples/vasp_solid_solution_alloys/dataset/bcc_TaTi/Ta-Ti/Ta112Ti16/case-40,/lustre/orion/lrn070/world-shared/mlupopa/RHEAs_HydraGNN/HydraGNN/examples/vasp_solid_solution_alloys/dataset/bcc_TaTi/Ta-Ti/Ta112Ti16/case-40/N0.OUTCAR,0.875000,-151.156176,-47.266301,2.238615,-154.169590,-46.357112,mad
bcc_TaTi,Ta112Ti16,case-41,/lustre/orion/lrn070/world-shared/mlupopa/RHEAs_HydraGNN/HydraGNN/examples/vasp_solid_solution_alloys/dataset/bcc_TaTi/Ta-Ti/Ta112Ti16/case-41,/lustre/orion/lrn070/world-shared/mlupopa/RHEAs_HydraGNN/HydraGNN/examples/vasp_solid_solution_alloys/dataset/bcc_TaTi/Ta-Ti/Ta112Ti16/case-41/N0.OUTCAR,0.875000,-154.231709,-47.266301,2.238615,-154.169590,-46.357112,mad
bcc_TaTi,Ta112Ti16,case-42,/lustre/orion/lrn070/world-shared/mlupopa/RHEAs_HydraGNN/HydraGNN/examples/vasp_solid_solution_alloys/dataset/bcc_TaTi/Ta-Ti/Ta112Ti16/case-42,/lustre/orion/lrn070/world-shared/mlupopa/RHEAs_HydraGNN/HydraGNN/examples/vasp_solid_solution_alloys/dataset/bcc_TaTi/Ta-Ti/Ta112Ti16/case-42/N0.OUTCAR,0.875000,-153.503342,-47.266301,2.238615,-154.169590,-46.357112,mad
bcc_TaTi,Ta112Ti16,case-46,/lustre/orion/lrn070/world-shared/mlupopa/RHEAs_HydraGNN/HydraGNN/examples/vasp_solid_solution_alloys/dataset/bcc_TaTi/Ta-Ti/Ta112Ti16/case-46,/lustre/orion/lrn070/world-shared/mlupopa/RHEAs_HydraGNN/HydraGNN/examples/vasp_solid_solution_alloys/dataset/bcc_TaTi/Ta-Ti/Ta112Ti16/case-46/N0.OUTCAR,0.875000,-154.457609,-47.266301,2.238615,-154.169590,-46.357112,mad
bcc_TaTi,Ta112Ti16,case-48,/lustre/orion/lrn070/world-shared/mlupopa/RHEAs_HydraGNN/HydraGNN/examples/vasp_solid_solution_alloys/dataset/bcc_TaTi/Ta-Ti/Ta112Ti16/case-48,/lustre/orion/lrn070/world-shared/mlupopa/RHEAs_HydraGNN/HydraGNN/examples/vasp_solid_solution_alloys/dataset/bcc_TaTi/Ta-Ti/Ta112Ti16/case-48/N0.OUTCAR,0.875000,-154.747179,-47.266301,2.238615,-154.169590,-46.357112,mad
bcc_TaTi,Ta112Ti16,case-51,/lustre/orion/lrn070/world-shared/mlupopa/RHEAs_HydraGNN/HydraGNN/examples/vasp_solid_solution_alloys/dataset/bcc_TaTi/Ta-Ti/Ta112Ti16/case-51,/lustre/orion/lrn070/world-shared/mlupopa/RHEAs_HydraGNN/HydraGNN/examples/vasp_solid_solution_alloys/dataset/bcc_TaTi/Ta-Ti/Ta112Ti16/case-51/N0.OUTCAR,0.875000,-154.632909,-47.266301,2.238615,-154.169590,-46.357112,mad
bcc_TaTi,Ta112Ti16,case-53,/lustre/orion/lrn070/world-shared/mlupopa/RHEAs_HydraGNN/HydraGNN/examples/vasp_solid_solution_alloys/dataset/bcc_TaTi/Ta-Ti/Ta112Ti16/case-53,/lustre/orion/lrn070/world-shared/mlupopa/RHEAs_HydraGNN/HydraGNN/examples/vasp_solid_solution_alloys/dataset/bcc_TaTi/Ta-Ti/Ta112Ti16/case-53/N0.OUTCAR,0.875000,-153.908261,-47.266301,2.238615,-154.169590,-46.357112,mad
bcc_TaTi,Ta112Ti16,case-55,/lustre/orion/lrn070/world-shared/mlupopa/RHEAs_HydraGNN/HydraGNN/examples/vasp_solid_solution_alloys/dataset/bcc_TaTi/Ta-Ti/Ta112Ti16/case-55,/lustre/orion/lrn070/world-shared/mlupopa/RHEAs_HydraGNN/HydraGNN/examples/vasp_solid_solution_alloys/dataset/bcc_TaTi/Ta-Ti/Ta112Ti16/case-55/N0.OUTCAR,0.875000,-153.362634,-47.266301,2.238615,-154.169590,-46.357112,mad
bcc_TaTi,Ta112Ti16,case-57,/lustre/orion/lrn070/world-shared/mlupopa/RHEAs_HydraGNN/HydraGNN/examples/vasp_solid_solution_alloys/dataset/bcc_TaTi/Ta-Ti/Ta112Ti16/case-57,/lustre/orion/lrn070/world-shared/mlupopa/RHEAs_HydraGNN/HydraGNN/examples/vasp_solid_solution_alloys/dataset/bcc_TaTi/Ta-Ti/Ta112Ti16/case-57/N0.OUTCAR,0.875000,-154.232255,-47.266301,2.238615,-154.169590,-46.357112,mad
bcc_TaTi,Ta112Ti16,case-60,/lustre/orion/lrn070/world-shared/mlupopa/RHEAs_HydraGNN/HydraGNN/examples/vasp_solid_solution_alloys/dataset/bcc_TaTi/Ta-Ti/Ta112Ti16/case-60,/lustre/orion/lrn070/world-shared/mlupopa/RHEAs_HydraGNN/HydraGNN/examples/vasp_solid_solution_alloys/dataset/bcc_TaTi/Ta-Ti/Ta112Ti16/case-60/N0.OUTCAR,0.875000,-152.997962,-47.266301,2.238615,-154.169590,-46.357112,mad
bcc_TaTi,Ta112Ti16,case-61,/lustre/orion/lrn070/world-shared/mlupopa/RHEAs_HydraGNN/HydraGNN/examples/vasp_solid_solution_alloys/dataset/bcc_TaTi/Ta-Ti/Ta112Ti16/case-61,/lustre/orion/lrn070/world-shared/mlupopa/RHEAs_HydraGNN/HydraGNN/examples/vasp_solid_solution_alloys/dataset/bcc_TaTi/Ta-Ti/Ta112Ti16/case-61/N0.OUTCAR,0.875000,-154.426153,-47.266301,2.238615,-154.169590,-46.357112,mad
bcc_TaTi,Ta112Ti16,case-63,/lustre/orion/lrn070/world-shared/mlupopa/RHEAs_HydraGNN/HydraGNN/examples/vasp_solid_solution_alloys/dataset/bcc_TaTi/Ta-Ti/Ta112Ti16/case-63,/lustre/orion/lrn070/world-shared/mlupopa/RHEAs_HydraGNN/HydraGNN/examples/vasp_solid_solution_alloys/dataset/bcc_TaTi/Ta-Ti/Ta112Ti16/case-63/N0.OUTCAR,0.875000,-151.241429,-47.266301,2.238615,-154.169590,-46.357112,mad
bcc_TaTi,Ta112Ti16,case-64,/lustre/orion/lrn070/world-shared/mlupopa/RHEAs_HydraGNN/HydraGNN/examples/vasp_solid_solution_alloys/dataset/bcc_TaTi/Ta-Ti/Ta112Ti16/case-64,/lustre/orion/lrn070/world-shared/mlupopa/RHEAs_HydraGNN/HydraGNN/examples/vasp_solid_solution_alloys/dataset/bcc_TaTi/Ta-Ti/Ta112Ti16/case-64/N0.OUTCAR,0.875000,-154.205156,-47.266301,2.238615,-154.169590,-46.357112,mad
bcc_TaTi,Ta112Ti16,case-67,/lustre/orion/lrn070/world-shared/mlupopa/RHEAs_HydraGNN/HydraGNN/examples/vasp_solid_solution_alloys/dataset/bcc_TaTi/Ta-Ti/Ta112Ti16/case-67,/lustre/orion/lrn070/world-shared/mlupopa/RHEAs_HydraGNN/HydraGNN/examples/vasp_solid_solution_alloys/dataset/bcc_TaTi/Ta-Ti/Ta112Ti16/case-67/N0.OUTCAR,0.875000,-153.279638,-47.266301,2.238615,-154.169590,-46.357112,mad
bcc_TaTi,Ta112Ti16,case-68,/lustre/orion/lrn070/world-shared/mlupopa/RHEAs_HydraGNN/HydraGNN/examples/vasp_solid_solution_alloys/dataset/bcc_TaTi/Ta-Ti/Ta112Ti16/case-68,/lustre/orion/lrn070/world-shared/mlupopa/RHEAs_HydraGNN/HydraGNN/examples/vasp_solid_solution_alloys/dataset/bcc_TaTi/Ta-Ti/Ta112Ti16/case-68/N0.OUTCAR,0.875000,-151.224073,-47.266301,2.238615,-154.169590,-46.357112,mad
bcc_TaTi,Ta112Ti16,case-69,/lustre/orion/lrn070/world-shared/mlupopa/RHEAs_HydraGNN/HydraGNN/examples/vasp_solid_solution_alloys/dataset/bcc_TaTi/Ta-Ti/Ta112Ti16/case-69,/lustre/orion/lrn070/world-shared/mlupopa/RHEAs_HydraGNN/HydraGNN/examples/vasp_solid_solution_alloys/dataset/bcc_TaTi/Ta-Ti/Ta112Ti16/case-69/N0.OUTCAR,0.875000,-153.970994,-47.266301,2.238615,-154.169590,-46.357112,mad
bcc_TaTi,Ta112Ti16,case-70,/lustre/orion/lrn070/world-shared/mlupopa/RHEAs_HydraGNN/HydraGNN/examples/vasp_solid_solution_alloys/dataset/bcc_TaTi/Ta-Ti/Ta112Ti16/case-70,/lustre/orion/lrn070/world-shared/mlupopa/RHEAs_HydraGNN/HydraGNN/examples/vasp_solid_solution_alloys/dataset/bcc_TaTi/Ta-Ti/Ta112Ti16/case-70/N0.OUTCAR,0.875000,-151.750446,-47.266301,2.238615,-154.169590,-46.357112,mad
bcc_TaTi,Ta112Ti16,case-71,/lustre/orion/lrn070/world-shared/mlupopa/RHEAs_HydraGNN/HydraGNN/examples/vasp_solid_solution_alloys/dataset/bcc_TaTi/Ta-Ti/Ta112Ti16/case-71,/lustre/orion/lrn070/world-shared/mlupopa/RHEAs_HydraGNN/HydraGNN/examples/vasp_solid_solution_alloys/dataset/bcc_TaTi/Ta-Ti/Ta112Ti16/case-71/N0.OUTCAR,0.875000,-154.365320,-47.266301,2.238615,-154.169590,-46.357112,mad
bcc_TaTi,Ta112Ti16,case-73,/lustre/orion/lrn070/world-shared/mlupopa/RHEAs_HydraGNN/HydraGNN/examples/vasp_solid_solution_alloys/dataset/bcc_TaTi/Ta-Ti/Ta112Ti16/case-73,/lustre/orion/lrn070/world-shared/mlupopa/RHEAs_HydraGNN/HydraGNN/examples/vasp_solid_solution_alloys/dataset/bcc_TaTi/Ta-Ti/Ta112Ti16/case-73/N0.OUTCAR,0.875000,-154.286396,-47.266301,2.238615,-154.169590,-46.357112,mad
bcc_TaTi,Ta112Ti16,case-75,/lustre/orion/lrn070/world-shared/mlupopa/RHEAs_HydraGNN/HydraGNN/examples/vasp_solid_solution_alloys/dataset/bcc_TaTi/Ta-Ti/Ta112Ti16/case-75,/lustre/orion/lrn070/world-shared/mlupopa/RHEAs_HydraGNN/HydraGNN/examples/vasp_solid_solution_alloys/dataset/bcc_TaTi/Ta-Ti/Ta112Ti16/case-75/N0.OUTCAR,0.875000,-155.485384,-47.266301,2.238615,-154.169590,-46.357112,mad
bcc_TaTi,Ta112Ti16,case-79,/lustre/orion/lrn070/world-shared/mlupopa/RHEAs_HydraGNN/HydraGNN/examples/vasp_solid_solution_alloys/dataset/bcc_TaTi/Ta-Ti/Ta112Ti16/case-79,/lustre/orion/lrn070/world-shared/mlupopa/RHEAs_HydraGNN/HydraGNN/examples/vasp_solid_solution_alloys/dataset/bcc_TaTi/Ta-Ti/Ta112Ti16/case-79/N1.OUTCAR,0.875000,-154.406381,-47.266301,2.238615,-154.169590,-46.357112,mad
bcc_TaTi,Ta112Ti16,case-84,/lustre/orion/lrn070/world-shared/mlupopa/RHEAs_HydraGNN/HydraGNN/examples/vasp_solid_solution_alloys/dataset/bcc_TaTi/Ta-Ti/Ta112Ti16/case-84,/lustre/orion/lrn070/world-shared/mlupopa/RHEAs_HydraGNN/HydraGNN/examples/vasp_solid_solution_alloys/dataset/bcc_TaTi/Ta-Ti/Ta112Ti16/case-84/N0.OUTCAR,0.875000,-154.389319,-47.266301,2.238615,-154.169590,-46.357112,mad
bcc_TaTi,Ta112Ti16,case-85,/lustre/orion/lrn070/world-shared/mlupopa/RHEAs_HydraGNN/HydraGNN/examples/vasp_solid_solution_alloys/dataset/bcc_TaTi/Ta-Ti/Ta112Ti16/case-85,/lustre/orion/lrn070/world-shared/mlupopa/RHEAs_HydraGNN/HydraGNN/examples/vasp_solid_solution_alloys/dataset/bcc_TaTi/Ta-Ti/Ta112Ti16/case-85/N0.OUTCAR,0.875000,-154.410320,-47.266301,2.238615,-154.169590,-46.357112,mad
bcc_TaTi,Ta112Ti16,case-89,/lustre/orion/lrn070/world-shared/mlupopa/RHEAs_HydraGNN/HydraGNN/examples/vasp_solid_solution_alloys/dataset/bcc_TaTi/Ta-Ti/Ta112Ti16/case-89,/lustre/orion/lrn070/world-shared/mlupopa/RHEAs_HydraGNN/HydraGNN/examples/vasp_solid_solution_alloys/dataset/bcc_TaTi/Ta-Ti/Ta112Ti16/case-89/N0.OUTCAR,0.875000,-152.961109,-47.266301,2.238615,-154.169590,-46.357112,mad
bcc_TaTi,Ta112Ti16,case-90,/lustre/orion/lrn070/world-shared/mlupopa/RHEAs_HydraGNN/HydraGNN/examples/vasp_solid_solution_alloys/dataset/bcc_TaTi/Ta-Ti/Ta112Ti16/case-90,/lustre/orion/lrn070/world-shared/mlupopa/RHEAs_HydraGNN/HydraGNN/examples/vasp_solid_solution_alloys/dataset/bcc_TaTi/Ta-Ti/Ta112Ti16/case-90/N0.OUTCAR,0.875000,-154.538915,-47.266301,2.238615,-154.169590,-46.357112,mad
bcc_TaTi,Ta112Ti16,case-91,/lustre/orion/lrn070/world-shared/mlupopa/RHEAs_HydraGNN/HydraGNN/examples/vasp_solid_solution_alloys/dataset/bcc_TaTi/Ta-Ti/Ta112Ti16/case-91,/lustre/orion/lrn070/world-shared/mlupopa/RHEAs_HydraGNN/HydraGNN/examples/vasp_solid_solution_alloys/dataset/bcc_TaTi/Ta-Ti/Ta112Ti16/case-91/N0.OUTCAR,0.875000,-151.193640,-47.266301,2.238615,-154.169590,-46.357112,mad
bcc_TaTi,Ta112Ti16,case-92,/lustre/orion/lrn070/world-shared/mlupopa/RHEAs_HydraGNN/HydraGNN/examples/vasp_solid_solution_alloys/dataset/bcc_TaTi/Ta-Ti/Ta112Ti16/case-92,/lustre/orion/lrn070/world-shared/mlupopa/RHEAs_HydraGNN/HydraGNN/examples/vasp_solid_solution_alloys/dataset/bcc_TaTi/Ta-Ti/Ta112Ti16/case-92/N0.OUTCAR,0.875000,-151.957627,-47.266301,2.238615,-154.169590,-46.357112,mad
bcc_TaTi,Ta112Ti16,case-93,/lustre/orion/lrn070/world-shared/mlupopa/RHEAs_HydraGNN/HydraGNN/examples/vasp_solid_solution_alloys/dataset/bcc_TaTi/Ta-Ti/Ta112Ti16/case-93,/lustre/orion/lrn070/world-shared/mlupopa/RHEAs_HydraGNN/HydraGNN/examples/vasp_solid_solution_alloys/dataset/bcc_TaTi/Ta-Ti/Ta112Ti16/case-93/N0.OUTCAR,0.875000,-154.574290,-47.266301,2.238615,-154.169590,-46.357112,mad
bcc_TaTi,Ta112Ti16,case-94,/lustre/orion/lrn070/world-shared/mlupopa/RHEAs_HydraGNN/HydraGNN/examples/vasp_solid_solution_alloys/dataset/bcc_TaTi/Ta-Ti/Ta112Ti16/case-94,/lustre/orion/lrn070/world-shared/mlupopa/RHEAs_HydraGNN/HydraGNN/examples/vasp_solid_solution_alloys/dataset/bcc_TaTi/Ta-Ti/Ta112Ti16/case-94/N0.OUTCAR,0.875000,-151.370659,-47.266301,2.238615,-154.169590,-46.357112,mad
bcc_TaTi,Ta112Ti16,case-96,/lustre/orion/lrn070/world-shared/mlupopa/RHEAs_HydraGNN/HydraGNN/examples/vasp_solid_solution_alloys/dataset/bcc_TaTi/Ta-Ti/Ta112Ti16/case-96,/lustre/orion/lrn070/world-shared/mlupopa/RHEAs_HydraGNN/HydraGNN/examples/vasp_solid_solution_alloys/dataset/bcc_TaTi/Ta-Ti/Ta112Ti16/case-96/N0.OUTCAR,0.875000,-155.189566,-47.266301,2.238615,-154.169590,-46.357112,mad
bcc_TaTi,Ta112Ti16,case-98,/lustre/orion/lrn070/world-shared/mlupopa/RHEAs_HydraGNN/HydraGNN/examples/vasp_solid_solution_alloys/dataset/bcc_TaTi/Ta-Ti/Ta112Ti16/case-98,/lustre/orion/lrn070/world-shared/mlupopa/RHEAs_HydraGNN/HydraGNN/examples/vasp_solid_solution_alloys/dataset/bcc_TaTi/Ta-Ti/Ta112Ti16/case-98/N0.OUTCAR,0.875000,-154.864796,-47.266301,2.238615,-154.169590,-46.357112,mad
bcc_TaTi,Ta112Ti16,case-99,/lustre/orion/lrn070/world-shared/mlupopa/RHEAs_HydraGNN/HydraGNN/examples/vasp_solid_solution_alloys/dataset/bcc_TaTi/Ta-Ti/Ta112Ti16/case-99,/lustre/orion/lrn070/world-shared/mlupopa/RHEAs_HydraGNN/HydraGNN/examples/vasp_solid_solution_alloys/dataset/bcc_TaTi/Ta-Ti/Ta112Ti16/case-99/N0.OUTCAR,0.875000,-154.747242,-47.266301,2.238615,-154.169590,-46.357112,mad
bcc_TaTi,Ta116Ti12,case-100,/lustre/orion/lrn070/world-shared/mlupopa/RHEAs_HydraGNN/HydraGNN/examples/vasp_solid_solution_alloys/dataset/bcc_TaTi/Ta-Ti/Ta116Ti12/case-100,/lustre/orion/lrn070/world-shared/mlupopa/RHEAs_HydraGNN/HydraGNN/examples/vasp_solid_solution_alloys/dataset/bcc_TaTi/Ta-Ti/Ta116Ti12/case-100/N0.OUTCAR,0.906250,-54.101611,-162.271560,3.640400,-165.189021,-53.429045,mad
bcc_TaTi,Ta116Ti12,case-11,/lustre/orion/lrn070/world-shared/mlupopa/RHEAs_HydraGNN/HydraGNN/examples/vasp_solid_solution_alloys/dataset/bcc_TaTi/Ta-Ti/Ta116Ti12/case-11,/lustre/orion/lrn070/world-shared/mlupopa/RHEAs_HydraGNN/HydraGNN/examples/vasp_solid_solution_alloys/dataset/bcc_TaTi/Ta-Ti/Ta116Ti12/case-11/N1.OUTCAR,0.906250,-56.108361,-162.271560,3.640400,-165.189021,-53.429045,mad
bcc_TaTi,Ta116Ti12,case-14,/lustre/orion/lrn070/world-shared/mlupopa/RHEAs_HydraGNN/HydraGNN/examples/vasp_solid_solution_alloys/dataset/bcc_TaTi/Ta-Ti/Ta116Ti12/case-14,/lustre/orion/lrn070/world-shared/mlupopa/RHEAs_HydraGNN/HydraGNN/examples/vasp_solid_solution_alloys/dataset/bcc_TaTi/Ta-Ti/Ta116Ti12/case-14/N0.OUTCAR,0.906250,-54.061492,-162.271560,3.640400,-165.189021,-53.429045,mad
bcc_TaTi,Ta116Ti12,case-15,/lustre/orion/lrn070/world-shared/mlupopa/RHEAs_HydraGNN/HydraGNN/examples/vasp_solid_solution_alloys/dataset/bcc_TaTi/Ta-Ti/Ta116Ti12/case-15,/lustre/orion/lrn070/world-shared/mlupopa/RHEAs_HydraGNN/HydraGNN/examples/vasp_solid_solution_alloys/dataset/bcc_TaTi/Ta-Ti/Ta116Ti12/case-15/N0.OUTCAR,0.906250,-54.235762,-162.271560,3.640400,-165.189021,-53.429045,mad
bcc_TaTi,Ta116Ti12,case-2,/lustre/orion/lrn070/world-shared/mlupopa/RHEAs_HydraGNN/HydraGNN/examples/vasp_solid_solution_alloys/dataset/bcc_TaTi/Ta-Ti/Ta116Ti12/case-2,/lustre/orion/lrn070/world-shared/mlupopa/RHEAs_HydraGNN/HydraGNN/examples/vasp_solid_solution_alloys/dataset/bcc_TaTi/Ta-Ti/Ta116Ti12/case-2/N0.OUTCAR,0.906250,-53.827948,-162.271560,3.640400,-165.189021,-53.429045,mad
bcc_TaTi,Ta116Ti12,case-20,/lustre/orion/lrn070/world-shared/mlupopa/RHEAs_HydraGNN/HydraGNN/examples/vasp_solid_solution_alloys/dataset/bcc_TaTi/Ta-Ti/Ta116Ti12/case-20,/lustre/orion/lrn070/world-shared/mlupopa/RHEAs_HydraGNN/HydraGNN/examples/vasp_solid_solution_alloys/dataset/bcc_TaTi/Ta-Ti/Ta116Ti12/case-20/N0.OUTCAR,0.906250,-54.345507,-162.271560,3.640400,-165.189021,-53.429045,mad
bcc_TaTi,Ta116Ti12,case-24,/lustre/orion/lrn070/world-shared/mlupopa/RHEAs_HydraGNN/HydraGNN/examples/vasp_solid_solution_alloys/dataset/bcc_TaTi/Ta-Ti/Ta116Ti12/case-24,/lustre/orion/lrn070/world-shared/mlupopa/RHEAs_HydraGNN/HydraGNN/examples/vasp_solid_solution_alloys/dataset/bcc_TaTi/Ta-Ti/Ta116Ti12/case-24/N0.OUTCAR,0.906250,-51.874885,-162.271560,3.640400,-165.189021,-53.429045,mad
bcc_TaTi,Ta116Ti12,case-26,/lustre/orion/lrn070/world-shared/mlupopa/RHEAs_HydraGNN/HydraGNN/examples/vasp_solid_solution_alloys/dataset/bcc_TaTi/Ta-Ti/Ta116Ti12/case-26,/lustre/orion/lrn070/world-shared/mlupopa/RHEAs_HydraGNN/HydraGNN/examples/vasp_solid_solution_alloys/dataset/bcc_TaTi/Ta-Ti/Ta116Ti12/case-26/N0.OUTCAR,0.906250,-51.952584,-162.271560,3.640400,-165.189021,-53.429045,mad
bcc_TaTi,Ta116Ti12,case-27,/lustre/orion/lrn070/world-shared/mlupopa/RHEAs_HydraGNN/HydraGNN/examples/vasp_solid_solution_alloys/dataset/bcc_TaTi/Ta-Ti/Ta116Ti12/case-27,/lustre/orion/lrn070/world-shared/mlupopa/RHEAs_HydraGNN/HydraGNN/examples/vasp_solid_solution_alloys/dataset/bcc_TaTi/Ta-Ti/Ta116Ti12/case-27/N0.OUTCAR,0.906250,-51.971252,-162.271560,3.640400,-165.189021,-53.429045,mad
bcc_TaTi,Ta116Ti12,case-28,/lustre/orion/lrn070/world-shared/mlupopa/RHEAs_HydraGNN/HydraGNN/examples/vasp_solid_solution_alloys/dataset/bcc_TaTi/Ta-Ti/Ta116Ti12/case-28,/lustre/orion/lrn070/world-shared/mlupopa/RHEAs_HydraGNN/HydraGNN/examples/vasp_solid_solution_alloys/dataset/bcc_TaTi/Ta-Ti/Ta116Ti12/case-28/N0.OUTCAR,0.906250,-52.059654,-162.271560,3.640400,-165.189021,-53.429045,mad
bcc_TaTi,Ta116Ti12,case-29,/lustre/orion/lrn070/world-shared/mlupopa/RHEAs_HydraGNN/HydraGNN/examples/vasp_solid_solution_alloys/dataset/bcc_TaTi/Ta-Ti/Ta116Ti12/case-29,/lustre/orion/lrn070/world-shared/mlupopa/RHEAs_HydraGNN/HydraGNN/examples/vasp_solid_solution_alloys/dataset/bcc_TaTi/Ta-Ti/Ta116Ti12/case-29/N0.OUTCAR,0.906250,-51.825838,-162.271560,3.640400,-165.189021,-53.429045,mad
bcc_TaTi,Ta116Ti12,case-3,/lustre/orion/lrn070/world-shared/mlupopa/RHEAs_HydraGNN/HydraGNN/examples/vasp_solid_solution_alloys/dataset/bcc_TaTi/Ta-Ti/Ta116Ti12/case-3,/lustre/orion/lrn070/world-shared/mlupopa/RHEAs_HydraGNN/HydraGNN/examples/vasp_solid_solution_alloys/dataset/bcc_TaTi/Ta-Ti/Ta116Ti12/case-3/N0.OUTCAR,0.906250,-52.069507,-162.271560,3.640400,-165.189021,-53.429045,mad
bcc_TaTi,Ta116Ti12,case-30,/lustre/orion/lrn070/world-shared/mlupopa/RHEAs_HydraGNN/HydraGNN/examples/vasp_solid_solution_alloys/dataset/bcc_TaTi/Ta-Ti/Ta116Ti12/case-30,/lustre/orion/lrn070/world-shared/mlupopa/RHEAs_HydraGNN/HydraGNN/examples/vasp_solid_solution_alloys/dataset/bcc_TaTi/Ta-Ti/Ta116Ti12/case-30/N0.OUTCAR,0.906250,-51.768086,-162.271560,3.640400,-165.189021,-53.429045,mad
bcc_TaTi,Ta116Ti12,case-32,/lustre/orion/lrn070/world-shared/mlupopa/RHEAs_HydraGNN/HydraGNN/examples/vasp_solid_solution_alloys/dataset/bcc_TaTi/Ta-Ti/Ta116Ti12/case-32,/lustre/orion/lrn070/world-shared/mlupopa/RHEAs_HydraGNN/HydraGNN/examples/vasp_solid_solution_alloys/dataset/bcc_TaTi/Ta-Ti/Ta116Ti12/case-32/N0.OUTCAR,0.906250,-54.309193,-162.271560,3.640400,-165.189021,-53.429045,mad
bcc_TaTi,Ta116Ti12,case-34,/lustre/orion/lrn070/world-shared/mlupopa/RHEAs_HydraGNN/HydraGNN/examples/vasp_solid_solution_alloys/dataset/bcc_TaTi/Ta-Ti/Ta116Ti12/case-34,/lustre/orion/lrn070/world-shared/mlupopa/RHEAs_HydraGNN/HydraGNN/examples/vasp_solid_solution_alloys/dataset/bcc_TaTi/Ta-Ti/Ta116Ti12/case-34/N0.OUTCAR,0.906250,-54.368278,-162.271560,3.640400,-165.189021,-53.429045,mad
bcc_TaTi,Ta116Ti12,case-35,/lustre/orion/lrn070/world-shared/mlupopa/RHEAs_HydraGNN/HydraGNN/examples/vasp_solid_solution_alloys/dataset/bcc_TaTi/Ta-Ti/Ta116Ti12/case-35,/lustre/orion/lrn070/world-shared/mlupopa/RHEAs_HydraGNN/HydraGNN/examples/vasp_solid_solution_alloys/dataset/bcc_TaTi/Ta-Ti/Ta116Ti12/case-35/N0.OUTCAR,0.906250,-54.312402,-162.271560,3.640400,-165.189021,-53.429045,mad
bcc_TaTi,Ta116Ti12,case-36,/lustre/orion/lrn070/world-shared/mlupopa/RHEAs_HydraGNN/HydraGNN/examples/vasp_solid_solution_alloys/dataset/bcc_TaTi/Ta-Ti/Ta116Ti12/case-36,/lustre/orion/lrn070/world-shared/mlupopa/RHEAs_HydraGNN/HydraGNN/examples/vasp_solid_solution_alloys/dataset/bcc_TaTi/Ta-Ti/Ta116Ti12/case-36/N0.OUTCAR,0.906250,-52.035621,-162.271560,3.640400,-165.189021,-53.429045,mad
bcc_TaTi,Ta116Ti12,case-39,/lustre/orion/lrn070/world-shared/mlupopa/RHEAs_HydraGNN/HydraGNN/examples/vasp_solid_solution_alloys/dataset/bcc_TaTi/Ta-Ti/Ta116Ti12/case-39,/lustre/orion/lrn070/world-shared/mlupopa/RHEAs_HydraGNN/HydraGNN/examples/vasp_solid_solution_alloys/dataset/bcc_TaTi/Ta-Ti/Ta116Ti12/case-39/N0.OUTCAR,0.906250,-53.892189,-162.271560,3.640400,-165.189021,-53.429045,mad
bcc_TaTi,Ta116Ti12,case-4,/lustre/orion/lrn070/world-shared/mlupopa/RHEAs_HydraGNN/HydraGNN/examples/vasp_solid_solution_alloys/dataset/bcc_TaTi/Ta-Ti/Ta116Ti12/case-4,/lustre/orion/lrn070/world-shared/mlupopa/RHEAs_HydraGNN/HydraGNN/examples/vasp_solid_solution_alloys/dataset/bcc_TaTi/Ta-Ti/Ta116Ti12/case-4/N0.OUTCAR,0.906250,-54.053805,-162.271560,3.640400,-165.189021,-53.429045,mad
bcc_TaTi,Ta116Ti12,case-40,/lustre/orion/lrn070/world-shared/mlupopa/RHEAs_HydraGNN/HydraGNN/examples/vasp_solid_solution_alloys/dataset/bcc_TaTi/Ta-Ti/Ta116Ti12/case-40,/lustre/orion/lrn070/world-shared/mlupopa/RHEAs_HydraGNN/HydraGNN/examples/vasp_solid_solution_alloys/dataset/bcc_TaTi/Ta-Ti/Ta116Ti12/case-40/N0.OUTCAR,0.906250,-51.866415,-162.271560,3.640400,-165.189021,-53.429045,mad
bcc_TaTi,Ta116Ti12,case-42,/lustre/orion/lrn070/world-shared/mlupopa/RHEAs_HydraGNN/HydraGNN/examples/vasp_solid_solution_alloys/dataset/bcc_TaTi/Ta-Ti/Ta116Ti12/case-42,/lustre/orion/lrn070/world-shared/mlupopa/RHEAs_HydraGNN/HydraGNN/examples/vasp_solid_solution_alloys/dataset/bcc_TaTi/Ta-Ti/Ta116Ti12/case-42/N0.OUTCAR,0.906250,-54.039320,-162.271560,3.640400,-165.189021,-53.429045,mad
bcc_TaTi,Ta116Ti12,case-48,/lustre/orion/lrn070/world-shared/mlupopa/RHEAs_HydraGNN/HydraGNN/examples/vasp_solid_solution_alloys/dataset/bcc_TaTi/Ta-Ti/Ta116Ti12/case-48,/lustre/orion/lrn070/world-shared/mlupopa/RHEAs_HydraGNN/HydraGNN/examples/vasp_solid_solution_alloys/dataset/bcc_TaTi/Ta-Ti/Ta116Ti12/case-48/N0.OUTCAR,0.906250,-51.872896,-162.271560,3.640400,-165.189021,-53.429045,mad
bcc_TaTi,Ta116Ti12,case-50,/lustre/orion/lrn070/world-shared/mlupopa/RHEAs_HydraGNN/HydraGNN/examples/vasp_solid_solution_alloys/dataset/bcc_TaTi/Ta-Ti/Ta116Ti12/case-50,/lustre/orion/lrn070/world-shared/mlupopa/RHEAs_HydraGNN/HydraGNN/examples/vasp_solid_solution_alloys/dataset/bcc_TaTi/Ta-Ti/Ta116Ti12/case-50/N0.OUTCAR,0.906250,-51.673306,-162.271560,3.640400,-165.189021,-53.429045,mad
bcc_TaTi,Ta116Ti12,case-51,/lustre/orion/lrn070/world-shared/mlupopa/RHEAs_HydraGNN/HydraGNN/examples/vasp_solid_solution_alloys/dataset/bcc_TaTi/Ta-Ti/Ta116Ti12/case-51,/lustre/orion/lrn070/world-shared/mlupopa/RHEAs_HydraGNN/HydraGNN/examples/vasp_solid_solution_alloys/dataset/bcc_TaTi/Ta-Ti/Ta116Ti12/case-51/N0.OUTCAR,0.906250,-54.188735,-162.271560,3.640400,-165.189021,-53.429045,mad
bcc_TaTi,Ta116Ti12,case-54,/lustre/orion/lrn070/world-shared/mlupopa/RHEAs_HydraGNN/HydraGNN/examples/vasp_solid_solution_alloys/dataset/bcc_TaTi/Ta-Ti/Ta116Ti12/case-54,/lustre/orion/lrn070/world-shared/mlupopa/RHEAs_HydraGNN/HydraGNN/examples/vasp_solid_solution_alloys/dataset/bcc_TaTi/Ta-Ti/Ta116Ti12/case-54/N0.OUTCAR,0.906250,-52.020368,-162.271560,3.640400,-165.189021,-53.429045,mad
bcc_TaTi,Ta116Ti12,case-56,/lustre/orion/lrn070/world-shared/mlupopa/RHEAs_HydraGNN/HydraGNN/examples/vasp_solid_solution_alloys/dataset/bcc_TaTi/Ta-Ti/Ta116Ti12/case-56,/lustre/orion/lrn070/world-shared/mlupopa/RHEAs_HydraGNN/HydraGNN/examples/vasp_solid_solution_alloys/dataset/bcc_TaTi/Ta-Ti/Ta116Ti12/case-56/N0.OUTCAR,0.906250,-52.067688,-162.271560,3.640400,-165.189021,-53.429045,mad
bcc_TaTi,Ta116Ti12,case-63,/lustre/orion/lrn070/world-shared/mlupopa/RHEAs_HydraGNN/HydraGNN/examples/vasp_solid_solution_alloys/dataset/bcc_TaTi/Ta-Ti/Ta116Ti12/case-63,/lustre/orion/lrn070/world-shared/mlupopa/RHEAs_HydraGNN/HydraGNN/examples/vasp_solid_solution_alloys/dataset/bcc_TaTi/Ta-Ti/Ta116Ti12/case-63/N0.OUTCAR,0.906250,-53.934564,-162.271560,3.640400,-165.189021,-53.429045,mad
bcc_TaTi,Ta116Ti12,case-64,/lustre/orion/lrn070/world-shared/mlupopa/RHEAs_HydraGNN/HydraGNN/examples/vasp_solid_solution_alloys/dataset/bcc_TaTi/Ta-Ti/Ta116Ti12/case-64,/lustre/orion/lrn070/world-shared/mlupopa/RHEAs_HydraGNN/HydraGNN/examples/vasp_solid_solution_alloys/dataset/bcc_TaTi/Ta-Ti/Ta116Ti12/case-64/N0.OUTCAR,0.906250,-51.543625,-162.271560,3.640400,-165.189021,-53.429045,mad
bcc_TaTi,Ta116Ti12,case-67,/lustre/orion/lrn070/world-shared/mlupopa/RHEAs_HydraGNN/HydraGNN/examples/vasp_solid_solution_alloys/dataset/bcc_TaTi/Ta-Ti/Ta116Ti12/case-67,/lustre/orion/lrn070/world-shared/mlupopa/RHEAs_HydraGNN/HydraGNN/examples/vasp_solid_solution_alloys/dataset/bcc_TaTi/Ta-Ti/Ta116Ti12/case-67/N0.OUTCAR,0.906250,-52.232336,-162.271560,3.640400,-165.189021,-53.429045,mad
bcc_TaTi,Ta116Ti12,case-68,/lustre/orion/lrn070/world-shared/mlupopa/RHEAs_HydraGNN/HydraGNN/examples/vasp_solid_solution_alloys/dataset/bcc_TaTi/Ta-Ti/Ta116Ti12/case-68,/lustre/orion/lrn070/world-shared/mlupopa/RHEAs_HydraGNN/HydraGNN/examples/vasp_solid_solution_alloys/dataset/bcc_TaTi/Ta-Ti/Ta116Ti12/case-68/N0.OUTCAR,0.906250,-54.408446,-162.271560,3.640400,-165.189021,-53.429045,mad
bcc_TaTi,Ta116Ti12,case-69,/lustre/orion/lrn070/world-shared/mlupopa/RHEAs_HydraGNN/HydraGNN/examples/vasp_solid_solution_alloys/dataset/bcc_TaTi/Ta-Ti/Ta116Ti12/case-69,/lustre/orion/lrn070/world-shared/mlupopa/RHEAs_HydraGNN/HydraGNN/examples/vasp_solid_solution_alloys/dataset/bcc_TaTi/Ta-Ti/Ta116Ti12/case-69/N0.OUTCAR,0.906250,-54.189643,-162.271560,3.640400,-165.189021,-53.429045,mad
bcc_TaTi,Ta116Ti12,case-7,/lustre/orion/lrn070/world-shared/mlupopa/RHEAs_HydraGNN/HydraGNN/examples/vasp_solid_solution_alloys/dataset/bcc_TaTi/Ta-Ti/Ta116Ti12/case-7,/lustre/orion/lrn070/world-shared/mlupopa/RHEAs_HydraGNN/HydraGNN/examples/vasp_solid_solution_alloys/dataset/bcc_TaTi/Ta-Ti/Ta116Ti12/case-7/N1.OUTCAR,0.906250,-51.728463,-162.271560,3.640400,-165.189021,-53.429045,mad
bcc_TaTi,Ta116Ti12,case-70,/lustre/orion/lrn070/world-shared/mlupopa/RHEAs_HydraGNN/HydraGNN/examples/vasp_solid_solution_alloys/dataset/bcc_TaTi/Ta-Ti/Ta116Ti12/case-70,/lustre/orion/lrn070/world-shared/mlupopa/RHEAs_HydraGNN/HydraGNN/examples/vasp_solid_solution_alloys/dataset/bcc_TaTi/Ta-Ti/Ta116Ti12/case-70/N0.OUTCAR,0.906250,-54.559256,-162.271560,3.640400,-165.189021,-53.429045,mad
bcc_TaTi,Ta116Ti12,case-71,/lustre/orion/lrn070/world-shared/mlupopa/RHEAs_HydraGNN/HydraGNN/examples/vasp_solid_solution_alloys/dataset/bcc_TaTi/Ta-Ti/Ta116Ti12/case-71,/lustre/orion/lrn070/world-shared/mlupopa/RHEAs_HydraGNN/HydraGNN/examples/vasp_solid_solution_alloys/dataset/bcc_TaTi/Ta-Ti/Ta116Ti12/case-71/N0.OUTCAR,0.906250,-52.101638,-162.271560,3.640400,-165.189021,-53.429045,mad
bcc_TaTi,Ta116Ti12,case-74,/lustre/orion/lrn070/world-shared/mlupopa/RHEAs_HydraGNN/HydraGNN/examples/vasp_solid_solution_alloys/dataset/bcc_TaTi/Ta-Ti/Ta116Ti12/case-74,/lustre/orion/lrn070/world-shared/mlupopa/RHEAs_HydraGNN/HydraGNN/examples/vasp_solid_solution_alloys/dataset/bcc_TaTi/Ta-Ti/Ta116Ti12/case-74/N0.OUTCAR,0.906250,-51.818454,-162.271560,3.640400,-165.189021,-53.429045,mad
bcc_TaTi,Ta116Ti12,case-75,/lustre/orion/lrn070/world-shared/mlupopa/RHEAs_HydraGNN/HydraGNN/examples/vasp_solid_solution_alloys/dataset/bcc_TaTi/Ta-Ti/Ta116Ti12/case-75,/lustre/orion/lrn070/world-shared/mlupopa/RHEAs_HydraGNN/HydraGNN/examples/vasp_solid_solution_alloys/dataset/bcc_TaTi/Ta-Ti/Ta116Ti12/case-75/N0.OUTCAR,0.906250,-54.222594,-162.271560,3.640400,-165.189021,-53.429045,mad
bcc_TaTi,Ta116Ti12,case-8,/lustre/orion/lrn070/world-shared/mlupopa/RHEAs_HydraGNN/HydraGNN/examples/vasp_solid_solution_alloys/dataset/bcc_TaTi/Ta-Ti/Ta116Ti12/case-8,/lustre/orion/lrn070/world-shared/mlupopa/RHEAs_HydraGNN/HydraGNN/examples/vasp_solid_solution_alloys/dataset/bcc_TaTi/Ta-Ti/Ta116Ti12/case-8/N0.OUTCAR,0.906250,-54.073160,-162.271560,3.640400,-165.189021,-53.429045,mad
bcc_TaTi,Ta116Ti12,case-83,/lustre/orion/lrn070/world-shared/mlupopa/RHEAs_HydraGNN/HydraGNN/examples/vasp_solid_solution_alloys/dataset/bcc_TaTi/Ta-Ti/Ta116Ti12/case-83,/lustre/orion/lrn070/world-shared/mlupopa/RHEAs_HydraGNN/HydraGNN/examples/vasp_solid_solution_alloys/dataset/bcc_TaTi/Ta-Ti/Ta116Ti12/case-83/N0.OUTCAR,0.906250,-51.985194,-162.271560,3.640400,-165.189021,-53.429045,mad
bcc_TaTi,Ta116Ti12,case-84,/lustre/orion/lrn070/world-shared/mlupopa/RHEAs_HydraGNN/HydraGNN/examples/vasp_solid_solution_alloys/dataset/bcc_TaTi/Ta-Ti/Ta116Ti12/case-84,/lustre/orion/lrn070/world-shared/mlupopa/RHEAs_HydraGNN/HydraGNN/examples/vasp_solid_solution_alloys/dataset/bcc_TaTi/Ta-Ti/Ta116Ti12/case-84/N0.OUTCAR,0.906250,-51.700211,-162.271560,3.640400,-165.189021,-53.429045,mad
bcc_TaTi,Ta116Ti12,case-86,/lustre/orion/lrn070/world-shared/mlupopa/RHEAs_HydraGNN/HydraGNN/examples/vasp_solid_solution_alloys/dataset/bcc_TaTi/Ta-Ti/Ta116Ti12/case-86,/lustre/orion/lrn070/world-shared/mlupopa/RHEAs_HydraGNN/HydraGNN/examples/vasp_solid_solution_alloys/dataset/bcc_TaTi/Ta-Ti/Ta116Ti12/case-86/N0.OUTCAR,0.906250,-54.297767,-162.271560,3.640400,-165.189021,-53.429045,mad
bcc_TaTi,Ta116Ti12,case-87,/lustre/orion/lrn070/world-shared/mlupopa/RHEAs_HydraGNN/HydraGNN/examples/vasp_solid_solution_alloys/dataset/bcc_TaTi/Ta-Ti/Ta116Ti12/case-87,/lustre/orion/lrn070/world-shared/mlupopa/RHEAs_HydraGNN/HydraGNN/examples/vasp_solid_solution_alloys/dataset/bcc_TaTi/Ta-Ti/Ta116Ti12/case-87/N0.OUTCAR,0.906250,-53.985270,-162.271560,3.640400,-165.189021,-53.429045,mad
bcc_TaTi,Ta116Ti12,case-89,/lustre/orion/lrn070/world-shared/mlupopa/RHEAs_HydraGNN/HydraGNN/examples/vasp_solid_solution_alloys/dataset/bcc_TaTi/Ta-Ti/Ta116Ti12/case-89,/lustre/orion/lrn070/world-shared/mlupopa/RHEAs_HydraGNN/HydraGNN/examples/vasp_solid_solution_alloys/dataset/bcc_TaTi/Ta-Ti/Ta116Ti12/case-89/N0.OUTCAR,0.906250,-51.929484,-162.271560,3.640400,-165.189021,-53.429045,mad
bcc_TaTi,Ta116Ti12,case-9,/lustre/orion/lrn070/world-shared/mlupopa/RHEAs_HydraGNN/HydraGNN/examples/vasp_solid_solution_alloys/dataset/bcc_TaTi/Ta-Ti/Ta116Ti12/case-9,/lustre/orion/lrn070/world-shared/mlupopa/RHEAs_HydraGNN/HydraGNN/examples/vasp_solid_solution_alloys/dataset/bcc_TaTi/Ta-Ti/Ta116Ti12/case-9/N0.OUTCAR,0.906250,-52.174190,-162.271560,3.640400,-165.189021,-53.429045,mad
bcc_TaTi,Ta116Ti12,case-91,/lustre/orion/lrn070/world-shared/mlupopa/RHEAs_HydraGNN/HydraGNN/examples/vasp_solid_solution_alloys/dataset/bcc_TaTi/Ta-Ti/Ta116Ti12/case-91,/lustre/orion/lrn070/world-shared/mlupopa/RHEAs_HydraGNN/HydraGNN/examples/vasp_solid_solution_alloys/dataset/bcc_TaTi/Ta-Ti/Ta116Ti12/case-91/N0.OUTCAR,0.906250,-51.582399,-162.271560,3.640400,-165.189021,-53.429045,mad
bcc_TaTi,Ta116Ti12,case-92,/lustre/orion/lrn070/world-shared/mlupopa/RHEAs_HydraGNN/HydraGNN/examples/vasp_solid_solution_alloys/dataset/bcc_TaTi/Ta-Ti/Ta116Ti12/case-92,/lustre/orion/lrn070/world-shared/mlupopa/RHEAs_HydraGNN/HydraGNN/examples/vasp_solid_solution_alloys/dataset/bcc_TaTi/Ta-Ti/Ta116Ti12/case-92/N0.OUTCAR,0.906250,-54.262685,-162.271560,3.640400,-165.189021,-53.429045,mad
bcc_TaTi,Ta116Ti12,case-93,/lustre/orion/lrn070/world-shared/mlupopa/RHEAs_HydraGNN/HydraGNN/examples/vasp_solid_solution_alloys/dataset/bcc_TaTi/Ta-Ti/Ta116Ti12/case-93,/lustre/orion/lrn070/world-shared/mlupopa/RHEAs_HydraGNN/HydraGNN/examples/vasp_solid_solution_alloys/dataset/bcc_TaTi/Ta-Ti/Ta116Ti12/case-93/N0.OUTCAR,0.906250,-51.671061,-162.271560,3.640400,-165.189021,-53.429045,mad
bcc_TaTi,Ta116Ti12,case-96,/lustre/orion/lrn070/world-shared/mlupopa/RHEAs_HydraGNN/HydraGNN/examples/vasp_solid_solution_alloys/dataset/bcc_TaTi/Ta-Ti/Ta116Ti12/case-96,/lustre/orion/lrn070/world-shared/mlupopa/RHEAs_HydraGNN/HydraGNN/examples/vasp_solid_solution_alloys/dataset/bcc_TaTi/Ta-Ti/Ta116Ti12/case-96/N0.OUTCAR,0.906250,-52.007046,-162.271560,3.640400,-165.189021,-53.429045,mad
bcc_TaTi,Ta116Ti12,case-98,/lustre/orion/lrn070/world-shared/mlupopa/RHEAs_HydraGNN/HydraGNN/examples/vasp_solid_solution_alloys/dataset/bcc_TaTi/Ta-Ti/Ta116Ti12/case-98,/lustre/orion/lrn070/world-shared/mlupopa/RHEAs_HydraGNN/HydraGNN/examples/vasp_solid_solution_alloys/dataset/bcc_TaTi/Ta-Ti/Ta116Ti12/case-98/N0.OUTCAR,0.906250,-54.107369,-162.271560,3.640400,-165.189021,-53.429045,mad
bcc_TaTi,Ta120Ti8,case-10,/lustre/orion/lrn070/world-shared/mlupopa/RHEAs_HydraGNN/HydraGNN/examples/vasp_solid_solution_alloys/dataset/bcc_TaTi/Ta-Ti/Ta120Ti8/case-10,/lustre/orion/lrn070/world-shared/mlupopa/RHEAs_HydraGNN/HydraGNN/examples/vasp_solid_solution_alloys/dataset/bcc_TaTi/Ta-Ti/Ta120Ti8/case-10/N0.OUTCAR,0.937500,-176.311249,-61.761151,3.224459,-175.948747,-58.658971,mad
bcc_TaTi,Ta120Ti8,case-13,/lustre/orion/lrn070/world-shared/mlupopa/RHEAs_HydraGNN/HydraGNN/examples/vasp_solid_solution_alloys/dataset/bcc_TaTi/Ta-Ti/Ta120Ti8/case-13,/lustre/orion/lrn070/world-shared/mlupopa/RHEAs_HydraGNN/HydraGNN/examples/vasp_solid_solution_alloys/dataset/bcc_TaTi/Ta-Ti/Ta120Ti8/case-13/N1.OUTCAR,0.937500,-175.572065,-61.761151,3.224459,-175.948747,-58.658971,mad
bcc_TaTi,Ta120Ti8,case-14,/lustre/orion/lrn070/world-shared/mlupopa/RHEAs_HydraGNN/HydraGNN/examples/vasp_solid_solution_alloys/dataset/bcc_TaTi/Ta-Ti/Ta120Ti8/case-14,/lustre/orion/lrn070/world-shared/mlupopa/RHEAs_HydraGNN/HydraGNN/examples/vasp_solid_solution_alloys/dataset/bcc_TaTi/Ta-Ti/Ta120Ti8/case-14/N0.OUTCAR,0.937500,-175.596080,-61.761151,3.224459,-175.948747,-58.658971,mad
bcc_TaTi,Ta120Ti8,case-18,/lustre/orion/lrn070/world-shared/mlupopa/RHEAs_HydraGNN/HydraGNN/examples/vasp_solid_solution_alloys/dataset/bcc_TaTi/Ta-Ti/Ta120Ti8/case-18,/lustre/orion/lrn070/world-shared/mlupopa/RHEAs_HydraGNN/HydraGNN/examples/vasp_solid_solution_alloys/dataset/bcc_TaTi/Ta-Ti/Ta120Ti8/case-18/N1.OUTCAR,0.937500,-176.434555,-61.761151,3.224459,-175.948747,-58.658971,mad
bcc_TaTi,Ta120Ti8,case-19,/lustre/orion/lrn070/world-shared/mlupopa/RHEAs_HydraGNN/HydraGNN/examples/vasp_solid_solution_alloys/dataset/bcc_TaTi/Ta-Ti/Ta120Ti8/case-19,/lustre/orion/lrn070/world-shared/mlupopa/RHEAs_HydraGNN/HydraGNN/examples/vasp_solid_solution_alloys/dataset/bcc_TaTi/Ta-Ti/Ta120Ti8/case-19/N0.OUTCAR,0.937500,-175.956333,-61.761151,3.224459,-175.948747,-58.658971,mad
bcc_TaTi,Ta120Ti8,case-20,/lustre/orion/lrn070/world-shared/mlupopa/RHEAs_HydraGNN/HydraGNN/examples/vasp_solid_solution_alloys/dataset/bcc_TaTi/Ta-Ti/Ta120Ti8/case-20,/lustre/orion/lrn070/world-shared/mlupopa/RHEAs_HydraGNN/HydraGNN/examples/vasp_solid_solution_alloys/dataset/bcc_TaTi/Ta-Ti/Ta120Ti8/case-20/N0.OUTCAR,0.937500,-176.121195,-61.761151,3.224459,-175.948747,-58.658971,mad
bcc_TaTi,Ta120Ti8,case-24,/lustre/orion/lrn070/world-shared/mlupopa/RHEAs_HydraGNN/HydraGNN/examples/vasp_solid_solution_alloys/dataset/bcc_TaTi/Ta-Ti/Ta120Ti8/case-24,/lustre/orion/lrn070/world-shared/mlupopa/RHEAs_HydraGNN/HydraGNN/examples/vasp_solid_solution_alloys/dataset/bcc_TaTi/Ta-Ti/Ta120Ti8/case-24/N0.OUTCAR,0.937500,-176.353228,-61.761151,3.224459,-175.948747,-58.658971,mad
bcc_TaTi,Ta120Ti8,case-26,/lustre/orion/lrn070/world-shared/mlupopa/RHEAs_HydraGNN/HydraGNN/examples/vasp_solid_solution_alloys/dataset/bcc_TaTi/Ta-Ti/Ta120Ti8/case-26,/lustre/orion/lrn070/world-shared/mlupopa/RHEAs_HydraGNN/HydraGNN/examples/vasp_solid_solution_alloys/dataset/bcc_TaTi/Ta-Ti/Ta120Ti8/case-26/N0.OUTCAR,0.937500,-176.791620,-61.761151,3.224459,-175.948747,-58.658971,mad
bcc_TaTi,Ta120Ti8,case-28,/lustre/orion/lrn070/world-shared/mlupopa/RHEAs_HydraGNN/HydraGNN/examples/vasp_solid_solution_alloys/dataset/bcc_TaTi/Ta-Ti/Ta120Ti8/case-28,/lustre/orion/lrn070/world-shared/mlupopa/RHEAs_HydraGNN/HydraGNN/examples/vasp_solid_solution_alloys/dataset/bcc_TaTi/Ta-Ti/Ta120Ti8/case-28/N0.OUTCAR,0.937500,-176.282650,-61.761151,3.224459,-175.948747,-58.658971,mad
bcc_TaTi,Ta120Ti8,case-32,/lustre/orion/lrn070/world-shared/mlupopa/RHEAs_HydraGNN/HydraGNN/examples/vasp_solid_solution_alloys/dataset/bcc_TaTi/Ta-Ti/Ta120Ti8/case-32,/lustre/orion/lrn070/world-shared/mlupopa/RHEAs_HydraGNN/HydraGNN/examples/vasp_solid_solution_alloys/dataset/bcc_TaTi/Ta-Ti/Ta120Ti8/case-32/N0.OUTCAR,0.937500,-173.264106,-61.761151,3.224459,-175.948747,-58.658971,mad
bcc_TaTi,Ta120Ti8,case-35,/lustre/orion/lrn070/world-shared/mlupopa/RHEAs_HydraGNN/HydraGNN/examples/vasp_solid_solution_alloys/dataset/bcc_TaTi/Ta-Ti/Ta120Ti8/case-35,/lustre/orion/lrn070/world-shared/mlupopa/RHEAs_HydraGNN/HydraGNN/examples/vasp_solid_solution_alloys/dataset/bcc_TaTi/Ta-Ti/Ta120Ti8/case-35/N0.OUTCAR,0.937500,-175.947213,-61.761151,3.224459,-175.948747,-58.658971,mad
bcc_TaTi,Ta120Ti8,case-36,/lustre/orion/lrn070/world-shared/mlupopa/RHEAs_HydraGNN/HydraGNN/examples/vasp_solid_solution_alloys/dataset/bcc_TaTi/Ta-Ti/Ta120Ti8/case-36,/lustre/orion/lrn070/world-shared/mlupopa/RHEAs_HydraGNN/HydraGNN/examples/vasp_solid_solution_alloys/dataset/bcc_TaTi/Ta-Ti/Ta120Ti8/case-36/N0.OUTCAR,0.937500,-176.262608,-61.761151,3.224459,-175.948747,-58.658971,mad
bcc_TaTi,Ta120Ti8,case-37,/lustre/orion/lrn070/world-shared/mlupopa/RHEAs_HydraGNN/HydraGNN/examples/vasp_solid_solution_alloys/dataset/bcc_TaTi/Ta-Ti/Ta120Ti8/case-37,/lustre/orion/lrn070/world-shared/mlupopa/RHEAs_HydraGNN/HydraGNN/examples/vasp_solid_solution_alloys/dataset/bcc_TaTi/Ta-Ti/Ta120Ti8/case-37/N0.OUTCAR,0.937500,-176.683868,-61.761151,3.224459,-175.948747,-58.658971,mad
bcc_TaTi,Ta120Ti8,case-38,/lustre/orion/lrn070/world-shared/mlupopa/RHEAs_HydraGNN/HydraGNN/examples/vasp_solid_solution_alloys/dataset/bcc_TaTi/Ta-Ti/Ta120Ti8/case-38,/lustre/orion/lrn070/world-shared/mlupopa/RHEAs_HydraGNN/HydraGNN/examples/vasp_solid_solution_alloys/dataset/bcc_TaTi/Ta-Ti/Ta120Ti8/case-38/N0.OUTCAR,0.937500,-173.726326,-61.761151,3.224459,-175.948747,-58.658971,mad
bcc_TaTi,Ta120Ti8,case-39,/lustre/orion/lrn070/world-shared/mlupopa/RHEAs_HydraGNN/HydraGNN/examples/vasp_solid_solution_alloys/dataset/bcc_TaTi/Ta-Ti/Ta120Ti8/case-39,/lustre/orion/lrn070/world-shared/mlupopa/RHEAs_HydraGNN/HydraGNN/examples/vasp_solid_solution_alloys/dataset/bcc_TaTi/Ta-Ti/Ta120Ti8/case-39/N0.OUTCAR,0.937500,-176.589654,-61.761151,3.224459,-175.948747,-58.658971,mad
bcc_TaTi,Ta120Ti8,case-43,/lustre/orion/lrn070/world-shared/mlupopa/RHEAs_HydraGNN/HydraGNN/examples/vasp_solid_solution_alloys/dataset/bcc_TaTi/Ta-Ti/Ta120Ti8/case-43,/lustre/orion/lrn070/world-shared/mlupopa/RHEAs_HydraGNN/HydraGNN/examples/vasp_solid_solution_alloys/dataset/bcc_TaTi/Ta-Ti/Ta120Ti8/case-43/N0.OUTCAR,0.937500,-176.820893,-61.761151,3.224459,-175.948747,-58.658971,mad
bcc_TaTi,Ta120Ti8,case-46,/lustre/orion/lrn070/world-shared/mlupopa/RHEAs_HydraGNN/HydraGNN/examples/vasp_solid_solution_alloys/dataset/bcc_TaTi/Ta-Ti/Ta120Ti8/case-46,/lustre/orion/lrn070/world-shared/mlupopa/RHEAs_HydraGNN/HydraGNN/examples/vasp_solid_solution_alloys/dataset/bcc_TaTi/Ta-Ti/Ta120Ti8/case-46/N0.OUTCAR,0.937500,-176.568008,-61.761151,3.224459,-175.948747,-58.658971,mad
bcc_TaTi,Ta120Ti8,case-52,/lustre/orion/lrn070/world-shared/mlupopa/RHEAs_HydraGNN/HydraGNN/examples/vasp_solid_solution_alloys/dataset/bcc_TaTi/Ta-Ti/Ta120Ti8/case-52,/lustre/orion/lrn070/world-shared/mlupopa/RHEAs_HydraGNN/HydraGNN/examples/vasp_solid_solution_alloys/dataset/bcc_TaTi/Ta-Ti/Ta120Ti8/case-52/N0.OUTCAR,0.937500,-172.326592,-61.761151,3.224459,-175.948747,-58.658971,mad
bcc_TaTi,Ta120Ti8,case-61,/lustre/orion/lrn070/world-shared/mlupopa/RHEAs_HydraGNN/HydraGNN/examples/vasp_solid_solution_alloys/dataset/bcc_TaTi/Ta-Ti/Ta120Ti8/case-61,/lustre/orion/lrn070/world-shared/mlupopa/RHEAs_HydraGNN/HydraGNN/examples/vasp_solid_solution_alloys/dataset/bcc_TaTi/Ta-Ti/Ta120Ti8/case-61/N0.OUTCAR,0.937500,-176.640123,-61.761151,3.224459,-175.948747,-58.658971,mad
bcc_TaTi,Ta120Ti8,case-63,/lustre/orion/lrn070/world-shared/mlupopa/RHEAs_HydraGNN/HydraGNN/examples/vasp_solid_solution_alloys/dataset/bcc_TaTi/Ta-Ti/Ta120Ti8/case-63,/lustre/orion/lrn070/world-shared/mlupopa/RHEAs_HydraGNN/HydraGNN/examples/vasp_solid_solution_alloys/dataset/bcc_TaTi/Ta-Ti/Ta120Ti8/case-63/N0.OUTCAR,0.937500,-176.267659,-61.761151,3.224459,-175.948747,-58.658971,mad
bcc_TaTi,Ta120Ti8,case-65,/lustre/orion/lrn070/world-shared/mlupopa/RHEAs_HydraGNN/HydraGNN/examples/vasp_solid_solution_alloys/dataset/bcc_TaTi/Ta-Ti/Ta120Ti8/case-65,/lustre/orion/lrn070/world-shared/mlupopa/RHEAs_HydraGNN/HydraGNN/examples/vasp_solid_solution_alloys/dataset/bcc_TaTi/Ta-Ti/Ta120Ti8/case-65/N0.OUTCAR,0.937500,-176.021011,-61.761151,3.224459,-175.948747,-58.658971,mad
bcc_TaTi,Ta120Ti8,case-69,/lustre/orion/lrn070/world-shared/mlupopa/RHEAs_HydraGNN/HydraGNN/examples/vasp_solid_solution_alloys/dataset/bcc_TaTi/Ta-Ti/Ta120Ti8/case-69,/lustre/orion/lrn070/world-shared/mlupopa/RHEAs_HydraGNN/HydraGNN/examples/vasp_solid_solution_alloys/dataset/bcc_TaTi/Ta-Ti/Ta120Ti8/case-69/N0.OUTCAR,0.937500,-176.491176,-61.761151,3.224459,-175.948747,-58.658971,mad
bcc_TaTi,Ta120Ti8,case-72,/lustre/orion/lrn070/world-shared/mlupopa/RHEAs_HydraGNN/HydraGNN/examples/vasp_solid_solution_alloys/dataset/bcc_TaTi/Ta-Ti/Ta120Ti8/case-72,/lustre/orion/lrn070/world-shared/mlupopa/RHEAs_HydraGNN/HydraGNN/examples/vasp_solid_solution_alloys/dataset/bcc_TaTi/Ta-Ti/Ta120Ti8/case-72/N0.OUTCAR,0.937500,-176.227192,-61.761151,3.224459,-175.948747,-58.658971,mad
bcc_TaTi,Ta120Ti8,case-74,/lustre/orion/lrn070/world-shared/mlupopa/RHEAs_HydraGNN/HydraGNN/examples/vasp_solid_solution_alloys/dataset/bcc_TaTi/Ta-Ti/Ta120Ti8/case-74,/lustre/orion/lrn070/world-shared/mlupopa/RHEAs_HydraGNN/HydraGNN/examples/vasp_solid_solution_alloys/dataset/bcc_TaTi/Ta-Ti/Ta120Ti8/case-74/N0.OUTCAR,0.937500,-173.071834,-61.761151,3.224459,-175.948747,-58.658971,mad
bcc_TaTi,Ta120Ti8,case-78,/lustre/orion/lrn070/world-shared/mlupopa/RHEAs_HydraGNN/HydraGNN/examples/vasp_solid_solution_alloys/dataset/bcc_TaTi/Ta-Ti/Ta120Ti8/case-78,/lustre/orion/lrn070/world-shared/mlupopa/RHEAs_HydraGNN/HydraGNN/examples/vasp_solid_solution_alloys/dataset/bcc_TaTi/Ta-Ti/Ta120Ti8/case-78/N0.OUTCAR,0.937500,-176.646271,-61.761151,3.224459,-175.948747,-58.658971,mad
bcc_TaTi,Ta120Ti8,case-80,/lustre/orion/lrn070/world-shared/mlupopa/RHEAs_HydraGNN/HydraGNN/examples/vasp_solid_solution_alloys/dataset/bcc_TaTi/Ta-Ti/Ta120Ti8/case-80,/lustre/orion/lrn070/world-shared/mlupopa/RHEAs_HydraGNN/HydraGNN/examples/vasp_solid_solution_alloys/dataset/bcc_TaTi/Ta-Ti/Ta120Ti8/case-80/N0.OUTCAR,0.937500,-176.371764,-61.761151,3.224459,-175.948747,-58.658971,mad
bcc_TaTi,Ta120Ti8,case-81,/lustre/orion/lrn070/world-shared/mlupopa/RHEAs_HydraGNN/HydraGNN/examples/vasp_solid_solution_alloys/dataset/bcc_TaTi/Ta-Ti/Ta120Ti8/case-81,/lustre/orion/lrn070/world-shared/mlupopa/RHEAs_HydraGNN/HydraGNN/examples/vasp_solid_solution_alloys/dataset/bcc_TaTi/Ta-Ti/Ta120Ti8/case-81/N0.OUTCAR,0.937500,-175.887155,-61.761151,3.224459,-175.948747,-58.658971,mad
bcc_TaTi,Ta120Ti8,case-83,/lustre/orion/lrn070/world-shared/mlupopa/RHEAs_HydraGNN/HydraGNN/examples/vasp_solid_solution_alloys/dataset/bcc_TaTi/Ta-Ti/Ta120Ti8/case-83,/lustre/orion/lrn070/world-shared/mlupopa/RHEAs_HydraGNN/HydraGNN/examples/vasp_solid_solution_alloys/dataset/bcc_TaTi/Ta-Ti/Ta120Ti8/case-83/N0.OUTCAR,0.937500,-173.359205,-61.761151,3.224459,-175.948747,-58.658971,mad
bcc_TaTi,Ta120Ti8,case-86,/lustre/orion/lrn070/world-shared/mlupopa/RHEAs_HydraGNN/HydraGNN/examples/vasp_solid_solution_alloys/dataset/bcc_TaTi/Ta-Ti/Ta120Ti8/case-86,/lustre/orion/lrn070/world-shared/mlupopa/RHEAs_HydraGNN/HydraGNN/examples/vasp_solid_solution_alloys/dataset/bcc_TaTi/Ta-Ti/Ta120Ti8/case-86/N0.OUTCAR,0.937500,-177.096178,-61.761151,3.224459,-175.948747,-58.658971,mad
bcc_TaTi,Ta120Ti8,case-9,/lustre/orion/lrn070/world-shared/mlupopa/RHEAs_HydraGNN/HydraGNN/examples/vasp_solid_solution_alloys/dataset/bcc_TaTi/Ta-Ti/Ta120Ti8/case-9,/lustre/orion/lrn070/world-shared/mlupopa/RHEAs_HydraGNN/HydraGNN/examples/vasp_solid_solution_alloys/dataset/bcc_TaTi/Ta-Ti/Ta120Ti8/case-9/N0.OUTCAR,0.937500,-176.703976,-61.761151,3.224459,-175.948747,-58.658971,mad
bcc_TaTi,Ta120Ti8,case-92,/lustre/orion/lrn070/world-shared/mlupopa/RHEAs_HydraGNN/HydraGNN/examples/vasp_solid_solution_alloys/dataset/bcc_TaTi/Ta-Ti/Ta120Ti8/case-92,/lustre/orion/lrn070/world-shared/mlupopa/RHEAs_HydraGNN/HydraGNN/examples/vasp_solid_solution_alloys/dataset/bcc_TaTi/Ta-Ti/Ta120Ti8/case-92/N0.OUTCAR,0.937500,-176.634861,-61.761151,3.224459,-175.948747,-58.658971,mad
bcc_TaTi,Ta120Ti8,case-94,/lustre/orion/lrn070/world-shared/mlupopa/RHEAs_HydraGNN/HydraGNN/examples/vasp_solid_solution_alloys/dataset/bcc_TaTi/Ta-Ti/Ta120Ti8/case-94,/lustre/orion/lrn070/world-shared/mlupopa/RHEAs_HydraGNN/HydraGNN/examples/vasp_solid_solution_alloys/dataset/bcc_TaTi/Ta-Ti/Ta120Ti8/case-94/N0.OUTCAR,0.937500,-175.953350,-61.761151,3.224459,-175.948747,-58.658971,mad
bcc_TaTi,Ta120Ti8,case-96,/lustre/orion/lrn070/world-shared/mlupopa/RHEAs_HydraGNN/HydraGNN/examples/vasp_solid_solution_alloys/dataset/bcc_TaTi/Ta-Ti/Ta120Ti8/case-96,/lustre/orion/lrn070/world-shared/mlupopa/RHEAs_HydraGNN/HydraGNN/examples/vasp_solid_solution_alloys/dataset/bcc_TaTi/Ta-Ti/Ta120Ti8/case-96/N0.OUTCAR,0.937500,-176.101892,-61.761151,3.224459,-175.948747,-58.658971,mad
bcc_TaTi,Ta120Ti8,case-99,/lustre/orion/lrn070/world-shared/mlupopa/RHEAs_HydraGNN/HydraGNN/examples/vasp_solid_solution_alloys/dataset/bcc_TaTi/Ta-Ti/Ta120Ti8/case-99,/lustre/orion/lrn070/world-shared/mlupopa/RHEAs_HydraGNN/HydraGNN/examples/vasp_solid_solution_alloys/dataset/bcc_TaTi/Ta-Ti/Ta120Ti8/case-99/N0.OUTCAR,0.937500,-176.704450,-61.761151,3.224459,-175.948747,-58.658971,mad
bcc_TaTi,Ta124Ti4,case-1,/lustre/orion/lrn070/world-shared/mlupopa/RHEAs_HydraGNN/HydraGNN/examples/vasp_solid_solution_alloys/dataset/bcc_TaTi/Ta-Ti/Ta124Ti4/case-1,/lustre/orion/lrn070/world-shared/mlupopa/RHEAs_HydraGNN/HydraGNN/examples/vasp_solid_solution_alloys/dataset/bcc_TaTi/Ta-Ti/Ta124Ti4/case-1/N0.OUTCAR,0.968750,-187.705807,-69.087200,3.851907,-187.643847,-65.257622,mad
bcc_TaTi,Ta124Ti4,case-100,/lustre/orion/lrn070/world-shared/mlupopa/RHEAs_HydraGNN/HydraGNN/examples/vasp_solid_solution_alloys/dataset/bcc_TaTi/Ta-Ti/Ta124Ti4/case-100,/lustre/orion/lrn070/world-shared/mlupopa/RHEAs_HydraGNN/HydraGNN/examples/vasp_solid_solution_alloys/dataset/bcc_TaTi/Ta-Ti/Ta124Ti4/case-100/N0.OUTCAR,0.968750,-187.861272,-69.087200,3.851907,-187.643847,-65.257622,mad
bcc_TaTi,Ta124Ti4,case-13,/lustre/orion/lrn070/world-shared/mlupopa/RHEAs_HydraGNN/HydraGNN/examples/vasp_solid_solution_alloys/dataset/bcc_TaTi/Ta-Ti/Ta124Ti4/case-13,/lustre/orion/lrn070/world-shared/mlupopa/RHEAs_HydraGNN/HydraGNN/examples/vasp_solid_solution_alloys/dataset/bcc_TaTi/Ta-Ti/Ta124Ti4/case-13/N0.OUTCAR,0.968750,-187.968126,-69.087200,3.851907,-187.643847,-65.257622,mad
bcc_TaTi,Ta124Ti4,case-15,/lustre/orion/lrn070/world-shared/mlupopa/RHEAs_HydraGNN/HydraGNN/examples/vasp_solid_solution_alloys/dataset/bcc_TaTi/Ta-Ti/Ta124Ti4/case-15,/lustre/orion/lrn070/world-shared/mlupopa/RHEAs_HydraGNN/HydraGNN/examples/vasp_solid_solution_alloys/dataset/bcc_TaTi/Ta-Ti/Ta124Ti4/case-15/N0.OUTCAR,0.968750,-187.675578,-69.087200,3.851907,-187.643847,-65.257622,mad
bcc_TaTi,Ta124Ti4,case-16,/lustre/orion/lrn070/world-shared/mlupopa/RHEAs_HydraGNN/HydraGNN/examples/vasp_solid_solution_alloys/dataset/bcc_TaTi/Ta-Ti/Ta124Ti4/case-16,/lustre/orion/lrn070/world-shared/mlupopa/RHEAs_HydraGNN/HydraGNN/examples/vasp_solid_solution_alloys/dataset/bcc_TaTi/Ta-Ti/Ta124Ti4/case-16/N0.OUTCAR,0.968750,-187.818475,-69.087200,3.851907,-187.643847,-65.257622,mad
bcc_TaTi,Ta124Ti4,case-21,/lustre/orion/lrn070/world-shared/mlupopa/RHEAs_HydraGNN/HydraGNN/examples/vasp_solid_solution_alloys/dataset/bcc_TaTi/Ta-Ti/Ta124Ti4/case-21,/lustre/orion/lrn070/world-shared/mlupopa/RHEAs_HydraGNN/HydraGNN/examples/vasp_solid_solution_alloys/dataset/bcc_TaTi/Ta-Ti/Ta124Ti4/case-21/N0.OUTCAR,0.968750,-187.920721,-69.087200,3.851907,-187.643847,-65.257622,mad
bcc_TaTi,Ta124Ti4,case-27,/lustre/orion/lrn070/world-shared/mlupopa/RHEAs_HydraGNN/HydraGNN/examples/vasp_solid_solution_alloys/dataset/bcc_TaTi/Ta-Ti/Ta124Ti4/case-27,/lustre/orion/lrn070/world-shared/mlupopa/RHEAs_HydraGNN/HydraGNN/examples/vasp_solid_solution_alloys/dataset/bcc_TaTi/Ta-Ti/Ta124Ti4/case-27/N0.OUTCAR,0.968750,-188.163779,-69.087200,3.851907,-187.643847,-65.257622,mad
bcc_TaTi,Ta124Ti4,case-28,/lustre/orion/lrn070/world-shared/mlupopa/RHEAs_HydraGNN/HydraGNN/examples/vasp_solid_solution_alloys/dataset/bcc_TaTi/Ta-Ti/Ta124Ti4/case-28,/lustre/orion/lrn070/world-shared/mlupopa/RHEAs_HydraGNN/HydraGNN/examples/vasp_solid_solution_alloys/dataset/bcc_TaTi/Ta-Ti/Ta124Ti4/case-28/N0.OUTCAR,0.968750,-187.772961,-69.087200,3.851907,-187.643847,-65.257622,mad
bcc_TaTi,Ta124Ti4,case-3,/lustre/orion/lrn070/world-shared/mlupopa/RHEAs_HydraGNN/HydraGNN/examples/vasp_solid_solution_alloys/dataset/bcc_TaTi/Ta-Ti/Ta124Ti4/case-3,/lustre/orion/lrn070/world-shared/mlupopa/RHEAs_HydraGNN/HydraGNN/examples/vasp_solid_solution_alloys/dataset/bcc_TaTi/Ta-Ti/Ta124Ti4/case-3/N0.OUTCAR,0.968750,-187.803017,-69.087200,3.851907,-187.643847,-65.257622,mad
bcc_TaTi,Ta124Ti4,case-30,/lustre/orion/lrn070/world-shared/mlupopa/RHEAs_HydraGNN/HydraGNN/examples/vasp_solid_solution_alloys/dataset/bcc_TaTi/Ta-Ti/Ta124Ti4/case-30,/lustre/orion/lrn070/world-shared/mlupopa/RHEAs_HydraGNN/HydraGNN/examples/vasp_solid_solution_alloys/dataset/bcc_TaTi/Ta-Ti/Ta124Ti4/case-30/N0.OUTCAR,0.968750,-187.637634,-69.087200,3.851907,-187.643847,-65.257622,mad
bcc_TaTi,Ta124Ti4,case-31,/lustre/orion/lrn070/world-shared/mlupopa/RHEAs_HydraGNN/HydraGNN/examples/vasp_solid_solution_alloys/dataset/bcc_TaTi/Ta-Ti/Ta124Ti4/case-31,/lustre/orion/lrn070/world-shared/mlupopa/RHEAs_HydraGNN/HydraGNN/examples/vasp_solid_solution_alloys/dataset/bcc_TaTi/Ta-Ti/Ta124Ti4/case-31/N0.OUTCAR,0.968750,-184.710403,-69.087200,3.851907,-187.643847,-65.257622,mad
bcc_TaTi,Ta124Ti4,case-34,/lustre/orion/lrn070/world-shared/mlupopa/RHEAs_HydraGNN/HydraGNN/examples/vasp_solid_solution_alloys/dataset/bcc_TaTi/Ta-Ti/Ta124Ti4/case-34,/lustre/orion/lrn070/world-shared/mlupopa/RHEAs_HydraGNN/HydraGNN/examples/vasp_solid_solution_alloys/dataset/bcc_TaTi/Ta-Ti/Ta124Ti4/case-34/N0.OUTCAR,0.968750,-187.759057,-69.087200,3.851907,-187.643847,-65.257622,mad
bcc_TaTi,Ta124Ti4,case-43,/lustre/orion/lrn070/world-shared/mlupopa/RHEAs_HydraGNN/HydraGNN/examples/vasp_solid_solution_alloys/dataset/bcc_TaTi/Ta-Ti/Ta124Ti4/case-43,/lustre/orion/lrn070/world-shared/mlupopa/RHEAs_HydraGNN/HydraGNN/examples/vasp_solid_solution_alloys/dataset/bcc_TaTi/Ta-Ti/Ta124Ti4/case-43/N0.OUTCAR,0.968750,-187.449385,-69.087200,3.851907,-187.643847,-65.257622,mad
bcc_TaTi,Ta124Ti4,case-47,/lustre/orion/lrn070/world-shared/mlupopa/RHEAs_HydraGNN/HydraGNN/examples/vasp_solid_solution_alloys/dataset/bcc_TaTi/Ta-Ti/Ta124Ti4/case-47,/lustre/orion/lrn070/world-shared/mlupopa/RHEAs_HydraGNN/HydraGNN/examples/vasp_solid_solution_alloys/dataset/bcc_TaTi/Ta-Ti/Ta124Ti4/case-47/N0.OUTCAR,0.968750,-187.663680,-69.087200,3.851907,-187.643847,-65.257622,mad
bcc_TaTi,Ta124Ti4,case-50,/lustre/orion/lrn070/world-shared/mlupopa/RHEAs_HydraGNN/HydraGNN/examples/vasp_solid_solution_alloys/dataset/bcc_TaTi/Ta-Ti/Ta124Ti4/case-50,/lustre/orion/lrn070/world-shared/mlupopa/RHEAs_HydraGNN/HydraGNN/examples/vasp_solid_solution_alloys/dataset/bcc_TaTi/Ta-Ti/Ta124Ti4/case-50/N0.OUTCAR,0.968750,-187.713543,-69.087200,3.851907,-187.643847,-65.257622,mad
bcc_TaTi,Ta124Ti4,case-51,/lustre/orion/lrn070/world-shared/mlupopa/RHEAs_HydraGNN/HydraGNN/examples/vasp_solid_solution_alloys/dataset/bcc_TaTi/Ta-Ti/Ta124Ti4/case-51,/lustre/orion/lrn070/world-shared/mlupopa/RHEAs_HydraGNN/HydraGNN/examples/vasp_solid_solution_alloys/dataset/bcc_TaTi/Ta-Ti/Ta124Ti4/case-51/N0.OUTCAR,0.968750,-187.749223,-69.087200,3.851907,-187.643847,-65.257622,mad
bcc_TaTi,Ta124Ti4,case-52,/lustre/orion/lrn070/world-shared/mlupopa/RHEAs_HydraGNN/HydraGNN/examples/vasp_solid_solution_alloys/dataset/bcc_TaTi/Ta-Ti/Ta124Ti4/case-52,/lustre/orion/lrn070/world-shared/mlupopa/RHEAs_HydraGNN/HydraGNN/examples/vasp_solid_solution_alloys/dataset/bcc_TaTi/Ta-Ti/Ta124Ti4/case-52/N0.OUTCAR,0.968750,-187.662488,-69.087200,3.851907,-187.643847,-65.257622,mad
bcc_TaTi,Ta124Ti4,case-54,/lustre/orion/lrn070/world-shared/mlupopa/RHEAs_HydraGNN/HydraGNN/examples/vasp_solid_solution_alloys/dataset/bcc_TaTi/Ta-Ti/Ta124Ti4/case-54,/lustre/orion/lrn070/world-shared/mlupopa/RHEAs_HydraGNN/HydraGNN/examples/vasp_solid_solution_alloys/dataset/bcc_TaTi/Ta-Ti/Ta124Ti4/case-54/N0.OUTCAR,0.968750,-187.784743,-69.087200,3.851907,-187.643847,-65.257622,mad
bcc_TaTi,Ta124Ti4,case-56,/lustre/orion/lrn070/world-shared/mlupopa/RHEAs_HydraGNN/HydraGNN/examples/vasp_solid_solution_alloys/dataset/bcc_TaTi/Ta-Ti/Ta124Ti4/case-56,/lustre/orion/lrn070/world-shared/mlupopa/RHEAs_HydraGNN/HydraGNN/examples/vasp_solid_solution_alloys/dataset/bcc_TaTi/Ta-Ti/Ta124Ti4/case-56/N0.OUTCAR,0.968750,-187.531586,-69.087200,3.851907,-187.643847,-65.257622,mad
bcc_TaTi,Ta124Ti4,case-6,/lustre/orion/lrn070/world-shared/mlupopa/RHEAs_HydraGNN/HydraGNN/examples/vasp_solid_solution_alloys/dataset/bcc_TaTi/Ta-Ti/Ta124Ti4/case-6,/lustre/orion/lrn070/world-shared/mlupopa/RHEAs_HydraGNN/HydraGNN/examples/vasp_solid_solution_alloys/dataset/bcc_TaTi/Ta-Ti/Ta124Ti4/case-6/N0.OUTCAR,0.968750,-187.837303,-69.087200,3.851907,-187.643847,-65.257622,mad
bcc_TaTi,Ta124Ti4,case-64,/lustre/orion/lrn070/world-shared/mlupopa/RHEAs_HydraGNN/HydraGNN/examples/vasp_solid_solution_alloys/dataset/bcc_TaTi/Ta-Ti/Ta124Ti4/case-64,/lustre/orion/lrn070/world-shared/mlupopa/RHEAs_HydraGNN/HydraGNN/examples/vasp_solid_solution_alloys/dataset/bcc_TaTi/Ta-Ti/Ta124Ti4/case-64/N0.OUTCAR,0.968750,-187.768419,-69.087200,3.851907,-187.643847,-65.257622,mad
bcc_TaTi,Ta124Ti4,case-66,/lustre/orion/lrn070/world-shared/mlupopa/RHEAs_HydraGNN/HydraGNN/examples/vasp_solid_solution_alloys/dataset/bcc_TaTi/Ta-Ti/Ta124Ti4/case-66,/lustre/orion/lrn070/world-shared/mlupopa/RHEAs_HydraGNN/HydraGNN/examples/vasp_solid_solution_alloys/dataset/bcc_TaTi/Ta-Ti/Ta124Ti4/case-66/N0.OUTCAR,0.968750,-187.714693,-69.087200,3.851907,-187.643847,-65.257622,mad
bcc_TaTi,Ta124Ti4,case-68,/lustre/orion/lrn070/world-shared/mlupopa/RHEAs_HydraGNN/HydraGNN/examples/vasp_solid_solution_alloys/dataset/bcc_TaTi/Ta-Ti/Ta124Ti4/case-68,/lustre/orion/lrn070/world-shared/mlupopa/RHEAs_HydraGNN/HydraGNN/examples/vasp_solid_solution_alloys/dataset/bcc_TaTi/Ta-Ti/Ta124Ti4/case-68/N0.OUTCAR,0.968750,-187.718190,-69.087200,3.851907,-187.643847,-65.257622,mad
bcc_TaTi,Ta124Ti4,case-7,/lustre/orion/lrn070/world-shared/mlupopa/RHEAs_HydraGNN/HydraGNN/examples/vasp_solid_solution_alloys/dataset/bcc_TaTi/Ta-Ti/Ta124Ti4/case-7,/lustre/orion/lrn070/world-shared/mlupopa/RHEAs_HydraGNN/HydraGNN/examples/vasp_solid_solution_alloys/dataset/bcc_TaTi/Ta-Ti/Ta124Ti4/case-7/N0.OUTCAR,0.968750,-187.482450,-69.087200,3.851907,-187.643847,-65.257622,mad
bcc_TaTi,Ta124Ti4,case-71,/lustre/orion/lrn070/world-shared/mlupopa/RHEAs_HydraGNN/HydraGNN/examples/vasp_solid_solution_alloys/dataset/bcc_TaTi/Ta-Ti/Ta124Ti4/case-71,/lustre/orion/lrn070/world-shared/mlupopa/RHEAs_HydraGNN/HydraGNN/examples/vasp_solid_solution_alloys/dataset/bcc_TaTi/Ta-Ti/Ta124Ti4/case-71/N0.OUTCAR,0.968750,-187.877228,-69.087200,3.851907,-187.643847,-65.257622,mad
bcc_TaTi,Ta124Ti4,case-77,/lustre/orion/lrn070/world-shared/mlupopa/RHEAs_HydraGNN/HydraGNN/examples/vasp_solid_solution_alloys/dataset/bcc_TaTi/Ta-Ti/Ta124Ti4/case-77,/lustre/orion/lrn070/world-shared/mlupopa/RHEAs_HydraGNN/HydraGNN/examples/vasp_solid_solution_alloys/dataset/bcc_TaTi/Ta-Ti/Ta124Ti4/case-77/N0.OUTCAR,0.968750,-187.814834,-69.087200,3.851907,-187.643847,-65.257622,mad
bcc_TaTi,Ta124Ti4,case-78,/lustre/orion/lrn070/world-shared/mlupopa/RHEAs_HydraGNN/HydraGNN/examples/vasp_solid_solution_alloys/dataset/bcc_TaTi/Ta-Ti/Ta124Ti4/case-78,/lustre/orion/lrn070/world-shared/mlupopa/RHEAs_HydraGNN/HydraGNN/examples/vasp_solid_solution_alloys/dataset/bcc_TaTi/Ta-Ti/Ta124Ti4/case-78/N0.OUTCAR,0.968750,-187.616585,-69.087200,3.851907,-187.643847,-65.257622,mad
bcc_TaTi,Ta124Ti4,case-80,/lustre/orion/lrn070/world-shared/mlupopa/RHEAs_HydraGNN/HydraGNN/examples/vasp_solid_solution_alloys/dataset/bcc_TaTi/Ta-Ti/Ta124Ti4/case-80,/lustre/orion/lrn070/world-shared/mlupopa/RHEAs_HydraGNN/HydraGNN/examples/vasp_solid_solution_alloys/dataset/bcc_TaTi/Ta-Ti/Ta124Ti4/case-80/N0.OUTCAR,0.968750,-187.724869,-69.087200,3.851907,-187.643847,-65.257622,mad
bcc_TaTi,Ta124Ti4,case-92,/lustre/orion/lrn070/world-shared/mlupopa/RHEAs_HydraGNN/HydraGNN/examples/vasp_solid_solution_alloys/dataset/bcc_TaTi/Ta-Ti/Ta124Ti4/case-92,/lustre/orion/lrn070/world-shared/mlupopa/RHEAs_HydraGNN/HydraGNN/examples/vasp_solid_solution_alloys/dataset/bcc_TaTi/Ta-Ti/Ta124Ti4/case-92/N0.OUTCAR,0.968750,-187.749788,-69.087200,3.851907,-187.643847,-65.257622,mad
bcc_TaTi,Ta124Ti4,case-93,/lustre/orion/lrn070/world-shared/mlupopa/RHEAs_HydraGNN/HydraGNN/examples/vasp_solid_solution_alloys/dataset/bcc_TaTi/Ta-Ti/Ta124Ti4/case-93,/lustre/orion/lrn070/world-shared/mlupopa/RHEAs_HydraGNN/HydraGNN/examples/vasp_solid_solution_alloys/dataset/bcc_TaTi/Ta-Ti/Ta124Ti4/case-93/N0.OUTCAR,0.968750,-187.691138,-69.087200,3.851907,-187.643847,-65.257622,mad
bcc_TaTi,Ta124Ti4,case-98,/lustre/orion/lrn070/world-shared/mlupopa/RHEAs_HydraGNN/HydraGNN/examples/vasp_solid_solution_alloys/dataset/bcc_TaTi/Ta-Ti/Ta124Ti4/case-98,/lustre/orion/lrn070/world-shared/mlupopa/RHEAs_HydraGNN/HydraGNN/examples/vasp_solid_solution_alloys/dataset/bcc_TaTi/Ta-Ti/Ta124Ti4/case-98/N0.OUTCAR,0.968750,-187.779114,-69.087200,3.851907,-187.643847,-65.257622,mad
bcc_TaTi,Ta16Ti112,case-64,/lustre/orion/lrn070/world-shared/mlupopa/RHEAs_HydraGNN/HydraGNN/examples/vasp_solid_solution_alloys/dataset/bcc_TaTi/Ta-Ti/Ta16Ti112/case-64,/lustre/orion/lrn070/world-shared/mlupopa/RHEAs_HydraGNN/HydraGNN/examples/vasp_solid_solution_alloys/dataset/bcc_TaTi/Ta-Ti/Ta16Ti112/case-64/N0.OUTCAR,0.125000,6.430395,10.072270,0.666365,9.455525,10.788217,mad
bcc_TaTi,Ta32Ti96,case-79,/lustre/orion/lrn070/world-shared/mlupopa/RHEAs_HydraGNN/HydraGNN/examples/vasp_solid_solution_alloys/dataset/bcc_TaTi/Ta-Ti/Ta32Ti96/case-79,/lustre/orion/lrn070/world-shared/mlupopa/RHEAs_HydraGNN/HydraGNN/examples/vasp_solid_solution_alloys/dataset/bcc_TaTi/Ta-Ti/Ta32Ti96/case-79/N0.OUTCAR,0.250000,12.410002,4.178462,1.016533,3.183030,5.220548,mad
bcc_TaTi,Ta36Ti92,case-58,/lustre/orion/lrn070/world-shared/mlupopa/RHEAs_HydraGNN/HydraGNN/examples/vasp_solid_solution_alloys/dataset/bcc_TaTi/Ta-Ti/Ta36Ti92/case-58,/lustre/orion/lrn070/world-shared/mlupopa/RHEAs_HydraGNN/HydraGNN/examples/vasp_solid_solution_alloys/dataset/bcc_TaTi/Ta-Ti/Ta36Ti92/case-58/N0.OUTCAR,0.281250,10.245903,0.207273,1.000676,-1.005033,0.908083,mad
bcc_TaTi,Ta40Ti88,case-60,/lustre/orion/lrn070/world-shared/mlupopa/RHEAs_HydraGNN/HydraGNN/examples/vasp_solid_solution_alloys/dataset/bcc_TaTi/Ta-Ti/Ta40Ti88/case-60,/lustre/orion/lrn070/world-shared/mlupopa/RHEAs_HydraGNN/HydraGNN/examples/vasp_solid_solution_alloys/dataset/bcc_TaTi/Ta-Ti/Ta40Ti88/case-60/N0.OUTCAR,0.312500,3.147933,-4.596955,0.967088,-5.590644,-3.739551,mad
bcc_TaTi,Ta40Ti88,case-70,/lustre/orion/lrn070/world-shared/mlupopa/RHEAs_HydraGNN/HydraGNN/examples/vasp_solid_solution_alloys/dataset/bcc_TaTi/Ta-Ti/Ta40Ti88/case-70,/lustre/orion/lrn070/world-shared/mlupopa/RHEAs_HydraGNN/HydraGNN/examples/vasp_solid_solution_alloys/dataset/bcc_TaTi/Ta-Ti/Ta40Ti88/case-70/N1.OUTCAR,0.312500,4.224308,-4.596955,0.967088,-5.590644,-3.739551,mad
bcc_TaTi,Ta40Ti88,case-75,/lustre/orion/lrn070/world-shared/mlupopa/RHEAs_HydraGNN/HydraGNN/examples/vasp_solid_solution_alloys/dataset/bcc_TaTi/Ta-Ti/Ta40Ti88/case-75,/lustre/orion/lrn070/world-shared/mlupopa/RHEAs_HydraGNN/HydraGNN/examples/vasp_solid_solution_alloys/dataset/bcc_TaTi/Ta-Ti/Ta40Ti88/case-75/N0.OUTCAR,0.312500,3.839201,-4.596955,0.967088,-5.590644,-3.739551,mad
bcc_TaTi,Ta44Ti84,case-11,/lustre/orion/lrn070/world-shared/mlupopa/RHEAs_HydraGNN/HydraGNN/examples/vasp_solid_solution_alloys/dataset/bcc_TaTi/Ta-Ti/Ta44Ti84/case-11,/lustre/orion/lrn070/world-shared/mlupopa/RHEAs_HydraGNN/HydraGNN/examples/vasp_solid_solution_alloys/dataset/bcc_TaTi/Ta-Ti/Ta44Ti84/case-11/N0.OUTCAR,0.343750,3.257074,-9.298339,1.034427,-10.040332,-7.959495,mad
bcc_TaTi,Ta44Ti84,case-60,/lustre/orion/lrn070/world-shared/mlupopa/RHEAs_HydraGNN/HydraGNN/examples/vasp_solid_solution_alloys/dataset/bcc_TaTi/Ta-Ti/Ta44Ti84/case-60,/lustre/orion/lrn070/world-shared/mlupopa/RHEAs_HydraGNN/HydraGNN/examples/vasp_solid_solution_alloys/dataset/bcc_TaTi/Ta-Ti/Ta44Ti84/case-60/N0.OUTCAR,0.343750,-0.482673,-9.298339,1.034427,-10.040332,-7.959495,mad
bcc_TaTi,Ta44Ti84,case-67,/lustre/orion/lrn070/world-shared/mlupopa/RHEAs_HydraGNN/HydraGNN/examples/vasp_solid_solution_alloys/dataset/bcc_TaTi/Ta-Ti/Ta44Ti84/case-67,/lustre/orion/lrn070/world-shared/mlupopa/RHEAs_HydraGNN/HydraGNN/examples/vasp_solid_solution_alloys/dataset/bcc_TaTi/Ta-Ti/Ta44Ti84/case-67/N0.OUTCAR,0.343750,3.019341,-9.298339,1.034427,-10.040332,-7.959495,mad
bcc_TaTi,Ta44Ti84,case-73,/lustre/orion/lrn070/world-shared/mlupopa/RHEAs_HydraGNN/HydraGNN/examples/vasp_solid_solution_alloys/dataset/bcc_TaTi/Ta-Ti/Ta44Ti84/case-73,/lustre/orion/lrn070/world-shared/mlupopa/RHEAs_HydraGNN/HydraGNN/examples/vasp_solid_solution_alloys/dataset/bcc_TaTi/Ta-Ti/Ta44Ti84/case-73/N0.OUTCAR,0.343750,0.234847,-9.298339,1.034427,-10.040332,-7.959495,mad
bcc_TaTi,Ta44Ti84,case-81,/lustre/orion/lrn070/world-shared/mlupopa/RHEAs_HydraGNN/HydraGNN/examples/vasp_solid_solution_alloys/dataset/bcc_TaTi/Ta-Ti/Ta44Ti84/case-81,/lustre/orion/lrn070/world-shared/mlupopa/RHEAs_HydraGNN/HydraGNN/examples/vasp_solid_solution_alloys/dataset/bcc_TaTi/Ta-Ti/Ta44Ti84/case-81/N0.OUTCAR,0.343750,4.295013,-9.298339,1.034427,-10.040332,-7.959495,mad
bcc_TaTi,Ta48Ti80,case-21,/lustre/orion/lrn070/world-shared/mlupopa/RHEAs_HydraGNN/HydraGNN/examples/vasp_solid_solution_alloys/dataset/bcc_TaTi/Ta-Ti/Ta48Ti80/case-21,/lustre/orion/lrn070/world-shared/mlupopa/RHEAs_HydraGNN/HydraGNN/examples/vasp_solid_solution_alloys/dataset/bcc_TaTi/Ta-Ti/Ta48Ti80/case-21/N0.OUTCAR,0.375000,-20.778167,-15.019258,1.077505,-16.219615,-14.148752,mad
bcc_TaTi,Ta48Ti80,case-28,/lustre/orion/lrn070/world-shared/mlupopa/RHEAs_HydraGNN/HydraGNN/examples/vasp_solid_solution_alloys/dataset/bcc_TaTi/Ta-Ti/Ta48Ti80/case-28,/lustre/orion/lrn070/world-shared/mlupopa/RHEAs_HydraGNN/HydraGNN/examples/vasp_solid_solution_alloys/dataset/bcc_TaTi/Ta-Ti/Ta48Ti80/case-28/N0.OUTCAR,0.375000,-4.906815,-15.019258,1.077505,-16.219615,-14.148752,mad
bcc_TaTi,Ta48Ti80,case-52,/lustre/orion/lrn070/world-shared/mlupopa/RHEAs_HydraGNN/HydraGNN/examples/vasp_solid_solution_alloys/dataset/bcc_TaTi/Ta-Ti/Ta48Ti80/case-52,/lustre/orion/lrn070/world-shared/mlupopa/RHEAs_HydraGNN/HydraGNN/examples/vasp_solid_solution_alloys/dataset/bcc_TaTi/Ta-Ti/Ta48Ti80/case-52/N0.OUTCAR,0.375000,-2.799954,-15.019258,1.077505,-16.219615,-14.148752,mad
bcc_TaTi,Ta48Ti80,case-53,/lustre/orion/lrn070/world-shared/mlupopa/RHEAs_HydraGNN/HydraGNN/examples/vasp_solid_solution_alloys/dataset/bcc_TaTi/Ta-Ti/Ta48Ti80/case-53,/lustre/orion/lrn070/world-shared/mlupopa/RHEAs_HydraGNN/HydraGNN/examples/vasp_solid_solution_alloys/dataset/bcc_TaTi/Ta-Ti/Ta48Ti80/case-53/N1.OUTCAR,0.375000,-4.084671,-15.019258,1.077505,-16.219615,-14.148752,mad
bcc_TaTi,Ta48Ti80,case-78,/lustre/orion/lrn070/world-shared/mlupopa/RHEAs_HydraGNN/HydraGNN/examples/vasp_solid_solution_alloys/dataset/bcc_TaTi/Ta-Ti/Ta48Ti80/case-78,/lustre/orion/lrn070/world-shared/mlupopa/RHEAs_HydraGNN/HydraGNN/examples/vasp_solid_solution_alloys/dataset/bcc_TaTi/Ta-Ti/Ta48Ti80/case-78/N1.OUTCAR,0.375000,-4.539490,-15.019258,1.077505,-16.219615,-14.148752,mad
bcc_TaTi,Ta48Ti80,case-93,/lustre/orion/lrn070/world-shared/mlupopa/RHEAs_HydraGNN/HydraGNN/examples/vasp_solid_solution_alloys/dataset/bcc_TaTi/Ta-Ti/Ta48Ti80/case-93,/lustre/orion/lrn070/world-shared/mlupopa/RHEAs_HydraGNN/HydraGNN/examples/vasp_solid_solution_alloys/dataset/bcc_TaTi/Ta-Ti/Ta48Ti80/case-93/N1.OUTCAR,0.375000,-2.914544,-15.019258,1.077505,-16.219615,-14.148752,mad
bcc_TaTi,Ta52Ti76,case-80,/lustre/orion/lrn070/world-shared/mlupopa/RHEAs_HydraGNN/HydraGNN/examples/vasp_solid_solution_alloys/dataset/bcc_TaTi/Ta-Ti/Ta52Ti76/case-80,/lustre/orion/lrn070/world-shared/mlupopa/RHEAs_HydraGNN/HydraGNN/examples/vasp_solid_solution_alloys/dataset/bcc_TaTi/Ta-Ti/Ta52Ti76/case-80/N0.OUTCAR,0.406250,-6.364656,-20.838946,1.015252,-21.953829,-19.980429,mad
bcc_TaTi,Ta56Ti72,case-53,/lustre/orion/lrn070/world-shared/mlupopa/RHEAs_HydraGNN/HydraGNN/examples/vasp_solid_solution_alloys/dataset/bcc_TaTi/Ta-Ti/Ta56Ti72/case-53,/lustre/orion/lrn070/world-shared/mlupopa/RHEAs_HydraGNN/HydraGNN/examples/vasp_solid_solution_alloys/dataset/bcc_TaTi/Ta-Ti/Ta56Ti72/case-53/N0.OUTCAR,0.437500,-12.920114,-27.035146,1.035734,-28.034020,-25.998889,mad
bcc_TaTi,Ta56Ti72,case-6,/lustre/orion/lrn070/world-shared/mlupopa/RHEAs_HydraGNN/HydraGNN/examples/vasp_solid_solution_alloys/dataset/bcc_TaTi/Ta-Ti/Ta56Ti72/case-6,/lustre/orion/lrn070/world-shared/mlupopa/RHEAs_HydraGNN/HydraGNN/examples/vasp_solid_solution_alloys/dataset/bcc_TaTi/Ta-Ti/Ta56Ti72/case-6/N0.OUTCAR,0.437500,-12.413519,-27.035146,1.035734,-28.034020,-25.998889,mad
bcc_TaTi,Ta56Ti72,case-65,/lustre/orion/lrn070/world-shared/mlupopa/RHEAs_HydraGNN/HydraGNN/examples/vasp_solid_solution_alloys/dataset/bcc_TaTi/Ta-Ti/Ta56Ti72/case-65,/lustre/orion/lrn070/world-shared/mlupopa/RHEAs_HydraGNN/HydraGNN/examples/vasp_solid_solution_alloys/dataset/bcc_TaTi/Ta-Ti/Ta56Ti72/case-65/N0.OUTCAR,0.437500,-10.379334,-27.035146,1.035734,-28.034020,-25.998889,mad
bcc_TaTi,Ta56Ti72,case-82,/lustre/orion/lrn070/world-shared/mlupopa/RHEAs_HydraGNN/HydraGNN/examples/vasp_solid_solution_alloys/dataset/bcc_TaTi/Ta-Ti/Ta56Ti72/case-82,/lustre/orion/lrn070/world-shared/mlupopa/RHEAs_HydraGNN/HydraGNN/examples/vasp_solid_solution_alloys/dataset/bcc_TaTi/Ta-Ti/Ta56Ti72/case-82/N0.OUTCAR,0.437500,-11.384016,-27.035146,1.035734,-28.034020,-25.998889,mad
bcc_TaTi,Ta60Ti68,case-11,/lustre/orion/lrn070/world-shared/mlupopa/RHEAs_HydraGNN/HydraGNN/examples/vasp_solid_solution_alloys/dataset/bcc_TaTi/Ta-Ti/Ta60Ti68/case-11,/lustre/orion/lrn070/world-shared/mlupopa/RHEAs_HydraGNN/HydraGNN/examples/vasp_solid_solution_alloys/dataset/bcc_TaTi/Ta-Ti/Ta60Ti68/case-11/N0.OUTCAR,0.468750,-14.097907,-33.540431,1.175958,-34.987024,-32.765857,mad
bcc_TaTi,Ta60Ti68,case-14,/lustre/orion/lrn070/world-shared/mlupopa/RHEAs_HydraGNN/HydraGNN/examples/vasp_solid_solution_alloys/dataset/bcc_TaTi/Ta-Ti/Ta60Ti68/case-14,/lustre/orion/lrn070/world-shared/mlupopa/RHEAs_HydraGNN/HydraGNN/examples/vasp_solid_solution_alloys/dataset/bcc_TaTi/Ta-Ti/Ta60Ti68/case-14/N0.OUTCAR,0.468750,-15.147039,-33.540431,1.175958,-34.987024,-32.765857,mad
bcc_TaTi,Ta60Ti68,case-42,/lustre/orion/lrn070/world-shared/mlupopa/RHEAs_HydraGNN/HydraGNN/examples/vasp_solid_solution_alloys/dataset/bcc_TaTi/Ta-Ti/Ta60Ti68/case-42,/lustre/orion/lrn070/world-shared/mlupopa/RHEAs_HydraGNN/HydraGNN/examples/vasp_solid_solution_alloys/dataset/bcc_TaTi/Ta-Ti/Ta60Ti68/case-42/N0.OUTCAR,0.468750,-14.831743,-33.540431,1.175958,-34.987024,-32.765857,mad
bcc_TaTi,Ta60Ti68,case-46,/lustre/orion/lrn070/world-shared/mlupopa/RHEAs_HydraGNN/HydraGNN/examples/vasp_solid_solution_alloys/dataset/bcc_TaTi/Ta-Ti/Ta60Ti68/case-46,/lustre/orion/lrn070/world-shared/mlupopa/RHEAs_HydraGNN/HydraGNN/examples/vasp_solid_solution_alloys/dataset/bcc_TaTi/Ta-Ti/Ta60Ti68/case-46/N0.OUTCAR,0.468750,-21.588906,-33.540431,1.175958,-34.987024,-32.765857,mad
bcc_TaTi,Ta64Ti64,case-23,/lustre/orion/lrn070/world-shared/mlupopa/RHEAs_HydraGNN/HydraGNN/examples/vasp_solid_solution_alloys/dataset/bcc_TaTi/Ta-Ti/Ta64Ti64/case-23,/lustre/orion/lrn070/world-shared/mlupopa/RHEAs_HydraGNN/HydraGNN/examples/vasp_solid_solution_alloys/dataset/bcc_TaTi/Ta-Ti/Ta64Ti64/case-23/N0.OUTCAR,0.500000,-26.291659,-40.894183,1.022357,-41.977583,-40.015583,mad
bcc_TaTi,Ta64Ti64,case-41,/lustre/orion/lrn070/world-shared/mlupopa/RHEAs_HydraGNN/HydraGNN/examples/vasp_solid_solution_alloys/dataset/bcc_TaTi/Ta-Ti/Ta64Ti64/case-41,/lustre/orion/lrn070/world-shared/mlupopa/RHEAs_HydraGNN/HydraGNN/examples/vasp_solid_solution_alloys/dataset/bcc_TaTi/Ta-Ti/Ta64Ti64/case-41/N0.OUTCAR,0.500000,-14.824257,-40.894183,1.022357,-41.977583,-40.015583,mad
bcc_TaTi,Ta68Ti60,case-100,/lustre/orion/lrn070/world-shared/mlupopa/RHEAs_HydraGNN/HydraGNN/examples/vasp_solid_solution_alloys/dataset/bcc_TaTi/Ta-Ti/Ta68Ti60/case-100,/lustre/orion/lrn070/world-shared/mlupopa/RHEAs_HydraGNN/HydraGNN/examples/vasp_solid_solution_alloys/dataset/bcc_TaTi/Ta-Ti/Ta68Ti60/case-100/N0.OUTCAR,0.531250,-32.866255,-48.659583,1.106717,-49.597185,-47.525904,mad
bcc_TaTi,Ta68Ti60,case-66,/lustre/orion/lrn070/world-shared/mlupopa/RHEAs_HydraGNN/HydraGNN/examples/vasp_solid_solution_alloys/dataset/bcc_TaTi/Ta-Ti/Ta68Ti60/case-66,/lustre/orion/lrn070/world-shared/mlupopa/RHEAs_HydraGNN/HydraGNN/examples/vasp_solid_solution_alloys/dataset/bcc_TaTi/Ta-Ti/Ta68Ti60/case-66/N0.OUTCAR,0.531250,-28.097095,-48.659583,1.106717,-49.597185,-47.525904,mad
bcc_TaTi,Ta68Ti60,case-93,/lustre/orion/lrn070/world-shared/mlupopa/RHEAs_HydraGNN/HydraGNN/examples/vasp_solid_solution_alloys/dataset/bcc_TaTi/Ta-Ti/Ta68Ti60/case-93,/lustre/orion/lrn070/world-shared/mlupopa/RHEAs_HydraGNN/HydraGNN/examples/vasp_solid_solution_alloys/dataset/bcc_TaTi/Ta-Ti/Ta68Ti60/case-93/N0.OUTCAR,0.531250,-22.033731,-48.659583,1.106717,-49.597185,-47.525904,mad
bcc_TaTi,Ta72Ti56,case-23,/lustre/orion/lrn070/world-shared/mlupopa/RHEAs_HydraGNN/HydraGNN/examples/vasp_solid_solution_alloys/dataset/bcc_TaTi/Ta-Ti/Ta72Ti56/case-23,/lustre/orion/lrn070/world-shared/mlupopa/RHEAs_HydraGNN/HydraGNN/examples/vasp_solid_solution_alloys/dataset/bcc_TaTi/Ta-Ti/Ta72Ti56/case-23/N0.OUTCAR,0.562500,-40.404271,-56.492697,1.110375,-57.584240,-55.361048,mad
bcc_TaTi,Ta72Ti56,case-7,/lustre/orion/lrn070/world-shared/mlupopa/RHEAs_HydraGNN/HydraGNN/examples/vasp_solid_solution_alloys/dataset/bcc_TaTi/Ta-Ti/Ta72Ti56/case-7,/lustre/orion/lrn070/world-shared/mlupopa/RHEAs_HydraGNN/HydraGNN/examples/vasp_solid_solution_alloys/dataset/bcc_TaTi/Ta-Ti/Ta72Ti56/case-7/N0.OUTCAR,0.562500,-16.017040,-56.492697,1.110375,-57.584240,-55.361048,mad
bcc_TaTi,Ta72Ti56,case-77,/lustre/orion/lrn070/world-shared/mlupopa/RHEAs_HydraGNN/HydraGNN/examples/vasp_solid_solution_alloys/dataset/bcc_TaTi/Ta-Ti/Ta72Ti56/case-77,/lustre/orion/lrn070/world-shared/mlupopa/RHEAs_HydraGNN/HydraGNN/examples/vasp_solid_solution_alloys/dataset/bcc_TaTi/Ta-Ti/Ta72Ti56/case-77/N0.OUTCAR,0.562500,-40.540655,-56.492697,1.110375,-57.584240,-55.361048,mad
bcc_TaTi,Ta76Ti52,case-14,/lustre/orion/lrn070/world-shared/mlupopa/RHEAs_HydraGNN/HydraGNN/examples/vasp_solid_solution_alloys/dataset/bcc_TaTi/Ta-Ti/Ta76Ti52/case-14,/lustre/orion/lrn070/world-shared/mlupopa/RHEAs_HydraGNN/HydraGNN/examples/vasp_solid_solution_alloys/dataset/bcc_TaTi/Ta-Ti/Ta76Ti52/case-14/N1.OUTCAR,0.593750,-43.107597,-64.681210,1.068688,-65.797195,-63.698555,mad
bcc_TaTi,Ta76Ti52,case-37,/lustre/orion/lrn070/world-shared/mlupopa/RHEAs_HydraGNN/HydraGNN/examples/vasp_solid_solution_alloys/dataset/bcc_TaTi/Ta-Ti/Ta76Ti52/case-37,/lustre/orion/lrn070/world-shared/mlupopa/RHEAs_HydraGNN/HydraGNN/examples/vasp_solid_solution_alloys/dataset/bcc_TaTi/Ta-Ti/Ta76Ti52/case-37/N0.OUTCAR,0.593750,-46.684068,-64.681210,1.068688,-65.797195,-63.698555,mad
bcc_TaTi,Ta76Ti52,case-47,/lustre/orion/lrn070/world-shared/mlupopa/RHEAs_HydraGNN/HydraGNN/examples/vasp_solid_solution_alloys/dataset/bcc_TaTi/Ta-Ti/Ta76Ti52/case-47,/lustre/orion/lrn070/world-shared/mlupopa/RHEAs_HydraGNN/HydraGNN/examples/vasp_solid_solution_alloys/dataset/bcc_TaTi/Ta-Ti/Ta76Ti52/case-47/N0.OUTCAR,0.593750,-40.726753,-64.681210,1.068688,-65.797195,-63.698555,mad
bcc_TaTi,Ta76Ti52,case-77,/lustre/orion/lrn070/world-shared/mlupopa/RHEAs_HydraGNN/HydraGNN/examples/vasp_solid_solution_alloys/dataset/bcc_TaTi/Ta-Ti/Ta76Ti52/case-77,/lustre/orion/lrn070/world-shared/mlupopa/RHEAs_HydraGNN/HydraGNN/examples/vasp_solid_solution_alloys/dataset/bcc_TaTi/Ta-Ti/Ta76Ti52/case-77/N0.OUTCAR,0.593750,-70.563418,-64.681210,1.068688,-65.797195,-63.698555,mad
bcc_TaTi,Ta80Ti48,case-29,/lustre/orion/lrn070/world-shared/mlupopa/RHEAs_HydraGNN/HydraGNN/examples/vasp_solid_solution_alloys/dataset/bcc_TaTi/Ta-Ti/Ta80Ti48/case-29,/lustre/orion/lrn070/world-shared/mlupopa/RHEAs_HydraGNN/HydraGNN/examples/vasp_solid_solution_alloys/dataset/bcc_TaTi/Ta-Ti/Ta80Ti48/case-29/N0.OUTCAR,0.625000,-58.246214,-73.998821,0.953210,-74.816817,-72.967401,mad
bcc_TaTi,Ta80Ti48,case-59,/lustre/orion/lrn070/world-shared/mlupopa/RHEAs_HydraGNN/HydraGNN/examples/vasp_solid_solution_alloys/dataset/bcc_TaTi/Ta-Ti/Ta80Ti48/case-59,/lustre/orion/lrn070/world-shared/mlupopa/RHEAs_HydraGNN/HydraGNN/examples/vasp_solid_solution_alloys/dataset/bcc_TaTi/Ta-Ti/Ta80Ti48/case-59/N0.OUTCAR,0.625000,-57.896849,-73.998821,0.953210,-74.816817,-72.967401,mad
bcc_TaTi,Ta80Ti48,case-72,/lustre/orion/lrn070/world-shared/mlupopa/RHEAs_HydraGNN/HydraGNN/examples/vasp_solid_solution_alloys/dataset/bcc_TaTi/Ta-Ti/Ta80Ti48/case-72,/lustre/orion/lrn070/world-shared/mlupopa/RHEAs_HydraGNN/HydraGNN/examples/vasp_solid_solution_alloys/dataset/bcc_TaTi/Ta-Ti/Ta80Ti48/case-72/N0.OUTCAR,0.625000,-18.128083,-73.998821,0.953210,-74.816817,-72.967401,mad
bcc_TaTi,Ta80Ti48,case-77,/lustre/orion/lrn070/world-shared/mlupopa/RHEAs_HydraGNN/HydraGNN/examples/vasp_solid_solution_alloys/dataset/bcc_TaTi/Ta-Ti/Ta80Ti48/case-77,/lustre/orion/lrn070/world-shared/mlupopa/RHEAs_HydraGNN/HydraGNN/examples/vasp_solid_solution_alloys/dataset/bcc_TaTi/Ta-Ti/Ta80Ti48/case-77/N0.OUTCAR,0.625000,-5.697488,-73.998821,0.953210,-74.816817,-72.967401,mad
bcc_TaTi,Ta84Ti44,case-35,/lustre/orion/lrn070/world-shared/mlupopa/RHEAs_HydraGNN/HydraGNN/examples/vasp_solid_solution_alloys/dataset/bcc_TaTi/Ta-Ti/Ta84Ti44/case-35,/lustre/orion/lrn070/world-shared/mlupopa/RHEAs_HydraGNN/HydraGNN/examples/vasp_solid_solution_alloys/dataset/bcc_TaTi/Ta-Ti/Ta84Ti44/case-35/N0.OUTCAR,0.656250,-62.724948,-82.996807,1.215785,-83.964971,-81.302648,mad
bcc_TaTi,Ta84Ti44,case-9,/lustre/orion/lrn070/world-shared/mlupopa/RHEAs_HydraGNN/HydraGNN/examples/vasp_solid_solution_alloys/dataset/bcc_TaTi/Ta-Ti/Ta84Ti44/case-9,/lustre/orion/lrn070/world-shared/mlupopa/RHEAs_HydraGNN/HydraGNN/examples/vasp_solid_solution_alloys/dataset/bcc_TaTi/Ta-Ti/Ta84Ti44/case-9/N0.OUTCAR,0.656250,-63.387070,-82.996807,1.215785,-83.964971,-81.302648,mad
bcc_TaTi,Ta84Ti44,case-99,/lustre/orion/lrn070/world-shared/mlupopa/RHEAs_HydraGNN/HydraGNN/examples/vasp_solid_solution_alloys/dataset/bcc_TaTi/Ta-Ti/Ta84Ti44/case-99,/lustre/orion/lrn070/world-shared/mlupopa/RHEAs_HydraGNN/HydraGNN/examples/vasp_solid_solution_alloys/dataset/bcc_TaTi/Ta-Ti/Ta84Ti44/case-99/N0.OUTCAR,0.656250,-69.222776,-82.996807,1.215785,-83.964971,-81.302648,mad
bcc_TaTi,Ta88Ti40,case-16,/lustre/orion/lrn070/world-shared/mlupopa/RHEAs_HydraGNN/HydraGNN/examples/vasp_solid_solution_alloys/dataset/bcc_TaTi/Ta-Ti/Ta88Ti40/case-16,/lustre/orion/lrn070/world-shared/mlupopa/RHEAs_HydraGNN/HydraGNN/examples/vasp_solid_solution_alloys/dataset/bcc_TaTi/Ta-Ti/Ta88Ti40/case-16/N1.OUTCAR,0.687500,-5.939625,-91.919231,1.070452,-92.975280,-90.829403,mad
bcc_TaTi,Ta88Ti40,case-17,/lustre/orion/lrn070/world-shared/mlupopa/RHEAs_HydraGNN/HydraGNN/examples/vasp_solid_solution_alloys/dataset/bcc_TaTi/Ta-Ti/Ta88Ti40/case-17,/lustre/orion/lrn070/world-shared/mlupopa/RHEAs_HydraGNN/HydraGNN/examples/vasp_solid_solution_alloys/dataset/bcc_TaTi/Ta-Ti/Ta88Ti40/case-17/N0.OUTCAR,0.687500,-20.770102,-91.919231,1.070452,-92.975280,-90.829403,mad
bcc_TaTi,Ta88Ti40,case-21,/lustre/orion/lrn070/world-shared/mlupopa/RHEAs_HydraGNN/HydraGNN/examples/vasp_solid_solution_alloys/dataset/bcc_TaTi/Ta-Ti/Ta88Ti40/case-21,/lustre/orion/lrn070/world-shared/mlupopa/RHEAs_HydraGNN/HydraGNN/examples/vasp_solid_solution_alloys/dataset/bcc_TaTi/Ta-Ti/Ta88Ti40/case-21/N0.OUTCAR,0.687500,-81.177216,-91.919231,1.070452,-92.975280,-90.829403,mad
bcc_TaTi,Ta88Ti40,case-40,/lustre/orion/lrn070/world-shared/mlupopa/RHEAs_HydraGNN/HydraGNN/examples/vasp_solid_solution_alloys/dataset/bcc_TaTi/Ta-Ti/Ta88Ti40/case-40,/lustre/orion/lrn070/world-shared/mlupopa/RHEAs_HydraGNN/HydraGNN/examples/vasp_solid_solution_alloys/dataset/bcc_TaTi/Ta-Ti/Ta88Ti40/case-40/N0.OUTCAR,0.687500,-20.211216,-91.919231,1.070452,-92.975280,-90.829403,mad
bcc_TaTi,Ta88Ti40,case-7,/lustre/orion/lrn070/world-shared/mlupopa/RHEAs_HydraGNN/HydraGNN/examples/vasp_solid_solution_alloys/dataset/bcc_TaTi/Ta-Ti/Ta88Ti40/case-7,/lustre/orion/lrn070/world-shared/mlupopa/RHEAs_HydraGNN/HydraGNN/examples/vasp_solid_solution_alloys/dataset/bcc_TaTi/Ta-Ti/Ta88Ti40/case-7/N0.OUTCAR,0.687500,-19.243662,-91.919231,1.070452,-92.975280,-90.829403,mad
bcc_TaTi,Ta88Ti40,case-78,/lustre/orion/lrn070/world-shared/mlupopa/RHEAs_HydraGNN/HydraGNN/examples/vasp_solid_solution_alloys/dataset/bcc_TaTi/Ta-Ti/Ta88Ti40/case-78,/lustre/orion/lrn070/world-shared/mlupopa/RHEAs_HydraGNN/HydraGNN/examples/vasp_solid_solution_alloys/dataset/bcc_TaTi/Ta-Ti/Ta88Ti40/case-78/N1.OUTCAR,0.687500,-5.838375,-91.919231,1.070452,-92.975280,-90.829403,mad
bcc_TaTi,Ta88Ti40,case-80,/lustre/orion/lrn070/world-shared/mlupopa/RHEAs_HydraGNN/HydraGNN/examples/vasp_solid_solution_alloys/dataset/bcc_TaTi/Ta-Ti/Ta88Ti40/case-80,/lustre/orion/lrn070/world-shared/mlupopa/RHEAs_HydraGNN/HydraGNN/examples/vasp_solid_solution_alloys/dataset/bcc_TaTi/Ta-Ti/Ta88Ti40/case-80/N0.OUTCAR,0.687500,-78.625254,-91.919231,1.070452,-92.975280,-90.829403,mad
bcc_TaTi,Ta88Ti40,case-9,/lustre/orion/lrn070/world-shared/mlupopa/RHEAs_HydraGNN/HydraGNN/examples/vasp_solid_solution_alloys/dataset/bcc_TaTi/Ta-Ti/Ta88Ti40/case-9,/lustre/orion/lrn070/world-shared/mlupopa/RHEAs_HydraGNN/HydraGNN/examples/vasp_solid_solution_alloys/dataset/bcc_TaTi/Ta-Ti/Ta88Ti40/case-9/N0.OUTCAR,0.687500,-78.502547,-91.919231,1.070452,-92.975280,-90.829403,mad
bcc_TaTi,Ta88Ti40,case-98,/lustre/orion/lrn070/world-shared/mlupopa/RHEAs_HydraGNN/HydraGNN/examples/vasp_solid_solution_alloys/dataset/bcc_TaTi/Ta-Ti/Ta88Ti40/case-98,/lustre/orion/lrn070/world-shared/mlupopa/RHEAs_HydraGNN/HydraGNN/examples/vasp_solid_solution_alloys/dataset/bcc_TaTi/Ta-Ti/Ta88Ti40/case-98/N1.OUTCAR,0.687500,-7.729756,-91.919231,1.070452,-92.975280,-90.829403,mad
bcc_TaTi,Ta8Ti120,case-21,/lustre/orion/lrn070/world-shared/mlupopa/RHEAs_HydraGNN/HydraGNN/examples/vasp_solid_solution_alloys/dataset/bcc_TaTi/Ta-Ti/Ta8Ti120/case-21,/lustre/orion/lrn070/world-shared/mlupopa/RHEAs_HydraGNN/HydraGNN/examples/vasp_solid_solution_alloys/dataset/bcc_TaTi/Ta-Ti/Ta8Ti120/case-21/N0.OUTCAR,0.062500,5.620762,7.319785,0.279637,6.892838,7.527023,mad
bcc_TaTi,Ta8Ti120,case-30,/lustre/orion/lrn070/world-shared/mlupopa/RHEAs_HydraGNN/HydraGNN/examples/vasp_solid_solution_alloys/dataset/bcc_TaTi/Ta-Ti/Ta8Ti120/case-30,/lustre/orion/lrn070/world-shared/mlupopa/RHEAs_HydraGNN/HydraGNN/examples/vasp_solid_solution_alloys/dataset/bcc_TaTi/Ta-Ti/Ta8Ti120/case-30/N0.OUTCAR,0.062500,5.697070,7.319785,0.279637,6.892838,7.527023,mad
bcc_TaTi,Ta8Ti120,case-92,/lustre/orion/lrn070/world-shared/mlupopa/RHEAs_HydraGNN/HydraGNN/examples/vasp_solid_solution_alloys/dataset/bcc_TaTi/Ta-Ti/Ta8Ti120/case-92,/lustre/orion/lrn070/world-shared/mlupopa/RHEAs_HydraGNN/HydraGNN/examples/vasp_solid_solution_alloys/dataset/bcc_TaTi/Ta-Ti/Ta8Ti120/case-92/N0.OUTCAR,0.062500,5.822493,7.319785,0.279637,6.892838,7.527023,mad
bcc_TaTi,Ta92Ti36,case-100,/lustre/orion/lrn070/world-shared/mlupopa/RHEAs_HydraGNN/HydraGNN/examples/vasp_solid_solution_alloys/dataset/bcc_TaTi/Ta-Ti/Ta92Ti36/case-100,/lustre/orion/lrn070/world-shared/mlupopa/RHEAs_HydraGNN/HydraGNN/examples/vasp_solid_solution_alloys/dataset/bcc_TaTi/Ta-Ti/Ta92Ti36/case-100/N0.OUTCAR,0.718750,-24.565990,-101.585084,1.237197,-102.625791,-99.971027,mad
bcc_TaTi,Ta92Ti36,case-2,/lustre/orion/lrn070/world-shared/mlupopa/RHEAs_HydraGNN/HydraGNN/examples/vasp_solid_solution_alloys/dataset/bcc_TaTi/Ta-Ti/Ta92Ti36/case-2,/lustre/orion/lrn070/world-shared/mlupopa/RHEAs_HydraGNN/HydraGNN/examples/vasp_solid_solution_alloys/dataset/bcc_TaTi/Ta-Ti/Ta92Ti36/case-2/N0.OUTCAR,0.718750,-24.001973,-101.585084,1.237197,-102.625791,-99.971027,mad
bcc_TaTi,Ta92Ti36,case-30,/lustre/orion/lrn070/world-shared/mlupopa/RHEAs_HydraGNN/HydraGNN/examples/vasp_solid_solution_alloys/dataset/bcc_TaTi/Ta-Ti/Ta92Ti36/case-30,/lustre/orion/lrn070/world-shared/mlupopa/RHEAs_HydraGNN/HydraGNN/examples/vasp_solid_solution_alloys/dataset/bcc_TaTi/Ta-Ti/Ta92Ti36/case-30/N1.OUTCAR,0.718750,-12.340409,-101.585084,1.237197,-102.625791,-99.971027,mad
bcc_TaTi,Ta92Ti36,case-46,/lustre/orion/lrn070/world-shared/mlupopa/RHEAs_HydraGNN/HydraGNN/examples/vasp_solid_solution_alloys/dataset/bcc_TaTi/Ta-Ti/Ta92Ti36/case-46,/lustre/orion/lrn070/world-shared/mlupopa/RHEAs_HydraGNN/HydraGNN/examples/vasp_solid_solution_alloys/dataset/bcc_TaTi/Ta-Ti/Ta92Ti36/case-46/N0.OUTCAR,0.718750,-27.381458,-101.585084,1.237197,-102.625791,-99.971027,mad
bcc_TaTi,Ta92Ti36,case-48,/lustre/orion/lrn070/world-shared/mlupopa/RHEAs_HydraGNN/HydraGNN/examples/vasp_solid_solution_alloys/dataset/bcc_TaTi/Ta-Ti/Ta92Ti36/case-48,/lustre/orion/lrn070/world-shared/mlupopa/RHEAs_HydraGNN/HydraGNN/examples/vasp_solid_solution_alloys/dataset/bcc_TaTi/Ta-Ti/Ta92Ti36/case-48/N0.OUTCAR,0.718750,-25.379225,-101.585084,1.237197,-102.625791,-99.971027,mad
bcc_TaTi,Ta92Ti36,case-54,/lustre/orion/lrn070/world-shared/mlupopa/RHEAs_HydraGNN/HydraGNN/examples/vasp_solid_solution_alloys/dataset/bcc_TaTi/Ta-Ti/Ta92Ti36/case-54,/lustre/orion/lrn070/world-shared/mlupopa/RHEAs_HydraGNN/HydraGNN/examples/vasp_solid_solution_alloys/dataset/bcc_TaTi/Ta-Ti/Ta92Ti36/case-54/N0.OUTCAR,0.718750,-77.505799,-101.585084,1.237197,-102.625791,-99.971027,mad
bcc_TaTi,Ta92Ti36,case-56,/lustre/orion/lrn070/world-shared/mlupopa/RHEAs_HydraGNN/HydraGNN/examples/vasp_solid_solution_alloys/dataset/bcc_TaTi/Ta-Ti/Ta92Ti36/case-56,/lustre/orion/lrn070/world-shared/mlupopa/RHEAs_HydraGNN/HydraGNN/examples/vasp_solid_solution_alloys/dataset/bcc_TaTi/Ta-Ti/Ta92Ti36/case-56/N0.OUTCAR,0.718750,-11.398970,-101.585084,1.237197,-102.625791,-99.971027,mad
bcc_TaTi,Ta92Ti36,case-82,/lustre/orion/lrn070/world-shared/mlupopa/RHEAs_HydraGNN/HydraGNN/examples/vasp_solid_solution_alloys/dataset/bcc_TaTi/Ta-Ti/Ta92Ti36/case-82,/lustre/orion/lrn070/world-shared/mlupopa/RHEAs_HydraGNN/HydraGNN/examples/vasp_solid_solution_alloys/dataset/bcc_TaTi/Ta-Ti/Ta92Ti36/case-82/N0.OUTCAR,0.718750,-12.861505,-101.585084,1.237197,-102.625791,-99.971027,mad
bcc_TaTi,Ta92Ti36,case-92,/lustre/orion/lrn070/world-shared/mlupopa/RHEAs_HydraGNN/HydraGNN/examples/vasp_solid_solution_alloys/dataset/bcc_TaTi/Ta-Ti/Ta92Ti36/case-92,/lustre/orion/lrn070/world-shared/mlupopa/RHEAs_HydraGNN/HydraGNN/examples/vasp_solid_solution_alloys/dataset/bcc_TaTi/Ta-Ti/Ta92Ti36/case-92/N1.OUTCAR,0.718750,-13.910197,-101.585084,1.237197,-102.625791,-99.971027,mad
bcc_TaTi,Ta92Ti36,case-97,/lustre/orion/lrn070/world-shared/mlupopa/RHEAs_HydraGNN/HydraGNN/examples/vasp_solid_solution_alloys/dataset/bcc_TaTi/Ta-Ti/Ta92Ti36/case-97,/lustre/orion/lrn070/world-shared/mlupopa/RHEAs_HydraGNN/HydraGNN/examples/vasp_solid_solution_alloys/dataset/bcc_TaTi/Ta-Ti/Ta92Ti36/case-97/N0.OUTCAR,0.718750,-14.140149,-101.585084,1.237197,-102.625791,-99.971027,mad
bcc_TaTi,Ta96Ti32,case-1,/lustre/orion/lrn070/world-shared/mlupopa/RHEAs_HydraGNN/HydraGNN/examples/vasp_solid_solution_alloys/dataset/bcc_TaTi/Ta-Ti/Ta96Ti32/case-1,/lustre/orion/lrn070/world-shared/mlupopa/RHEAs_HydraGNN/HydraGNN/examples/vasp_solid_solution_alloys/dataset/bcc_TaTi/Ta-Ti/Ta96Ti32/case-1/N0.OUTCAR,0.750000,-57.188064,-111.717195,1.063319,-112.620158,-110.195892,mad
bcc_TaTi,Ta96Ti32,case-100,/lustre/orion/lrn070/world-shared/mlupopa/RHEAs_HydraGNN/HydraGNN/examples/vasp_solid_solution_alloys/dataset/bcc_TaTi/Ta-Ti/Ta96Ti32/case-100,/lustre/orion/lrn070/world-shared/mlupopa/RHEAs_HydraGNN/HydraGNN/examples/vasp_solid_solution_alloys/dataset/bcc_TaTi/Ta-Ti/Ta96Ti32/case-100/N0.OUTCAR,0.750000,-18.008452,-111.717195,1.063319,-112.620158,-110.195892,mad
bcc_TaTi,Ta96Ti32,case-14,/lustre/orion/lrn070/world-shared/mlupopa/RHEAs_HydraGNN/HydraGNN/examples/vasp_solid_solution_alloys/dataset/bcc_TaTi/Ta-Ti/Ta96Ti32/case-14,/lustre/orion/lrn070/world-shared/mlupopa/RHEAs_HydraGNN/HydraGNN/examples/vasp_solid_solution_alloys/dataset/bcc_TaTi/Ta-Ti/Ta96Ti32/case-14/N1.OUTCAR,0.750000,-31.370491,-111.717195,1.063319,-112.620158,-110.195892,mad
bcc_TaTi,Ta96Ti32,case-16,/lustre/orion/lrn070/world-shared/mlupopa/RHEAs_HydraGNN/HydraGNN/examples/vasp_solid_solution_alloys/dataset/bcc_TaTi/Ta-Ti/Ta96Ti32/case-16,/lustre/orion/lrn070/world-shared/mlupopa/RHEAs_HydraGNN/HydraGNN/examples/vasp_solid_solution_alloys/dataset/bcc_TaTi/Ta-Ti/Ta96Ti32/case-16/N1.OUTCAR,0.750000,-18.439370,-111.717195,1.063319,-112.620158,-110.195892,mad
bcc_TaTi,Ta96Ti32,case-2,/lustre/orion/lrn070/world-shared/mlupopa/RHEAs_HydraGNN/HydraGNN/examples/vasp_solid_solution_alloys/dataset/bcc_TaTi/Ta-Ti/Ta96Ti32/case-2,/lustre/orion/lrn070/world-shared/mlupopa/RHEAs_HydraGNN/HydraGNN/examples/vasp_solid_solution_alloys/dataset/bcc_TaTi/Ta-Ti/Ta96Ti32/case-2/N0.OUTCAR,0.750000,-19.995471,-111.717195,1.063319,-112.620158,-110.195892,mad
bcc_TaTi,Ta96Ti32,case-26,/lustre/orion/lrn070/world-shared/mlupopa/RHEAs_HydraGNN/HydraGNN/examples/vasp_solid_solution_alloys/dataset/bcc_TaTi/Ta-Ti/Ta96Ti32/case-26,/lustre/orion/lrn070/world-shared/mlupopa/RHEAs_HydraGNN/HydraGNN/examples/vasp_solid_solution_alloys/dataset/bcc_TaTi/Ta-Ti/Ta96Ti32/case-26/N0.OUTCAR,0.750000,-36.533024,-111.717195,1.063319,-112.620158,-110.195892,mad
bcc_TaTi,Ta96Ti32,case-29,/lustre/orion/lrn070/world-shared/mlupopa/RHEAs_HydraGNN/HydraGNN/examples/vasp_solid_solution_alloys/dataset/bcc_TaTi/Ta-Ti/Ta96Ti32/case-29,/lustre/orion/lrn070/world-shared/mlupopa/RHEAs_HydraGNN/HydraGNN/examples/vasp_solid_solution_alloys/dataset/bcc_TaTi/Ta-Ti/Ta96Ti32/case-29/N0.OUTCAR,0.750000,-20.050351,-111.717195,1.063319,-112.620158,-110.195892,mad
bcc_TaTi,Ta96Ti32,case-34,/lustre/orion/lrn070/world-shared/mlupopa/RHEAs_HydraGNN/HydraGNN/examples/vasp_solid_solution_alloys/dataset/bcc_TaTi/Ta-Ti/Ta96Ti32/case-34,/lustre/orion/lrn070/world-shared/mlupopa/RHEAs_HydraGNN/HydraGNN/examples/vasp_solid_solution_alloys/dataset/bcc_TaTi/Ta-Ti/Ta96Ti32/case-34/N0.OUTCAR,0.750000,-18.079812,-111.717195,1.063319,-112.620158,-110.195892,mad
bcc_TaTi,Ta96Ti32,case-42,/lustre/orion/lrn070/world-shared/mlupopa/RHEAs_HydraGNN/HydraGNN/examples/vasp_solid_solution_alloys/dataset/bcc_TaTi/Ta-Ti/Ta96Ti32/case-42,/lustre/orion/lrn070/world-shared/mlupopa/RHEAs_HydraGNN/HydraGNN/examples/vasp_solid_solution_alloys/dataset/bcc_TaTi/Ta-Ti/Ta96Ti32/case-42/N0.OUTCAR,0.750000,-18.534984,-111.717195,1.063319,-112.620158,-110.195892,mad
bcc_TaTi,Ta96Ti32,case-53,/lustre/orion/lrn070/world-shared/mlupopa/RHEAs_HydraGNN/HydraGNN/examples/vasp_solid_solution_alloys/dataset/bcc_TaTi/Ta-Ti/Ta96Ti32/case-53,/lustre/orion/lrn070/world-shared/mlupopa/RHEAs_HydraGNN/HydraGNN/examples/vasp_solid_solution_alloys/dataset/bcc_TaTi/Ta-Ti/Ta96Ti32/case-53/N0.OUTCAR,0.750000,-18.259190,-111.717195,1.063319,-112.620158,-110.195892,mad
bcc_TaTi,Ta96Ti32,case-58,/lustre/orion/lrn070/world-shared/mlupopa/RHEAs_HydraGNN/HydraGNN/examples/vasp_solid_solution_alloys/dataset/bcc_TaTi/Ta-Ti/Ta96Ti32/case-58,/lustre/orion/lrn070/world-shared/mlupopa/RHEAs_HydraGNN/HydraGNN/examples/vasp_solid_solution_alloys/dataset/bcc_TaTi/Ta-Ti/Ta96Ti32/case-58/N0.OUTCAR,0.750000,-32.997868,-111.717195,1.063319,-112.620158,-110.195892,mad
bcc_TaTi,Ta96Ti32,case-61,/lustre/orion/lrn070/world-shared/mlupopa/RHEAs_HydraGNN/HydraGNN/examples/vasp_solid_solution_alloys/dataset/bcc_TaTi/Ta-Ti/Ta96Ti32/case-61,/lustre/orion/lrn070/world-shared/mlupopa/RHEAs_HydraGNN/HydraGNN/examples/vasp_solid_solution_alloys/dataset/bcc_TaTi/Ta-Ti/Ta96Ti32/case-61/N0.OUTCAR,0.750000,-18.350762,-111.717195,1.063319,-112.620158,-110.195892,mad
bcc_TaTi,Ta96Ti32,case-65,/lustre/orion/lrn070/world-shared/mlupopa/RHEAs_HydraGNN/HydraGNN/examples/vasp_solid_solution_alloys/dataset/bcc_TaTi/Ta-Ti/Ta96Ti32/case-65,/lustre/orion/lrn070/world-shared/mlupopa/RHEAs_HydraGNN/HydraGNN/examples/vasp_solid_solution_alloys/dataset/bcc_TaTi/Ta-Ti/Ta96Ti32/case-65/N0.OUTCAR,0.750000,-18.661470,-111.717195,1.063319,-112.620158,-110.195892,mad
bcc_TaTi,Ta96Ti32,case-71,/lustre/orion/lrn070/world-shared/mlupopa/RHEAs_HydraGNN/HydraGNN/examples/vasp_solid_solution_alloys/dataset/bcc_TaTi/Ta-Ti/Ta96Ti32/case-71,/lustre/orion/lrn070/world-shared/mlupopa/RHEAs_HydraGNN/HydraGNN/examples/vasp_solid_solution_alloys/dataset/bcc_TaTi/Ta-Ti/Ta96Ti32/case-71/N0.OUTCAR,0.750000,-19.127965,-111.717195,1.063319,-112.620158,-110.195892,mad
bcc_TaTi,Ta96Ti32,case-81,/lustre/orion/lrn070/world-shared/mlupopa/RHEAs_HydraGNN/HydraGNN/examples/vasp_solid_solution_alloys/dataset/bcc_TaTi/Ta-Ti/Ta96Ti32/case-81,/lustre/orion/lrn070/world-shared/mlupopa/RHEAs_HydraGNN/HydraGNN/examples/vasp_solid_solution_alloys/dataset/bcc_TaTi/Ta-Ti/Ta96Ti32/case-81/N0.OUTCAR,0.750000,-19.347471,-111.717195,1.063319,-112.620158,-110.195892,mad
