case_path,x_Zr,formation_energy_eV_per_atom,formation_energy_meV_per_atom,rmsd_angstrom
/lustre/orion/lrn070/world-shared/mlupopa/RHEAs_HydraGNN/HydraGNN/examples/vasp_solid_solution_alloys/dataset/bcc_NbZr/Nb-Zr/Zr100Nb28/case-1,0.78125,2.648610304672852,2648.610304672852,0.20085383285735953
/lustre/orion/lrn070/world-shared/mlupopa/RHEAs_HydraGNN/HydraGNN/examples/vasp_solid_solution_alloys/dataset/bcc_NbZr/Nb-Zr/Zr100Nb28/case-10,0.78125,2.652551155610352,2652.551155610352,0.2032307218195868
/lustre/orion/lrn070/world-shared/mlupopa/RHEAs_HydraGNN/HydraGNN/examples/vasp_solid_solution_alloys/dataset/bcc_NbZr/Nb-Zr/Zr100Nb28/case-100,0.78125,2.6532470637353516,2653.2470637353517,0.21383763192668626
/lustre/orion/lrn070/world-shared/mlupopa/RHEAs_HydraGNN/HydraGNN/examples/vasp_solid_solution_alloys/dataset/bcc_NbZr/Nb-Zr/Zr100Nb28/case-11,0.78125,2.652968293579102,2652.968293579102,0.21806878460254808
/lustre/orion/lrn070/world-shared/mlupopa/RHEAs_HydraGNN/HydraGNN/examples/vasp_solid_solution_alloys/dataset/bcc_NbZr/Nb-Zr/Zr100Nb28/case-12,0.78125,2.651993541547853,2651.993541547853,0.20364471887948163
/lustre/orion/lrn070/world-shared/mlupopa/RHEAs_HydraGNN/HydraGNN/examples/vasp_solid_solution_alloys/dataset/bcc_NbZr/Nb-Zr/Zr100Nb28/case-13,0.78125,2.653335745219728,2653.335745219728,0.1971205189346449
/lustre/orion/lrn070/world-shared/mlupopa/RHEAs_HydraGNN/HydraGNN/examples/vasp_solid_solution_alloys/dataset/bcc_NbZr/Nb-Zr/Zr100Nb28/case-14,0.78125,2.654908986469728,2654.908986469728,0.20014861436684264
/lustre/orion/lrn070/world-shared/mlupopa/RHEAs_HydraGNN/HydraGNN/examples/vasp_solid_solution_alloys/dataset/bcc_NbZr/Nb-Zr/Zr100Nb28/case-15,0.78125,2.6539196723291028,2653.919672329103,0.21937575266532336
/lustre/orion/lrn070/world-shared/mlupopa/RHEAs_HydraGNN/HydraGNN/examples/vasp_solid_solution_alloys/dataset/bcc_NbZr/Nb-Zr/Zr100Nb28/case-16,0.78125,2.6575025153759775,2657.5025153759775,0.19628453796096212
/lustre/orion/lrn070/world-shared/mlupopa/RHEAs_HydraGNN/HydraGNN/examples/vasp_solid_solution_alloys/dataset/bcc_NbZr/Nb-Zr/Zr100Nb28/case-17,0.78125,2.653748413735352,2653.748413735352,0.19787344219292127
/lustre/orion/lrn070/world-shared/mlupopa/RHEAs_HydraGNN/HydraGNN/examples/vasp_solid_solution_alloys/dataset/bcc_NbZr/Nb-Zr/Zr100Nb28/case-18,0.78125,2.652958167016603,2652.958167016603,0.2098221196530708
/lustre/orion/lrn070/world-shared/mlupopa/RHEAs_HydraGNN/HydraGNN/examples/vasp_solid_solution_alloys/dataset/bcc_NbZr/Nb-Zr/Zr100Nb28/case-19,0.78125,2.6496573624072273,2649.657362407227,0.1994133219217889
/lustre/orion/lrn070/world-shared/mlupopa/RHEAs_HydraGNN/HydraGNN/examples/vasp_solid_solution_alloys/dataset/bcc_NbZr/Nb-Zr/Zr100Nb28/case-2,0.78125,2.651896613579103,2651.896613579103,0.21179800624649955
/lustre/orion/lrn070/world-shared/mlupopa/RHEAs_HydraGNN/HydraGNN/examples/vasp_solid_solution_alloys/dataset/bcc_NbZr/Nb-Zr/Zr100Nb28/case-20,0.78125,2.6522166756103527,2652.2166756103525,0.20509729540269264
/lustre/orion/lrn070/world-shared/mlupopa/RHEAs_HydraGNN/HydraGNN/examples/vasp_solid_solution_alloys/dataset/bcc_NbZr/Nb-Zr/Zr100Nb28/case-3,0.78125,2.651693232875978,2651.693232875978,0.22232058701285162
/lustre/orion/lrn070/world-shared/mlupopa/RHEAs_HydraGNN/HydraGNN/examples/vasp_solid_solution_alloys/dataset/bcc_NbZr/Nb-Zr/Zr100Nb28/case-4,0.78125,2.654090799047852,2654.0907990478518,0.21049549303464332
/lustre/orion/lrn070/world-shared/mlupopa/RHEAs_HydraGNN/HydraGNN/examples/vasp_solid_solution_alloys/dataset/bcc_NbZr/Nb-Zr/Zr100Nb28/case-41,0.78125,2.6484280060791026,2648.4280060791025,0.20926289228208309
/lustre/orion/lrn070/world-shared/mlupopa/RHEAs_HydraGNN/HydraGNN/examples/vasp_solid_solution_alloys/dataset/bcc_NbZr/Nb-Zr/Zr100Nb28/case-42,0.78125,2.651858113969727,2651.8581139697267,0.21348105171963058
/lustre/orion/lrn070/world-shared/mlupopa/RHEAs_HydraGNN/HydraGNN/examples/vasp_solid_solution_alloys/dataset/bcc_NbZr/Nb-Zr/Zr100Nb28/case-43,0.78125,2.6538288368603524,2653.8288368603526,0.21592312761262328
/lustre/orion/lrn070/world-shared/mlupopa/RHEAs_HydraGNN/HydraGNN/examples/vasp_solid_solution_alloys/dataset/bcc_NbZr/Nb-Zr/Zr100Nb28/case-44,0.78125,2.6521692020947274,2652.1692020947276,0.21587521128252454
/lustre/orion/lrn070/world-shared/mlupopa/RHEAs_HydraGNN/HydraGNN/examples/vasp_solid_solution_alloys/dataset/bcc_NbZr/Nb-Zr/Zr100Nb28/case-45,0.78125,2.6499543628759774,2649.9543628759775,0.21443240146706388
/lustre/orion/lrn070/world-shared/mlupopa/RHEAs_HydraGNN/HydraGNN/examples/vasp_solid_solution_alloys/dataset/bcc_NbZr/Nb-Zr/Zr100Nb28/case-46,0.78125,2.649920304672852,2649.920304672852,0.20966696381805444
/lustre/orion/lrn070/world-shared/mlupopa/RHEAs_HydraGNN/HydraGNN/examples/vasp_solid_solution_alloys/dataset/bcc_NbZr/Nb-Zr/Zr100Nb28/case-47,0.78125,2.650804613344727,2650.804613344727,0.21274288195183944
/lustre/orion/lrn070/world-shared/mlupopa/RHEAs_HydraGNN/HydraGNN/examples/vasp_solid_solution_alloys/dataset/bcc_NbZr/Nb-Zr/Zr100Nb28/case-48,0.78125,2.652688996860352,2652.688996860352,0.206753461980421
/lustre/orion/lrn070/world-shared/mlupopa/RHEAs_HydraGNN/HydraGNN/examples/vasp_solid_solution_alloys/dataset/bcc_NbZr/Nb-Zr/Zr100Nb28/case-49,0.78125,2.652919661782228,2652.919661782228,0.21357672858027552
/lustre/orion/lrn070/world-shared/mlupopa/RHEAs_HydraGNN/HydraGNN/examples/vasp_solid_solution_alloys/dataset/bcc_NbZr/Nb-Zr/Zr100Nb28/case-5,0.78125,2.651420605532227,2651.420605532227,0.2028186906404977
/lustre/orion/lrn070/world-shared/mlupopa/RHEAs_HydraGNN/HydraGNN/examples/vasp_solid_solution_alloys/dataset/bcc_NbZr/Nb-Zr/Zr100Nb28/case-50,0.78125,2.6509166668603523,2650.9166668603525,0.20974791959085073
/lustre/orion/lrn070/world-shared/mlupopa/RHEAs_HydraGNN/HydraGNN/examples/vasp_solid_solution_alloys/dataset/bcc_NbZr/Nb-Zr/Zr100Nb28/case-51,0.78125,2.653390713344727,2653.3907133447274,0.20737109418304808
/lustre/orion/lrn070/world-shared/mlupopa/RHEAs_HydraGNN/HydraGNN/examples/vasp_solid_solution_alloys/dataset/bcc_NbZr/Nb-Zr/Zr100Nb28/case-52,0.78125,2.652077476469728,2652.077476469728,0.21137549551984994
/lustre/orion/lrn070/world-shared/mlupopa/RHEAs_HydraGNN/HydraGNN/examples/vasp_solid_solution_alloys/dataset/bcc_NbZr/Nb-Zr/Zr100Nb28/case-53,0.78125,2.6497309824072275,2649.7309824072277,0.2115140727007801
/lustre/orion/lrn070/world-shared/mlupopa/RHEAs_HydraGNN/HydraGNN/examples/vasp_solid_solution_alloys/dataset/bcc_NbZr/Nb-Zr/Zr100Nb28/case-54,0.78125,2.6551378706884776,2655.1378706884775,0.20445469059344326
/lustre/orion/lrn070/world-shared/mlupopa/RHEAs_HydraGNN/HydraGNN/examples/vasp_solid_solution_alloys/dataset/bcc_NbZr/Nb-Zr/Zr100Nb28/case-55,0.78125,2.652767371782227,2652.767371782227,0.2110711095159955
/lustre/orion/lrn070/world-shared/mlupopa/RHEAs_HydraGNN/HydraGNN/examples/vasp_solid_solution_alloys/dataset/bcc_NbZr/Nb-Zr/Zr100Nb28/case-56,0.78125,2.6511733842822274,2651.1733842822273,0.20726928728326613
/lustre/orion/lrn070/world-shared/mlupopa/RHEAs_HydraGNN/HydraGNN/examples/vasp_solid_solution_alloys/dataset/bcc_NbZr/Nb-Zr/Zr100Nb28/case-57,0.78125,2.6541661718603518,2654.166171860352,0.20194888726355326
/lustre/orion/lrn070/world-shared/mlupopa/RHEAs_HydraGNN/HydraGNN/examples/vasp_solid_solution_alloys/dataset/bcc_NbZr/Nb-Zr/Zr100Nb28/case-58,0.78125,2.6488561792822267,2648.8561792822265,0.20701683397664994
/lustre/orion/lrn070/world-shared/mlupopa/RHEAs_HydraGNN/HydraGNN/examples/vasp_solid_solution_alloys/dataset/bcc_NbZr/Nb-Zr/Zr100Nb28/case-59,0.78125,2.651072422954103,2651.072422954103,0.20618631610602345
/lustre/orion/lrn070/world-shared/mlupopa/RHEAs_HydraGNN/HydraGNN/examples/vasp_solid_solution_alloys/dataset/bcc_NbZr/Nb-Zr/Zr100Nb28/case-6,0.78125,2.6516571570947267,2651.6571570947267,0.21586838023994231
/lustre/orion/lrn070/world-shared/mlupopa/RHEAs_HydraGNN/HydraGNN/examples/vasp_solid_solution_alloys/dataset/bcc_NbZr/Nb-Zr/Zr100Nb28/case-60,0.78125,2.653743077641602,2653.743077641602,0.21992973460525314
/lustre/orion/lrn070/world-shared/mlupopa/RHEAs_HydraGNN/HydraGNN/examples/vasp_solid_solution_alloys/dataset/bcc_NbZr/Nb-Zr/Zr100Nb28/case-61,0.78125,2.6539641792822266,2653.9641792822267,0.21165898777596406
/lustre/orion/lrn070/world-shared/mlupopa/RHEAs_HydraGNN/HydraGNN/examples/vasp_solid_solution_alloys/dataset/bcc_NbZr/Nb-Zr/Zr100Nb28/case-62,0.78125,2.652377774282227,2652.377774282227,0.20964738547641343
/lustre/orion/lrn070/world-shared/mlupopa/RHEAs_HydraGNN/HydraGNN/examples/vasp_solid_solution_alloys/dataset/bcc_NbZr/Nb-Zr/Zr100Nb28/case-63,0.78125,2.652739497641603,2652.739497641603,0.2034997507671902
/lustre/orion/lrn070/world-shared/mlupopa/RHEAs_HydraGNN/HydraGNN/examples/vasp_solid_solution_alloys/dataset/bcc_NbZr/Nb-Zr/Zr100Nb28/case-64,0.78125,2.652319806782227,2652.3198067822273,0.2060339034169457
/lustre/orion/lrn070/world-shared/mlupopa/RHEAs_HydraGNN/HydraGNN/examples/vasp_solid_solution_alloys/dataset/bcc_NbZr/Nb-Zr/Zr100Nb28/case-65,0.78125,2.656074223422852,2656.074223422852,0.21220725782545152
/lustre/orion/lrn070/world-shared/mlupopa/RHEAs_HydraGNN/HydraGNN/examples/vasp_solid_solution_alloys/dataset/bcc_NbZr/Nb-Zr/Zr100Nb28/case-66,0.78125,2.649319955766602,2649.319955766602,0.20777754686623176
/lustre/orion/lrn070/world-shared/mlupopa/RHEAs_HydraGNN/HydraGNN/examples/vasp_solid_solution_alloys/dataset/bcc_NbZr/Nb-Zr/Zr100Nb28/case-67,0.78125,2.650876160766602,2650.876160766602,0.2242650541574063
/lustre/orion/lrn070/world-shared/mlupopa/RHEAs_HydraGNN/HydraGNN/examples/vasp_solid_solution_alloys/dataset/bcc_NbZr/Nb-Zr/Zr100Nb28/case-68,0.78125,2.6505117349853524,2650.5117349853526,0.22368278552612747
/lustre/orion/lrn070/world-shared/mlupopa/RHEAs_HydraGNN/HydraGNN/examples/vasp_solid_solution_alloys/dataset/bcc_NbZr/Nb-Zr/Zr100Nb28/case-69,0.78125,2.6484500276416014,2648.4500276416015,0.22037017221821933
/lustre/orion/lrn070/world-shared/mlupopa/RHEAs_HydraGNN/HydraGNN/examples/vasp_solid_solution_alloys/dataset/bcc_NbZr/Nb-Zr/Zr100Nb28/case-7,0.78125,2.651626029438477,2651.626029438477,0.1971202284147416
/lustre/orion/lrn070/world-shared/mlupopa/RHEAs_HydraGNN/HydraGNN/examples/vasp_solid_solution_alloys/dataset/bcc_NbZr/Nb-Zr/Zr100Nb28/case-70,0.78125,2.6497700077197273,2649.7700077197273,0.2059789476623732
/lustre/orion/lrn070/world-shared/mlupopa/RHEAs_HydraGNN/HydraGNN/examples/vasp_solid_solution_alloys/dataset/bcc_NbZr/Nb-Zr/Zr100Nb28/case-71,0.78125,2.6549671327197277,2654.967132719728,0.2298172732636776
/lustre/orion/lrn070/world-shared/mlupopa/RHEAs_HydraGNN/HydraGNN/examples/vasp_solid_solution_alloys/dataset/bcc_NbZr/Nb-Zr/Zr100Nb28/case-72,0.78125,2.6517233969384773,2651.7233969384774,0.1993364804015836
/lustre/orion/lrn070/world-shared/mlupopa/RHEAs_HydraGNN/HydraGNN/examples/vasp_solid_solution_alloys/dataset/bcc_NbZr/Nb-Zr/Zr100Nb28/case-73,0.78125,2.655421819750977,2655.4218197509767,0.21422870157247753
/lustre/orion/lrn070/world-shared/mlupopa/RHEAs_HydraGNN/HydraGNN/examples/vasp_solid_solution_alloys/dataset/bcc_NbZr/Nb-Zr/Zr100Nb28/case-74,0.78125,2.6539848173291016,2653.9848173291016,0.19914276642800835
/lustre/orion/lrn070/world-shared/mlupopa/RHEAs_HydraGNN/HydraGNN/examples/vasp_solid_solution_alloys/dataset/bcc_NbZr/Nb-Zr/Zr100Nb28/case-75,0.78125,2.649725656782227,2649.725656782227,0.2108857268929523
/lustre/orion/lrn070/world-shared/mlupopa/RHEAs_HydraGNN/HydraGNN/examples/vasp_solid_solution_alloys/dataset/bcc_NbZr/Nb-Zr/Zr100Nb28/case-76,0.78125,2.649411009282227,2649.411009282227,0.21286711038590853
/lustre/orion/lrn070/world-shared/mlupopa/RHEAs_HydraGNN/HydraGNN/examples/vasp_solid_solution_alloys/dataset/bcc_NbZr/Nb-Zr/Zr100Nb28/case-77,0.78125,2.650862786938477,2650.8627869384773,0.20933378809001363
/lustre/orion/lrn070/world-shared/mlupopa/RHEAs_HydraGNN/HydraGNN/examples/vasp_solid_solution_alloys/dataset/bcc_NbZr/Nb-Zr/Zr100Nb28/case-78,0.78125,2.6520742749853525,2652.0742749853525,0.21023639589785842
/lustre/orion/lrn070/world-shared/mlupopa/RHEAs_HydraGNN/HydraGNN/examples/vasp_solid_solution_alloys/dataset/bcc_NbZr/Nb-Zr/Zr100Nb28/case-79,0.78125,2.6574322228759772,2657.4322228759775,0.2037775218108543
/lustre/orion/lrn070/world-shared/mlupopa/RHEAs_HydraGNN/HydraGNN/examples/vasp_solid_solution_alloys/dataset/bcc_NbZr/Nb-Zr/Zr100Nb28/case-8,0.78125,2.6498601041259775,2649.8601041259776,0.2177737742201386
/lustre/orion/lrn070/world-shared/mlupopa/RHEAs_HydraGNN/HydraGNN/examples/vasp_solid_solution_alloys/dataset/bcc_NbZr/Nb-Zr/Zr100Nb28/case-80,0.78125,2.650837636547852,2650.837636547852,0.218557871991316
/lustre/orion/lrn070/world-shared/mlupopa/RHEAs_HydraGNN/HydraGNN/examples/vasp_solid_solution_alloys/dataset/bcc_NbZr/Nb-Zr/Zr100Nb28/case-81,0.78125,2.6556231802197274,2655.6231802197276,0.2068936994453672
/lustre/orion/lrn070/world-shared/mlupopa/RHEAs_HydraGNN/HydraGNN/examples/vasp_solid_solution_alloys/dataset/bcc_NbZr/Nb-Zr/Zr100Nb28/case-82,0.78125,2.656270548110353,2656.2705481103526,0.19746912312701284
/lustre/orion/lrn070/world-shared/mlupopa/RHEAs_HydraGNN/HydraGNN/examples/vasp_solid_solution_alloys/dataset/bcc_NbZr/Nb-Zr/Zr100Nb28/case-83,0.78125,2.648023059047853,2648.023059047853,0.20615021756615126
/lustre/orion/lrn070/world-shared/mlupopa/RHEAs_HydraGNN/HydraGNN/examples/vasp_solid_solution_alloys/dataset/bcc_NbZr/Nb-Zr/Zr100Nb28/case-84,0.78125,2.6513993199853516,2651.3993199853517,0.20168460683592604
/lustre/orion/lrn070/world-shared/mlupopa/RHEAs_HydraGNN/HydraGNN/examples/vasp_solid_solution_alloys/dataset/bcc_NbZr/Nb-Zr/Zr100Nb28/case-85,0.78125,2.6568524631103525,2656.8524631103523,0.21647317653351952
/lustre/orion/lrn070/world-shared/mlupopa/RHEAs_HydraGNN/HydraGNN/examples/vasp_solid_solution_alloys/dataset/bcc_NbZr/Nb-Zr/Zr100Nb28/case-86,0.78125,2.650181379438477,2650.181379438477,0.20158903070040474
/lustre/orion/lrn070/world-shared/mlupopa/RHEAs_HydraGNN/HydraGNN/examples/vasp_solid_solution_alloys/dataset/bcc_NbZr/Nb-Zr/Zr100Nb28/case-87,0.78125,2.6564680302978516,2656.468030297852,0.20621837308323054
/lustre/orion/lrn070/world-shared/mlupopa/RHEAs_HydraGNN/HydraGNN/examples/vasp_solid_solution_alloys/dataset/bcc_NbZr/Nb-Zr/Zr100Nb28/case-88,0.78125,2.654825312485352,2654.8253124853522,0.19949112098579322
/lustre/orion/lrn070/world-shared/mlupopa/RHEAs_HydraGNN/HydraGNN/examples/vasp_solid_solution_alloys/dataset/bcc_NbZr/Nb-Zr/Zr100Nb28/case-89,0.78125,2.651788997875977,2651.788997875977,0.2141339332364738
/lustre/orion/lrn070/world-shared/mlupopa/RHEAs_HydraGNN/HydraGNN/examples/vasp_solid_solution_alloys/dataset/bcc_NbZr/Nb-Zr/Zr100Nb28/case-9,0.78125,2.654313790063478,2654.313790063478,0.2344952955022034
/lustre/orion/lrn070/world-shared/mlupopa/RHEAs_HydraGNN/HydraGNN/examples/vasp_solid_solution_alloys/dataset/bcc_NbZr/Nb-Zr/Zr100Nb28/case-90,0.78125,2.655061930532227,2655.061930532227,0.20625646672306103
/lustre/orion/lrn070/world-shared/mlupopa/RHEAs_HydraGNN/HydraGNN/examples/vasp_solid_solution_alloys/dataset/bcc_NbZr/Nb-Zr/Zr100Nb28/case-91,0.78125,2.6543002444384776,2654.3002444384774,0.20895911849651982
/lustre/orion/lrn070/world-shared/mlupopa/RHEAs_HydraGNN/HydraGNN/examples/vasp_solid_solution_alloys/dataset/bcc_NbZr/Nb-Zr/Zr100Nb28/case-92,0.78125,2.6522018447509765,2652.2018447509763,0.20178902373437216
/lustre/orion/lrn070/world-shared/mlupopa/RHEAs_HydraGNN/HydraGNN/examples/vasp_solid_solution_alloys/dataset/bcc_NbZr/Nb-Zr/Zr100Nb28/case-93,0.78125,2.651100328344727,2651.100328344727,0.20965807229703098
/lustre/orion/lrn070/world-shared/mlupopa/RHEAs_HydraGNN/HydraGNN/examples/vasp_solid_solution_alloys/dataset/bcc_NbZr/Nb-Zr/Zr100Nb28/case-94,0.78125,2.651127996469727,2651.127996469727,0.22469692101817706
/lustre/orion/lrn070/world-shared/mlupopa/RHEAs_HydraGNN/HydraGNN/examples/vasp_solid_solution_alloys/dataset/bcc_NbZr/Nb-Zr/Zr100Nb28/case-95,0.78125,2.650196069204103,2650.196069204103,0.2065972196314042
/lustre/orion/lrn070/world-shared/mlupopa/RHEAs_HydraGNN/HydraGNN/examples/vasp_solid_solution_alloys/dataset/bcc_NbZr/Nb-Zr/Zr100Nb28/case-96,0.78125,2.6548296887353526,2654.8296887353526,0.2082494655817125
/lustre/orion/lrn070/world-shared/mlupopa/RHEAs_HydraGNN/HydraGNN/examples/vasp_solid_solution_alloys/dataset/bcc_NbZr/Nb-Zr/Zr100Nb28/case-97,0.78125,2.653553776313478,2653.553776313478,0.20116077622274692
/lustre/orion/lrn070/world-shared/mlupopa/RHEAs_HydraGNN/HydraGNN/examples/vasp_solid_solution_alloys/dataset/bcc_NbZr/Nb-Zr/Zr100Nb28/case-98,0.78125,2.654285405688478,2654.285405688478,0.2204147204713263
/lustre/orion/lrn070/world-shared/mlupopa/RHEAs_HydraGNN/HydraGNN/examples/vasp_solid_solution_alloys/dataset/bcc_NbZr/Nb-Zr/Zr100Nb28/case-99,0.78125,2.653593054907228,2653.593054907228,0.20436299261534893
/lustre/orion/lrn070/world-shared/mlupopa/RHEAs_HydraGNN/HydraGNN/examples/vasp_solid_solution_alloys/dataset/bcc_NbZr/Nb-Zr/Zr104Nb24/case-1,0.8125,2.75308807305664,2753.08807305664,0.2107439156176675
/lustre/orion/lrn070/world-shared/mlupopa/RHEAs_HydraGNN/HydraGNN/examples/vasp_solid_solution_alloys/dataset/bcc_NbZr/Nb-Zr/Zr104Nb24/case-10,0.8125,2.7527599008691404,2752.7599008691404,0.2361537211375893
/lustre/orion/lrn070/world-shared/mlupopa/RHEAs_HydraGNN/HydraGNN/examples/vasp_solid_solution_alloys/dataset/bcc_NbZr/Nb-Zr/Zr104Nb24/case-100,0.8125,2.7540755591503903,2754.0755591503903,0.22638629764002902
/lustre/orion/lrn070/world-shared/mlupopa/RHEAs_HydraGNN/HydraGNN/examples/vasp_solid_solution_alloys/dataset/bcc_NbZr/Nb-Zr/Zr104Nb24/case-11,0.8125,2.75350622790039,2753.50622790039,0.23057985105321033
/lustre/orion/lrn070/world-shared/mlupopa/RHEAs_HydraGNN/HydraGNN/examples/vasp_solid_solution_alloys/dataset/bcc_NbZr/Nb-Zr/Zr104Nb24/case-12,0.8125,2.7519863867285164,2751.986386728516,0.2215659636447809
/lustre/orion/lrn070/world-shared/mlupopa/RHEAs_HydraGNN/HydraGNN/examples/vasp_solid_solution_alloys/dataset/bcc_NbZr/Nb-Zr/Zr104Nb24/case-13,0.8125,2.7548971325878906,2754.8971325878906,0.2385190474720579
/lustre/orion/lrn070/world-shared/mlupopa/RHEAs_HydraGNN/HydraGNN/examples/vasp_solid_solution_alloys/dataset/bcc_NbZr/Nb-Zr/Zr104Nb24/case-14,0.8125,2.752367947353516,2752.3679473535162,0.23240941372240953
/lustre/orion/lrn070/world-shared/mlupopa/RHEAs_HydraGNN/HydraGNN/examples/vasp_solid_solution_alloys/dataset/bcc_NbZr/Nb-Zr/Zr104Nb24/case-15,0.8125,2.753097677353516,2753.097677353516,0.21377623541348614
/lustre/orion/lrn070/world-shared/mlupopa/RHEAs_HydraGNN/HydraGNN/examples/vasp_solid_solution_alloys/dataset/bcc_NbZr/Nb-Zr/Zr104Nb24/case-16,0.8125,2.7511326200878905,2751.1326200878907,0.2257587793826962
/lustre/orion/lrn070/world-shared/mlupopa/RHEAs_HydraGNN/HydraGNN/examples/vasp_solid_solution_alloys/dataset/bcc_NbZr/Nb-Zr/Zr104Nb24/case-17,0.8125,2.754944357509766,2754.9443575097657,0.2136233006869719
/lustre/orion/lrn070/world-shared/mlupopa/RHEAs_HydraGNN/HydraGNN/examples/vasp_solid_solution_alloys/dataset/bcc_NbZr/Nb-Zr/Zr104Nb24/case-18,0.8125,2.7541788447753905,2754.1788447753906,0.21769980589697194
/lustre/orion/lrn070/world-shared/mlupopa/RHEAs_HydraGNN/HydraGNN/examples/vasp_solid_solution_alloys/dataset/bcc_NbZr/Nb-Zr/Zr104Nb24/case-19,0.8125,2.7510903969628906,2751.0903969628907,0.22485801147600973
/lustre/orion/lrn070/world-shared/mlupopa/RHEAs_HydraGNN/HydraGNN/examples/vasp_solid_solution_alloys/dataset/bcc_NbZr/Nb-Zr/Zr104Nb24/case-2,0.8125,2.7495145961816405,2749.5145961816406,0.2428785286780924
/lustre/orion/lrn070/world-shared/mlupopa/RHEAs_HydraGNN/HydraGNN/examples/vasp_solid_solution_alloys/dataset/bcc_NbZr/Nb-Zr/Zr104Nb24/case-20,0.8125,2.75316567415039,2753.16567415039,0.21966170674277097
/lustre/orion/lrn070/world-shared/mlupopa/RHEAs_HydraGNN/HydraGNN/examples/vasp_solid_solution_alloys/dataset/bcc_NbZr/Nb-Zr/Zr104Nb24/case-3,0.8125,2.7530032187597655,2753.0032187597653,0.22489794400929897
/lustre/orion/lrn070/world-shared/mlupopa/RHEAs_HydraGNN/HydraGNN/examples/vasp_solid_solution_alloys/dataset/bcc_NbZr/Nb-Zr/Zr104Nb24/case-4,0.8125,2.7524332866503904,2752.4332866503905,0.20922537328407934
/lustre/orion/lrn070/world-shared/mlupopa/RHEAs_HydraGNN/HydraGNN/examples/vasp_solid_solution_alloys/dataset/bcc_NbZr/Nb-Zr/Zr104Nb24/case-41,0.8125,2.7537528339160158,2753.752833916016,0.20109050034119014
/lustre/orion/lrn070/world-shared/mlupopa/RHEAs_HydraGNN/HydraGNN/examples/vasp_solid_solution_alloys/dataset/bcc_NbZr/Nb-Zr/Zr104Nb24/case-42,0.8125,2.75124552227539,2751.24552227539,0.21899254947439062
/lustre/orion/lrn070/world-shared/mlupopa/RHEAs_HydraGNN/HydraGNN/examples/vasp_solid_solution_alloys/dataset/bcc_NbZr/Nb-Zr/Zr104Nb24/case-43,0.8125,2.75619002602539,2756.19002602539,0.2155163737045987
/lustre/orion/lrn070/world-shared/mlupopa/RHEAs_HydraGNN/HydraGNN/examples/vasp_solid_solution_alloys/dataset/bcc_NbZr/Nb-Zr/Zr104Nb24/case-44,0.8125,2.754646357587891,2754.646357587891,0.20314311546046684
/lustre/orion/lrn070/world-shared/mlupopa/RHEAs_HydraGNN/HydraGNN/examples/vasp_solid_solution_alloys/dataset/bcc_NbZr/Nb-Zr/Zr104Nb24/case-45,0.8125,2.750684794853516,2750.684794853516,0.21770020875517349
/lustre/orion/lrn070/world-shared/mlupopa/RHEAs_HydraGNN/HydraGNN/examples/vasp_solid_solution_alloys/dataset/bcc_NbZr/Nb-Zr/Zr104Nb24/case-46,0.8125,2.7535309691503898,2753.53096915039,0.20460596833316164
/lustre/orion/lrn070/world-shared/mlupopa/RHEAs_HydraGNN/HydraGNN/examples/vasp_solid_solution_alloys/dataset/bcc_NbZr/Nb-Zr/Zr104Nb24/case-47,0.8125,2.7537345894628906,2753.7345894628907,0.21787667156388227
/lustre/orion/lrn070/world-shared/mlupopa/RHEAs_HydraGNN/HydraGNN/examples/vasp_solid_solution_alloys/dataset/bcc_NbZr/Nb-Zr/Zr104Nb24/case-48,0.8125,2.75510597961914,2755.10597961914,0.21094984553721624
/lustre/orion/lrn070/world-shared/mlupopa/RHEAs_HydraGNN/HydraGNN/examples/vasp_solid_solution_alloys/dataset/bcc_NbZr/Nb-Zr/Zr104Nb24/case-49,0.8125,2.7520172893066412,2752.017289306641,0.22081294355054795
/lustre/orion/lrn070/world-shared/mlupopa/RHEAs_HydraGNN/HydraGNN/examples/vasp_solid_solution_alloys/dataset/bcc_NbZr/Nb-Zr/Zr104Nb24/case-5,0.8125,2.7521211635253913,2752.1211635253912,0.2220475633620421
/lustre/orion/lrn070/world-shared/mlupopa/RHEAs_HydraGNN/HydraGNN/examples/vasp_solid_solution_alloys/dataset/bcc_NbZr/Nb-Zr/Zr104Nb24/case-50,0.8125,2.751287369697266,2751.287369697266,0.215147001609455
/lustre/orion/lrn070/world-shared/mlupopa/RHEAs_HydraGNN/HydraGNN/examples/vasp_solid_solution_alloys/dataset/bcc_NbZr/Nb-Zr/Zr104Nb24/case-51,0.8125,2.7523347521972656,2752.3347521972655,0.21661762919833916
/lustre/orion/lrn070/world-shared/mlupopa/RHEAs_HydraGNN/HydraGNN/examples/vasp_solid_solution_alloys/dataset/bcc_NbZr/Nb-Zr/Zr104Nb24/case-52,0.8125,2.75230615086914,2752.3061508691403,0.22932451716234883
/lustre/orion/lrn070/world-shared/mlupopa/RHEAs_HydraGNN/HydraGNN/examples/vasp_solid_solution_alloys/dataset/bcc_NbZr/Nb-Zr/Zr104Nb24/case-53,0.8125,2.7558061198535153,2755.806119853515,0.2264485201176544
/lustre/orion/lrn070/world-shared/mlupopa/RHEAs_HydraGNN/HydraGNN/examples/vasp_solid_solution_alloys/dataset/bcc_NbZr/Nb-Zr/Zr104Nb24/case-54,0.8125,2.75391924602539,2753.91924602539,0.22507988213743838
/lustre/orion/lrn070/world-shared/mlupopa/RHEAs_HydraGNN/HydraGNN/examples/vasp_solid_solution_alloys/dataset/bcc_NbZr/Nb-Zr/Zr104Nb24/case-55,0.8125,2.7546334454785146,2754.6334454785147,0.22421423980522173
/lustre/orion/lrn070/world-shared/mlupopa/RHEAs_HydraGNN/HydraGNN/examples/vasp_solid_solution_alloys/dataset/bcc_NbZr/Nb-Zr/Zr104Nb24/case-56,0.8125,2.75658152055664,2756.58152055664,0.22014743055077918
/lustre/orion/lrn070/world-shared/mlupopa/RHEAs_HydraGNN/HydraGNN/examples/vasp_solid_solution_alloys/dataset/bcc_NbZr/Nb-Zr/Zr104Nb24/case-57,0.8125,2.75404451368164,2754.0445136816397,0.21923134621293297
/lustre/orion/lrn070/world-shared/mlupopa/RHEAs_HydraGNN/HydraGNN/examples/vasp_solid_solution_alloys/dataset/bcc_NbZr/Nb-Zr/Zr104Nb24/case-58,0.8125,2.752417845712891,2752.417845712891,0.21983992921402365
/lustre/orion/lrn070/world-shared/mlupopa/RHEAs_HydraGNN/HydraGNN/examples/vasp_solid_solution_alloys/dataset/bcc_NbZr/Nb-Zr/Zr104Nb24/case-59,0.8125,2.7542800497753905,2754.2800497753906,0.2185260568399235
/lustre/orion/lrn070/world-shared/mlupopa/RHEAs_HydraGNN/HydraGNN/examples/vasp_solid_solution_alloys/dataset/bcc_NbZr/Nb-Zr/Zr104Nb24/case-6,0.8125,2.753079329853515,2753.079329853515,0.22337679728581347
/lustre/orion/lrn070/world-shared/mlupopa/RHEAs_HydraGNN/HydraGNN/examples/vasp_solid_solution_alloys/dataset/bcc_NbZr/Nb-Zr/Zr104Nb24/case-60,0.8125,2.751456646494141,2751.456646494141,0.23056410197024077
/lustre/orion/lrn070/world-shared/mlupopa/RHEAs_HydraGNN/HydraGNN/examples/vasp_solid_solution_alloys/dataset/bcc_NbZr/Nb-Zr/Zr104Nb24/case-61,0.8125,2.7560164197753902,2756.01641977539,0.21628495841210935
/lustre/orion/lrn070/world-shared/mlupopa/RHEAs_HydraGNN/HydraGNN/examples/vasp_solid_solution_alloys/dataset/bcc_NbZr/Nb-Zr/Zr104Nb24/case-62,0.8125,2.756144926728515,2756.144926728515,0.21348949243175358
/lustre/orion/lrn070/world-shared/mlupopa/RHEAs_HydraGNN/HydraGNN/examples/vasp_solid_solution_alloys/dataset/bcc_NbZr/Nb-Zr/Zr104Nb24/case-63,0.8125,2.7541957970410156,2754.195797041016,0.2148270385874311
/lustre/orion/lrn070/world-shared/mlupopa/RHEAs_HydraGNN/HydraGNN/examples/vasp_solid_solution_alloys/dataset/bcc_NbZr/Nb-Zr/Zr104Nb24/case-64,0.8125,2.752329433134765,2752.329433134765,0.2208393872599444
/lustre/orion/lrn070/world-shared/mlupopa/RHEAs_HydraGNN/HydraGNN/examples/vasp_solid_solution_alloys/dataset/bcc_NbZr/Nb-Zr/Zr104Nb24/case-65,0.8125,2.7530880602441403,2753.0880602441403,0.2372233486237916
/lustre/orion/lrn070/world-shared/mlupopa/RHEAs_HydraGNN/HydraGNN/examples/vasp_solid_solution_alloys/dataset/bcc_NbZr/Nb-Zr/Zr104Nb24/case-66,0.8125,2.754888444541015,2754.888444541015,0.23483885983467287
/lustre/orion/lrn070/world-shared/mlupopa/RHEAs_HydraGNN/HydraGNN/examples/vasp_solid_solution_alloys/dataset/bcc_NbZr/Nb-Zr/Zr104Nb24/case-67,0.8125,2.7573158550097663,2757.3158550097664,0.21826826203247987
/lustre/orion/lrn070/world-shared/mlupopa/RHEAs_HydraGNN/HydraGNN/examples/vasp_solid_solution_alloys/dataset/bcc_NbZr/Nb-Zr/Zr104Nb24/case-68,0.8125,2.7552571082128896,2755.2571082128898,0.2225376740719584
/lustre/orion/lrn070/world-shared/mlupopa/RHEAs_HydraGNN/HydraGNN/examples/vasp_solid_solution_alloys/dataset/bcc_NbZr/Nb-Zr/Zr104Nb24/case-69,0.8125,2.75018213743164,2750.18213743164,0.2189021984526832
/lustre/orion/lrn070/world-shared/mlupopa/RHEAs_HydraGNN/HydraGNN/examples/vasp_solid_solution_alloys/dataset/bcc_NbZr/Nb-Zr/Zr104Nb24/case-7,0.8125,2.7511823763378906,2751.1823763378907,0.21110755584719512
/lustre/orion/lrn070/world-shared/mlupopa/RHEAs_HydraGNN/HydraGNN/examples/vasp_solid_solution_alloys/dataset/bcc_NbZr/Nb-Zr/Zr104Nb24/case-70,0.8125,2.7533255180566396,2753.32551805664,0.22666272842847854
/lustre/orion/lrn070/world-shared/mlupopa/RHEAs_HydraGNN/HydraGNN/examples/vasp_solid_solution_alloys/dataset/bcc_NbZr/Nb-Zr/Zr104Nb24/case-71,0.8125,2.754973371416016,2754.9733714160157,0.22108984279901697
/lustre/orion/lrn070/world-shared/mlupopa/RHEAs_HydraGNN/HydraGNN/examples/vasp_solid_solution_alloys/dataset/bcc_NbZr/Nb-Zr/Zr104Nb24/case-72,0.8125,2.7564248499316406,2756.4248499316404,0.22155633486066267
/lustre/orion/lrn070/world-shared/mlupopa/RHEAs_HydraGNN/HydraGNN/examples/vasp_solid_solution_alloys/dataset/bcc_NbZr/Nb-Zr/Zr104Nb24/case-73,0.8125,2.7546979695410148,2754.6979695410146,0.21352858040983122
/lustre/orion/lrn070/world-shared/mlupopa/RHEAs_HydraGNN/HydraGNN/examples/vasp_solid_solution_alloys/dataset/bcc_NbZr/Nb-Zr/Zr104Nb24/case-74,0.8125,2.75384982008789,2753.84982008789,0.222627216231506
/lustre/orion/lrn070/world-shared/mlupopa/RHEAs_HydraGNN/HydraGNN/examples/vasp_solid_solution_alloys/dataset/bcc_NbZr/Nb-Zr/Zr104Nb24/case-75,0.8125,2.755877121650391,2755.877121650391,0.2271161741679064
/lustre/orion/lrn070/world-shared/mlupopa/RHEAs_HydraGNN/HydraGNN/examples/vasp_solid_solution_alloys/dataset/bcc_NbZr/Nb-Zr/Zr104Nb24/case-76,0.8125,2.7532460528222646,2753.2460528222646,0.2197502319025416
/lustre/orion/lrn070/world-shared/mlupopa/RHEAs_HydraGNN/HydraGNN/examples/vasp_solid_solution_alloys/dataset/bcc_NbZr/Nb-Zr/Zr104Nb24/case-77,0.8125,2.7550807752441404,2755.0807752441406,0.23475269802509874
/lustre/orion/lrn070/world-shared/mlupopa/RHEAs_HydraGNN/HydraGNN/examples/vasp_solid_solution_alloys/dataset/bcc_NbZr/Nb-Zr/Zr104Nb24/case-78,0.8125,2.7520442234472657,2752.0442234472657,0.22062555996294275
/lustre/orion/lrn070/world-shared/mlupopa/RHEAs_HydraGNN/HydraGNN/examples/vasp_solid_solution_alloys/dataset/bcc_NbZr/Nb-Zr/Zr104Nb24/case-79,0.8125,2.7521710419628906,2752.1710419628907,0.2085313845303068
/lustre/orion/lrn070/world-shared/mlupopa/RHEAs_HydraGNN/HydraGNN/examples/vasp_solid_solution_alloys/dataset/bcc_NbZr/Nb-Zr/Zr104Nb24/case-8,0.8125,2.7543562436035156,2754.3562436035154,0.22403133722726554
/lustre/orion/lrn070/world-shared/mlupopa/RHEAs_HydraGNN/HydraGNN/examples/vasp_solid_solution_alloys/dataset/bcc_NbZr/Nb-Zr/Zr104Nb24/case-80,0.8125,2.755526386103515,2755.526386103515,0.20864052891736745
/lustre/orion/lrn070/world-shared/mlupopa/RHEAs_HydraGNN/HydraGNN/examples/vasp_solid_solution_alloys/dataset/bcc_NbZr/Nb-Zr/Zr104Nb24/case-81,0.8125,2.7534005732910156,2753.4005732910155,0.21444451844952142
/lustre/orion/lrn070/world-shared/mlupopa/RHEAs_HydraGNN/HydraGNN/examples/vasp_solid_solution_alloys/dataset/bcc_NbZr/Nb-Zr/Zr104Nb24/case-82,0.8125,2.7525647841503904,2752.5647841503906,0.22762516352742834
/lustre/orion/lrn070/world-shared/mlupopa/RHEAs_HydraGNN/HydraGNN/examples/vasp_solid_solution_alloys/dataset/bcc_NbZr/Nb-Zr/Zr104Nb24/case-83,0.8125,2.7515390199316396,2751.53901993164,0.2152364318161861
/lustre/orion/lrn070/world-shared/mlupopa/RHEAs_HydraGNN/HydraGNN/examples/vasp_solid_solution_alloys/dataset/bcc_NbZr/Nb-Zr/Zr104Nb24/case-84,0.8125,2.7550304786035156,2755.030478603516,0.21571441061124313
/lustre/orion/lrn070/world-shared/mlupopa/RHEAs_HydraGNN/HydraGNN/examples/vasp_solid_solution_alloys/dataset/bcc_NbZr/Nb-Zr/Zr104Nb24/case-85,0.8125,2.75195339727539,2751.9533972753898,0.22432266661394665
/lustre/orion/lrn070/world-shared/mlupopa/RHEAs_HydraGNN/HydraGNN/examples/vasp_solid_solution_alloys/dataset/bcc_NbZr/Nb-Zr/Zr104Nb24/case-86,0.8125,2.7533028263378903,2753.30282633789,0.22623466142326365
/lustre/orion/lrn070/world-shared/mlupopa/RHEAs_HydraGNN/HydraGNN/examples/vasp_solid_solution_alloys/dataset/bcc_NbZr/Nb-Zr/Zr104Nb24/case-87,0.8125,2.7541283867285156,2754.1283867285156,0.2102216353452186
/lustre/orion/lrn070/world-shared/mlupopa/RHEAs_HydraGNN/HydraGNN/examples/vasp_solid_solution_alloys/dataset/bcc_NbZr/Nb-Zr/Zr104Nb24/case-88,0.8125,2.75223714618164,2752.23714618164,0.20994376610769128
/lustre/orion/lrn070/world-shared/mlupopa/RHEAs_HydraGNN/HydraGNN/examples/vasp_solid_solution_alloys/dataset/bcc_NbZr/Nb-Zr/Zr104Nb24/case-9,0.8125,2.756766266025391,2756.766266025391,0.22065546241450587
/lustre/orion/lrn070/world-shared/mlupopa/RHEAs_HydraGNN/HydraGNN/examples/vasp_solid_solution_alloys/dataset/bcc_NbZr/Nb-Zr/Zr104Nb24/case-90,0.8125,2.750314304541016,2750.314304541016,0.2077784736474463
/lustre/orion/lrn070/world-shared/mlupopa/RHEAs_HydraGNN/HydraGNN/examples/vasp_solid_solution_alloys/dataset/bcc_NbZr/Nb-Zr/Zr104Nb24/case-91,0.8125,2.754006194697265,2754.006194697265,0.21034971553299814
/lustre/orion/lrn070/world-shared/mlupopa/RHEAs_HydraGNN/HydraGNN/examples/vasp_solid_solution_alloys/dataset/bcc_NbZr/Nb-Zr/Zr104Nb24/case-92,0.8125,2.7544815809472656,2754.4815809472657,0.21163981953598862
/lustre/orion/lrn070/world-shared/mlupopa/RHEAs_HydraGNN/HydraGNN/examples/vasp_solid_solution_alloys/dataset/bcc_NbZr/Nb-Zr/Zr104Nb24/case-93,0.8125,2.7524871941503903,2752.48719415039,0.22356727918807648
/lustre/orion/lrn070/world-shared/mlupopa/RHEAs_HydraGNN/HydraGNN/examples/vasp_solid_solution_alloys/dataset/bcc_NbZr/Nb-Zr/Zr104Nb24/case-94,0.8125,2.750094248291015,2750.094248291015,0.2174851808370795
/lustre/orion/lrn070/world-shared/mlupopa/RHEAs_HydraGNN/HydraGNN/examples/vasp_solid_solution_alloys/dataset/bcc_NbZr/Nb-Zr/Zr104Nb24/case-95,0.8125,2.756066380478515,2756.066380478515,0.2007341467375338
/lustre/orion/lrn070/world-shared/mlupopa/RHEAs_HydraGNN/HydraGNN/examples/vasp_solid_solution_alloys/dataset/bcc_NbZr/Nb-Zr/Zr104Nb24/case-96,0.8125,2.7569105525097655,2756.9105525097657,0.2063566197496964
/lustre/orion/lrn070/world-shared/mlupopa/RHEAs_HydraGNN/HydraGNN/examples/vasp_solid_solution_alloys/dataset/bcc_NbZr/Nb-Zr/Zr104Nb24/case-97,0.8125,2.754441150869141,2754.441150869141,0.2367681926719504
/lustre/orion/lrn070/world-shared/mlupopa/RHEAs_HydraGNN/HydraGNN/examples/vasp_solid_solution_alloys/dataset/bcc_NbZr/Nb-Zr/Zr104Nb24/case-98,0.8125,2.7538731784472663,2753.873178447266,0.21451921636601493
/lustre/orion/lrn070/world-shared/mlupopa/RHEAs_HydraGNN/HydraGNN/examples/vasp_solid_solution_alloys/dataset/bcc_NbZr/Nb-Zr/Zr104Nb24/case-99,0.8125,2.7564858435253896,2756.4858435253896,0.22349325907687628
/lustre/orion/lrn070/world-shared/mlupopa/RHEAs_HydraGNN/HydraGNN/examples/vasp_solid_solution_alloys/dataset/bcc_NbZr/Nb-Zr/Zr108Nb20/case-1,0.84375,2.852099150737306,2852.099150737306,0.2332559873917309
/lustre/orion/lrn070/world-shared/mlupopa/RHEAs_HydraGNN/HydraGNN/examples/vasp_solid_solution_alloys/dataset/bcc_NbZr/Nb-Zr/Zr108Nb20/case-10,0.84375,2.856198401049806,2856.198401049806,0.228355111200898
/lustre/orion/lrn070/world-shared/mlupopa/RHEAs_HydraGNN/HydraGNN/examples/vasp_solid_solution_alloys/dataset/bcc_NbZr/Nb-Zr/Zr108Nb20/case-100,0.84375,2.8552241465185553,2855.2241465185552,0.2349794559509787
/lustre/orion/lrn070/world-shared/mlupopa/RHEAs_HydraGNN/HydraGNN/examples/vasp_solid_solution_alloys/dataset/bcc_NbZr/Nb-Zr/Zr108Nb20/case-11,0.84375,2.8535839194091803,2853.5839194091805,0.2387944728379249
/lustre/orion/lrn070/world-shared/mlupopa/RHEAs_HydraGNN/HydraGNN/examples/vasp_solid_solution_alloys/dataset/bcc_NbZr/Nb-Zr/Zr108Nb20/case-12,0.84375,2.85133194190918,2851.33194190918,0.22697128080210946
/lustre/orion/lrn070/world-shared/mlupopa/RHEAs_HydraGNN/HydraGNN/examples/vasp_solid_solution_alloys/dataset/bcc_NbZr/Nb-Zr/Zr108Nb20/case-13,0.84375,2.8509271750341814,2850.9271750341813,0.23266107516072462
/lustre/orion/lrn070/world-shared/mlupopa/RHEAs_HydraGNN/HydraGNN/examples/vasp_solid_solution_alloys/dataset/bcc_NbZr/Nb-Zr/Zr108Nb20/case-14,0.84375,2.853465611752931,2853.4656117529307,0.2303424411292565
/lustre/orion/lrn070/world-shared/mlupopa/RHEAs_HydraGNN/HydraGNN/examples/vasp_solid_solution_alloys/dataset/bcc_NbZr/Nb-Zr/Zr108Nb20/case-15,0.84375,2.857007782534181,2857.007782534181,0.22692544231964662
/lustre/orion/lrn070/world-shared/mlupopa/RHEAs_HydraGNN/HydraGNN/examples/vasp_solid_solution_alloys/dataset/bcc_NbZr/Nb-Zr/Zr108Nb20/case-16,0.84375,2.851585341987306,2851.585341987306,0.2442332135292845
/lustre/orion/lrn070/world-shared/mlupopa/RHEAs_HydraGNN/HydraGNN/examples/vasp_solid_solution_alloys/dataset/bcc_NbZr/Nb-Zr/Zr108Nb20/case-17,0.84375,2.854091342377931,2854.0913423779307,0.22657625135029058
/lustre/orion/lrn070/world-shared/mlupopa/RHEAs_HydraGNN/HydraGNN/examples/vasp_solid_solution_alloys/dataset/bcc_NbZr/Nb-Zr/Zr108Nb20/case-18,0.84375,2.853689119018556,2853.689119018556,0.2372735843340524
/lustre/orion/lrn070/world-shared/mlupopa/RHEAs_HydraGNN/HydraGNN/examples/vasp_solid_solution_alloys/dataset/bcc_NbZr/Nb-Zr/Zr108Nb20/case-19,0.84375,2.851359678237305,2851.359678237305,0.25634423711396076
/lustre/orion/lrn070/world-shared/mlupopa/RHEAs_HydraGNN/HydraGNN/examples/vasp_solid_solution_alloys/dataset/bcc_NbZr/Nb-Zr/Zr108Nb20/case-2,0.84375,2.853619474643555,2853.619474643555,0.23436190274424418
/lustre/orion/lrn070/world-shared/mlupopa/RHEAs_HydraGNN/HydraGNN/examples/vasp_solid_solution_alloys/dataset/bcc_NbZr/Nb-Zr/Zr108Nb20/case-20,0.84375,2.854881321831055,2854.8813218310547,0.21882689414999965
/lustre/orion/lrn070/world-shared/mlupopa/RHEAs_HydraGNN/HydraGNN/examples/vasp_solid_solution_alloys/dataset/bcc_NbZr/Nb-Zr/Zr108Nb20/case-3,0.84375,2.8536425443310556,2853.6425443310554,0.22926015984142414
/lustre/orion/lrn070/world-shared/mlupopa/RHEAs_HydraGNN/HydraGNN/examples/vasp_solid_solution_alloys/dataset/bcc_NbZr/Nb-Zr/Zr108Nb20/case-4,0.84375,2.8567894563623053,2856.7894563623054,0.23091482408508662
/lustre/orion/lrn070/world-shared/mlupopa/RHEAs_HydraGNN/HydraGNN/examples/vasp_solid_solution_alloys/dataset/bcc_NbZr/Nb-Zr/Zr108Nb20/case-41,0.84375,2.8508662113623053,2850.8662113623054,0.2181726660030567
/lustre/orion/lrn070/world-shared/mlupopa/RHEAs_HydraGNN/HydraGNN/examples/vasp_solid_solution_alloys/dataset/bcc_NbZr/Nb-Zr/Zr108Nb20/case-42,0.84375,2.854163082456056,2854.163082456056,0.23499835140811046
/lustre/orion/lrn070/world-shared/mlupopa/RHEAs_HydraGNN/HydraGNN/examples/vasp_solid_solution_alloys/dataset/bcc_NbZr/Nb-Zr/Zr108Nb20/case-43,0.84375,2.8567633725341803,2856.7633725341802,0.23154702989481152
/lustre/orion/lrn070/world-shared/mlupopa/RHEAs_HydraGNN/HydraGNN/examples/vasp_solid_solution_alloys/dataset/bcc_NbZr/Nb-Zr/Zr108Nb20/case-44,0.84375,2.857216440112305,2857.216440112305,0.23096208874099816
/lustre/orion/lrn070/world-shared/mlupopa/RHEAs_HydraGNN/HydraGNN/examples/vasp_solid_solution_alloys/dataset/bcc_NbZr/Nb-Zr/Zr108Nb20/case-45,0.84375,2.8540481513623046,2854.0481513623045,0.22638198775376067
/lustre/orion/lrn070/world-shared/mlupopa/RHEAs_HydraGNN/HydraGNN/examples/vasp_solid_solution_alloys/dataset/bcc_NbZr/Nb-Zr/Zr108Nb20/case-46,0.84375,2.8523306301123057,2852.3306301123057,0.22649101798614288
/lustre/orion/lrn070/world-shared/mlupopa/RHEAs_HydraGNN/HydraGNN/examples/vasp_solid_solution_alloys/dataset/bcc_NbZr/Nb-Zr/Zr108Nb20/case-47,0.84375,2.8518806981591798,2851.8806981591797,0.2416689043111092
/lustre/orion/lrn070/world-shared/mlupopa/RHEAs_HydraGNN/HydraGNN/examples/vasp_solid_solution_alloys/dataset/bcc_NbZr/Nb-Zr/Zr108Nb20/case-48,0.84375,2.849970551674806,2849.9705516748063,0.24970417307473328
/lustre/orion/lrn070/world-shared/mlupopa/RHEAs_HydraGNN/HydraGNN/examples/vasp_solid_solution_alloys/dataset/bcc_NbZr/Nb-Zr/Zr108Nb20/case-49,0.84375,2.8562355205029313,2856.235520502931,0.21734715304140517
/lustre/orion/lrn070/world-shared/mlupopa/RHEAs_HydraGNN/HydraGNN/examples/vasp_solid_solution_alloys/dataset/bcc_NbZr/Nb-Zr/Zr108Nb20/case-5,0.84375,2.85195361519043,2851.95361519043,0.23053599925512328
/lustre/orion/lrn070/world-shared/mlupopa/RHEAs_HydraGNN/HydraGNN/examples/vasp_solid_solution_alloys/dataset/bcc_NbZr/Nb-Zr/Zr108Nb20/case-50,0.84375,2.851139036362305,2851.139036362305,0.234171831351714
/lustre/orion/lrn070/world-shared/mlupopa/RHEAs_HydraGNN/HydraGNN/examples/vasp_solid_solution_alloys/dataset/bcc_NbZr/Nb-Zr/Zr108Nb20/case-51,0.84375,2.856747597924805,2856.747597924805,0.24374647296383295
/lustre/orion/lrn070/world-shared/mlupopa/RHEAs_HydraGNN/HydraGNN/examples/vasp_solid_solution_alloys/dataset/bcc_NbZr/Nb-Zr/Zr108Nb20/case-52,0.84375,2.8540527560498052,2854.0527560498053,0.2257211350141481
/lustre/orion/lrn070/world-shared/mlupopa/RHEAs_HydraGNN/HydraGNN/examples/vasp_solid_solution_alloys/dataset/bcc_NbZr/Nb-Zr/Zr108Nb20/case-53,0.84375,2.8519581600341812,2851.958160034181,0.23695712581785863
/lustre/orion/lrn070/world-shared/mlupopa/RHEAs_HydraGNN/HydraGNN/examples/vasp_solid_solution_alloys/dataset/bcc_NbZr/Nb-Zr/Zr108Nb20/case-54,0.84375,2.852160042143556,2852.160042143556,0.2430227870390769
/lustre/orion/lrn070/world-shared/mlupopa/RHEAs_HydraGNN/HydraGNN/examples/vasp_solid_solution_alloys/dataset/bcc_NbZr/Nb-Zr/Zr108Nb20/case-55,0.84375,2.8545387322998064,2854.5387322998063,0.2293634908301221
/lustre/orion/lrn070/world-shared/mlupopa/RHEAs_HydraGNN/HydraGNN/examples/vasp_solid_solution_alloys/dataset/bcc_NbZr/Nb-Zr/Zr108Nb20/case-56,0.84375,2.85417453831543,2854.17453831543,0.21290420773717092
/lustre/orion/lrn070/world-shared/mlupopa/RHEAs_HydraGNN/HydraGNN/examples/vasp_solid_solution_alloys/dataset/bcc_NbZr/Nb-Zr/Zr108Nb20/case-57,0.84375,2.8536840276123048,2853.684027612305,0.23118704684108338
/lustre/orion/lrn070/world-shared/mlupopa/RHEAs_HydraGNN/HydraGNN/examples/vasp_solid_solution_alloys/dataset/bcc_NbZr/Nb-Zr/Zr108Nb20/case-58,0.84375,2.852710765971681,2852.7107659716808,0.2285019507184975
/lustre/orion/lrn070/world-shared/mlupopa/RHEAs_HydraGNN/HydraGNN/examples/vasp_solid_solution_alloys/dataset/bcc_NbZr/Nb-Zr/Zr108Nb20/case-59,0.84375,2.8528669395654305,2852.8669395654306,0.22093616727700113
/lustre/orion/lrn070/world-shared/mlupopa/RHEAs_HydraGNN/HydraGNN/examples/vasp_solid_solution_alloys/dataset/bcc_NbZr/Nb-Zr/Zr108Nb20/case-6,0.84375,2.856950213627931,2856.9502136279307,0.22064275212443563
/lustre/orion/lrn070/world-shared/mlupopa/RHEAs_HydraGNN/HydraGNN/examples/vasp_solid_solution_alloys/dataset/bcc_NbZr/Nb-Zr/Zr108Nb20/case-60,0.84375,2.8561073651904305,2856.1073651904303,0.22536037098242628
/lustre/orion/lrn070/world-shared/mlupopa/RHEAs_HydraGNN/HydraGNN/examples/vasp_solid_solution_alloys/dataset/bcc_NbZr/Nb-Zr/Zr108Nb20/case-61,0.84375,2.8556230474560547,2855.623047456055,0.22879899581193247
/lustre/orion/lrn070/world-shared/mlupopa/RHEAs_HydraGNN/HydraGNN/examples/vasp_solid_solution_alloys/dataset/bcc_NbZr/Nb-Zr/Zr108Nb20/case-62,0.84375,2.85625435097168,2856.25435097168,0.22758852159565698
/lustre/orion/lrn070/world-shared/mlupopa/RHEAs_HydraGNN/HydraGNN/examples/vasp_solid_solution_alloys/dataset/bcc_NbZr/Nb-Zr/Zr108Nb20/case-63,0.84375,2.8532949097998053,2853.2949097998053,0.23012364662444285
/lustre/orion/lrn070/world-shared/mlupopa/RHEAs_HydraGNN/HydraGNN/examples/vasp_solid_solution_alloys/dataset/bcc_NbZr/Nb-Zr/Zr108Nb20/case-64,0.84375,2.85483562237793,2854.83562237793,0.2257090748970201
/lustre/orion/lrn070/world-shared/mlupopa/RHEAs_HydraGNN/HydraGNN/examples/vasp_solid_solution_alloys/dataset/bcc_NbZr/Nb-Zr/Zr108Nb20/case-65,0.84375,2.8535054069091803,2853.5054069091802,0.23074940275528755
/lustre/orion/lrn070/world-shared/mlupopa/RHEAs_HydraGNN/HydraGNN/examples/vasp_solid_solution_alloys/dataset/bcc_NbZr/Nb-Zr/Zr108Nb20/case-66,0.84375,2.853108781049805,2853.108781049805,0.2287147781784954
/lustre/orion/lrn070/world-shared/mlupopa/RHEAs_HydraGNN/HydraGNN/examples/vasp_solid_solution_alloys/dataset/bcc_NbZr/Nb-Zr/Zr108Nb20/case-67,0.84375,2.84848632003418,2848.4863200341797,0.24587435131155935
/lustre/orion/lrn070/world-shared/mlupopa/RHEAs_HydraGNN/HydraGNN/examples/vasp_solid_solution_alloys/dataset/bcc_NbZr/Nb-Zr/Zr108Nb20/case-68,0.84375,2.8518626598779306,2851.8626598779306,0.22642583924019757
/lustre/orion/lrn070/world-shared/mlupopa/RHEAs_HydraGNN/HydraGNN/examples/vasp_solid_solution_alloys/dataset/bcc_NbZr/Nb-Zr/Zr108Nb20/case-69,0.84375,2.8528680523779304,2852.8680523779303,0.2295100045543591
/lustre/orion/lrn070/world-shared/mlupopa/RHEAs_HydraGNN/HydraGNN/examples/vasp_solid_solution_alloys/dataset/bcc_NbZr/Nb-Zr/Zr108Nb20/case-7,0.84375,2.85476706300293,2854.7670630029297,0.2183299883425876
/lustre/orion/lrn070/world-shared/mlupopa/RHEAs_HydraGNN/HydraGNN/examples/vasp_solid_solution_alloys/dataset/bcc_NbZr/Nb-Zr/Zr108Nb20/case-70,0.84375,2.854798991518555,2854.798991518555,0.23185612537244601
/lustre/orion/lrn070/world-shared/mlupopa/RHEAs_HydraGNN/HydraGNN/examples/vasp_solid_solution_alloys/dataset/bcc_NbZr/Nb-Zr/Zr108Nb20/case-71,0.84375,2.851761423862305,2851.761423862305,0.23884641058373
/lustre/orion/lrn070/world-shared/mlupopa/RHEAs_HydraGNN/HydraGNN/examples/vasp_solid_solution_alloys/dataset/bcc_NbZr/Nb-Zr/Zr108Nb20/case-72,0.84375,2.8544330040185546,2854.4330040185546,0.22076675243336294
/lustre/orion/lrn070/world-shared/mlupopa/RHEAs_HydraGNN/HydraGNN/examples/vasp_solid_solution_alloys/dataset/bcc_NbZr/Nb-Zr/Zr108Nb20/case-73,0.84375,2.852727889643555,2852.727889643555,0.2280395779770359
/lustre/orion/lrn070/world-shared/mlupopa/RHEAs_HydraGNN/HydraGNN/examples/vasp_solid_solution_alloys/dataset/bcc_NbZr/Nb-Zr/Zr108Nb20/case-74,0.84375,2.8544685866748054,2854.4685866748055,0.23255472961363008
/lustre/orion/lrn070/world-shared/mlupopa/RHEAs_HydraGNN/HydraGNN/examples/vasp_solid_solution_alloys/dataset/bcc_NbZr/Nb-Zr/Zr108Nb20/case-75,0.84375,2.853506070815431,2853.506070815431,0.2204253110933482
/lustre/orion/lrn070/world-shared/mlupopa/RHEAs_HydraGNN/HydraGNN/examples/vasp_solid_solution_alloys/dataset/bcc_NbZr/Nb-Zr/Zr108Nb20/case-76,0.84375,2.851894550424806,2851.894550424806,0.2310283369561721
/lustre/orion/lrn070/world-shared/mlupopa/RHEAs_HydraGNN/HydraGNN/examples/vasp_solid_solution_alloys/dataset/bcc_NbZr/Nb-Zr/Zr108Nb20/case-77,0.84375,2.856650411987305,2856.650411987305,0.216417224856005
/lustre/orion/lrn070/world-shared/mlupopa/RHEAs_HydraGNN/HydraGNN/examples/vasp_solid_solution_alloys/dataset/bcc_NbZr/Nb-Zr/Zr108Nb20/case-78,0.84375,2.854960619331056,2854.960619331056,0.22115844752605784
/lustre/orion/lrn070/world-shared/mlupopa/RHEAs_HydraGNN/HydraGNN/examples/vasp_solid_solution_alloys/dataset/bcc_NbZr/Nb-Zr/Zr108Nb20/case-79,0.84375,2.8545305930029308,2854.530593002931,0.2282764924275783
/lustre/orion/lrn070/world-shared/mlupopa/RHEAs_HydraGNN/HydraGNN/examples/vasp_solid_solution_alloys/dataset/bcc_NbZr/Nb-Zr/Zr108Nb20/case-8,0.84375,2.8501905274560553,2850.1905274560554,0.26134456682544
/lustre/orion/lrn070/world-shared/mlupopa/RHEAs_HydraGNN/HydraGNN/examples/vasp_solid_solution_alloys/dataset/bcc_NbZr/Nb-Zr/Zr108Nb20/case-80,0.84375,2.8525435008154307,2852.543500815431,0.23415019761071557
/lustre/orion/lrn070/world-shared/mlupopa/RHEAs_HydraGNN/HydraGNN/examples/vasp_solid_solution_alloys/dataset/bcc_NbZr/Nb-Zr/Zr108Nb20/case-81,0.84375,2.885571942534181,2885.571942534181,0.22377342652551865
/lustre/orion/lrn070/world-shared/mlupopa/RHEAs_HydraGNN/HydraGNN/examples/vasp_solid_solution_alloys/dataset/bcc_NbZr/Nb-Zr/Zr108Nb20/case-82,0.84375,2.8510598684716797,2851.0598684716797,0.2510654420322955
/lustre/orion/lrn070/world-shared/mlupopa/RHEAs_HydraGNN/HydraGNN/examples/vasp_solid_solution_alloys/dataset/bcc_NbZr/Nb-Zr/Zr108Nb20/case-83,0.84375,2.8874051764404296,2887.4051764404294,0.21987592245876386
/lustre/orion/lrn070/world-shared/mlupopa/RHEAs_HydraGNN/HydraGNN/examples/vasp_solid_solution_alloys/dataset/bcc_NbZr/Nb-Zr/Zr108Nb20/case-84,0.84375,2.8547044442529312,2854.7044442529314,0.22213723029032476
/lustre/orion/lrn070/world-shared/mlupopa/RHEAs_HydraGNN/HydraGNN/examples/vasp_solid_solution_alloys/dataset/bcc_NbZr/Nb-Zr/Zr108Nb20/case-85,0.84375,2.8860840464404305,2886.0840464404305,0.22686407222257302
/lustre/orion/lrn070/world-shared/mlupopa/RHEAs_HydraGNN/HydraGNN/examples/vasp_solid_solution_alloys/dataset/bcc_NbZr/Nb-Zr/Zr108Nb20/case-86,0.84375,2.8874481842529303,2887.4481842529303,0.22350282815882638
/lustre/orion/lrn070/world-shared/mlupopa/RHEAs_HydraGNN/HydraGNN/examples/vasp_solid_solution_alloys/dataset/bcc_NbZr/Nb-Zr/Zr108Nb20/case-87,0.84375,2.886299036206056,2886.299036206056,0.21680631579125614
/lustre/orion/lrn070/world-shared/mlupopa/RHEAs_HydraGNN/HydraGNN/examples/vasp_solid_solution_alloys/dataset/bcc_NbZr/Nb-Zr/Zr108Nb20/case-88,0.84375,2.88667625050293,2886.67625050293,0.2430144312665067
/lustre/orion/lrn070/world-shared/mlupopa/RHEAs_HydraGNN/HydraGNN/examples/vasp_solid_solution_alloys/dataset/bcc_NbZr/Nb-Zr/Zr108Nb20/case-89,0.84375,2.85200550050293,2852.00550050293,0.2201976941130392
/lustre/orion/lrn070/world-shared/mlupopa/RHEAs_HydraGNN/HydraGNN/examples/vasp_solid_solution_alloys/dataset/bcc_NbZr/Nb-Zr/Zr108Nb20/case-9,0.84375,2.8561457457373063,2856.1457457373062,0.22838720653090588
/lustre/orion/lrn070/world-shared/mlupopa/RHEAs_HydraGNN/HydraGNN/examples/vasp_solid_solution_alloys/dataset/bcc_NbZr/Nb-Zr/Zr108Nb20/case-90,0.84375,2.8834729211279306,2883.4729211279305,0.22657580250576934
/lustre/orion/lrn070/world-shared/mlupopa/RHEAs_HydraGNN/HydraGNN/examples/vasp_solid_solution_alloys/dataset/bcc_NbZr/Nb-Zr/Zr108Nb20/case-91,0.84375,2.8877307226904296,2887.7307226904295,0.2313523204953043
/lustre/orion/lrn070/world-shared/mlupopa/RHEAs_HydraGNN/HydraGNN/examples/vasp_solid_solution_alloys/dataset/bcc_NbZr/Nb-Zr/Zr108Nb20/case-92,0.84375,2.888433605268556,2888.433605268556,0.2310576993900889
/lustre/orion/lrn070/world-shared/mlupopa/RHEAs_HydraGNN/HydraGNN/examples/vasp_solid_solution_alloys/dataset/bcc_NbZr/Nb-Zr/Zr108Nb20/case-93,0.84375,2.884780220581055,2884.780220581055,0.24628886859018725
/lustre/orion/lrn070/world-shared/mlupopa/RHEAs_HydraGNN/HydraGNN/examples/vasp_solid_solution_alloys/dataset/bcc_NbZr/Nb-Zr/Zr108Nb20/case-94,0.84375,2.851460491362305,2851.4604913623048,0.221677404782139
/lustre/orion/lrn070/world-shared/mlupopa/RHEAs_HydraGNN/HydraGNN/examples/vasp_solid_solution_alloys/dataset/bcc_NbZr/Nb-Zr/Zr108Nb20/case-95,0.84375,2.8509014360498046,2850.9014360498045,0.21464266378657085
/lustre/orion/lrn070/world-shared/mlupopa/RHEAs_HydraGNN/HydraGNN/examples/vasp_solid_solution_alloys/dataset/bcc_NbZr/Nb-Zr/Zr108Nb20/case-96,0.84375,2.853677744331055,2853.677744331055,0.23753007597581718
/lustre/orion/lrn070/world-shared/mlupopa/RHEAs_HydraGNN/HydraGNN/examples/vasp_solid_solution_alloys/dataset/bcc_NbZr/Nb-Zr/Zr108Nb20/case-97,0.84375,2.8543213519873056,2854.3213519873057,0.21125037225445492
/lustre/orion/lrn070/world-shared/mlupopa/RHEAs_HydraGNN/HydraGNN/examples/vasp_solid_solution_alloys/dataset/bcc_NbZr/Nb-Zr/Zr108Nb20/case-98,0.84375,2.8523652899560563,2852.365289956056,0.22761744061456865
/lustre/orion/lrn070/world-shared/mlupopa/RHEAs_HydraGNN/HydraGNN/examples/vasp_solid_solution_alloys/dataset/bcc_NbZr/Nb-Zr/Zr108Nb20/case-99,0.84375,2.853850587768555,2853.850587768555,0.24349308133666986
/lustre/orion/lrn070/world-shared/mlupopa/RHEAs_HydraGNN/HydraGNN/examples/vasp_solid_solution_alloys/dataset/bcc_NbZr/Nb-Zr/Zr112Nb16/case-1,0.875,2.951542731074218,2951.542731074218,0.23707720177377625
/lustre/orion/lrn070/world-shared/mlupopa/RHEAs_HydraGNN/HydraGNN/examples/vasp_solid_solution_alloys/dataset/bcc_NbZr/Nb-Zr/Zr112Nb16/case-10,0.875,2.951106655917968,2951.106655917968,0.24437822214639635
/lustre/orion/lrn070/world-shared/mlupopa/RHEAs_HydraGNN/HydraGNN/examples/vasp_solid_solution_alloys/dataset/bcc_NbZr/Nb-Zr/Zr112Nb16/case-100,0.875,2.9528898888085937,2952.8898888085937,0.23154559732956068
/lustre/orion/lrn070/world-shared/mlupopa/RHEAs_HydraGNN/HydraGNN/examples/vasp_solid_solution_alloys/dataset/bcc_NbZr/Nb-Zr/Zr112Nb16/case-11,0.875,2.9505273249804684,2950.5273249804686,0.2449341011575994
/lustre/orion/lrn070/world-shared/mlupopa/RHEAs_HydraGNN/HydraGNN/examples/vasp_solid_solution_alloys/dataset/bcc_NbZr/Nb-Zr/Zr112Nb16/case-12,0.875,2.948200527558594,2948.200527558594,0.29481073249050554
/lustre/orion/lrn070/world-shared/mlupopa/RHEAs_HydraGNN/HydraGNN/examples/vasp_solid_solution_alloys/dataset/bcc_NbZr/Nb-Zr/Zr112Nb16/case-13,0.875,2.952064018964844,2952.064018964844,0.28016634059777956
/lustre/orion/lrn070/world-shared/mlupopa/RHEAs_HydraGNN/HydraGNN/examples/vasp_solid_solution_alloys/dataset/bcc_NbZr/Nb-Zr/Zr112Nb16/case-14,0.875,2.951433538574218,2951.433538574218,0.28939774377307176
/lustre/orion/lrn070/world-shared/mlupopa/RHEAs_HydraGNN/HydraGNN/examples/vasp_solid_solution_alloys/dataset/bcc_NbZr/Nb-Zr/Zr112Nb16/case-15,0.875,2.9521366258398434,2952.1366258398434,0.2621121270042609
/lustre/orion/lrn070/world-shared/mlupopa/RHEAs_HydraGNN/HydraGNN/examples/vasp_solid_solution_alloys/dataset/bcc_NbZr/Nb-Zr/Zr112Nb16/case-16,0.875,2.953872182792969,2953.872182792969,0.26504483353223846
/lustre/orion/lrn070/world-shared/mlupopa/RHEAs_HydraGNN/HydraGNN/examples/vasp_solid_solution_alloys/dataset/bcc_NbZr/Nb-Zr/Zr112Nb16/case-17,0.875,2.9481468250585934,2948.1468250585935,0.2686324364961567
/lustre/orion/lrn070/world-shared/mlupopa/RHEAs_HydraGNN/HydraGNN/examples/vasp_solid_solution_alloys/dataset/bcc_NbZr/Nb-Zr/Zr112Nb16/case-18,0.875,2.9504481341210944,2950.4481341210944,0.2853504253649669
/lustre/orion/lrn070/world-shared/mlupopa/RHEAs_HydraGNN/HydraGNN/examples/vasp_solid_solution_alloys/dataset/bcc_NbZr/Nb-Zr/Zr112Nb16/case-19,0.875,2.9543985059179683,2954.398505917968,0.243461197684848
/lustre/orion/lrn070/world-shared/mlupopa/RHEAs_HydraGNN/HydraGNN/examples/vasp_solid_solution_alloys/dataset/bcc_NbZr/Nb-Zr/Zr112Nb16/case-2,0.875,2.9530720750585946,2953.0720750585947,0.25649535940839663
/lustre/orion/lrn070/world-shared/mlupopa/RHEAs_HydraGNN/HydraGNN/examples/vasp_solid_solution_alloys/dataset/bcc_NbZr/Nb-Zr/Zr112Nb16/case-20,0.875,2.953655868183594,2953.6558681835936,0.2480302857212053
/lustre/orion/lrn070/world-shared/mlupopa/RHEAs_HydraGNN/HydraGNN/examples/vasp_solid_solution_alloys/dataset/bcc_NbZr/Nb-Zr/Zr112Nb16/case-3,0.875,2.954033282011718,2954.033282011718,0.24077503530061295
/lustre/orion/lrn070/world-shared/mlupopa/RHEAs_HydraGNN/HydraGNN/examples/vasp_solid_solution_alloys/dataset/bcc_NbZr/Nb-Zr/Zr112Nb16/case-4,0.875,2.9549349981054682,2954.9349981054684,0.25734366473938297
/lustre/orion/lrn070/world-shared/mlupopa/RHEAs_HydraGNN/HydraGNN/examples/vasp_solid_solution_alloys/dataset/bcc_NbZr/Nb-Zr/Zr112Nb16/case-41,0.875,2.954615470996094,2954.6154709960942,0.2356956690048999
/lustre/orion/lrn070/world-shared/mlupopa/RHEAs_HydraGNN/HydraGNN/examples/vasp_solid_solution_alloys/dataset/bcc_NbZr/Nb-Zr/Zr112Nb16/case-42,0.875,2.9486893924804694,2948.6893924804695,0.29068333171670085
/lustre/orion/lrn070/world-shared/mlupopa/RHEAs_HydraGNN/HydraGNN/examples/vasp_solid_solution_alloys/dataset/bcc_NbZr/Nb-Zr/Zr112Nb16/case-43,0.875,2.952615581386718,2952.615581386718,0.23189639535577566
/lustre/orion/lrn070/world-shared/mlupopa/RHEAs_HydraGNN/HydraGNN/examples/vasp_solid_solution_alloys/dataset/bcc_NbZr/Nb-Zr/Zr112Nb16/case-44,0.875,2.956469642402343,2956.469642402343,0.2513017635893801
/lustre/orion/lrn070/world-shared/mlupopa/RHEAs_HydraGNN/HydraGNN/examples/vasp_solid_solution_alloys/dataset/bcc_NbZr/Nb-Zr/Zr112Nb16/case-45,0.875,2.956619441308593,2956.619441308593,0.2406679976363357
/lustre/orion/lrn070/world-shared/mlupopa/RHEAs_HydraGNN/HydraGNN/examples/vasp_solid_solution_alloys/dataset/bcc_NbZr/Nb-Zr/Zr112Nb16/case-46,0.875,2.9529470136523432,2952.9470136523432,0.2626095954002577
/lustre/orion/lrn070/world-shared/mlupopa/RHEAs_HydraGNN/HydraGNN/examples/vasp_solid_solution_alloys/dataset/bcc_NbZr/Nb-Zr/Zr112Nb16/case-47,0.875,2.9550755058398437,2955.0755058398436,0.240255366853654
/lustre/orion/lrn070/world-shared/mlupopa/RHEAs_HydraGNN/HydraGNN/examples/vasp_solid_solution_alloys/dataset/bcc_NbZr/Nb-Zr/Zr112Nb16/case-48,0.875,2.953317312402344,2953.317312402344,0.23416078761514528
/lustre/orion/lrn070/world-shared/mlupopa/RHEAs_HydraGNN/HydraGNN/examples/vasp_solid_solution_alloys/dataset/bcc_NbZr/Nb-Zr/Zr112Nb16/case-49,0.875,2.951439713574219,2951.439713574219,0.27581060184509043
/lustre/orion/lrn070/world-shared/mlupopa/RHEAs_HydraGNN/HydraGNN/examples/vasp_solid_solution_alloys/dataset/bcc_NbZr/Nb-Zr/Zr112Nb16/case-5,0.875,2.947586274902344,2947.586274902344,0.2723469655987244
/lustre/orion/lrn070/world-shared/mlupopa/RHEAs_HydraGNN/HydraGNN/examples/vasp_solid_solution_alloys/dataset/bcc_NbZr/Nb-Zr/Zr112Nb16/case-50,0.875,2.9530529774804695,2953.0529774804695,0.2720337762626338
/lustre/orion/lrn070/world-shared/mlupopa/RHEAs_HydraGNN/HydraGNN/examples/vasp_solid_solution_alloys/dataset/bcc_NbZr/Nb-Zr/Zr112Nb16/case-51,0.875,2.9528463533398437,2952.8463533398435,0.2820846592568466
/lustre/orion/lrn070/world-shared/mlupopa/RHEAs_HydraGNN/HydraGNN/examples/vasp_solid_solution_alloys/dataset/bcc_NbZr/Nb-Zr/Zr112Nb16/case-52,0.875,2.9546658520898443,2954.6658520898445,0.23670970979993514
/lustre/orion/lrn070/world-shared/mlupopa/RHEAs_HydraGNN/HydraGNN/examples/vasp_solid_solution_alloys/dataset/bcc_NbZr/Nb-Zr/Zr112Nb16/case-53,0.875,2.9533856087304695,2953.3856087304694,0.2503615304784726
/lustre/orion/lrn070/world-shared/mlupopa/RHEAs_HydraGNN/HydraGNN/examples/vasp_solid_solution_alloys/dataset/bcc_NbZr/Nb-Zr/Zr112Nb16/case-54,0.875,2.957359118417969,2957.359118417969,0.24055127181836475
/lustre/orion/lrn070/world-shared/mlupopa/RHEAs_HydraGNN/HydraGNN/examples/vasp_solid_solution_alloys/dataset/bcc_NbZr/Nb-Zr/Zr112Nb16/case-55,0.875,2.9537177763085936,2953.717776308594,0.23541868743206049
/lustre/orion/lrn070/world-shared/mlupopa/RHEAs_HydraGNN/HydraGNN/examples/vasp_solid_solution_alloys/dataset/bcc_NbZr/Nb-Zr/Zr112Nb16/case-56,0.875,2.9552431745117183,2955.2431745117183,0.297551602246712
/lustre/orion/lrn070/world-shared/mlupopa/RHEAs_HydraGNN/HydraGNN/examples/vasp_solid_solution_alloys/dataset/bcc_NbZr/Nb-Zr/Zr112Nb16/case-57,0.875,2.9511793280273437,2951.1793280273437,0.2742057076053234
/lustre/orion/lrn070/world-shared/mlupopa/RHEAs_HydraGNN/HydraGNN/examples/vasp_solid_solution_alloys/dataset/bcc_NbZr/Nb-Zr/Zr112Nb16/case-58,0.875,2.9563051701367193,2956.3051701367194,0.2346392340884392
/lustre/orion/lrn070/world-shared/mlupopa/RHEAs_HydraGNN/HydraGNN/examples/vasp_solid_solution_alloys/dataset/bcc_NbZr/Nb-Zr/Zr112Nb16/case-59,0.875,2.955646577714843,2955.646577714843,0.23995536480416546
/lustre/orion/lrn070/world-shared/mlupopa/RHEAs_HydraGNN/HydraGNN/examples/vasp_solid_solution_alloys/dataset/bcc_NbZr/Nb-Zr/Zr112Nb16/case-6,0.875,2.952554809199219,2952.5548091992187,0.23460675759827046
/lustre/orion/lrn070/world-shared/mlupopa/RHEAs_HydraGNN/HydraGNN/examples/vasp_solid_solution_alloys/dataset/bcc_NbZr/Nb-Zr/Zr112Nb16/case-60,0.875,2.9544617434960934,2954.4617434960933,0.255833618406319
/lustre/orion/lrn070/world-shared/mlupopa/RHEAs_HydraGNN/HydraGNN/examples/vasp_solid_solution_alloys/dataset/bcc_NbZr/Nb-Zr/Zr112Nb16/case-61,0.875,2.9528049731835946,2952.8049731835945,0.23820973401929688
/lustre/orion/lrn070/world-shared/mlupopa/RHEAs_HydraGNN/HydraGNN/examples/vasp_solid_solution_alloys/dataset/bcc_NbZr/Nb-Zr/Zr112Nb16/case-62,0.875,2.9494477808398436,2949.4477808398437,0.2950709641167281
/lustre/orion/lrn070/world-shared/mlupopa/RHEAs_HydraGNN/HydraGNN/examples/vasp_solid_solution_alloys/dataset/bcc_NbZr/Nb-Zr/Zr112Nb16/case-63,0.875,2.9531165699804696,2953.1165699804696,0.24119116074465533
/lustre/orion/lrn070/world-shared/mlupopa/RHEAs_HydraGNN/HydraGNN/examples/vasp_solid_solution_alloys/dataset/bcc_NbZr/Nb-Zr/Zr112Nb16/case-64,0.875,2.9507392170898434,2950.7392170898434,0.2775836729930039
/lustre/orion/lrn070/world-shared/mlupopa/RHEAs_HydraGNN/HydraGNN/examples/vasp_solid_solution_alloys/dataset/bcc_NbZr/Nb-Zr/Zr112Nb16/case-65,0.875,2.951577741777344,2951.577741777344,0.23763380948241786
/lustre/orion/lrn070/world-shared/mlupopa/RHEAs_HydraGNN/HydraGNN/examples/vasp_solid_solution_alloys/dataset/bcc_NbZr/Nb-Zr/Zr112Nb16/case-66,0.875,2.9513036090429683,2951.303609042968,0.26119573238175153
/lustre/orion/lrn070/world-shared/mlupopa/RHEAs_HydraGNN/HydraGNN/examples/vasp_solid_solution_alloys/dataset/bcc_NbZr/Nb-Zr/Zr112Nb16/case-67,0.875,2.9526881209960933,2952.6881209960934,0.2516417352826844
/lustre/orion/lrn070/world-shared/mlupopa/RHEAs_HydraGNN/HydraGNN/examples/vasp_solid_solution_alloys/dataset/bcc_NbZr/Nb-Zr/Zr112Nb16/case-68,0.875,2.9554688865429686,2955.4688865429684,0.2262084167809161
/lustre/orion/lrn070/world-shared/mlupopa/RHEAs_HydraGNN/HydraGNN/examples/vasp_solid_solution_alloys/dataset/bcc_NbZr/Nb-Zr/Zr112Nb16/case-69,0.875,2.952098513730469,2952.098513730469,0.25284056736839666
/lustre/orion/lrn070/world-shared/mlupopa/RHEAs_HydraGNN/HydraGNN/examples/vasp_solid_solution_alloys/dataset/bcc_NbZr/Nb-Zr/Zr112Nb16/case-7,0.875,2.9528016556054695,2952.8016556054695,0.23669251694764287
/lustre/orion/lrn070/world-shared/mlupopa/RHEAs_HydraGNN/HydraGNN/examples/vasp_solid_solution_alloys/dataset/bcc_NbZr/Nb-Zr/Zr112Nb16/case-70,0.875,2.9522453125585937,2952.2453125585935,0.23850790838476302
/lustre/orion/lrn070/world-shared/mlupopa/RHEAs_HydraGNN/HydraGNN/examples/vasp_solid_solution_alloys/dataset/bcc_NbZr/Nb-Zr/Zr112Nb16/case-71,0.875,2.9553559252929684,2955.3559252929685,0.24808699039621676
/lustre/orion/lrn070/world-shared/mlupopa/RHEAs_HydraGNN/HydraGNN/examples/vasp_solid_solution_alloys/dataset/bcc_NbZr/Nb-Zr/Zr112Nb16/case-72,0.875,2.951737478652344,2951.737478652344,0.2834738892961554
/lustre/orion/lrn070/world-shared/mlupopa/RHEAs_HydraGNN/HydraGNN/examples/vasp_solid_solution_alloys/dataset/bcc_NbZr/Nb-Zr/Zr112Nb16/case-73,0.875,2.953225608105468,2953.225608105468,0.24517024343485022
/lustre/orion/lrn070/world-shared/mlupopa/RHEAs_HydraGNN/HydraGNN/examples/vasp_solid_solution_alloys/dataset/bcc_NbZr/Nb-Zr/Zr112Nb16/case-74,0.875,2.953034123339844,2953.034123339844,0.2615384442484818
/lustre/orion/lrn070/world-shared/mlupopa/RHEAs_HydraGNN/HydraGNN/examples/vasp_solid_solution_alloys/dataset/bcc_NbZr/Nb-Zr/Zr112Nb16/case-75,0.875,2.9549174738867183,2954.917473886718,0.23196846221101622
/lustre/orion/lrn070/world-shared/mlupopa/RHEAs_HydraGNN/HydraGNN/examples/vasp_solid_solution_alloys/dataset/bcc_NbZr/Nb-Zr/Zr112Nb16/case-76,0.875,2.9535670349023437,2953.567034902344,0.22419940255322118
/lustre/orion/lrn070/world-shared/mlupopa/RHEAs_HydraGNN/HydraGNN/examples/vasp_solid_solution_alloys/dataset/bcc_NbZr/Nb-Zr/Zr112Nb16/case-77,0.875,2.9524138324804685,2952.4138324804685,0.24300406101273872
/lustre/orion/lrn070/world-shared/mlupopa/RHEAs_HydraGNN/HydraGNN/examples/vasp_solid_solution_alloys/dataset/bcc_NbZr/Nb-Zr/Zr112Nb16/case-78,0.875,2.9522744988085936,2952.2744988085938,0.25101121028660345
/lustre/orion/lrn070/world-shared/mlupopa/RHEAs_HydraGNN/HydraGNN/examples/vasp_solid_solution_alloys/dataset/bcc_NbZr/Nb-Zr/Zr112Nb16/case-79,0.875,2.953388163964844,2953.388163964844,0.21941702669494684
/lustre/orion/lrn070/world-shared/mlupopa/RHEAs_HydraGNN/HydraGNN/examples/vasp_solid_solution_alloys/dataset/bcc_NbZr/Nb-Zr/Zr112Nb16/case-8,0.875,2.9506459849023443,2950.6459849023445,0.23583263711018648
/lustre/orion/lrn070/world-shared/mlupopa/RHEAs_HydraGNN/HydraGNN/examples/vasp_solid_solution_alloys/dataset/bcc_NbZr/Nb-Zr/Zr112Nb16/case-80,0.875,2.9533792592773445,2953.3792592773443,0.23071686402213126
/lustre/orion/lrn070/world-shared/mlupopa/RHEAs_HydraGNN/HydraGNN/examples/vasp_solid_solution_alloys/dataset/bcc_NbZr/Nb-Zr/Zr112Nb16/case-81,0.875,2.953260703730468,2953.260703730468,0.24718714552033902
/lustre/orion/lrn070/world-shared/mlupopa/RHEAs_HydraGNN/HydraGNN/examples/vasp_solid_solution_alloys/dataset/bcc_NbZr/Nb-Zr/Zr112Nb16/case-82,0.875,2.9540378141210937,2954.0378141210936,0.25725625174847244
/lustre/orion/lrn070/world-shared/mlupopa/RHEAs_HydraGNN/HydraGNN/examples/vasp_solid_solution_alloys/dataset/bcc_NbZr/Nb-Zr/Zr112Nb16/case-83,0.875,2.953296661621094,2953.296661621094,0.2367970843658553
/lustre/orion/lrn070/world-shared/mlupopa/RHEAs_HydraGNN/HydraGNN/examples/vasp_solid_solution_alloys/dataset/bcc_NbZr/Nb-Zr/Zr112Nb16/case-84,0.875,2.9551426494335935,2955.1426494335933,0.236563467330395
/lustre/orion/lrn070/world-shared/mlupopa/RHEAs_HydraGNN/HydraGNN/examples/vasp_solid_solution_alloys/dataset/bcc_NbZr/Nb-Zr/Zr112Nb16/case-85,0.875,2.9495667576367186,2949.5667576367186,0.282689383277282
/lustre/orion/lrn070/world-shared/mlupopa/RHEAs_HydraGNN/HydraGNN/examples/vasp_solid_solution_alloys/dataset/bcc_NbZr/Nb-Zr/Zr112Nb16/case-86,0.875,2.9526178066210935,2952.6178066210937,0.25840618970446627
/lustre/orion/lrn070/world-shared/mlupopa/RHEAs_HydraGNN/HydraGNN/examples/vasp_solid_solution_alloys/dataset/bcc_NbZr/Nb-Zr/Zr112Nb16/case-87,0.875,2.952775422167969,2952.775422167969,0.24404836276904557
/lustre/orion/lrn070/world-shared/mlupopa/RHEAs_HydraGNN/HydraGNN/examples/vasp_solid_solution_alloys/dataset/bcc_NbZr/Nb-Zr/Zr112Nb16/case-88,0.875,2.953780763496093,2953.780763496093,0.28292214575067737
/lustre/orion/lrn070/world-shared/mlupopa/RHEAs_HydraGNN/HydraGNN/examples/vasp_solid_solution_alloys/dataset/bcc_NbZr/Nb-Zr/Zr112Nb16/case-89,0.875,2.953420416933593,2953.420416933593,0.31303183501657844
/lustre/orion/lrn070/world-shared/mlupopa/RHEAs_HydraGNN/HydraGNN/examples/vasp_solid_solution_alloys/dataset/bcc_NbZr/Nb-Zr/Zr112Nb16/case-9,0.875,2.952837055136719,2952.837055136719,0.24219376684506475
/lustre/orion/lrn070/world-shared/mlupopa/RHEAs_HydraGNN/HydraGNN/examples/vasp_solid_solution_alloys/dataset/bcc_NbZr/Nb-Zr/Zr112Nb16/case-90,0.875,2.9493209460742182,2949.320946074218,0.2586929917147156
/lustre/orion/lrn070/world-shared/mlupopa/RHEAs_HydraGNN/HydraGNN/examples/vasp_solid_solution_alloys/dataset/bcc_NbZr/Nb-Zr/Zr112Nb16/case-91,0.875,2.949001216230469,2949.0012162304693,0.27922952893749386
/lustre/orion/lrn070/world-shared/mlupopa/RHEAs_HydraGNN/HydraGNN/examples/vasp_solid_solution_alloys/dataset/bcc_NbZr/Nb-Zr/Zr112Nb16/case-92,0.875,2.948893939511718,2948.893939511718,0.2767159649592685
/lustre/orion/lrn070/world-shared/mlupopa/RHEAs_HydraGNN/HydraGNN/examples/vasp_solid_solution_alloys/dataset/bcc_NbZr/Nb-Zr/Zr112Nb16/case-93,0.875,2.952761288886718,2952.761288886718,0.23693493404477556
/lustre/orion/lrn070/world-shared/mlupopa/RHEAs_HydraGNN/HydraGNN/examples/vasp_solid_solution_alloys/dataset/bcc_NbZr/Nb-Zr/Zr112Nb16/case-94,0.875,2.9541914708398433,2954.1914708398435,0.23979312800321853
/lustre/orion/lrn070/world-shared/mlupopa/RHEAs_HydraGNN/HydraGNN/examples/vasp_solid_solution_alloys/dataset/bcc_NbZr/Nb-Zr/Zr112Nb16/case-95,0.875,2.9557252847460944,2955.7252847460945,0.23698347075470505
/lustre/orion/lrn070/world-shared/mlupopa/RHEAs_HydraGNN/HydraGNN/examples/vasp_solid_solution_alloys/dataset/bcc_NbZr/Nb-Zr/Zr112Nb16/case-96,0.875,2.954301923652343,2954.3019236523432,0.2329111785979149
/lustre/orion/lrn070/world-shared/mlupopa/RHEAs_HydraGNN/HydraGNN/examples/vasp_solid_solution_alloys/dataset/bcc_NbZr/Nb-Zr/Zr112Nb16/case-98,0.875,2.954049769824218,2954.049769824218,0.2365182259204547
/lustre/orion/lrn070/world-shared/mlupopa/RHEAs_HydraGNN/HydraGNN/examples/vasp_solid_solution_alloys/dataset/bcc_NbZr/Nb-Zr/Zr112Nb16/case-99,0.875,2.952382324667969,2952.382324667969,0.23951350228715226
/lustre/orion/lrn070/world-shared/mlupopa/RHEAs_HydraGNN/HydraGNN/examples/vasp_solid_solution_alloys/dataset/bcc_NbZr/Nb-Zr/Zr116Nb12/case-1,0.90625,3.0516745020361338,3051.6745020361336,0.25475942084894826
/lustre/orion/lrn070/world-shared/mlupopa/RHEAs_HydraGNN/HydraGNN/examples/vasp_solid_solution_alloys/dataset/bcc_NbZr/Nb-Zr/Zr116Nb12/case-10,0.90625,3.0478379326611336,3047.8379326611334,0.31857788352851113
/lustre/orion/lrn070/world-shared/mlupopa/RHEAs_HydraGNN/HydraGNN/examples/vasp_solid_solution_alloys/dataset/bcc_NbZr/Nb-Zr/Zr116Nb12/case-100,0.90625,3.106848271723633,3106.8482717236334,0.16960358738948428
/lustre/orion/lrn070/world-shared/mlupopa/RHEAs_HydraGNN/HydraGNN/examples/vasp_solid_solution_alloys/dataset/bcc_NbZr/Nb-Zr/Zr116Nb12/case-11,0.90625,3.0498570761767585,3049.8570761767587,0.2535898579735793
/lustre/orion/lrn070/world-shared/mlupopa/RHEAs_HydraGNN/HydraGNN/examples/vasp_solid_solution_alloys/dataset/bcc_NbZr/Nb-Zr/Zr116Nb12/case-12,0.90625,3.049401778754884,3049.401778754884,0.27933332421335394
/lustre/orion/lrn070/world-shared/mlupopa/RHEAs_HydraGNN/HydraGNN/examples/vasp_solid_solution_alloys/dataset/bcc_NbZr/Nb-Zr/Zr116Nb12/case-13,0.90625,3.046880551176759,3046.880551176759,0.3207310224841545
/lustre/orion/lrn070/world-shared/mlupopa/RHEAs_HydraGNN/HydraGNN/examples/vasp_solid_solution_alloys/dataset/bcc_NbZr/Nb-Zr/Zr116Nb12/case-14,0.90625,3.046167729458009,3046.167729458009,0.3046451494905847
/lustre/orion/lrn070/world-shared/mlupopa/RHEAs_HydraGNN/HydraGNN/examples/vasp_solid_solution_alloys/dataset/bcc_NbZr/Nb-Zr/Zr116Nb12/case-15,0.90625,3.054636996879884,3054.636996879884,0.2624639806210507
/lustre/orion/lrn070/world-shared/mlupopa/RHEAs_HydraGNN/HydraGNN/examples/vasp_solid_solution_alloys/dataset/bcc_NbZr/Nb-Zr/Zr116Nb12/case-16,0.90625,3.046290368051759,3046.290368051759,0.3481247923504113
/lustre/orion/lrn070/world-shared/mlupopa/RHEAs_HydraGNN/HydraGNN/examples/vasp_solid_solution_alloys/dataset/bcc_NbZr/Nb-Zr/Zr116Nb12/case-17,0.90625,3.0556669727392585,3055.6669727392587,0.24273481691920484
/lustre/orion/lrn070/world-shared/mlupopa/RHEAs_HydraGNN/HydraGNN/examples/vasp_solid_solution_alloys/dataset/bcc_NbZr/Nb-Zr/Zr116Nb12/case-18,0.90625,3.0509405840673836,3050.9405840673835,0.25234635874420247
/lustre/orion/lrn070/world-shared/mlupopa/RHEAs_HydraGNN/HydraGNN/examples/vasp_solid_solution_alloys/dataset/bcc_NbZr/Nb-Zr/Zr116Nb12/case-19,0.90625,3.0507577257861342,3050.7577257861344,0.269348916395884
/lustre/orion/lrn070/world-shared/mlupopa/RHEAs_HydraGNN/HydraGNN/examples/vasp_solid_solution_alloys/dataset/bcc_NbZr/Nb-Zr/Zr116Nb12/case-2,0.90625,3.052541581020508,3052.5415810205077,0.25545950723330424
/lustre/orion/lrn070/world-shared/mlupopa/RHEAs_HydraGNN/HydraGNN/examples/vasp_solid_solution_alloys/dataset/bcc_NbZr/Nb-Zr/Zr116Nb12/case-20,0.90625,3.048144441176758,3048.144441176758,0.30452789376082917
/lustre/orion/lrn070/world-shared/mlupopa/RHEAs_HydraGNN/HydraGNN/examples/vasp_solid_solution_alloys/dataset/bcc_NbZr/Nb-Zr/Zr116Nb12/case-3,0.90625,3.050256404770508,3050.2564047705077,0.2523960143696841
/lustre/orion/lrn070/world-shared/mlupopa/RHEAs_HydraGNN/HydraGNN/examples/vasp_solid_solution_alloys/dataset/bcc_NbZr/Nb-Zr/Zr116Nb12/case-4,0.90625,3.048523926645508,3048.5239266455083,0.3317654374295398
/lustre/orion/lrn070/world-shared/mlupopa/RHEAs_HydraGNN/HydraGNN/examples/vasp_solid_solution_alloys/dataset/bcc_NbZr/Nb-Zr/Zr116Nb12/case-41,0.90625,3.0510553229736335,3051.0553229736333,0.38042273716957314
/lustre/orion/lrn070/world-shared/mlupopa/RHEAs_HydraGNN/HydraGNN/examples/vasp_solid_solution_alloys/dataset/bcc_NbZr/Nb-Zr/Zr116Nb12/case-42,0.90625,3.055532738364258,3055.532738364258,0.2628258536113194
/lustre/orion/lrn070/world-shared/mlupopa/RHEAs_HydraGNN/HydraGNN/examples/vasp_solid_solution_alloys/dataset/bcc_NbZr/Nb-Zr/Zr116Nb12/case-43,0.90625,3.048016388676759,3048.0163886767587,0.35290485229610025
/lustre/orion/lrn070/world-shared/mlupopa/RHEAs_HydraGNN/HydraGNN/examples/vasp_solid_solution_alloys/dataset/bcc_NbZr/Nb-Zr/Zr116Nb12/case-44,0.90625,3.0518296593017595,3051.8296593017594,0.3323048859894855
/lustre/orion/lrn070/world-shared/mlupopa/RHEAs_HydraGNN/HydraGNN/examples/vasp_solid_solution_alloys/dataset/bcc_NbZr/Nb-Zr/Zr116Nb12/case-45,0.90625,3.0450825389111333,3045.0825389111333,0.305210751947567
/lustre/orion/lrn070/world-shared/mlupopa/RHEAs_HydraGNN/HydraGNN/examples/vasp_solid_solution_alloys/dataset/bcc_NbZr/Nb-Zr/Zr116Nb12/case-46,0.90625,3.0436295535205087,3043.6295535205086,0.3124631058883914
/lustre/orion/lrn070/world-shared/mlupopa/RHEAs_HydraGNN/HydraGNN/examples/vasp_solid_solution_alloys/dataset/bcc_NbZr/Nb-Zr/Zr116Nb12/case-47,0.90625,3.045523627739259,3045.523627739259,0.32788296142990786
/lustre/orion/lrn070/world-shared/mlupopa/RHEAs_HydraGNN/HydraGNN/examples/vasp_solid_solution_alloys/dataset/bcc_NbZr/Nb-Zr/Zr116Nb12/case-48,0.90625,3.0493411002392588,3049.3411002392586,0.31986053900872996
/lustre/orion/lrn070/world-shared/mlupopa/RHEAs_HydraGNN/HydraGNN/examples/vasp_solid_solution_alloys/dataset/bcc_NbZr/Nb-Zr/Zr116Nb12/case-49,0.90625,3.0438477849267596,3043.8477849267597,0.320120529795255
/lustre/orion/lrn070/world-shared/mlupopa/RHEAs_HydraGNN/HydraGNN/examples/vasp_solid_solution_alloys/dataset/bcc_NbZr/Nb-Zr/Zr116Nb12/case-5,0.90625,3.045721213129884,3045.721213129884,0.29874071886534004
/lustre/orion/lrn070/world-shared/mlupopa/RHEAs_HydraGNN/HydraGNN/examples/vasp_solid_solution_alloys/dataset/bcc_NbZr/Nb-Zr/Zr116Nb12/case-50,0.90625,3.0516801739111337,3051.680173911134,0.2512279910387466
/lustre/orion/lrn070/world-shared/mlupopa/RHEAs_HydraGNN/HydraGNN/examples/vasp_solid_solution_alloys/dataset/bcc_NbZr/Nb-Zr/Zr116Nb12/case-51,0.90625,3.0465144057861338,3046.514405786134,0.3174349050206479
/lustre/orion/lrn070/world-shared/mlupopa/RHEAs_HydraGNN/HydraGNN/examples/vasp_solid_solution_alloys/dataset/bcc_NbZr/Nb-Zr/Zr116Nb12/case-52,0.90625,3.0504250334423837,3050.4250334423837,0.3246786671683812
/lustre/orion/lrn070/world-shared/mlupopa/RHEAs_HydraGNN/HydraGNN/examples/vasp_solid_solution_alloys/dataset/bcc_NbZr/Nb-Zr/Zr116Nb12/case-53,0.90625,3.050642833051759,3050.6428330517588,0.31680216620979135
/lustre/orion/lrn070/world-shared/mlupopa/RHEAs_HydraGNN/HydraGNN/examples/vasp_solid_solution_alloys/dataset/bcc_NbZr/Nb-Zr/Zr116Nb12/case-54,0.90625,3.0495898467236344,3049.5898467236343,0.2772225808974535
/lustre/orion/lrn070/world-shared/mlupopa/RHEAs_HydraGNN/HydraGNN/examples/vasp_solid_solution_alloys/dataset/bcc_NbZr/Nb-Zr/Zr116Nb12/case-55,0.90625,3.0490260087548844,3049.0260087548845,0.3188762098031274
/lustre/orion/lrn070/world-shared/mlupopa/RHEAs_HydraGNN/HydraGNN/examples/vasp_solid_solution_alloys/dataset/bcc_NbZr/Nb-Zr/Zr116Nb12/case-56,0.90625,3.0460516682861343,3046.0516682861344,0.29633482112599296
/lustre/orion/lrn070/world-shared/mlupopa/RHEAs_HydraGNN/HydraGNN/examples/vasp_solid_solution_alloys/dataset/bcc_NbZr/Nb-Zr/Zr116Nb12/case-57,0.90625,3.044911698754884,3044.911698754884,0.32458628900746606
/lustre/orion/lrn070/world-shared/mlupopa/RHEAs_HydraGNN/HydraGNN/examples/vasp_solid_solution_alloys/dataset/bcc_NbZr/Nb-Zr/Zr116Nb12/case-58,0.90625,3.0527601894580094,3052.7601894580093,0.37561019357508324
/lustre/orion/lrn070/world-shared/mlupopa/RHEAs_HydraGNN/HydraGNN/examples/vasp_solid_solution_alloys/dataset/bcc_NbZr/Nb-Zr/Zr116Nb12/case-59,0.90625,3.0493490199267583,3049.3490199267585,0.2986999019794097
/lustre/orion/lrn070/world-shared/mlupopa/RHEAs_HydraGNN/HydraGNN/examples/vasp_solid_solution_alloys/dataset/bcc_NbZr/Nb-Zr/Zr116Nb12/case-6,0.90625,3.050688751098633,3050.688751098633,0.26625003870923636
/lustre/orion/lrn070/world-shared/mlupopa/RHEAs_HydraGNN/HydraGNN/examples/vasp_solid_solution_alloys/dataset/bcc_NbZr/Nb-Zr/Zr116Nb12/case-60,0.90625,3.0493329510986342,3049.332951098634,0.3212766869697265
/lustre/orion/lrn070/world-shared/mlupopa/RHEAs_HydraGNN/HydraGNN/examples/vasp_solid_solution_alloys/dataset/bcc_NbZr/Nb-Zr/Zr116Nb12/case-61,0.90625,3.048088699848634,3048.088699848634,0.3213550661596153
/lustre/orion/lrn070/world-shared/mlupopa/RHEAs_HydraGNN/HydraGNN/examples/vasp_solid_solution_alloys/dataset/bcc_NbZr/Nb-Zr/Zr116Nb12/case-62,0.90625,3.0532622395361333,3053.262239536133,0.2540409293702339
/lustre/orion/lrn070/world-shared/mlupopa/RHEAs_HydraGNN/HydraGNN/examples/vasp_solid_solution_alloys/dataset/bcc_NbZr/Nb-Zr/Zr116Nb12/case-63,0.90625,3.053526593520509,3053.526593520509,0.2623105089115523
/lustre/orion/lrn070/world-shared/mlupopa/RHEAs_HydraGNN/HydraGNN/examples/vasp_solid_solution_alloys/dataset/bcc_NbZr/Nb-Zr/Zr116Nb12/case-64,0.90625,3.042701020864259,3042.7010208642587,0.3186810926151542
/lustre/orion/lrn070/world-shared/mlupopa/RHEAs_HydraGNN/HydraGNN/examples/vasp_solid_solution_alloys/dataset/bcc_NbZr/Nb-Zr/Zr116Nb12/case-65,0.90625,3.0543820313330095,3054.3820313330093,0.2660701084815653
/lustre/orion/lrn070/world-shared/mlupopa/RHEAs_HydraGNN/HydraGNN/examples/vasp_solid_solution_alloys/dataset/bcc_NbZr/Nb-Zr/Zr116Nb12/case-66,0.90625,3.0527410093017586,3052.741009301759,0.25216307081502276
/lustre/orion/lrn070/world-shared/mlupopa/RHEAs_HydraGNN/HydraGNN/examples/vasp_solid_solution_alloys/dataset/bcc_NbZr/Nb-Zr/Zr116Nb12/case-67,0.90625,3.051991815629883,3051.9918156298827,0.2912334359958205
/lustre/orion/lrn070/world-shared/mlupopa/RHEAs_HydraGNN/HydraGNN/examples/vasp_solid_solution_alloys/dataset/bcc_NbZr/Nb-Zr/Zr116Nb12/case-68,0.90625,3.0512470788330095,3051.2470788330097,0.26982735545123077
/lustre/orion/lrn070/world-shared/mlupopa/RHEAs_HydraGNN/HydraGNN/examples/vasp_solid_solution_alloys/dataset/bcc_NbZr/Nb-Zr/Zr116Nb12/case-69,0.90625,3.052212407583008,3052.2124075830084,0.2622258783479067
/lustre/orion/lrn070/world-shared/mlupopa/RHEAs_HydraGNN/HydraGNN/examples/vasp_solid_solution_alloys/dataset/bcc_NbZr/Nb-Zr/Zr116Nb12/case-7,0.90625,3.0488853471142594,3048.8853471142593,0.3107623362852769
/lustre/orion/lrn070/world-shared/mlupopa/RHEAs_HydraGNN/HydraGNN/examples/vasp_solid_solution_alloys/dataset/bcc_NbZr/Nb-Zr/Zr116Nb12/case-70,0.90625,3.050041495629884,3050.041495629884,0.3083638168413398
/lustre/orion/lrn070/world-shared/mlupopa/RHEAs_HydraGNN/HydraGNN/examples/vasp_solid_solution_alloys/dataset/bcc_NbZr/Nb-Zr/Zr116Nb12/case-71,0.90625,3.046960917348633,3046.960917348633,0.3719237684062404
/lustre/orion/lrn070/world-shared/mlupopa/RHEAs_HydraGNN/HydraGNN/examples/vasp_solid_solution_alloys/dataset/bcc_NbZr/Nb-Zr/Zr116Nb12/case-72,0.90625,3.0483556947705086,3048.3556947705088,0.32005345688844733
/lustre/orion/lrn070/world-shared/mlupopa/RHEAs_HydraGNN/HydraGNN/examples/vasp_solid_solution_alloys/dataset/bcc_NbZr/Nb-Zr/Zr116Nb12/case-73,0.90625,3.049767015551758,3049.767015551758,0.36360010158872
/lustre/orion/lrn070/world-shared/mlupopa/RHEAs_HydraGNN/HydraGNN/examples/vasp_solid_solution_alloys/dataset/bcc_NbZr/Nb-Zr/Zr116Nb12/case-74,0.90625,3.046139261958009,3046.1392619580092,0.31036833051584767
/lustre/orion/lrn070/world-shared/mlupopa/RHEAs_HydraGNN/HydraGNN/examples/vasp_solid_solution_alloys/dataset/bcc_NbZr/Nb-Zr/Zr116Nb12/case-75,0.90625,3.050830003989258,3050.8300039892583,0.30745462070464447
/lustre/orion/lrn070/world-shared/mlupopa/RHEAs_HydraGNN/HydraGNN/examples/vasp_solid_solution_alloys/dataset/bcc_NbZr/Nb-Zr/Zr116Nb12/case-76,0.90625,3.0519083014892594,3051.9083014892594,0.29258269338621495
/lustre/orion/lrn070/world-shared/mlupopa/RHEAs_HydraGNN/HydraGNN/examples/vasp_solid_solution_alloys/dataset/bcc_NbZr/Nb-Zr/Zr116Nb12/case-77,0.90625,3.051109795708008,3051.1097957080083,0.2604926939871034
/lustre/orion/lrn070/world-shared/mlupopa/RHEAs_HydraGNN/HydraGNN/examples/vasp_solid_solution_alloys/dataset/bcc_NbZr/Nb-Zr/Zr116Nb12/case-78,0.90625,3.0513240719580086,3051.3240719580085,0.2837989439623629
/lustre/orion/lrn070/world-shared/mlupopa/RHEAs_HydraGNN/HydraGNN/examples/vasp_solid_solution_alloys/dataset/bcc_NbZr/Nb-Zr/Zr116Nb12/case-79,0.90625,3.0444825161767586,3044.4825161767585,0.3038940242359266
/lustre/orion/lrn070/world-shared/mlupopa/RHEAs_HydraGNN/HydraGNN/examples/vasp_solid_solution_alloys/dataset/bcc_NbZr/Nb-Zr/Zr116Nb12/case-8,0.90625,3.050456942895508,3050.456942895508,0.2569693661073388
/lustre/orion/lrn070/world-shared/mlupopa/RHEAs_HydraGNN/HydraGNN/examples/vasp_solid_solution_alloys/dataset/bcc_NbZr/Nb-Zr/Zr116Nb12/case-80,0.90625,3.051576207114259,3051.576207114259,0.2589397123041721
/lustre/orion/lrn070/world-shared/mlupopa/RHEAs_HydraGNN/HydraGNN/examples/vasp_solid_solution_alloys/dataset/bcc_NbZr/Nb-Zr/Zr116Nb12/case-81,0.90625,3.0449111168798844,3044.9111168798845,0.3118645108334124
/lustre/orion/lrn070/world-shared/mlupopa/RHEAs_HydraGNN/HydraGNN/examples/vasp_solid_solution_alloys/dataset/bcc_NbZr/Nb-Zr/Zr116Nb12/case-82,0.90625,3.049932559223633,3049.932559223633,0.30991791649767997
/lustre/orion/lrn070/world-shared/mlupopa/RHEAs_HydraGNN/HydraGNN/examples/vasp_solid_solution_alloys/dataset/bcc_NbZr/Nb-Zr/Zr116Nb12/case-83,0.90625,3.0459213635205096,3045.9213635205097,0.3143908497552285
/lustre/orion/lrn070/world-shared/mlupopa/RHEAs_HydraGNN/HydraGNN/examples/vasp_solid_solution_alloys/dataset/bcc_NbZr/Nb-Zr/Zr116Nb12/case-85,0.90625,3.045684772036134,3045.6847720361343,0.32883829076910753
/lustre/orion/lrn070/world-shared/mlupopa/RHEAs_HydraGNN/HydraGNN/examples/vasp_solid_solution_alloys/dataset/bcc_NbZr/Nb-Zr/Zr116Nb12/case-87,0.90625,3.0506911903173837,3050.6911903173836,0.309305710441366
/lustre/orion/lrn070/world-shared/mlupopa/RHEAs_HydraGNN/HydraGNN/examples/vasp_solid_solution_alloys/dataset/bcc_NbZr/Nb-Zr/Zr116Nb12/case-88,0.90625,3.088920549692384,3088.920549692384,0.21553329066260485
/lustre/orion/lrn070/world-shared/mlupopa/RHEAs_HydraGNN/HydraGNN/examples/vasp_solid_solution_alloys/dataset/bcc_NbZr/Nb-Zr/Zr116Nb12/case-89,0.90625,3.0892509039892584,3089.2509039892584,0.21980043555202874
/lustre/orion/lrn070/world-shared/mlupopa/RHEAs_HydraGNN/HydraGNN/examples/vasp_solid_solution_alloys/dataset/bcc_NbZr/Nb-Zr/Zr116Nb12/case-9,0.90625,3.052007068208008,3052.0070682080077,0.29162395566394217
/lustre/orion/lrn070/world-shared/mlupopa/RHEAs_HydraGNN/HydraGNN/examples/vasp_solid_solution_alloys/dataset/bcc_NbZr/Nb-Zr/Zr116Nb12/case-90,0.90625,3.0936863308642586,3093.6863308642587,0.21907933445481328
/lustre/orion/lrn070/world-shared/mlupopa/RHEAs_HydraGNN/HydraGNN/examples/vasp_solid_solution_alloys/dataset/bcc_NbZr/Nb-Zr/Zr116Nb12/case-91,0.90625,3.0887695671142588,3088.7695671142587,0.23102803456207227
/lustre/orion/lrn070/world-shared/mlupopa/RHEAs_HydraGNN/HydraGNN/examples/vasp_solid_solution_alloys/dataset/bcc_NbZr/Nb-Zr/Zr116Nb12/case-92,0.90625,3.0907483650830088,3090.7483650830086,0.2191969876689734
/lustre/orion/lrn070/world-shared/mlupopa/RHEAs_HydraGNN/HydraGNN/examples/vasp_solid_solution_alloys/dataset/bcc_NbZr/Nb-Zr/Zr116Nb12/case-93,0.90625,3.089928327192384,3089.9283271923837,0.22466516327173053
/lustre/orion/lrn070/world-shared/mlupopa/RHEAs_HydraGNN/HydraGNN/examples/vasp_solid_solution_alloys/dataset/bcc_NbZr/Nb-Zr/Zr116Nb12/case-94,0.90625,3.0908030607080086,3090.8030607080086,0.21700400864128933
/lustre/orion/lrn070/world-shared/mlupopa/RHEAs_HydraGNN/HydraGNN/examples/vasp_solid_solution_alloys/dataset/bcc_NbZr/Nb-Zr/Zr116Nb12/case-95,0.90625,3.092463233286134,3092.463233286134,0.2240449991280608
/lustre/orion/lrn070/world-shared/mlupopa/RHEAs_HydraGNN/HydraGNN/examples/vasp_solid_solution_alloys/dataset/bcc_NbZr/Nb-Zr/Zr116Nb12/case-96,0.90625,3.0919350108642583,3091.9350108642584,0.21728908240767827
/lustre/orion/lrn070/world-shared/mlupopa/RHEAs_HydraGNN/HydraGNN/examples/vasp_solid_solution_alloys/dataset/bcc_NbZr/Nb-Zr/Zr116Nb12/case-97,0.90625,3.089938044301759,3089.938044301759,0.23897172930359442
/lustre/orion/lrn070/world-shared/mlupopa/RHEAs_HydraGNN/HydraGNN/examples/vasp_solid_solution_alloys/dataset/bcc_NbZr/Nb-Zr/Zr116Nb12/case-98,0.90625,3.094020783989258,3094.020783989258,0.1905924549776497
/lustre/orion/lrn070/world-shared/mlupopa/RHEAs_HydraGNN/HydraGNN/examples/vasp_solid_solution_alloys/dataset/bcc_NbZr/Nb-Zr/Zr116Nb12/case-99,0.90625,3.1015494275048834,3101.549427504883,0.1547423085741476
/lustre/orion/lrn070/world-shared/mlupopa/RHEAs_HydraGNN/HydraGNN/examples/vasp_solid_solution_alloys/dataset/bcc_NbZr/Nb-Zr/Zr120Nb8/case-1,0.9375,3.1392135319824224,3139.2135319824224,0.3396418301712705
/lustre/orion/lrn070/world-shared/mlupopa/RHEAs_HydraGNN/HydraGNN/examples/vasp_solid_solution_alloys/dataset/bcc_NbZr/Nb-Zr/Zr120Nb8/case-10,0.9375,3.141058686513672,3141.058686513672,0.34125162631987077
/lustre/orion/lrn070/world-shared/mlupopa/RHEAs_HydraGNN/HydraGNN/examples/vasp_solid_solution_alloys/dataset/bcc_NbZr/Nb-Zr/Zr120Nb8/case-100,0.9375,3.146170758935547,3146.170758935547,0.3392363404481373
/lustre/orion/lrn070/world-shared/mlupopa/RHEAs_HydraGNN/HydraGNN/examples/vasp_solid_solution_alloys/dataset/bcc_NbZr/Nb-Zr/Zr120Nb8/case-11,0.9375,3.1429923509667965,3142.9923509667965,0.38103468541433716
/lustre/orion/lrn070/world-shared/mlupopa/RHEAs_HydraGNN/HydraGNN/examples/vasp_solid_solution_alloys/dataset/bcc_NbZr/Nb-Zr/Zr120Nb8/case-12,0.9375,3.1413771854199215,3141.3771854199217,0.3531802790143207
/lustre/orion/lrn070/world-shared/mlupopa/RHEAs_HydraGNN/HydraGNN/examples/vasp_solid_solution_alloys/dataset/bcc_NbZr/Nb-Zr/Zr120Nb8/case-13,0.9375,3.1436695606542973,3143.669560654297,0.3840723505828627
/lustre/orion/lrn070/world-shared/mlupopa/RHEAs_HydraGNN/HydraGNN/examples/vasp_solid_solution_alloys/dataset/bcc_NbZr/Nb-Zr/Zr120Nb8/case-14,0.9375,3.139578224326172,3139.578224326172,0.37138194141590936
/lustre/orion/lrn070/world-shared/mlupopa/RHEAs_HydraGNN/HydraGNN/examples/vasp_solid_solution_alloys/dataset/bcc_NbZr/Nb-Zr/Zr120Nb8/case-15,0.9375,3.1436556967480467,3143.6556967480465,0.38105734794426516
/lustre/orion/lrn070/world-shared/mlupopa/RHEAs_HydraGNN/HydraGNN/examples/vasp_solid_solution_alloys/dataset/bcc_NbZr/Nb-Zr/Zr120Nb8/case-16,0.9375,3.1417953102636726,3141.7953102636725,0.35287775371999724
/lustre/orion/lrn070/world-shared/mlupopa/RHEAs_HydraGNN/HydraGNN/examples/vasp_solid_solution_alloys/dataset/bcc_NbZr/Nb-Zr/Zr120Nb8/case-17,0.9375,3.1453759432324215,3145.3759432324214,0.4158886082280017
/lustre/orion/lrn070/world-shared/mlupopa/RHEAs_HydraGNN/HydraGNN/examples/vasp_solid_solution_alloys/dataset/bcc_NbZr/Nb-Zr/Zr120Nb8/case-18,0.9375,3.1434553582324227,3143.455358232423,0.3985062460824351
/lustre/orion/lrn070/world-shared/mlupopa/RHEAs_HydraGNN/HydraGNN/examples/vasp_solid_solution_alloys/dataset/bcc_NbZr/Nb-Zr/Zr120Nb8/case-19,0.9375,3.143207310498047,3143.2073104980473,0.4143802478066615
/lustre/orion/lrn070/world-shared/mlupopa/RHEAs_HydraGNN/HydraGNN/examples/vasp_solid_solution_alloys/dataset/bcc_NbZr/Nb-Zr/Zr120Nb8/case-2,0.9375,3.1480255912792963,3148.0255912792963,0.3617249614271229
/lustre/orion/lrn070/world-shared/mlupopa/RHEAs_HydraGNN/HydraGNN/examples/vasp_solid_solution_alloys/dataset/bcc_NbZr/Nb-Zr/Zr120Nb8/case-20,0.9375,3.1394785770605473,3139.478577060547,0.39558355427254777
/lustre/orion/lrn070/world-shared/mlupopa/RHEAs_HydraGNN/HydraGNN/examples/vasp_solid_solution_alloys/dataset/bcc_NbZr/Nb-Zr/Zr120Nb8/case-3,0.9375,3.1415790062011713,3141.579006201171,0.3512713180806638
/lustre/orion/lrn070/world-shared/mlupopa/RHEAs_HydraGNN/HydraGNN/examples/vasp_solid_solution_alloys/dataset/bcc_NbZr/Nb-Zr/Zr120Nb8/case-4,0.9375,3.141553628779297,3141.553628779297,0.34351071308359143
/lustre/orion/lrn070/world-shared/mlupopa/RHEAs_HydraGNN/HydraGNN/examples/vasp_solid_solution_alloys/dataset/bcc_NbZr/Nb-Zr/Zr120Nb8/case-41,0.9375,3.1429117215136717,3142.9117215136716,0.38836259229276104
/lustre/orion/lrn070/world-shared/mlupopa/RHEAs_HydraGNN/HydraGNN/examples/vasp_solid_solution_alloys/dataset/bcc_NbZr/Nb-Zr/Zr120Nb8/case-42,0.9375,3.1418366487011724,3141.8366487011726,0.36587825194675716
/lustre/orion/lrn070/world-shared/mlupopa/RHEAs_HydraGNN/HydraGNN/examples/vasp_solid_solution_alloys/dataset/bcc_NbZr/Nb-Zr/Zr120Nb8/case-43,0.9375,3.1420698336230473,3142.069833623047,0.3722958427483666
/lustre/orion/lrn070/world-shared/mlupopa/RHEAs_HydraGNN/HydraGNN/examples/vasp_solid_solution_alloys/dataset/bcc_NbZr/Nb-Zr/Zr120Nb8/case-44,0.9375,3.1438643549511713,3143.864354951171,0.35657905831565373
/lustre/orion/lrn070/world-shared/mlupopa/RHEAs_HydraGNN/HydraGNN/examples/vasp_solid_solution_alloys/dataset/bcc_NbZr/Nb-Zr/Zr120Nb8/case-45,0.9375,3.1424592626855468,3142.459262685547,0.37083857311047785
/lustre/orion/lrn070/world-shared/mlupopa/RHEAs_HydraGNN/HydraGNN/examples/vasp_solid_solution_alloys/dataset/bcc_NbZr/Nb-Zr/Zr120Nb8/case-46,0.9375,3.143425744248047,3143.425744248047,0.3880658724964985
/lustre/orion/lrn070/world-shared/mlupopa/RHEAs_HydraGNN/HydraGNN/examples/vasp_solid_solution_alloys/dataset/bcc_NbZr/Nb-Zr/Zr120Nb8/case-47,0.9375,3.142372097919923,3142.372097919923,0.3675744086100429
/lustre/orion/lrn070/world-shared/mlupopa/RHEAs_HydraGNN/HydraGNN/examples/vasp_solid_solution_alloys/dataset/bcc_NbZr/Nb-Zr/Zr120Nb8/case-48,0.9375,3.140051236201172,3140.0512362011723,0.3352568380082587
/lustre/orion/lrn070/world-shared/mlupopa/RHEAs_HydraGNN/HydraGNN/examples/vasp_solid_solution_alloys/dataset/bcc_NbZr/Nb-Zr/Zr120Nb8/case-49,0.9375,3.138970521669922,3138.970521669922,0.39023809463773645
/lustre/orion/lrn070/world-shared/mlupopa/RHEAs_HydraGNN/HydraGNN/examples/vasp_solid_solution_alloys/dataset/bcc_NbZr/Nb-Zr/Zr120Nb8/case-5,0.9375,3.141631198388671,3141.6311983886712,0.3994919568568874
/lustre/orion/lrn070/world-shared/mlupopa/RHEAs_HydraGNN/HydraGNN/examples/vasp_solid_solution_alloys/dataset/bcc_NbZr/Nb-Zr/Zr120Nb8/case-50,0.9375,3.1409473028417967,3140.9473028417965,0.41661551967931243
/lustre/orion/lrn070/world-shared/mlupopa/RHEAs_HydraGNN/HydraGNN/examples/vasp_solid_solution_alloys/dataset/bcc_NbZr/Nb-Zr/Zr120Nb8/case-51,0.9375,3.142946250966798,3142.946250966798,0.38692560088694883
/lustre/orion/lrn070/world-shared/mlupopa/RHEAs_HydraGNN/HydraGNN/examples/vasp_solid_solution_alloys/dataset/bcc_NbZr/Nb-Zr/Zr120Nb8/case-52,0.9375,3.141707163857422,3141.707163857422,0.3373967043728726
/lustre/orion/lrn070/world-shared/mlupopa/RHEAs_HydraGNN/HydraGNN/examples/vasp_solid_solution_alloys/dataset/bcc_NbZr/Nb-Zr/Zr120Nb8/case-53,0.9375,3.1423075579980466,3142.307557998047,0.392964255224319
/lustre/orion/lrn070/world-shared/mlupopa/RHEAs_HydraGNN/HydraGNN/examples/vasp_solid_solution_alloys/dataset/bcc_NbZr/Nb-Zr/Zr120Nb8/case-54,0.9375,3.1439397439355474,3143.9397439355475,0.3788500013692648
/lustre/orion/lrn070/world-shared/mlupopa/RHEAs_HydraGNN/HydraGNN/examples/vasp_solid_solution_alloys/dataset/bcc_NbZr/Nb-Zr/Zr120Nb8/case-55,0.9375,3.1442737376855465,3144.2737376855466,0.30136984640876274
/lustre/orion/lrn070/world-shared/mlupopa/RHEAs_HydraGNN/HydraGNN/examples/vasp_solid_solution_alloys/dataset/bcc_NbZr/Nb-Zr/Zr120Nb8/case-56,0.9375,3.1514636217480465,3151.4636217480465,0.30467153360406246
/lustre/orion/lrn070/world-shared/mlupopa/RHEAs_HydraGNN/HydraGNN/examples/vasp_solid_solution_alloys/dataset/bcc_NbZr/Nb-Zr/Zr120Nb8/case-57,0.9375,3.1423672617480474,3142.3672617480474,0.36610128484662735
/lustre/orion/lrn070/world-shared/mlupopa/RHEAs_HydraGNN/HydraGNN/examples/vasp_solid_solution_alloys/dataset/bcc_NbZr/Nb-Zr/Zr120Nb8/case-58,0.9375,3.155184929482422,3155.184929482422,0.2508458866307589
/lustre/orion/lrn070/world-shared/mlupopa/RHEAs_HydraGNN/HydraGNN/examples/vasp_solid_solution_alloys/dataset/bcc_NbZr/Nb-Zr/Zr120Nb8/case-59,0.9375,3.139375799873047,3139.375799873047,0.35906817349807035
/lustre/orion/lrn070/world-shared/mlupopa/RHEAs_HydraGNN/HydraGNN/examples/vasp_solid_solution_alloys/dataset/bcc_NbZr/Nb-Zr/Zr120Nb8/case-6,0.9375,3.141689509404298,3141.689509404298,0.35670242564859034
/lustre/orion/lrn070/world-shared/mlupopa/RHEAs_HydraGNN/HydraGNN/examples/vasp_solid_solution_alloys/dataset/bcc_NbZr/Nb-Zr/Zr120Nb8/case-60,0.9375,3.1427939506542977,3142.7939506542975,0.3320269683891075
/lustre/orion/lrn070/world-shared/mlupopa/RHEAs_HydraGNN/HydraGNN/examples/vasp_solid_solution_alloys/dataset/bcc_NbZr/Nb-Zr/Zr120Nb8/case-61,0.9375,3.1409433089355474,3140.9433089355475,0.35704722446812764
/lustre/orion/lrn070/world-shared/mlupopa/RHEAs_HydraGNN/HydraGNN/examples/vasp_solid_solution_alloys/dataset/bcc_NbZr/Nb-Zr/Zr120Nb8/case-62,0.9375,3.1379933248730474,3137.993324873047,0.3748939943695615
/lustre/orion/lrn070/world-shared/mlupopa/RHEAs_HydraGNN/HydraGNN/examples/vasp_solid_solution_alloys/dataset/bcc_NbZr/Nb-Zr/Zr120Nb8/case-63,0.9375,3.1419747858886726,3141.9747858886726,0.3899667575272794
/lustre/orion/lrn070/world-shared/mlupopa/RHEAs_HydraGNN/HydraGNN/examples/vasp_solid_solution_alloys/dataset/bcc_NbZr/Nb-Zr/Zr120Nb8/case-64,0.9375,3.1381036405761726,3138.1036405761724,0.3700854643678454
/lustre/orion/lrn070/world-shared/mlupopa/RHEAs_HydraGNN/HydraGNN/examples/vasp_solid_solution_alloys/dataset/bcc_NbZr/Nb-Zr/Zr120Nb8/case-65,0.9375,3.141146990263671,3141.146990263671,0.4067643707645309
/lustre/orion/lrn070/world-shared/mlupopa/RHEAs_HydraGNN/HydraGNN/examples/vasp_solid_solution_alloys/dataset/bcc_NbZr/Nb-Zr/Zr120Nb8/case-66,0.9375,3.141559392451171,3141.5593924511713,0.3536246232638644
/lustre/orion/lrn070/world-shared/mlupopa/RHEAs_HydraGNN/HydraGNN/examples/vasp_solid_solution_alloys/dataset/bcc_NbZr/Nb-Zr/Zr120Nb8/case-67,0.9375,3.1396359763574218,3139.635976357422,0.3771785494147609
/lustre/orion/lrn070/world-shared/mlupopa/RHEAs_HydraGNN/HydraGNN/examples/vasp_solid_solution_alloys/dataset/bcc_NbZr/Nb-Zr/Zr120Nb8/case-68,0.9375,3.1381055022167974,3138.1055022167975,0.36830463005281083
/lustre/orion/lrn070/world-shared/mlupopa/RHEAs_HydraGNN/HydraGNN/examples/vasp_solid_solution_alloys/dataset/bcc_NbZr/Nb-Zr/Zr120Nb8/case-69,0.9375,3.1412519324511727,3141.2519324511727,0.351777322166722
/lustre/orion/lrn070/world-shared/mlupopa/RHEAs_HydraGNN/HydraGNN/examples/vasp_solid_solution_alloys/dataset/bcc_NbZr/Nb-Zr/Zr120Nb8/case-7,0.9375,3.141278765341797,3141.2787653417968,0.39143551122453435
/lustre/orion/lrn070/world-shared/mlupopa/RHEAs_HydraGNN/HydraGNN/examples/vasp_solid_solution_alloys/dataset/bcc_NbZr/Nb-Zr/Zr120Nb8/case-70,0.9375,3.1425794091699224,3142.579409169922,0.34943043958401193
/lustre/orion/lrn070/world-shared/mlupopa/RHEAs_HydraGNN/HydraGNN/examples/vasp_solid_solution_alloys/dataset/bcc_NbZr/Nb-Zr/Zr120Nb8/case-71,0.9375,3.1484721896386727,3148.4721896386727,0.3129484662316588
/lustre/orion/lrn070/world-shared/mlupopa/RHEAs_HydraGNN/HydraGNN/examples/vasp_solid_solution_alloys/dataset/bcc_NbZr/Nb-Zr/Zr120Nb8/case-72,0.9375,3.1425352683105476,3142.5352683105475,0.39854468635932927
/lustre/orion/lrn070/world-shared/mlupopa/RHEAs_HydraGNN/HydraGNN/examples/vasp_solid_solution_alloys/dataset/bcc_NbZr/Nb-Zr/Zr120Nb8/case-73,0.9375,3.1405589492480477,3140.5589492480476,0.3453242203329151
/lustre/orion/lrn070/world-shared/mlupopa/RHEAs_HydraGNN/HydraGNN/examples/vasp_solid_solution_alloys/dataset/bcc_NbZr/Nb-Zr/Zr120Nb8/case-74,0.9375,3.1421550099511713,3142.1550099511715,0.3550654284578481
/lustre/orion/lrn070/world-shared/mlupopa/RHEAs_HydraGNN/HydraGNN/examples/vasp_solid_solution_alloys/dataset/bcc_NbZr/Nb-Zr/Zr120Nb8/case-75,0.9375,3.1391438208886715,3139.1438208886716,0.3382496140529619
/lustre/orion/lrn070/world-shared/mlupopa/RHEAs_HydraGNN/HydraGNN/examples/vasp_solid_solution_alloys/dataset/bcc_NbZr/Nb-Zr/Zr120Nb8/case-76,0.9375,3.1408400283886717,3140.8400283886717,0.34563255806817894
/lustre/orion/lrn070/world-shared/mlupopa/RHEAs_HydraGNN/HydraGNN/examples/vasp_solid_solution_alloys/dataset/bcc_NbZr/Nb-Zr/Zr120Nb8/case-77,0.9375,3.141776604951172,3141.776604951172,0.3442592861286263
/lustre/orion/lrn070/world-shared/mlupopa/RHEAs_HydraGNN/HydraGNN/examples/vasp_solid_solution_alloys/dataset/bcc_NbZr/Nb-Zr/Zr120Nb8/case-78,0.9375,3.1429427147167974,3142.9427147167976,0.41453363812345156
/lustre/orion/lrn070/world-shared/mlupopa/RHEAs_HydraGNN/HydraGNN/examples/vasp_solid_solution_alloys/dataset/bcc_NbZr/Nb-Zr/Zr120Nb8/case-79,0.9375,3.140506481982422,3140.5064819824224,0.4017674926208536
/lustre/orion/lrn070/world-shared/mlupopa/RHEAs_HydraGNN/HydraGNN/examples/vasp_solid_solution_alloys/dataset/bcc_NbZr/Nb-Zr/Zr120Nb8/case-8,0.9375,3.141092439951171,3141.092439951171,0.3397452766359969
/lustre/orion/lrn070/world-shared/mlupopa/RHEAs_HydraGNN/HydraGNN/examples/vasp_solid_solution_alloys/dataset/bcc_NbZr/Nb-Zr/Zr120Nb8/case-80,0.9375,3.1388724397167973,3138.872439716797,0.34703838820886906
/lustre/orion/lrn070/world-shared/mlupopa/RHEAs_HydraGNN/HydraGNN/examples/vasp_solid_solution_alloys/dataset/bcc_NbZr/Nb-Zr/Zr120Nb8/case-81,0.9375,3.2182895503417974,3218.2895503417976,0.07042546728046839
/lustre/orion/lrn070/world-shared/mlupopa/RHEAs_HydraGNN/HydraGNN/examples/vasp_solid_solution_alloys/dataset/bcc_NbZr/Nb-Zr/Zr120Nb8/case-82,0.9375,3.2153971317480465,3215.3971317480464,0.07738412836865351
/lustre/orion/lrn070/world-shared/mlupopa/RHEAs_HydraGNN/HydraGNN/examples/vasp_solid_solution_alloys/dataset/bcc_NbZr/Nb-Zr/Zr120Nb8/case-83,0.9375,3.2260650254199223,3226.065025419922,0.006029506844556103
/lustre/orion/lrn070/world-shared/mlupopa/RHEAs_HydraGNN/HydraGNN/examples/vasp_solid_solution_alloys/dataset/bcc_NbZr/Nb-Zr/Zr120Nb8/case-84,0.9375,3.146166986669922,3146.1669866699217,0.4082178433544111
/lustre/orion/lrn070/world-shared/mlupopa/RHEAs_HydraGNN/HydraGNN/examples/vasp_solid_solution_alloys/dataset/bcc_NbZr/Nb-Zr/Zr120Nb8/case-85,0.9375,3.1450687959667967,3145.0687959667966,0.41428613942599857
/lustre/orion/lrn070/world-shared/mlupopa/RHEAs_HydraGNN/HydraGNN/examples/vasp_solid_solution_alloys/dataset/bcc_NbZr/Nb-Zr/Zr120Nb8/case-86,0.9375,3.142337000185547,3142.337000185547,0.3578285789314794
/lustre/orion/lrn070/world-shared/mlupopa/RHEAs_HydraGNN/HydraGNN/examples/vasp_solid_solution_alloys/dataset/bcc_NbZr/Nb-Zr/Zr120Nb8/case-87,0.9375,3.1391228367480473,3139.122836748047,0.3718081880721904
/lustre/orion/lrn070/world-shared/mlupopa/RHEAs_HydraGNN/HydraGNN/examples/vasp_solid_solution_alloys/dataset/bcc_NbZr/Nb-Zr/Zr120Nb8/case-88,0.9375,3.1459952963574214,3145.9952963574215,0.36837677077360914
/lustre/orion/lrn070/world-shared/mlupopa/RHEAs_HydraGNN/HydraGNN/examples/vasp_solid_solution_alloys/dataset/bcc_NbZr/Nb-Zr/Zr120Nb8/case-89,0.9375,3.1445237890136717,3144.523789013672,0.41190173532982854
/lustre/orion/lrn070/world-shared/mlupopa/RHEAs_HydraGNN/HydraGNN/examples/vasp_solid_solution_alloys/dataset/bcc_NbZr/Nb-Zr/Zr120Nb8/case-9,0.9375,3.1424073962792978,3142.4073962792977,0.38946719866622587
/lustre/orion/lrn070/world-shared/mlupopa/RHEAs_HydraGNN/HydraGNN/examples/vasp_solid_solution_alloys/dataset/bcc_NbZr/Nb-Zr/Zr120Nb8/case-90,0.9375,3.1419167508105463,3141.9167508105465,0.3646664172189776
/lustre/orion/lrn070/world-shared/mlupopa/RHEAs_HydraGNN/HydraGNN/examples/vasp_solid_solution_alloys/dataset/bcc_NbZr/Nb-Zr/Zr120Nb8/case-91,0.9375,3.1416596645605477,3141.6596645605478,0.35253549702854253
/lustre/orion/lrn070/world-shared/mlupopa/RHEAs_HydraGNN/HydraGNN/examples/vasp_solid_solution_alloys/dataset/bcc_NbZr/Nb-Zr/Zr120Nb8/case-92,0.9375,3.139268743544921,3139.268743544921,0.3759929704703142
/lustre/orion/lrn070/world-shared/mlupopa/RHEAs_HydraGNN/HydraGNN/examples/vasp_solid_solution_alloys/dataset/bcc_NbZr/Nb-Zr/Zr120Nb8/case-93,0.9375,3.1421669044824228,3142.166904482423,0.34141826467756986
/lustre/orion/lrn070/world-shared/mlupopa/RHEAs_HydraGNN/HydraGNN/examples/vasp_solid_solution_alloys/dataset/bcc_NbZr/Nb-Zr/Zr120Nb8/case-94,0.9375,3.1450676001074225,3145.0676001074225,0.3518039106460428
/lustre/orion/lrn070/world-shared/mlupopa/RHEAs_HydraGNN/HydraGNN/examples/vasp_solid_solution_alloys/dataset/bcc_NbZr/Nb-Zr/Zr120Nb8/case-95,0.9375,3.141861836357421,3141.861836357421,0.405187574784445
/lustre/orion/lrn070/world-shared/mlupopa/RHEAs_HydraGNN/HydraGNN/examples/vasp_solid_solution_alloys/dataset/bcc_NbZr/Nb-Zr/Zr120Nb8/case-96,0.9375,3.142169009482421,3142.169009482421,0.3923814483684056
/lustre/orion/lrn070/world-shared/mlupopa/RHEAs_HydraGNN/HydraGNN/examples/vasp_solid_solution_alloys/dataset/bcc_NbZr/Nb-Zr/Zr120Nb8/case-97,0.9375,3.1397221875292978,3139.7221875292976,0.3420763327081654
/lustre/orion/lrn070/world-shared/mlupopa/RHEAs_HydraGNN/HydraGNN/examples/vasp_solid_solution_alloys/dataset/bcc_NbZr/Nb-Zr/Zr120Nb8/case-98,0.9375,3.1433136166699214,3143.3136166699214,0.3141845853164907
/lustre/orion/lrn070/world-shared/mlupopa/RHEAs_HydraGNN/HydraGNN/examples/vasp_solid_solution_alloys/dataset/bcc_NbZr/Nb-Zr/Zr120Nb8/case-99,0.9375,3.142609588310547,3142.609588310547,0.4069233457651735
/lustre/orion/lrn070/world-shared/mlupopa/RHEAs_HydraGNN/HydraGNN/examples/vasp_solid_solution_alloys/dataset/bcc_NbZr/Nb-Zr/Zr124Nb4/case-1,0.96875,3.2310369094287115,3231.0369094287116,0.37606339938470723
/lustre/orion/lrn070/world-shared/mlupopa/RHEAs_HydraGNN/HydraGNN/examples/vasp_solid_solution_alloys/dataset/bcc_NbZr/Nb-Zr/Zr124Nb4/case-10,0.96875,3.233088848569336,3233.0888485693363,0.379264564495069
/lustre/orion/lrn070/world-shared/mlupopa/RHEAs_HydraGNN/HydraGNN/examples/vasp_solid_solution_alloys/dataset/bcc_NbZr/Nb-Zr/Zr124Nb4/case-100,0.96875,3.289564628256837,3289.5646282568373,0.2521103254206239
/lustre/orion/lrn070/world-shared/mlupopa/RHEAs_HydraGNN/HydraGNN/examples/vasp_solid_solution_alloys/dataset/bcc_NbZr/Nb-Zr/Zr124Nb4/case-11,0.96875,3.2276089548193365,3227.6089548193363,0.38283996227757794
/lustre/orion/lrn070/world-shared/mlupopa/RHEAs_HydraGNN/HydraGNN/examples/vasp_solid_solution_alloys/dataset/bcc_NbZr/Nb-Zr/Zr124Nb4/case-12,0.96875,3.238721242553712,3238.7212425537123,0.364673735371343
/lustre/orion/lrn070/world-shared/mlupopa/RHEAs_HydraGNN/HydraGNN/examples/vasp_solid_solution_alloys/dataset/bcc_NbZr/Nb-Zr/Zr124Nb4/case-13,0.96875,3.240343714506837,3240.343714506837,0.40996449951312014
/lustre/orion/lrn070/world-shared/mlupopa/RHEAs_HydraGNN/HydraGNN/examples/vasp_solid_solution_alloys/dataset/bcc_NbZr/Nb-Zr/Zr124Nb4/case-14,0.96875,3.227606552788087,3227.606552788087,0.3821521339800259
/lustre/orion/lrn070/world-shared/mlupopa/RHEAs_HydraGNN/HydraGNN/examples/vasp_solid_solution_alloys/dataset/bcc_NbZr/Nb-Zr/Zr124Nb4/case-15,0.96875,3.2275255954443374,3227.5255954443373,0.380774400949298
/lustre/orion/lrn070/world-shared/mlupopa/RHEAs_HydraGNN/HydraGNN/examples/vasp_solid_solution_alloys/dataset/bcc_NbZr/Nb-Zr/Zr124Nb4/case-16,0.96875,3.255884453022462,3255.8844530224624,0.26758693760868535
/lustre/orion/lrn070/world-shared/mlupopa/RHEAs_HydraGNN/HydraGNN/examples/vasp_solid_solution_alloys/dataset/bcc_NbZr/Nb-Zr/Zr124Nb4/case-17,0.96875,3.2346680256005875,3234.6680256005875,0.41646134406970003
/lustre/orion/lrn070/world-shared/mlupopa/RHEAs_HydraGNN/HydraGNN/examples/vasp_solid_solution_alloys/dataset/bcc_NbZr/Nb-Zr/Zr124Nb4/case-18,0.96875,3.2274512668505864,3227.4512668505863,0.3813999402389666
/lustre/orion/lrn070/world-shared/mlupopa/RHEAs_HydraGNN/HydraGNN/examples/vasp_solid_solution_alloys/dataset/bcc_NbZr/Nb-Zr/Zr124Nb4/case-19,0.96875,3.227215948413088,3227.215948413088,0.3856077211255354
/lustre/orion/lrn070/world-shared/mlupopa/RHEAs_HydraGNN/HydraGNN/examples/vasp_solid_solution_alloys/dataset/bcc_NbZr/Nb-Zr/Zr124Nb4/case-2,0.96875,3.2274187450537113,3227.418745053711,0.3824697673379356
/lustre/orion/lrn070/world-shared/mlupopa/RHEAs_HydraGNN/HydraGNN/examples/vasp_solid_solution_alloys/dataset/bcc_NbZr/Nb-Zr/Zr124Nb4/case-20,0.96875,3.2273783000537115,3227.3783000537114,0.3797213614132152
/lustre/orion/lrn070/world-shared/mlupopa/RHEAs_HydraGNN/HydraGNN/examples/vasp_solid_solution_alloys/dataset/bcc_NbZr/Nb-Zr/Zr124Nb4/case-3,0.96875,3.231151404194337,3231.1514041943374,0.3823025169062318
/lustre/orion/lrn070/world-shared/mlupopa/RHEAs_HydraGNN/HydraGNN/examples/vasp_solid_solution_alloys/dataset/bcc_NbZr/Nb-Zr/Zr124Nb4/case-4,0.96875,3.2333697639599617,3233.369763959962,0.4324198344629844
/lustre/orion/lrn070/world-shared/mlupopa/RHEAs_HydraGNN/HydraGNN/examples/vasp_solid_solution_alloys/dataset/bcc_NbZr/Nb-Zr/Zr124Nb4/case-41,0.96875,3.227306613334962,3227.306613334962,0.3889913805122345
/lustre/orion/lrn070/world-shared/mlupopa/RHEAs_HydraGNN/HydraGNN/examples/vasp_solid_solution_alloys/dataset/bcc_NbZr/Nb-Zr/Zr124Nb4/case-42,0.96875,3.233708410053712,3233.7084100537118,0.41801624009187854
/lustre/orion/lrn070/world-shared/mlupopa/RHEAs_HydraGNN/HydraGNN/examples/vasp_solid_solution_alloys/dataset/bcc_NbZr/Nb-Zr/Zr124Nb4/case-43,0.96875,3.227395971850587,3227.395971850587,0.3822661426707536
/lustre/orion/lrn070/world-shared/mlupopa/RHEAs_HydraGNN/HydraGNN/examples/vasp_solid_solution_alloys/dataset/bcc_NbZr/Nb-Zr/Zr124Nb4/case-44,0.96875,3.2560136152880865,3256.0136152880864,0.2610947467915428
/lustre/orion/lrn070/world-shared/mlupopa/RHEAs_HydraGNN/HydraGNN/examples/vasp_solid_solution_alloys/dataset/bcc_NbZr/Nb-Zr/Zr124Nb4/case-45,0.96875,3.227674732241212,3227.674732241212,0.3807966049098008
/lustre/orion/lrn070/world-shared/mlupopa/RHEAs_HydraGNN/HydraGNN/examples/vasp_solid_solution_alloys/dataset/bcc_NbZr/Nb-Zr/Zr124Nb4/case-46,0.96875,3.2333158988037116,3233.3158988037117,0.417882736829937
/lustre/orion/lrn070/world-shared/mlupopa/RHEAs_HydraGNN/HydraGNN/examples/vasp_solid_solution_alloys/dataset/bcc_NbZr/Nb-Zr/Zr124Nb4/case-47,0.96875,3.227106641069337,3227.106641069337,0.37856953438124963
/lustre/orion/lrn070/world-shared/mlupopa/RHEAs_HydraGNN/HydraGNN/examples/vasp_solid_solution_alloys/dataset/bcc_NbZr/Nb-Zr/Zr124Nb4/case-48,0.96875,3.2276217331005874,3227.6217331005873,0.3810961632788388
/lustre/orion/lrn070/world-shared/mlupopa/RHEAs_HydraGNN/HydraGNN/examples/vasp_solid_solution_alloys/dataset/bcc_NbZr/Nb-Zr/Zr124Nb4/case-49,0.96875,3.233773079663086,3233.7730796630863,0.4171905364373759
/lustre/orion/lrn070/world-shared/mlupopa/RHEAs_HydraGNN/HydraGNN/examples/vasp_solid_solution_alloys/dataset/bcc_NbZr/Nb-Zr/Zr124Nb4/case-5,0.96875,3.231394536850587,3231.394536850587,0.38182215823358473
/lustre/orion/lrn070/world-shared/mlupopa/RHEAs_HydraGNN/HydraGNN/examples/vasp_solid_solution_alloys/dataset/bcc_NbZr/Nb-Zr/Zr124Nb4/case-50,0.96875,3.2274102417724624,3227.4102417724625,0.38247055805790553
/lustre/orion/lrn070/world-shared/mlupopa/RHEAs_HydraGNN/HydraGNN/examples/vasp_solid_solution_alloys/dataset/bcc_NbZr/Nb-Zr/Zr124Nb4/case-51,0.96875,3.2315188898193377,3231.518889819338,0.3782091251620794
/lustre/orion/lrn070/world-shared/mlupopa/RHEAs_HydraGNN/HydraGNN/examples/vasp_solid_solution_alloys/dataset/bcc_NbZr/Nb-Zr/Zr124Nb4/case-52,0.96875,3.2275003984912125,3227.5003984912123,0.3821615107097392
/lustre/orion/lrn070/world-shared/mlupopa/RHEAs_HydraGNN/HydraGNN/examples/vasp_solid_solution_alloys/dataset/bcc_NbZr/Nb-Zr/Zr124Nb4/case-53,0.96875,3.2327241720068365,3232.7241720068364,0.4165308682132507
/lustre/orion/lrn070/world-shared/mlupopa/RHEAs_HydraGNN/HydraGNN/examples/vasp_solid_solution_alloys/dataset/bcc_NbZr/Nb-Zr/Zr124Nb4/case-54,0.96875,3.227551027397462,3227.5510273974623,0.3811134141602286
/lustre/orion/lrn070/world-shared/mlupopa/RHEAs_HydraGNN/HydraGNN/examples/vasp_solid_solution_alloys/dataset/bcc_NbZr/Nb-Zr/Zr124Nb4/case-55,0.96875,3.2409915726318363,3240.9915726318363,0.3452798408750215
/lustre/orion/lrn070/world-shared/mlupopa/RHEAs_HydraGNN/HydraGNN/examples/vasp_solid_solution_alloys/dataset/bcc_NbZr/Nb-Zr/Zr124Nb4/case-56,0.96875,3.2273034496630864,3227.303449663086,0.38037676811319254
/lustre/orion/lrn070/world-shared/mlupopa/RHEAs_HydraGNN/HydraGNN/examples/vasp_solid_solution_alloys/dataset/bcc_NbZr/Nb-Zr/Zr124Nb4/case-57,0.96875,3.2326216311474614,3232.6216311474614,0.40378790760770195
/lustre/orion/lrn070/world-shared/mlupopa/RHEAs_HydraGNN/HydraGNN/examples/vasp_solid_solution_alloys/dataset/bcc_NbZr/Nb-Zr/Zr124Nb4/case-58,0.96875,3.232715121381837,3232.715121381837,0.4164121913955766
/lustre/orion/lrn070/world-shared/mlupopa/RHEAs_HydraGNN/HydraGNN/examples/vasp_solid_solution_alloys/dataset/bcc_NbZr/Nb-Zr/Zr124Nb4/case-59,0.96875,3.2264900331787114,3226.490033178711,0.3713999271023193
/lustre/orion/lrn070/world-shared/mlupopa/RHEAs_HydraGNN/HydraGNN/examples/vasp_solid_solution_alloys/dataset/bcc_NbZr/Nb-Zr/Zr124Nb4/case-6,0.96875,3.2270910879443377,3227.0910879443377,0.3854191910631028
/lustre/orion/lrn070/world-shared/mlupopa/RHEAs_HydraGNN/HydraGNN/examples/vasp_solid_solution_alloys/dataset/bcc_NbZr/Nb-Zr/Zr124Nb4/case-60,0.96875,3.227424760678712,3227.424760678712,0.38503044962438093
/lustre/orion/lrn070/world-shared/mlupopa/RHEAs_HydraGNN/HydraGNN/examples/vasp_solid_solution_alloys/dataset/bcc_NbZr/Nb-Zr/Zr124Nb4/case-61,0.96875,3.227354818803711,3227.354818803711,0.3830709259670449
/lustre/orion/lrn070/world-shared/mlupopa/RHEAs_HydraGNN/HydraGNN/examples/vasp_solid_solution_alloys/dataset/bcc_NbZr/Nb-Zr/Zr124Nb4/case-62,0.96875,3.2273699044287127,3227.3699044287127,0.3840586126617088
/lustre/orion/lrn070/world-shared/mlupopa/RHEAs_HydraGNN/HydraGNN/examples/vasp_solid_solution_alloys/dataset/bcc_NbZr/Nb-Zr/Zr124Nb4/case-63,0.96875,3.2315313754443373,3231.5313754443373,0.38212042059369733
/lustre/orion/lrn070/world-shared/mlupopa/RHEAs_HydraGNN/HydraGNN/examples/vasp_solid_solution_alloys/dataset/bcc_NbZr/Nb-Zr/Zr124Nb4/case-64,0.96875,3.2273668913037117,3227.366891303712,0.3824742035292066
/lustre/orion/lrn070/world-shared/mlupopa/RHEAs_HydraGNN/HydraGNN/examples/vasp_solid_solution_alloys/dataset/bcc_NbZr/Nb-Zr/Zr124Nb4/case-65,0.96875,3.2348298279443366,3234.8298279443366,0.3714899435934724
/lustre/orion/lrn070/world-shared/mlupopa/RHEAs_HydraGNN/HydraGNN/examples/vasp_solid_solution_alloys/dataset/bcc_NbZr/Nb-Zr/Zr124Nb4/case-66,0.96875,3.2326367684912114,3232.6367684912116,0.4182945127769567
/lustre/orion/lrn070/world-shared/mlupopa/RHEAs_HydraGNN/HydraGNN/examples/vasp_solid_solution_alloys/dataset/bcc_NbZr/Nb-Zr/Zr124Nb4/case-67,0.96875,3.227426829663086,3227.426829663086,0.3839482883345257
/lustre/orion/lrn070/world-shared/mlupopa/RHEAs_HydraGNN/HydraGNN/examples/vasp_solid_solution_alloys/dataset/bcc_NbZr/Nb-Zr/Zr124Nb4/case-68,0.96875,3.2272845048193375,3227.2845048193376,0.38179130195540995
/lustre/orion/lrn070/world-shared/mlupopa/RHEAs_HydraGNN/HydraGNN/examples/vasp_solid_solution_alloys/dataset/bcc_NbZr/Nb-Zr/Zr124Nb4/case-69,0.96875,3.2275125219287126,3227.5125219287124,0.3841349648403976
/lustre/orion/lrn070/world-shared/mlupopa/RHEAs_HydraGNN/HydraGNN/examples/vasp_solid_solution_alloys/dataset/bcc_NbZr/Nb-Zr/Zr124Nb4/case-7,0.96875,3.2272750631005866,3227.2750631005865,0.38749235646246394
/lustre/orion/lrn070/world-shared/mlupopa/RHEAs_HydraGNN/HydraGNN/examples/vasp_solid_solution_alloys/dataset/bcc_NbZr/Nb-Zr/Zr124Nb4/case-70,0.96875,3.2271909849755875,3227.1909849755875,0.38302383896715825
/lustre/orion/lrn070/world-shared/mlupopa/RHEAs_HydraGNN/HydraGNN/examples/vasp_solid_solution_alloys/dataset/bcc_NbZr/Nb-Zr/Zr124Nb4/case-71,0.96875,3.2340159916943367,3234.0159916943367,0.41536984269257377
/lustre/orion/lrn070/world-shared/mlupopa/RHEAs_HydraGNN/HydraGNN/examples/vasp_solid_solution_alloys/dataset/bcc_NbZr/Nb-Zr/Zr124Nb4/case-72,0.96875,3.2275027250537125,3227.5027250537123,0.3818482495067705
/lustre/orion/lrn070/world-shared/mlupopa/RHEAs_HydraGNN/HydraGNN/examples/vasp_solid_solution_alloys/dataset/bcc_NbZr/Nb-Zr/Zr124Nb4/case-73,0.96875,3.233317554194336,3233.317554194336,0.3830637882066291
/lustre/orion/lrn070/world-shared/mlupopa/RHEAs_HydraGNN/HydraGNN/examples/vasp_solid_solution_alloys/dataset/bcc_NbZr/Nb-Zr/Zr124Nb4/case-74,0.96875,3.233273627944337,3233.273627944337,0.41828170452599633
/lustre/orion/lrn070/world-shared/mlupopa/RHEAs_HydraGNN/HydraGNN/examples/vasp_solid_solution_alloys/dataset/bcc_NbZr/Nb-Zr/Zr124Nb4/case-75,0.96875,3.2316191530224625,3231.6191530224623,0.38191775895139246
/lustre/orion/lrn070/world-shared/mlupopa/RHEAs_HydraGNN/HydraGNN/examples/vasp_solid_solution_alloys/dataset/bcc_NbZr/Nb-Zr/Zr124Nb4/case-76,0.96875,3.2275361589599623,3227.5361589599624,0.38142919557125887
/lustre/orion/lrn070/world-shared/mlupopa/RHEAs_HydraGNN/HydraGNN/examples/vasp_solid_solution_alloys/dataset/bcc_NbZr/Nb-Zr/Zr124Nb4/case-77,0.96875,3.2317456784130876,3231.7456784130877,0.382844484612864
/lustre/orion/lrn070/world-shared/mlupopa/RHEAs_HydraGNN/HydraGNN/examples/vasp_solid_solution_alloys/dataset/bcc_NbZr/Nb-Zr/Zr124Nb4/case-78,0.96875,3.238210906694336,3238.2109066943362,0.3689913403926142
/lustre/orion/lrn070/world-shared/mlupopa/RHEAs_HydraGNN/HydraGNN/examples/vasp_solid_solution_alloys/dataset/bcc_NbZr/Nb-Zr/Zr124Nb4/case-79,0.96875,3.2312439231787113,3231.243923178711,0.37865418092095426
/lustre/orion/lrn070/world-shared/mlupopa/RHEAs_HydraGNN/HydraGNN/examples/vasp_solid_solution_alloys/dataset/bcc_NbZr/Nb-Zr/Zr124Nb4/case-8,0.96875,3.2272195421630876,3227.2195421630877,0.3797679814289171
/lustre/orion/lrn070/world-shared/mlupopa/RHEAs_HydraGNN/HydraGNN/examples/vasp_solid_solution_alloys/dataset/bcc_NbZr/Nb-Zr/Zr124Nb4/case-80,0.96875,3.227361470678712,3227.361470678712,0.3807001172556212
/lustre/orion/lrn070/world-shared/mlupopa/RHEAs_HydraGNN/HydraGNN/examples/vasp_solid_solution_alloys/dataset/bcc_NbZr/Nb-Zr/Zr124Nb4/case-81,0.96875,3.2275513802880873,3227.5513802880873,0.3825948066818036
/lustre/orion/lrn070/world-shared/mlupopa/RHEAs_HydraGNN/HydraGNN/examples/vasp_solid_solution_alloys/dataset/bcc_NbZr/Nb-Zr/Zr124Nb4/case-82,0.96875,3.2312897082568366,3231.2897082568365,0.38051981451416406
/lustre/orion/lrn070/world-shared/mlupopa/RHEAs_HydraGNN/HydraGNN/examples/vasp_solid_solution_alloys/dataset/bcc_NbZr/Nb-Zr/Zr124Nb4/case-83,0.96875,3.227148263959961,3227.1482639599612,0.3716947866472645
/lustre/orion/lrn070/world-shared/mlupopa/RHEAs_HydraGNN/HydraGNN/examples/vasp_solid_solution_alloys/dataset/bcc_NbZr/Nb-Zr/Zr124Nb4/case-84,0.96875,3.2271908082568377,3227.1908082568375,0.37948980066380456
/lustre/orion/lrn070/world-shared/mlupopa/RHEAs_HydraGNN/HydraGNN/examples/vasp_solid_solution_alloys/dataset/bcc_NbZr/Nb-Zr/Zr124Nb4/case-85,0.96875,3.2316553752099626,3231.6553752099626,0.38090050315312507
/lustre/orion/lrn070/world-shared/mlupopa/RHEAs_HydraGNN/HydraGNN/examples/vasp_solid_solution_alloys/dataset/bcc_NbZr/Nb-Zr/Zr124Nb4/case-86,0.96875,3.2350218670068376,3235.0218670068375,0.4145882063357194
/lustre/orion/lrn070/world-shared/mlupopa/RHEAs_HydraGNN/HydraGNN/examples/vasp_solid_solution_alloys/dataset/bcc_NbZr/Nb-Zr/Zr124Nb4/case-87,0.96875,3.2275533518505863,3227.5533518505863,0.3825477031545824
/lustre/orion/lrn070/world-shared/mlupopa/RHEAs_HydraGNN/HydraGNN/examples/vasp_solid_solution_alloys/dataset/bcc_NbZr/Nb-Zr/Zr124Nb4/case-88,0.96875,3.2271703290380866,3227.1703290380865,0.3830275558231057
/lustre/orion/lrn070/world-shared/mlupopa/RHEAs_HydraGNN/HydraGNN/examples/vasp_solid_solution_alloys/dataset/bcc_NbZr/Nb-Zr/Zr124Nb4/case-89,0.96875,3.227361693334961,3227.3616933349613,0.3800314220718573
/lustre/orion/lrn070/world-shared/mlupopa/RHEAs_HydraGNN/HydraGNN/examples/vasp_solid_solution_alloys/dataset/bcc_NbZr/Nb-Zr/Zr124Nb4/case-9,0.96875,3.2273908671630878,3227.390867163088,0.38319048461136057
/lustre/orion/lrn070/world-shared/mlupopa/RHEAs_HydraGNN/HydraGNN/examples/vasp_solid_solution_alloys/dataset/bcc_NbZr/Nb-Zr/Zr124Nb4/case-90,0.96875,3.2276005015380864,3227.6005015380865,0.38176236983140743
/lustre/orion/lrn070/world-shared/mlupopa/RHEAs_HydraGNN/HydraGNN/examples/vasp_solid_solution_alloys/dataset/bcc_NbZr/Nb-Zr/Zr124Nb4/case-91,0.96875,3.2272471252880877,3227.247125288088,0.386953306140734
/lustre/orion/lrn070/world-shared/mlupopa/RHEAs_HydraGNN/HydraGNN/examples/vasp_solid_solution_alloys/dataset/bcc_NbZr/Nb-Zr/Zr124Nb4/case-92,0.96875,3.2549111756787124,3254.9111756787124,0.2896014000481967
/lustre/orion/lrn070/world-shared/mlupopa/RHEAs_HydraGNN/HydraGNN/examples/vasp_solid_solution_alloys/dataset/bcc_NbZr/Nb-Zr/Zr124Nb4/case-93,0.96875,3.2312856929443363,3231.2856929443365,0.378131248846767
/lustre/orion/lrn070/world-shared/mlupopa/RHEAs_HydraGNN/HydraGNN/examples/vasp_solid_solution_alloys/dataset/bcc_NbZr/Nb-Zr/Zr124Nb4/case-94,0.96875,3.2734551723193377,3273.4551723193376,0.33992665586070525
/lustre/orion/lrn070/world-shared/mlupopa/RHEAs_HydraGNN/HydraGNN/examples/vasp_solid_solution_alloys/dataset/bcc_NbZr/Nb-Zr/Zr124Nb4/case-95,0.96875,3.265353377475586,3265.353377475586,0.3341794023494274
/lustre/orion/lrn070/world-shared/mlupopa/RHEAs_HydraGNN/HydraGNN/examples/vasp_solid_solution_alloys/dataset/bcc_NbZr/Nb-Zr/Zr124Nb4/case-96,0.96875,3.273016921850587,3273.016921850587,0.3041029337669891
/lustre/orion/lrn070/world-shared/mlupopa/RHEAs_HydraGNN/HydraGNN/examples/vasp_solid_solution_alloys/dataset/bcc_NbZr/Nb-Zr/Zr124Nb4/case-97,0.96875,3.283579980522463,3283.579980522463,0.27526354515708806
/lustre/orion/lrn070/world-shared/mlupopa/RHEAs_HydraGNN/HydraGNN/examples/vasp_solid_solution_alloys/dataset/bcc_NbZr/Nb-Zr/Zr124Nb4/case-98,0.96875,3.2913765198974616,3291.3765198974615,0.25202311162663016
/lustre/orion/lrn070/world-shared/mlupopa/RHEAs_HydraGNN/HydraGNN/examples/vasp_solid_solution_alloys/dataset/bcc_NbZr/Nb-Zr/Zr124Nb4/case-99,0.96875,3.2923489809912123,3292.348980991212,0.2560213485136691
/lustre/orion/lrn070/world-shared/mlupopa/RHEAs_HydraGNN/HydraGNN/examples/vasp_solid_solution_alloys/dataset/bcc_NbZr/Nb-Zr/Zr12Nb116/case-1,0.09375,0.33389384913574105,333.89384913574105,0.05476873331722779
/lustre/orion/lrn070/world-shared/mlupopa/RHEAs_HydraGNN/HydraGNN/examples/vasp_solid_solution_alloys/dataset/bcc_NbZr/Nb-Zr/Zr12Nb116/case-10,0.09375,0.3329580668701162,332.9580668701162,0.05706216023524112
/lustre/orion/lrn070/world-shared/mlupopa/RHEAs_HydraGNN/HydraGNN/examples/vasp_solid_solution_alloys/dataset/bcc_NbZr/Nb-Zr/Zr12Nb116/case-100,0.09375,0.3325450570263673,332.54505702636726,0.061920317654670314
/lustre/orion/lrn070/world-shared/mlupopa/RHEAs_HydraGNN/HydraGNN/examples/vasp_solid_solution_alloys/dataset/bcc_NbZr/Nb-Zr/Zr12Nb116/case-11,0.09375,0.33245493312011654,332.45493312011655,0.058538005986270424
/lustre/orion/lrn070/world-shared/mlupopa/RHEAs_HydraGNN/HydraGNN/examples/vasp_solid_solution_alloys/dataset/bcc_NbZr/Nb-Zr/Zr12Nb116/case-12,0.09375,0.33344901647949143,333.44901647949143,0.05565426301316662
/lustre/orion/lrn070/world-shared/mlupopa/RHEAs_HydraGNN/HydraGNN/examples/vasp_solid_solution_alloys/dataset/bcc_NbZr/Nb-Zr/Zr12Nb116/case-13,0.09375,0.33310347046386646,333.1034704638665,0.05812413231361652
/lustre/orion/lrn070/world-shared/mlupopa/RHEAs_HydraGNN/HydraGNN/examples/vasp_solid_solution_alloys/dataset/bcc_NbZr/Nb-Zr/Zr12Nb116/case-14,0.09375,0.3335090245263661,333.5090245263661,0.05403621416852397
/lustre/orion/lrn070/world-shared/mlupopa/RHEAs_HydraGNN/HydraGNN/examples/vasp_solid_solution_alloys/dataset/bcc_NbZr/Nb-Zr/Zr12Nb116/case-15,0.09375,0.3324339081982419,332.4339081982419,0.060150137272727805
/lustre/orion/lrn070/world-shared/mlupopa/RHEAs_HydraGNN/HydraGNN/examples/vasp_solid_solution_alloys/dataset/bcc_NbZr/Nb-Zr/Zr12Nb116/case-16,0.09375,0.3326500065576177,332.65000655761764,0.05870153691977125
/lustre/orion/lrn070/world-shared/mlupopa/RHEAs_HydraGNN/HydraGNN/examples/vasp_solid_solution_alloys/dataset/bcc_NbZr/Nb-Zr/Zr12Nb116/case-17,0.09375,0.33256657515136645,332.56657515136646,0.055648836085221795
/lustre/orion/lrn070/world-shared/mlupopa/RHEAs_HydraGNN/HydraGNN/examples/vasp_solid_solution_alloys/dataset/bcc_NbZr/Nb-Zr/Zr12Nb116/case-18,0.09375,0.33305868312011633,333.0586831201163,0.05420342520249571
/lustre/orion/lrn070/world-shared/mlupopa/RHEAs_HydraGNN/HydraGNN/examples/vasp_solid_solution_alloys/dataset/bcc_NbZr/Nb-Zr/Zr12Nb116/case-19,0.09375,0.33211131499511737,332.11131499511737,0.05972016344993282
/lustre/orion/lrn070/world-shared/mlupopa/RHEAs_HydraGNN/HydraGNN/examples/vasp_solid_solution_alloys/dataset/bcc_NbZr/Nb-Zr/Zr12Nb116/case-2,0.09375,0.3338594606201166,333.85946062011664,0.05464946727425715
/lustre/orion/lrn070/world-shared/mlupopa/RHEAs_HydraGNN/HydraGNN/examples/vasp_solid_solution_alloys/dataset/bcc_NbZr/Nb-Zr/Zr12Nb116/case-20,0.09375,0.3324206132763674,332.4206132763674,0.06333088607300788
/lustre/orion/lrn070/world-shared/mlupopa/RHEAs_HydraGNN/HydraGNN/examples/vasp_solid_solution_alloys/dataset/bcc_NbZr/Nb-Zr/Zr12Nb116/case-3,0.09375,0.3339424010888674,333.9424010888674,0.05122327392600227
/lustre/orion/lrn070/world-shared/mlupopa/RHEAs_HydraGNN/HydraGNN/examples/vasp_solid_solution_alloys/dataset/bcc_NbZr/Nb-Zr/Zr12Nb116/case-4,0.09375,0.3333837067138674,333.3837067138674,0.054309960225298395
/lustre/orion/lrn070/world-shared/mlupopa/RHEAs_HydraGNN/HydraGNN/examples/vasp_solid_solution_alloys/dataset/bcc_NbZr/Nb-Zr/Zr12Nb116/case-41,0.09375,0.3320014808544922,332.00148085449223,0.05969883003328097
/lustre/orion/lrn070/world-shared/mlupopa/RHEAs_HydraGNN/HydraGNN/examples/vasp_solid_solution_alloys/dataset/bcc_NbZr/Nb-Zr/Zr12Nb116/case-42,0.09375,0.33358135562011704,333.58135562011705,0.05653659150337894
/lustre/orion/lrn070/world-shared/mlupopa/RHEAs_HydraGNN/HydraGNN/examples/vasp_solid_solution_alloys/dataset/bcc_NbZr/Nb-Zr/Zr12Nb116/case-43,0.09375,0.33282200491699143,332.82200491699143,0.05660398664612706
/lustre/orion/lrn070/world-shared/mlupopa/RHEAs_HydraGNN/HydraGNN/examples/vasp_solid_solution_alloys/dataset/bcc_NbZr/Nb-Zr/Zr12Nb116/case-44,0.09375,0.33325468866699204,333.254688666992,0.05795985984613043
/lustre/orion/lrn070/world-shared/mlupopa/RHEAs_HydraGNN/HydraGNN/examples/vasp_solid_solution_alloys/dataset/bcc_NbZr/Nb-Zr/Zr12Nb116/case-45,0.09375,0.3329717076513674,332.9717076513674,0.05625820051906257
/lustre/orion/lrn070/world-shared/mlupopa/RHEAs_HydraGNN/HydraGNN/examples/vasp_solid_solution_alloys/dataset/bcc_NbZr/Nb-Zr/Zr12Nb116/case-46,0.09375,0.3328902101513673,332.89021015136734,0.06049748678533462
/lustre/orion/lrn070/world-shared/mlupopa/RHEAs_HydraGNN/HydraGNN/examples/vasp_solid_solution_alloys/dataset/bcc_NbZr/Nb-Zr/Zr12Nb116/case-47,0.09375,0.33269850577636717,332.69850577636714,0.058548657830211584
/lustre/orion/lrn070/world-shared/mlupopa/RHEAs_HydraGNN/HydraGNN/examples/vasp_solid_solution_alloys/dataset/bcc_NbZr/Nb-Zr/Zr12Nb116/case-48,0.09375,0.3325929824951164,332.59298249511636,0.05610386210407572
/lustre/orion/lrn070/world-shared/mlupopa/RHEAs_HydraGNN/HydraGNN/examples/vasp_solid_solution_alloys/dataset/bcc_NbZr/Nb-Zr/Zr12Nb116/case-49,0.09375,0.33334868382324245,333.3486838232425,0.05410614859761289
/lustre/orion/lrn070/world-shared/mlupopa/RHEAs_HydraGNN/HydraGNN/examples/vasp_solid_solution_alloys/dataset/bcc_NbZr/Nb-Zr/Zr12Nb116/case-5,0.09375,0.33300757210449206,333.00757210449206,0.05337871301887636
/lustre/orion/lrn070/world-shared/mlupopa/RHEAs_HydraGNN/HydraGNN/examples/vasp_solid_solution_alloys/dataset/bcc_NbZr/Nb-Zr/Zr12Nb116/case-50,0.09375,0.3332696778076176,333.26967780761765,0.055937134634169876
/lustre/orion/lrn070/world-shared/mlupopa/RHEAs_HydraGNN/HydraGNN/examples/vasp_solid_solution_alloys/dataset/bcc_NbZr/Nb-Zr/Zr12Nb116/case-51,0.09375,0.3330922562451164,333.0922562451164,0.05742244001826356
/lustre/orion/lrn070/world-shared/mlupopa/RHEAs_HydraGNN/HydraGNN/examples/vasp_solid_solution_alloys/dataset/bcc_NbZr/Nb-Zr/Zr12Nb116/case-52,0.09375,0.3335863336669913,333.5863336669913,0.05562669890661772
/lustre/orion/lrn070/world-shared/mlupopa/RHEAs_HydraGNN/HydraGNN/examples/vasp_solid_solution_alloys/dataset/bcc_NbZr/Nb-Zr/Zr12Nb116/case-53,0.09375,0.33288918085449204,332.88918085449205,0.06126926751665572
/lustre/orion/lrn070/world-shared/mlupopa/RHEAs_HydraGNN/HydraGNN/examples/vasp_solid_solution_alloys/dataset/bcc_NbZr/Nb-Zr/Zr12Nb116/case-54,0.09375,0.33359212093261625,333.59212093261624,0.05555821068701327
/lustre/orion/lrn070/world-shared/mlupopa/RHEAs_HydraGNN/HydraGNN/examples/vasp_solid_solution_alloys/dataset/bcc_NbZr/Nb-Zr/Zr12Nb116/case-55,0.09375,0.3345824026513675,334.5824026513675,0.05067430762598144
/lustre/orion/lrn070/world-shared/mlupopa/RHEAs_HydraGNN/HydraGNN/examples/vasp_solid_solution_alloys/dataset/bcc_NbZr/Nb-Zr/Zr12Nb116/case-56,0.09375,0.3328313360888675,332.8313360888675,0.05559808468120115
/lustre/orion/lrn070/world-shared/mlupopa/RHEAs_HydraGNN/HydraGNN/examples/vasp_solid_solution_alloys/dataset/bcc_NbZr/Nb-Zr/Zr12Nb116/case-57,0.09375,0.33287407093261656,332.8740709326166,0.05996994938515408
/lustre/orion/lrn070/world-shared/mlupopa/RHEAs_HydraGNN/HydraGNN/examples/vasp_solid_solution_alloys/dataset/bcc_NbZr/Nb-Zr/Zr12Nb116/case-58,0.09375,0.3331031618701168,333.10316187011676,0.05604741643825116
/lustre/orion/lrn070/world-shared/mlupopa/RHEAs_HydraGNN/HydraGNN/examples/vasp_solid_solution_alloys/dataset/bcc_NbZr/Nb-Zr/Zr12Nb116/case-59,0.09375,0.33325283046386645,333.2528304638664,0.05799300086851335
/lustre/orion/lrn070/world-shared/mlupopa/RHEAs_HydraGNN/HydraGNN/examples/vasp_solid_solution_alloys/dataset/bcc_NbZr/Nb-Zr/Zr12Nb116/case-6,0.09375,0.332906106010741,332.906106010741,0.057008564424752016
/lustre/orion/lrn070/world-shared/mlupopa/RHEAs_HydraGNN/HydraGNN/examples/vasp_solid_solution_alloys/dataset/bcc_NbZr/Nb-Zr/Zr12Nb116/case-60,0.09375,0.3327097233544922,332.7097233544922,0.060987568547651735
/lustre/orion/lrn070/world-shared/mlupopa/RHEAs_HydraGNN/HydraGNN/examples/vasp_solid_solution_alloys/dataset/bcc_NbZr/Nb-Zr/Zr12Nb116/case-61,0.09375,0.3332915659326172,333.29156593261723,0.05585692058198129
/lustre/orion/lrn070/world-shared/mlupopa/RHEAs_HydraGNN/HydraGNN/examples/vasp_solid_solution_alloys/dataset/bcc_NbZr/Nb-Zr/Zr12Nb116/case-62,0.09375,0.3334766569482426,333.4766569482426,0.055011439171628644
/lustre/orion/lrn070/world-shared/mlupopa/RHEAs_HydraGNN/HydraGNN/examples/vasp_solid_solution_alloys/dataset/bcc_NbZr/Nb-Zr/Zr12Nb116/case-63,0.09375,0.33400318585449185,334.00318585449185,0.05855144782776782
/lustre/orion/lrn070/world-shared/mlupopa/RHEAs_HydraGNN/HydraGNN/examples/vasp_solid_solution_alloys/dataset/bcc_NbZr/Nb-Zr/Zr12Nb116/case-64,0.09375,0.3317137535107424,331.7137535107424,0.06795453350260515
/lustre/orion/lrn070/world-shared/mlupopa/RHEAs_HydraGNN/HydraGNN/examples/vasp_solid_solution_alloys/dataset/bcc_NbZr/Nb-Zr/Zr12Nb116/case-65,0.09375,0.3318740810888663,331.8740810888663,0.06610382720971436
/lustre/orion/lrn070/world-shared/mlupopa/RHEAs_HydraGNN/HydraGNN/examples/vasp_solid_solution_alloys/dataset/bcc_NbZr/Nb-Zr/Zr12Nb116/case-66,0.09375,0.33255900601074195,332.55900601074194,0.05895909557540232
/lustre/orion/lrn070/world-shared/mlupopa/RHEAs_HydraGNN/HydraGNN/examples/vasp_solid_solution_alloys/dataset/bcc_NbZr/Nb-Zr/Zr12Nb116/case-67,0.09375,0.3329024171044921,332.9024171044921,0.05632174253472132
/lustre/orion/lrn070/world-shared/mlupopa/RHEAs_HydraGNN/HydraGNN/examples/vasp_solid_solution_alloys/dataset/bcc_NbZr/Nb-Zr/Zr12Nb116/case-68,0.09375,0.3316684057763677,331.6684057763677,0.06309138845306063
/lustre/orion/lrn070/world-shared/mlupopa/RHEAs_HydraGNN/HydraGNN/examples/vasp_solid_solution_alloys/dataset/bcc_NbZr/Nb-Zr/Zr12Nb116/case-69,0.09375,0.33347354608886626,333.47354608886627,0.055247828054262864
/lustre/orion/lrn070/world-shared/mlupopa/RHEAs_HydraGNN/HydraGNN/examples/vasp_solid_solution_alloys/dataset/bcc_NbZr/Nb-Zr/Zr12Nb116/case-7,0.09375,0.33235397358886765,332.35397358886763,0.06211173293948891
/lustre/orion/lrn070/world-shared/mlupopa/RHEAs_HydraGNN/HydraGNN/examples/vasp_solid_solution_alloys/dataset/bcc_NbZr/Nb-Zr/Zr12Nb116/case-70,0.09375,0.3342219066357419,334.2219066357419,0.054933145520661524
/lustre/orion/lrn070/world-shared/mlupopa/RHEAs_HydraGNN/HydraGNN/examples/vasp_solid_solution_alloys/dataset/bcc_NbZr/Nb-Zr/Zr12Nb116/case-71,0.09375,0.3322497269482412,332.2497269482412,0.06040995885051514
/lustre/orion/lrn070/world-shared/mlupopa/RHEAs_HydraGNN/HydraGNN/examples/vasp_solid_solution_alloys/dataset/bcc_NbZr/Nb-Zr/Zr12Nb116/case-72,0.09375,0.3320982758544915,332.0982758544915,0.05751219212620261
/lustre/orion/lrn070/world-shared/mlupopa/RHEAs_HydraGNN/HydraGNN/examples/vasp_solid_solution_alloys/dataset/bcc_NbZr/Nb-Zr/Zr12Nb116/case-73,0.09375,0.3326938923388667,332.6938923388667,0.05720618669196957
/lustre/orion/lrn070/world-shared/mlupopa/RHEAs_HydraGNN/HydraGNN/examples/vasp_solid_solution_alloys/dataset/bcc_NbZr/Nb-Zr/Zr12Nb116/case-74,0.09375,0.33264284280761736,332.64284280761734,0.05512512198851073
/lustre/orion/lrn070/world-shared/mlupopa/RHEAs_HydraGNN/HydraGNN/examples/vasp_solid_solution_alloys/dataset/bcc_NbZr/Nb-Zr/Zr12Nb116/case-75,0.09375,0.3316496350732425,331.6496350732425,0.06498737511929377
/lustre/orion/lrn070/world-shared/mlupopa/RHEAs_HydraGNN/HydraGNN/examples/vasp_solid_solution_alloys/dataset/bcc_NbZr/Nb-Zr/Zr12Nb116/case-76,0.09375,0.3328606374951164,332.8606374951164,0.05384164180835862
/lustre/orion/lrn070/world-shared/mlupopa/RHEAs_HydraGNN/HydraGNN/examples/vasp_solid_solution_alloys/dataset/bcc_NbZr/Nb-Zr/Zr12Nb116/case-77,0.09375,0.33249033663574146,332.49033663574147,0.059895866971133284
/lustre/orion/lrn070/world-shared/mlupopa/RHEAs_HydraGNN/HydraGNN/examples/vasp_solid_solution_alloys/dataset/bcc_NbZr/Nb-Zr/Zr12Nb116/case-78,0.09375,0.33220726944824186,332.20726944824185,0.05892222742985609
/lustre/orion/lrn070/world-shared/mlupopa/RHEAs_HydraGNN/HydraGNN/examples/vasp_solid_solution_alloys/dataset/bcc_NbZr/Nb-Zr/Zr12Nb116/case-79,0.09375,0.33357437890136765,333.57437890136765,0.05411548783812169
/lustre/orion/lrn070/world-shared/mlupopa/RHEAs_HydraGNN/HydraGNN/examples/vasp_solid_solution_alloys/dataset/bcc_NbZr/Nb-Zr/Zr12Nb116/case-8,0.09375,0.335376848666991,335.376848666991,0.05098902653187511
/lustre/orion/lrn070/world-shared/mlupopa/RHEAs_HydraGNN/HydraGNN/examples/vasp_solid_solution_alloys/dataset/bcc_NbZr/Nb-Zr/Zr12Nb116/case-80,0.09375,0.33290903976074127,332.9090397607413,0.054664573817018
/lustre/orion/lrn070/world-shared/mlupopa/RHEAs_HydraGNN/HydraGNN/examples/vasp_solid_solution_alloys/dataset/bcc_NbZr/Nb-Zr/Zr12Nb116/case-81,0.09375,0.3323123403076167,332.3123403076167,0.05806336127854376
/lustre/orion/lrn070/world-shared/mlupopa/RHEAs_HydraGNN/HydraGNN/examples/vasp_solid_solution_alloys/dataset/bcc_NbZr/Nb-Zr/Zr12Nb116/case-82,0.09375,0.33218240272949195,332.18240272949197,0.05963649446023599
/lustre/orion/lrn070/world-shared/mlupopa/RHEAs_HydraGNN/HydraGNN/examples/vasp_solid_solution_alloys/dataset/bcc_NbZr/Nb-Zr/Zr12Nb116/case-83,0.09375,0.3334775057763668,333.4775057763668,0.05648282203149522
/lustre/orion/lrn070/world-shared/mlupopa/RHEAs_HydraGNN/HydraGNN/examples/vasp_solid_solution_alloys/dataset/bcc_NbZr/Nb-Zr/Zr12Nb116/case-84,0.09375,0.3322598829638661,332.2598829638661,0.057824803447643014
/lustre/orion/lrn070/world-shared/mlupopa/RHEAs_HydraGNN/HydraGNN/examples/vasp_solid_solution_alloys/dataset/bcc_NbZr/Nb-Zr/Zr12Nb116/case-85,0.09375,0.33274682038574177,332.7468203857418,0.06115503172910131
/lustre/orion/lrn070/world-shared/mlupopa/RHEAs_HydraGNN/HydraGNN/examples/vasp_solid_solution_alloys/dataset/bcc_NbZr/Nb-Zr/Zr12Nb116/case-86,0.09375,0.3330639879638664,333.0639879638664,0.05531613022731027
/lustre/orion/lrn070/world-shared/mlupopa/RHEAs_HydraGNN/HydraGNN/examples/vasp_solid_solution_alloys/dataset/bcc_NbZr/Nb-Zr/Zr12Nb116/case-87,0.09375,0.33268274843261736,332.68274843261736,0.0585821501861107
/lustre/orion/lrn070/world-shared/mlupopa/RHEAs_HydraGNN/HydraGNN/examples/vasp_solid_solution_alloys/dataset/bcc_NbZr/Nb-Zr/Zr12Nb116/case-88,0.09375,0.33235474897949224,332.35474897949223,0.0583583403970169
/lustre/orion/lrn070/world-shared/mlupopa/RHEAs_HydraGNN/HydraGNN/examples/vasp_solid_solution_alloys/dataset/bcc_NbZr/Nb-Zr/Zr12Nb116/case-89,0.09375,0.3331457100732411,333.1457100732411,0.0567072086643589
/lustre/orion/lrn070/world-shared/mlupopa/RHEAs_HydraGNN/HydraGNN/examples/vasp_solid_solution_alloys/dataset/bcc_NbZr/Nb-Zr/Zr12Nb116/case-9,0.09375,0.331897432729491,331.897432729491,0.06003429366980971
/lustre/orion/lrn070/world-shared/mlupopa/RHEAs_HydraGNN/HydraGNN/examples/vasp_solid_solution_alloys/dataset/bcc_NbZr/Nb-Zr/Zr12Nb116/case-90,0.09375,0.3347086153076173,334.7086153076173,0.05075402207231203
/lustre/orion/lrn070/world-shared/mlupopa/RHEAs_HydraGNN/HydraGNN/examples/vasp_solid_solution_alloys/dataset/bcc_NbZr/Nb-Zr/Zr12Nb116/case-91,0.09375,0.334285721791991,334.285721791991,0.05056676472789911
/lustre/orion/lrn070/world-shared/mlupopa/RHEAs_HydraGNN/HydraGNN/examples/vasp_solid_solution_alloys/dataset/bcc_NbZr/Nb-Zr/Zr12Nb116/case-92,0.09375,0.3325554145263663,332.5554145263663,0.06246533769076987
/lustre/orion/lrn070/world-shared/mlupopa/RHEAs_HydraGNN/HydraGNN/examples/vasp_solid_solution_alloys/dataset/bcc_NbZr/Nb-Zr/Zr12Nb116/case-93,0.09375,0.33257673015136646,332.57673015136646,0.06024783101687439
/lustre/orion/lrn070/world-shared/mlupopa/RHEAs_HydraGNN/HydraGNN/examples/vasp_solid_solution_alloys/dataset/bcc_NbZr/Nb-Zr/Zr12Nb116/case-94,0.09375,0.3327463586669914,332.74635866699145,0.05882174970604311
/lustre/orion/lrn070/world-shared/mlupopa/RHEAs_HydraGNN/HydraGNN/examples/vasp_solid_solution_alloys/dataset/bcc_NbZr/Nb-Zr/Zr12Nb116/case-95,0.09375,0.33261205851074216,332.61205851074214,0.057547228612583934
/lustre/orion/lrn070/world-shared/mlupopa/RHEAs_HydraGNN/HydraGNN/examples/vasp_solid_solution_alloys/dataset/bcc_NbZr/Nb-Zr/Zr12Nb116/case-96,0.09375,0.3330001520263668,333.0001520263668,0.059495324019821445
/lustre/orion/lrn070/world-shared/mlupopa/RHEAs_HydraGNN/HydraGNN/examples/vasp_solid_solution_alloys/dataset/bcc_NbZr/Nb-Zr/Zr12Nb116/case-97,0.09375,0.3342218245263666,334.2218245263666,0.05228432426981275
/lustre/orion/lrn070/world-shared/mlupopa/RHEAs_HydraGNN/HydraGNN/examples/vasp_solid_solution_alloys/dataset/bcc_NbZr/Nb-Zr/Zr12Nb116/case-98,0.09375,0.3338306738232415,333.8306738232415,0.06131584598757231
/lustre/orion/lrn070/world-shared/mlupopa/RHEAs_HydraGNN/HydraGNN/examples/vasp_solid_solution_alloys/dataset/bcc_NbZr/Nb-Zr/Zr12Nb116/case-99,0.09375,0.3329877958544927,332.9877958544927,0.056527460840645916
/lustre/orion/lrn070/world-shared/mlupopa/RHEAs_HydraGNN/HydraGNN/examples/vasp_solid_solution_alloys/dataset/bcc_NbZr/Nb-Zr/Zr16Nb112/case-1,0.125,0.4449598407226567,444.95984072265674,0.06898601147422583
/lustre/orion/lrn070/world-shared/mlupopa/RHEAs_HydraGNN/HydraGNN/examples/vasp_solid_solution_alloys/dataset/bcc_NbZr/Nb-Zr/Zr16Nb112/case-10,0.125,0.4442341233007827,444.2341233007827,0.06668202098772483
/lustre/orion/lrn070/world-shared/mlupopa/RHEAs_HydraGNN/HydraGNN/examples/vasp_solid_solution_alloys/dataset/bcc_NbZr/Nb-Zr/Zr16Nb112/case-100,0.125,0.44593267705078254,445.93267705078256,0.0627492648462508
/lustre/orion/lrn070/world-shared/mlupopa/RHEAs_HydraGNN/HydraGNN/examples/vasp_solid_solution_alloys/dataset/bcc_NbZr/Nb-Zr/Zr16Nb112/case-11,0.125,0.44446636525390737,444.4663652539074,0.065325647985143
/lustre/orion/lrn070/world-shared/mlupopa/RHEAs_HydraGNN/HydraGNN/examples/vasp_solid_solution_alloys/dataset/bcc_NbZr/Nb-Zr/Zr16Nb112/case-12,0.125,0.4449363012695322,444.93630126953224,0.06373398258277464
/lustre/orion/lrn070/world-shared/mlupopa/RHEAs_HydraGNN/HydraGNN/examples/vasp_solid_solution_alloys/dataset/bcc_NbZr/Nb-Zr/Zr16Nb112/case-13,0.125,0.4443852497070324,444.3852497070324,0.0729900917364782
/lustre/orion/lrn070/world-shared/mlupopa/RHEAs_HydraGNN/HydraGNN/examples/vasp_solid_solution_alloys/dataset/bcc_NbZr/Nb-Zr/Zr16Nb112/case-14,0.125,0.44597814244140643,445.9781424414064,0.06776740063034675
/lustre/orion/lrn070/world-shared/mlupopa/RHEAs_HydraGNN/HydraGNN/examples/vasp_solid_solution_alloys/dataset/bcc_NbZr/Nb-Zr/Zr16Nb112/case-15,0.125,0.4453760697070326,445.37606970703257,0.06305929117453551
/lustre/orion/lrn070/world-shared/mlupopa/RHEAs_HydraGNN/HydraGNN/examples/vasp_solid_solution_alloys/dataset/bcc_NbZr/Nb-Zr/Zr16Nb112/case-16,0.125,0.4432067586132824,443.20675861328243,0.06906804440126293
/lustre/orion/lrn070/world-shared/mlupopa/RHEAs_HydraGNN/HydraGNN/examples/vasp_solid_solution_alloys/dataset/bcc_NbZr/Nb-Zr/Zr16Nb112/case-17,0.125,0.4459324778320326,445.9324778320326,0.05969798726995395
/lustre/orion/lrn070/world-shared/mlupopa/RHEAs_HydraGNN/HydraGNN/examples/vasp_solid_solution_alloys/dataset/bcc_NbZr/Nb-Zr/Zr16Nb112/case-18,0.125,0.4458094093945313,445.80940939453126,0.06378490118831519
/lustre/orion/lrn070/world-shared/mlupopa/RHEAs_HydraGNN/HydraGNN/examples/vasp_solid_solution_alloys/dataset/bcc_NbZr/Nb-Zr/Zr16Nb112/case-19,0.125,0.44485388619140664,444.8538861914067,0.06651683623827455
/lustre/orion/lrn070/world-shared/mlupopa/RHEAs_HydraGNN/HydraGNN/examples/vasp_solid_solution_alloys/dataset/bcc_NbZr/Nb-Zr/Zr16Nb112/case-2,0.125,0.44512387345703175,445.1238734570318,0.06265723417150185
/lustre/orion/lrn070/world-shared/mlupopa/RHEAs_HydraGNN/HydraGNN/examples/vasp_solid_solution_alloys/dataset/bcc_NbZr/Nb-Zr/Zr16Nb112/case-20,0.125,0.4449557896289065,444.9557896289065,0.0630976361481453
/lustre/orion/lrn070/world-shared/mlupopa/RHEAs_HydraGNN/HydraGNN/examples/vasp_solid_solution_alloys/dataset/bcc_NbZr/Nb-Zr/Zr16Nb112/case-3,0.125,0.44346790001953096,443.46790001953093,0.07201489389849519
/lustre/orion/lrn070/world-shared/mlupopa/RHEAs_HydraGNN/HydraGNN/examples/vasp_solid_solution_alloys/dataset/bcc_NbZr/Nb-Zr/Zr16Nb112/case-4,0.125,0.4457027886914062,445.7027886914062,0.0658954327312927
/lustre/orion/lrn070/world-shared/mlupopa/RHEAs_HydraGNN/HydraGNN/examples/vasp_solid_solution_alloys/dataset/bcc_NbZr/Nb-Zr/Zr16Nb112/case-41,0.125,0.447051544160157,447.05154416015705,0.05554966335752709
/lustre/orion/lrn070/world-shared/mlupopa/RHEAs_HydraGNN/HydraGNN/examples/vasp_solid_solution_alloys/dataset/bcc_NbZr/Nb-Zr/Zr16Nb112/case-42,0.125,0.4461684050976569,446.1684050976569,0.05881946419268075
/lustre/orion/lrn070/world-shared/mlupopa/RHEAs_HydraGNN/HydraGNN/examples/vasp_solid_solution_alloys/dataset/bcc_NbZr/Nb-Zr/Zr16Nb112/case-43,0.125,0.4451962744726572,445.1962744726572,0.08565477133644968
/lustre/orion/lrn070/world-shared/mlupopa/RHEAs_HydraGNN/HydraGNN/examples/vasp_solid_solution_alloys/dataset/bcc_NbZr/Nb-Zr/Zr16Nb112/case-44,0.125,0.44520070017578206,445.20070017578206,0.060601419535146354
/lustre/orion/lrn070/world-shared/mlupopa/RHEAs_HydraGNN/HydraGNN/examples/vasp_solid_solution_alloys/dataset/bcc_NbZr/Nb-Zr/Zr16Nb112/case-45,0.125,0.4426203350976561,442.6203350976561,0.07400513662163266
/lustre/orion/lrn070/world-shared/mlupopa/RHEAs_HydraGNN/HydraGNN/examples/vasp_solid_solution_alloys/dataset/bcc_NbZr/Nb-Zr/Zr16Nb112/case-46,0.125,0.4461943945507816,446.19439455078157,0.062275405111283454
/lustre/orion/lrn070/world-shared/mlupopa/RHEAs_HydraGNN/HydraGNN/examples/vasp_solid_solution_alloys/dataset/bcc_NbZr/Nb-Zr/Zr16Nb112/case-47,0.125,0.444647633925781,444.647633925781,0.06354204043905283
/lustre/orion/lrn070/world-shared/mlupopa/RHEAs_HydraGNN/HydraGNN/examples/vasp_solid_solution_alloys/dataset/bcc_NbZr/Nb-Zr/Zr16Nb112/case-48,0.125,0.4459324768164077,445.9324768164077,0.062345152196154184
/lustre/orion/lrn070/world-shared/mlupopa/RHEAs_HydraGNN/HydraGNN/examples/vasp_solid_solution_alloys/dataset/bcc_NbZr/Nb-Zr/Zr16Nb112/case-49,0.125,0.4437041670507824,443.7041670507824,0.0723122404642344
/lustre/orion/lrn070/world-shared/mlupopa/RHEAs_HydraGNN/HydraGNN/examples/vasp_solid_solution_alloys/dataset/bcc_NbZr/Nb-Zr/Zr16Nb112/case-5,0.125,0.4448882864257815,444.8882864257815,0.06620426092133994
/lustre/orion/lrn070/world-shared/mlupopa/RHEAs_HydraGNN/HydraGNN/examples/vasp_solid_solution_alloys/dataset/bcc_NbZr/Nb-Zr/Zr16Nb112/case-50,0.125,0.4476731664257816,447.6731664257816,0.0745059971453686
/lustre/orion/lrn070/world-shared/mlupopa/RHEAs_HydraGNN/HydraGNN/examples/vasp_solid_solution_alloys/dataset/bcc_NbZr/Nb-Zr/Zr16Nb112/case-51,0.125,0.4444648686914068,444.46486869140676,0.07187175624716076
/lustre/orion/lrn070/world-shared/mlupopa/RHEAs_HydraGNN/HydraGNN/examples/vasp_solid_solution_alloys/dataset/bcc_NbZr/Nb-Zr/Zr16Nb112/case-52,0.125,0.44779109830078134,447.79109830078136,0.07547974412062934
/lustre/orion/lrn070/world-shared/mlupopa/RHEAs_HydraGNN/HydraGNN/examples/vasp_solid_solution_alloys/dataset/bcc_NbZr/Nb-Zr/Zr16Nb112/case-53,0.125,0.44509374462890605,445.09374462890605,0.0653918444912783
/lustre/orion/lrn070/world-shared/mlupopa/RHEAs_HydraGNN/HydraGNN/examples/vasp_solid_solution_alloys/dataset/bcc_NbZr/Nb-Zr/Zr16Nb112/case-54,0.125,0.4454262048632813,445.4262048632813,0.06758157325552484
/lustre/orion/lrn070/world-shared/mlupopa/RHEAs_HydraGNN/HydraGNN/examples/vasp_solid_solution_alloys/dataset/bcc_NbZr/Nb-Zr/Zr16Nb112/case-55,0.125,0.4433647554101565,443.36475541015653,0.07219700234480976
/lustre/orion/lrn070/world-shared/mlupopa/RHEAs_HydraGNN/HydraGNN/examples/vasp_solid_solution_alloys/dataset/bcc_NbZr/Nb-Zr/Zr16Nb112/case-56,0.125,0.44500484392578166,445.00484392578164,0.06715114498559792
/lustre/orion/lrn070/world-shared/mlupopa/RHEAs_HydraGNN/HydraGNN/examples/vasp_solid_solution_alloys/dataset/bcc_NbZr/Nb-Zr/Zr16Nb112/case-57,0.125,0.44902947259765646,449.0294725976565,0.06953421180110558
/lustre/orion/lrn070/world-shared/mlupopa/RHEAs_HydraGNN/HydraGNN/examples/vasp_solid_solution_alloys/dataset/bcc_NbZr/Nb-Zr/Zr16Nb112/case-58,0.125,0.44321567384765714,443.2156738476572,0.07104674830380929
/lustre/orion/lrn070/world-shared/mlupopa/RHEAs_HydraGNN/HydraGNN/examples/vasp_solid_solution_alloys/dataset/bcc_NbZr/Nb-Zr/Zr16Nb112/case-59,0.125,0.44453049251953125,444.53049251953126,0.06762998191389348
/lustre/orion/lrn070/world-shared/mlupopa/RHEAs_HydraGNN/HydraGNN/examples/vasp_solid_solution_alloys/dataset/bcc_NbZr/Nb-Zr/Zr16Nb112/case-6,0.125,0.4454506898632822,445.45068986328215,0.06265201762937594
/lustre/orion/lrn070/world-shared/mlupopa/RHEAs_HydraGNN/HydraGNN/examples/vasp_solid_solution_alloys/dataset/bcc_NbZr/Nb-Zr/Zr16Nb112/case-60,0.125,0.44450020806640644,444.50020806640646,0.07338468146557071
/lustre/orion/lrn070/world-shared/mlupopa/RHEAs_HydraGNN/HydraGNN/examples/vasp_solid_solution_alloys/dataset/bcc_NbZr/Nb-Zr/Zr16Nb112/case-61,0.125,0.44386209681640665,443.8620968164066,0.07167054303640305
/lustre/orion/lrn070/world-shared/mlupopa/RHEAs_HydraGNN/HydraGNN/examples/vasp_solid_solution_alloys/dataset/bcc_NbZr/Nb-Zr/Zr16Nb112/case-62,0.125,0.444315405800781,444.315405800781,0.06774045645964888
/lustre/orion/lrn070/world-shared/mlupopa/RHEAs_HydraGNN/HydraGNN/examples/vasp_solid_solution_alloys/dataset/bcc_NbZr/Nb-Zr/Zr16Nb112/case-63,0.125,0.4463836659570326,446.3836659570326,0.06237544191345612
/lustre/orion/lrn070/world-shared/mlupopa/RHEAs_HydraGNN/HydraGNN/examples/vasp_solid_solution_alloys/dataset/bcc_NbZr/Nb-Zr/Zr16Nb112/case-64,0.125,0.4429189753320326,442.91897533203263,0.08400818468630314
/lustre/orion/lrn070/world-shared/mlupopa/RHEAs_HydraGNN/HydraGNN/examples/vasp_solid_solution_alloys/dataset/bcc_NbZr/Nb-Zr/Zr16Nb112/case-65,0.125,0.44513480134765615,445.13480134765615,0.07105714907040366
/lustre/orion/lrn070/world-shared/mlupopa/RHEAs_HydraGNN/HydraGNN/examples/vasp_solid_solution_alloys/dataset/bcc_NbZr/Nb-Zr/Zr16Nb112/case-66,0.125,0.44727435994140663,447.2743599414066,0.07820139648615668
/lustre/orion/lrn070/world-shared/mlupopa/RHEAs_HydraGNN/HydraGNN/examples/vasp_solid_solution_alloys/dataset/bcc_NbZr/Nb-Zr/Zr16Nb112/case-67,0.125,0.44520689166015615,445.20689166015615,0.06831820949634788
/lustre/orion/lrn070/world-shared/mlupopa/RHEAs_HydraGNN/HydraGNN/examples/vasp_solid_solution_alloys/dataset/bcc_NbZr/Nb-Zr/Zr16Nb112/case-68,0.125,0.44564433541015624,445.64433541015626,0.06539599793569416
/lustre/orion/lrn070/world-shared/mlupopa/RHEAs_HydraGNN/HydraGNN/examples/vasp_solid_solution_alloys/dataset/bcc_NbZr/Nb-Zr/Zr16Nb112/case-69,0.125,0.4454833092382824,445.4833092382824,0.06142157535936523
/lustre/orion/lrn070/world-shared/mlupopa/RHEAs_HydraGNN/HydraGNN/examples/vasp_solid_solution_alloys/dataset/bcc_NbZr/Nb-Zr/Zr16Nb112/case-7,0.125,0.44376843908203156,443.7684390820316,0.07340980306774561
/lustre/orion/lrn070/world-shared/mlupopa/RHEAs_HydraGNN/HydraGNN/examples/vasp_solid_solution_alloys/dataset/bcc_NbZr/Nb-Zr/Zr16Nb112/case-70,0.125,0.44411369814453217,444.1136981445322,0.07099924825156352
/lustre/orion/lrn070/world-shared/mlupopa/RHEAs_HydraGNN/HydraGNN/examples/vasp_solid_solution_alloys/dataset/bcc_NbZr/Nb-Zr/Zr16Nb112/case-71,0.125,0.44277060783203126,442.77060783203126,0.07253438044876573
/lustre/orion/lrn070/world-shared/mlupopa/RHEAs_HydraGNN/HydraGNN/examples/vasp_solid_solution_alloys/dataset/bcc_NbZr/Nb-Zr/Zr16Nb112/case-72,0.125,0.4438130993164062,443.81309931640624,0.06977208048465205
/lustre/orion/lrn070/world-shared/mlupopa/RHEAs_HydraGNN/HydraGNN/examples/vasp_solid_solution_alloys/dataset/bcc_NbZr/Nb-Zr/Zr16Nb112/case-73,0.125,0.4480858808007824,448.0858808007824,0.0743736184435525
/lustre/orion/lrn070/world-shared/mlupopa/RHEAs_HydraGNN/HydraGNN/examples/vasp_solid_solution_alloys/dataset/bcc_NbZr/Nb-Zr/Zr16Nb112/case-74,0.125,0.4452085281445317,445.2085281445317,0.06668411865589076
/lustre/orion/lrn070/world-shared/mlupopa/RHEAs_HydraGNN/HydraGNN/examples/vasp_solid_solution_alloys/dataset/bcc_NbZr/Nb-Zr/Zr16Nb112/case-75,0.125,0.4475117568164073,447.51175681640734,0.05670575145049954
/lustre/orion/lrn070/world-shared/mlupopa/RHEAs_HydraGNN/HydraGNN/examples/vasp_solid_solution_alloys/dataset/bcc_NbZr/Nb-Zr/Zr16Nb112/case-76,0.125,0.4437671265820313,443.7671265820313,0.06776986960845895
/lustre/orion/lrn070/world-shared/mlupopa/RHEAs_HydraGNN/HydraGNN/examples/vasp_solid_solution_alloys/dataset/bcc_NbZr/Nb-Zr/Zr16Nb112/case-77,0.125,0.44258680259765626,442.5868025976563,0.08509724688028035
/lustre/orion/lrn070/world-shared/mlupopa/RHEAs_HydraGNN/HydraGNN/examples/vasp_solid_solution_alloys/dataset/bcc_NbZr/Nb-Zr/Zr16Nb112/case-78,0.125,0.44553542955078207,445.53542955078206,0.06499368479305002
/lustre/orion/lrn070/world-shared/mlupopa/RHEAs_HydraGNN/HydraGNN/examples/vasp_solid_solution_alloys/dataset/bcc_NbZr/Nb-Zr/Zr16Nb112/case-79,0.125,0.4434926683007827,443.4926683007827,0.07530229344977446
/lustre/orion/lrn070/world-shared/mlupopa/RHEAs_HydraGNN/HydraGNN/examples/vasp_solid_solution_alloys/dataset/bcc_NbZr/Nb-Zr/Zr16Nb112/case-8,0.125,0.44503631541015665,445.03631541015665,0.06342387164335421
/lustre/orion/lrn070/world-shared/mlupopa/RHEAs_HydraGNN/HydraGNN/examples/vasp_solid_solution_alloys/dataset/bcc_NbZr/Nb-Zr/Zr16Nb112/case-80,0.125,0.4438114956445318,443.8114956445318,0.07141346665358524
/lustre/orion/lrn070/world-shared/mlupopa/RHEAs_HydraGNN/HydraGNN/examples/vasp_solid_solution_alloys/dataset/bcc_NbZr/Nb-Zr/Zr16Nb112/case-81,0.125,0.44558929236328204,445.589292363282,0.06715572565758378
/lustre/orion/lrn070/world-shared/mlupopa/RHEAs_HydraGNN/HydraGNN/examples/vasp_solid_solution_alloys/dataset/bcc_NbZr/Nb-Zr/Zr16Nb112/case-82,0.125,0.4440331500976562,444.0331500976562,0.07389332628025526
/lustre/orion/lrn070/world-shared/mlupopa/RHEAs_HydraGNN/HydraGNN/examples/vasp_solid_solution_alloys/dataset/bcc_NbZr/Nb-Zr/Zr16Nb112/case-83,0.125,0.4468387911914071,446.83879119140715,0.07915205467907924
/lustre/orion/lrn070/world-shared/mlupopa/RHEAs_HydraGNN/HydraGNN/examples/vasp_solid_solution_alloys/dataset/bcc_NbZr/Nb-Zr/Zr16Nb112/case-84,0.125,0.4445661874414064,444.56618744140644,0.06672114066217188
/lustre/orion/lrn070/world-shared/mlupopa/RHEAs_HydraGNN/HydraGNN/examples/vasp_solid_solution_alloys/dataset/bcc_NbZr/Nb-Zr/Zr16Nb112/case-85,0.125,0.4448091534570313,444.8091534570313,0.06473719574641833
/lustre/orion/lrn070/world-shared/mlupopa/RHEAs_HydraGNN/HydraGNN/examples/vasp_solid_solution_alloys/dataset/bcc_NbZr/Nb-Zr/Zr16Nb112/case-86,0.125,0.44429623720703226,444.2962372070323,0.06962460066364867
/lustre/orion/lrn070/world-shared/mlupopa/RHEAs_HydraGNN/HydraGNN/examples/vasp_solid_solution_alloys/dataset/bcc_NbZr/Nb-Zr/Zr16Nb112/case-87,0.125,0.44385025603515693,443.8502560351569,0.06614620206841726
/lustre/orion/lrn070/world-shared/mlupopa/RHEAs_HydraGNN/HydraGNN/examples/vasp_solid_solution_alloys/dataset/bcc_NbZr/Nb-Zr/Zr16Nb112/case-88,0.125,0.446520486425781,446.52048642578103,0.06784665099887977
/lustre/orion/lrn070/world-shared/mlupopa/RHEAs_HydraGNN/HydraGNN/examples/vasp_solid_solution_alloys/dataset/bcc_NbZr/Nb-Zr/Zr16Nb112/case-89,0.125,0.4449573586132818,444.95735861328177,0.06689800224241917
/lustre/orion/lrn070/world-shared/mlupopa/RHEAs_HydraGNN/HydraGNN/examples/vasp_solid_solution_alloys/dataset/bcc_NbZr/Nb-Zr/Zr16Nb112/case-9,0.125,0.4478775333007814,447.8775333007814,0.07404555228690789
/lustre/orion/lrn070/world-shared/mlupopa/RHEAs_HydraGNN/HydraGNN/examples/vasp_solid_solution_alloys/dataset/bcc_NbZr/Nb-Zr/Zr16Nb112/case-90,0.125,0.4451676372070317,445.1676372070317,0.0647503366409021
/lustre/orion/lrn070/world-shared/mlupopa/RHEAs_HydraGNN/HydraGNN/examples/vasp_solid_solution_alloys/dataset/bcc_NbZr/Nb-Zr/Zr16Nb112/case-91,0.125,0.4448760604101576,444.8760604101576,0.06421852165005155
/lustre/orion/lrn070/world-shared/mlupopa/RHEAs_HydraGNN/HydraGNN/examples/vasp_solid_solution_alloys/dataset/bcc_NbZr/Nb-Zr/Zr16Nb112/case-92,0.125,0.44574856408203267,445.74856408203266,0.06246367191641787
/lustre/orion/lrn070/world-shared/mlupopa/RHEAs_HydraGNN/HydraGNN/examples/vasp_solid_solution_alloys/dataset/bcc_NbZr/Nb-Zr/Zr16Nb112/case-93,0.125,0.4455111243945318,445.51112439453175,0.062232082699888815
/lustre/orion/lrn070/world-shared/mlupopa/RHEAs_HydraGNN/HydraGNN/examples/vasp_solid_solution_alloys/dataset/bcc_NbZr/Nb-Zr/Zr16Nb112/case-94,0.125,0.4423030716601577,442.3030716601577,0.07494711746350778
/lustre/orion/lrn070/world-shared/mlupopa/RHEAs_HydraGNN/HydraGNN/examples/vasp_solid_solution_alloys/dataset/bcc_NbZr/Nb-Zr/Zr16Nb112/case-95,0.125,0.44467801337890656,444.67801337890654,0.07033401988397034
/lustre/orion/lrn070/world-shared/mlupopa/RHEAs_HydraGNN/HydraGNN/examples/vasp_solid_solution_alloys/dataset/bcc_NbZr/Nb-Zr/Zr16Nb112/case-96,0.125,0.4447912675976564,444.79126759765643,0.0682753545305473
/lustre/orion/lrn070/world-shared/mlupopa/RHEAs_HydraGNN/HydraGNN/examples/vasp_solid_solution_alloys/dataset/bcc_NbZr/Nb-Zr/Zr16Nb112/case-97,0.125,0.4435791998632812,443.5791998632812,0.07072192126956854
/lustre/orion/lrn070/world-shared/mlupopa/RHEAs_HydraGNN/HydraGNN/examples/vasp_solid_solution_alloys/dataset/bcc_NbZr/Nb-Zr/Zr16Nb112/case-98,0.125,0.44456642275390656,444.5664227539066,0.06497337276628086
/lustre/orion/lrn070/world-shared/mlupopa/RHEAs_HydraGNN/HydraGNN/examples/vasp_solid_solution_alloys/dataset/bcc_NbZr/Nb-Zr/Zr16Nb112/case-99,0.125,0.4453521727539069,445.3521727539069,0.0865348348834779
/lustre/orion/lrn070/world-shared/mlupopa/RHEAs_HydraGNN/HydraGNN/examples/vasp_solid_solution_alloys/dataset/bcc_NbZr/Nb-Zr/Zr20Nb108/case-1,0.15625,0.5550541616845699,555.0541616845699,0.07830779632955608
/lustre/orion/lrn070/world-shared/mlupopa/RHEAs_HydraGNN/HydraGNN/examples/vasp_solid_solution_alloys/dataset/bcc_NbZr/Nb-Zr/Zr20Nb108/case-10,0.15625,0.5577056208251943,557.7056208251943,0.08863778960761351
/lustre/orion/lrn070/world-shared/mlupopa/RHEAs_HydraGNN/HydraGNN/examples/vasp_solid_solution_alloys/dataset/bcc_NbZr/Nb-Zr/Zr20Nb108/case-100,0.15625,0.5577104740283207,557.7104740283207,0.06556156019493198
/lustre/orion/lrn070/world-shared/mlupopa/RHEAs_HydraGNN/HydraGNN/examples/vasp_solid_solution_alloys/dataset/bcc_NbZr/Nb-Zr/Zr20Nb108/case-11,0.15625,0.5570778381689454,557.0778381689454,0.09078468826909032
/lustre/orion/lrn070/world-shared/mlupopa/RHEAs_HydraGNN/HydraGNN/examples/vasp_solid_solution_alloys/dataset/bcc_NbZr/Nb-Zr/Zr20Nb108/case-12,0.15625,0.5548264555908204,554.8264555908204,0.0790206626153271
/lustre/orion/lrn070/world-shared/mlupopa/RHEAs_HydraGNN/HydraGNN/examples/vasp_solid_solution_alloys/dataset/bcc_NbZr/Nb-Zr/Zr20Nb108/case-13,0.15625,0.5571598800439457,557.1598800439457,0.08888525397882162
/lustre/orion/lrn070/world-shared/mlupopa/RHEAs_HydraGNN/HydraGNN/examples/vasp_solid_solution_alloys/dataset/bcc_NbZr/Nb-Zr/Zr20Nb108/case-14,0.15625,0.5542306960595695,554.2306960595695,0.09844233778020661
/lustre/orion/lrn070/world-shared/mlupopa/RHEAs_HydraGNN/HydraGNN/examples/vasp_solid_solution_alloys/dataset/bcc_NbZr/Nb-Zr/Zr20Nb108/case-15,0.15625,0.5572231037158204,557.2231037158203,0.08870584474344373
/lustre/orion/lrn070/world-shared/mlupopa/RHEAs_HydraGNN/HydraGNN/examples/vasp_solid_solution_alloys/dataset/bcc_NbZr/Nb-Zr/Zr20Nb108/case-16,0.15625,0.5558840520751946,555.8840520751946,0.08871555462777596
/lustre/orion/lrn070/world-shared/mlupopa/RHEAs_HydraGNN/HydraGNN/examples/vasp_solid_solution_alloys/dataset/bcc_NbZr/Nb-Zr/Zr20Nb108/case-17,0.15625,0.5569023951220693,556.9023951220693,0.07366374023603169
/lustre/orion/lrn070/world-shared/mlupopa/RHEAs_HydraGNN/HydraGNN/examples/vasp_solid_solution_alloys/dataset/bcc_NbZr/Nb-Zr/Zr20Nb108/case-18,0.15625,0.5555714274658197,555.5714274658196,0.07409439309630506
/lustre/orion/lrn070/world-shared/mlupopa/RHEAs_HydraGNN/HydraGNN/examples/vasp_solid_solution_alloys/dataset/bcc_NbZr/Nb-Zr/Zr20Nb108/case-19,0.15625,0.5559518512158199,555.9518512158199,0.09301529132825695
/lustre/orion/lrn070/world-shared/mlupopa/RHEAs_HydraGNN/HydraGNN/examples/vasp_solid_solution_alloys/dataset/bcc_NbZr/Nb-Zr/Zr20Nb108/case-2,0.15625,0.5554432485595697,555.4432485595697,0.08003066379854608
/lustre/orion/lrn070/world-shared/mlupopa/RHEAs_HydraGNN/HydraGNN/examples/vasp_solid_solution_alloys/dataset/bcc_NbZr/Nb-Zr/Zr20Nb108/case-20,0.15625,0.5559745212158198,555.9745212158198,0.07593743281133811
/lustre/orion/lrn070/world-shared/mlupopa/RHEAs_HydraGNN/HydraGNN/examples/vasp_solid_solution_alloys/dataset/bcc_NbZr/Nb-Zr/Zr20Nb108/case-3,0.15625,0.5592513830908192,559.2513830908192,0.07843100308085814
/lustre/orion/lrn070/world-shared/mlupopa/RHEAs_HydraGNN/HydraGNN/examples/vasp_solid_solution_alloys/dataset/bcc_NbZr/Nb-Zr/Zr20Nb108/case-4,0.15625,0.5566416286376956,556.6416286376956,0.08857342100751502
/lustre/orion/lrn070/world-shared/mlupopa/RHEAs_HydraGNN/HydraGNN/examples/vasp_solid_solution_alloys/dataset/bcc_NbZr/Nb-Zr/Zr20Nb108/case-41,0.15625,0.5534400134814454,553.4400134814455,0.07616917613091823
/lustre/orion/lrn070/world-shared/mlupopa/RHEAs_HydraGNN/HydraGNN/examples/vasp_solid_solution_alloys/dataset/bcc_NbZr/Nb-Zr/Zr20Nb108/case-42,0.15625,0.5560187815283193,556.0187815283193,0.07521979723293448
/lustre/orion/lrn070/world-shared/mlupopa/RHEAs_HydraGNN/HydraGNN/examples/vasp_solid_solution_alloys/dataset/bcc_NbZr/Nb-Zr/Zr20Nb108/case-43,0.15625,0.5553231459814452,555.3231459814451,0.07915203884338991
/lustre/orion/lrn070/world-shared/mlupopa/RHEAs_HydraGNN/HydraGNN/examples/vasp_solid_solution_alloys/dataset/bcc_NbZr/Nb-Zr/Zr20Nb108/case-44,0.15625,0.5549725638720702,554.9725638720702,0.07899281377508531
/lustre/orion/lrn070/world-shared/mlupopa/RHEAs_HydraGNN/HydraGNN/examples/vasp_solid_solution_alloys/dataset/bcc_NbZr/Nb-Zr/Zr20Nb108/case-45,0.15625,0.5569566624658204,556.9566624658204,0.08797670316781296
/lustre/orion/lrn070/world-shared/mlupopa/RHEAs_HydraGNN/HydraGNN/examples/vasp_solid_solution_alloys/dataset/bcc_NbZr/Nb-Zr/Zr20Nb108/case-46,0.15625,0.5579554355908201,557.9554355908201,0.08728957840252287
/lustre/orion/lrn070/world-shared/mlupopa/RHEAs_HydraGNN/HydraGNN/examples/vasp_solid_solution_alloys/dataset/bcc_NbZr/Nb-Zr/Zr20Nb108/case-47,0.15625,0.5593715255126952,559.3715255126951,0.07894819964211837
/lustre/orion/lrn070/world-shared/mlupopa/RHEAs_HydraGNN/HydraGNN/examples/vasp_solid_solution_alloys/dataset/bcc_NbZr/Nb-Zr/Zr20Nb108/case-48,0.15625,0.5570728198095694,557.0728198095694,0.08604222823005214
/lustre/orion/lrn070/world-shared/mlupopa/RHEAs_HydraGNN/HydraGNN/examples/vasp_solid_solution_alloys/dataset/bcc_NbZr/Nb-Zr/Zr20Nb108/case-49,0.15625,0.5576521199658195,557.6521199658196,0.08745384767866933
/lustre/orion/lrn070/world-shared/mlupopa/RHEAs_HydraGNN/HydraGNN/examples/vasp_solid_solution_alloys/dataset/bcc_NbZr/Nb-Zr/Zr20Nb108/case-5,0.15625,0.5580095298095706,558.0095298095706,0.08025225099884425
/lustre/orion/lrn070/world-shared/mlupopa/RHEAs_HydraGNN/HydraGNN/examples/vasp_solid_solution_alloys/dataset/bcc_NbZr/Nb-Zr/Zr20Nb108/case-50,0.15625,0.5577374180126959,557.7374180126959,0.08625795927166206
/lustre/orion/lrn070/world-shared/mlupopa/RHEAs_HydraGNN/HydraGNN/examples/vasp_solid_solution_alloys/dataset/bcc_NbZr/Nb-Zr/Zr20Nb108/case-51,0.15625,0.5535534943408198,553.5534943408198,0.08540551087614828
/lustre/orion/lrn070/world-shared/mlupopa/RHEAs_HydraGNN/HydraGNN/examples/vasp_solid_solution_alloys/dataset/bcc_NbZr/Nb-Zr/Zr20Nb108/case-52,0.15625,0.5565209822314454,556.5209822314454,0.08766263174755348
/lustre/orion/lrn070/world-shared/mlupopa/RHEAs_HydraGNN/HydraGNN/examples/vasp_solid_solution_alloys/dataset/bcc_NbZr/Nb-Zr/Zr20Nb108/case-53,0.15625,0.5552578373095702,555.2578373095703,0.08476116278826747
/lustre/orion/lrn070/world-shared/mlupopa/RHEAs_HydraGNN/HydraGNN/examples/vasp_solid_solution_alloys/dataset/bcc_NbZr/Nb-Zr/Zr20Nb108/case-54,0.15625,0.5558513191064449,555.8513191064449,0.07286687328691016
/lustre/orion/lrn070/world-shared/mlupopa/RHEAs_HydraGNN/HydraGNN/examples/vasp_solid_solution_alloys/dataset/bcc_NbZr/Nb-Zr/Zr20Nb108/case-55,0.15625,0.5548462065283193,554.8462065283193,0.08200525356129659
/lustre/orion/lrn070/world-shared/mlupopa/RHEAs_HydraGNN/HydraGNN/examples/vasp_solid_solution_alloys/dataset/bcc_NbZr/Nb-Zr/Zr20Nb108/case-56,0.15625,0.5579541453564456,557.9541453564456,0.08117755659349903
/lustre/orion/lrn070/world-shared/mlupopa/RHEAs_HydraGNN/HydraGNN/examples/vasp_solid_solution_alloys/dataset/bcc_NbZr/Nb-Zr/Zr20Nb108/case-57,0.15625,0.5550998748095708,555.0998748095708,0.08971243137412264
/lustre/orion/lrn070/world-shared/mlupopa/RHEAs_HydraGNN/HydraGNN/examples/vasp_solid_solution_alloys/dataset/bcc_NbZr/Nb-Zr/Zr20Nb108/case-58,0.15625,0.5552184162158209,555.2184162158209,0.08076908850589636
/lustre/orion/lrn070/world-shared/mlupopa/RHEAs_HydraGNN/HydraGNN/examples/vasp_solid_solution_alloys/dataset/bcc_NbZr/Nb-Zr/Zr20Nb108/case-59,0.15625,0.5551732355908197,555.1732355908197,0.09343828532107633
/lustre/orion/lrn070/world-shared/mlupopa/RHEAs_HydraGNN/HydraGNN/examples/vasp_solid_solution_alloys/dataset/bcc_NbZr/Nb-Zr/Zr20Nb108/case-6,0.15625,0.5568382462939443,556.8382462939443,0.0685347564990006
/lustre/orion/lrn070/world-shared/mlupopa/RHEAs_HydraGNN/HydraGNN/examples/vasp_solid_solution_alloys/dataset/bcc_NbZr/Nb-Zr/Zr20Nb108/case-60,0.15625,0.5569646054345707,556.9646054345707,0.07522732477184944
/lustre/orion/lrn070/world-shared/mlupopa/RHEAs_HydraGNN/HydraGNN/examples/vasp_solid_solution_alloys/dataset/bcc_NbZr/Nb-Zr/Zr20Nb108/case-61,0.15625,0.5566205041845702,556.6205041845702,0.07512448150852935
/lustre/orion/lrn070/world-shared/mlupopa/RHEAs_HydraGNN/HydraGNN/examples/vasp_solid_solution_alloys/dataset/bcc_NbZr/Nb-Zr/Zr20Nb108/case-62,0.15625,0.5572219574658206,557.2219574658207,0.08469285428490864
/lustre/orion/lrn070/world-shared/mlupopa/RHEAs_HydraGNN/HydraGNN/examples/vasp_solid_solution_alloys/dataset/bcc_NbZr/Nb-Zr/Zr20Nb108/case-63,0.15625,0.5553393087158209,555.339308715821,0.09095149803955768
/lustre/orion/lrn070/world-shared/mlupopa/RHEAs_HydraGNN/HydraGNN/examples/vasp_solid_solution_alloys/dataset/bcc_NbZr/Nb-Zr/Zr20Nb108/case-64,0.15625,0.5567982435595695,556.7982435595695,0.08980499574665063
/lustre/orion/lrn070/world-shared/mlupopa/RHEAs_HydraGNN/HydraGNN/examples/vasp_solid_solution_alloys/dataset/bcc_NbZr/Nb-Zr/Zr20Nb108/case-65,0.15625,0.5552992749658205,555.2992749658206,0.08317706217926857
/lustre/orion/lrn070/world-shared/mlupopa/RHEAs_HydraGNN/HydraGNN/examples/vasp_solid_solution_alloys/dataset/bcc_NbZr/Nb-Zr/Zr20Nb108/case-66,0.15625,0.5563627365283192,556.3627365283193,0.07309425371664299
/lustre/orion/lrn070/world-shared/mlupopa/RHEAs_HydraGNN/HydraGNN/examples/vasp_solid_solution_alloys/dataset/bcc_NbZr/Nb-Zr/Zr20Nb108/case-67,0.15625,0.5563012002783196,556.3012002783196,0.07512209128598453
/lustre/orion/lrn070/world-shared/mlupopa/RHEAs_HydraGNN/HydraGNN/examples/vasp_solid_solution_alloys/dataset/bcc_NbZr/Nb-Zr/Zr20Nb108/case-68,0.15625,0.5551608155126946,555.1608155126946,0.07443279029081926
/lustre/orion/lrn070/world-shared/mlupopa/RHEAs_HydraGNN/HydraGNN/examples/vasp_solid_solution_alloys/dataset/bcc_NbZr/Nb-Zr/Zr20Nb108/case-69,0.15625,0.5542433479345696,554.2433479345697,0.08268233486625345
/lustre/orion/lrn070/world-shared/mlupopa/RHEAs_HydraGNN/HydraGNN/examples/vasp_solid_solution_alloys/dataset/bcc_NbZr/Nb-Zr/Zr20Nb108/case-7,0.15625,0.5549876699658203,554.9876699658203,0.08061173657743112
/lustre/orion/lrn070/world-shared/mlupopa/RHEAs_HydraGNN/HydraGNN/examples/vasp_solid_solution_alloys/dataset/bcc_NbZr/Nb-Zr/Zr20Nb108/case-70,0.15625,0.5554492219189449,555.4492219189449,0.07359307315745749
/lustre/orion/lrn070/world-shared/mlupopa/RHEAs_HydraGNN/HydraGNN/examples/vasp_solid_solution_alloys/dataset/bcc_NbZr/Nb-Zr/Zr20Nb108/case-71,0.15625,0.5554366228564458,555.4366228564458,0.0733462236003131
/lustre/orion/lrn070/world-shared/mlupopa/RHEAs_HydraGNN/HydraGNN/examples/vasp_solid_solution_alloys/dataset/bcc_NbZr/Nb-Zr/Zr20Nb108/case-72,0.15625,0.5571191156689448,557.1191156689448,0.07898120089555925
/lustre/orion/lrn070/world-shared/mlupopa/RHEAs_HydraGNN/HydraGNN/examples/vasp_solid_solution_alloys/dataset/bcc_NbZr/Nb-Zr/Zr20Nb108/case-73,0.15625,0.5578646779345693,557.8646779345693,0.0818435757743771
/lustre/orion/lrn070/world-shared/mlupopa/RHEAs_HydraGNN/HydraGNN/examples/vasp_solid_solution_alloys/dataset/bcc_NbZr/Nb-Zr/Zr20Nb108/case-74,0.15625,0.5578337423876949,557.8337423876949,0.08531425124745445
/lustre/orion/lrn070/world-shared/mlupopa/RHEAs_HydraGNN/HydraGNN/examples/vasp_solid_solution_alloys/dataset/bcc_NbZr/Nb-Zr/Zr20Nb108/case-75,0.15625,0.5579198500439446,557.9198500439446,0.08878786016062762
/lustre/orion/lrn070/world-shared/mlupopa/RHEAs_HydraGNN/HydraGNN/examples/vasp_solid_solution_alloys/dataset/bcc_NbZr/Nb-Zr/Zr20Nb108/case-76,0.15625,0.5559462403564446,555.9462403564446,0.09522644271379074
/lustre/orion/lrn070/world-shared/mlupopa/RHEAs_HydraGNN/HydraGNN/examples/vasp_solid_solution_alloys/dataset/bcc_NbZr/Nb-Zr/Zr20Nb108/case-77,0.15625,0.5550831394189455,555.0831394189455,0.08326104198759755
/lustre/orion/lrn070/world-shared/mlupopa/RHEAs_HydraGNN/HydraGNN/examples/vasp_solid_solution_alloys/dataset/bcc_NbZr/Nb-Zr/Zr20Nb108/case-78,0.15625,0.5539660887939455,553.9660887939455,0.08801761092213618
/lustre/orion/lrn070/world-shared/mlupopa/RHEAs_HydraGNN/HydraGNN/examples/vasp_solid_solution_alloys/dataset/bcc_NbZr/Nb-Zr/Zr20Nb108/case-79,0.15625,0.5585235312158208,558.5235312158208,0.08244156546596948
/lustre/orion/lrn070/world-shared/mlupopa/RHEAs_HydraGNN/HydraGNN/examples/vasp_solid_solution_alloys/dataset/bcc_NbZr/Nb-Zr/Zr20Nb108/case-8,0.15625,0.5576784243408195,557.6784243408194,0.06711766715994688
/lustre/orion/lrn070/world-shared/mlupopa/RHEAs_HydraGNN/HydraGNN/examples/vasp_solid_solution_alloys/dataset/bcc_NbZr/Nb-Zr/Zr20Nb108/case-80,0.15625,0.5577322744970701,557.7322744970701,0.09001355266664189
/lustre/orion/lrn070/world-shared/mlupopa/RHEAs_HydraGNN/HydraGNN/examples/vasp_solid_solution_alloys/dataset/bcc_NbZr/Nb-Zr/Zr20Nb108/case-81,0.15625,0.5553363307470693,555.3363307470694,0.07196011315443614
/lustre/orion/lrn070/world-shared/mlupopa/RHEAs_HydraGNN/HydraGNN/examples/vasp_solid_solution_alloys/dataset/bcc_NbZr/Nb-Zr/Zr20Nb108/case-82,0.15625,0.5560687944970706,556.0687944970706,0.09296700288337342
/lustre/orion/lrn070/world-shared/mlupopa/RHEAs_HydraGNN/HydraGNN/examples/vasp_solid_solution_alloys/dataset/bcc_NbZr/Nb-Zr/Zr20Nb108/case-83,0.15625,0.5547470897314444,554.7470897314444,0.08134404681935414
/lustre/orion/lrn070/world-shared/mlupopa/RHEAs_HydraGNN/HydraGNN/examples/vasp_solid_solution_alloys/dataset/bcc_NbZr/Nb-Zr/Zr20Nb108/case-84,0.15625,0.5562583967626953,556.2583967626953,0.07648869624832871
/lustre/orion/lrn070/world-shared/mlupopa/RHEAs_HydraGNN/HydraGNN/examples/vasp_solid_solution_alloys/dataset/bcc_NbZr/Nb-Zr/Zr20Nb108/case-85,0.15625,0.5560968806689459,556.0968806689459,0.07614932601749931
/lustre/orion/lrn070/world-shared/mlupopa/RHEAs_HydraGNN/HydraGNN/examples/vasp_solid_solution_alloys/dataset/bcc_NbZr/Nb-Zr/Zr20Nb108/case-86,0.15625,0.5591743597314451,559.1743597314452,0.08573547949339386
/lustre/orion/lrn070/world-shared/mlupopa/RHEAs_HydraGNN/HydraGNN/examples/vasp_solid_solution_alloys/dataset/bcc_NbZr/Nb-Zr/Zr20Nb108/case-87,0.15625,0.558650963637696,558.6509636376959,0.07901433879691777
/lustre/orion/lrn070/world-shared/mlupopa/RHEAs_HydraGNN/HydraGNN/examples/vasp_solid_solution_alloys/dataset/bcc_NbZr/Nb-Zr/Zr20Nb108/case-88,0.15625,0.5586214922314454,558.6214922314455,0.08513134754504065
/lustre/orion/lrn070/world-shared/mlupopa/RHEAs_HydraGNN/HydraGNN/examples/vasp_solid_solution_alloys/dataset/bcc_NbZr/Nb-Zr/Zr20Nb108/case-89,0.15625,0.5597218773876946,559.7218773876946,0.07954042224697526
/lustre/orion/lrn070/world-shared/mlupopa/RHEAs_HydraGNN/HydraGNN/examples/vasp_solid_solution_alloys/dataset/bcc_NbZr/Nb-Zr/Zr20Nb108/case-9,0.15625,0.5575390517626957,557.5390517626956,0.08297737008145153
/lustre/orion/lrn070/world-shared/mlupopa/RHEAs_HydraGNN/HydraGNN/examples/vasp_solid_solution_alloys/dataset/bcc_NbZr/Nb-Zr/Zr20Nb108/case-90,0.15625,0.5568855086376949,556.8855086376949,0.08933875528953611
/lustre/orion/lrn070/world-shared/mlupopa/RHEAs_HydraGNN/HydraGNN/examples/vasp_solid_solution_alloys/dataset/bcc_NbZr/Nb-Zr/Zr20Nb108/case-91,0.15625,0.5573326402001957,557.3326402001957,0.08912561972252314
/lustre/orion/lrn070/world-shared/mlupopa/RHEAs_HydraGNN/HydraGNN/examples/vasp_solid_solution_alloys/dataset/bcc_NbZr/Nb-Zr/Zr20Nb108/case-92,0.15625,0.5583899078564443,558.3899078564443,0.08184243766849018
/lustre/orion/lrn070/world-shared/mlupopa/RHEAs_HydraGNN/HydraGNN/examples/vasp_solid_solution_alloys/dataset/bcc_NbZr/Nb-Zr/Zr20Nb108/case-93,0.15625,0.5578768310595699,557.8768310595699,0.0843864119982183
/lustre/orion/lrn070/world-shared/mlupopa/RHEAs_HydraGNN/HydraGNN/examples/vasp_solid_solution_alloys/dataset/bcc_NbZr/Nb-Zr/Zr20Nb108/case-94,0.15625,0.5583931171533205,558.3931171533205,0.08847939468251355
/lustre/orion/lrn070/world-shared/mlupopa/RHEAs_HydraGNN/HydraGNN/examples/vasp_solid_solution_alloys/dataset/bcc_NbZr/Nb-Zr/Zr20Nb108/case-95,0.15625,0.5576619327001957,557.6619327001957,0.08384988518024099
/lustre/orion/lrn070/world-shared/mlupopa/RHEAs_HydraGNN/HydraGNN/examples/vasp_solid_solution_alloys/dataset/bcc_NbZr/Nb-Zr/Zr20Nb108/case-96,0.15625,0.5525856892626955,552.5856892626955,0.09076920774581165
/lustre/orion/lrn070/world-shared/mlupopa/RHEAs_HydraGNN/HydraGNN/examples/vasp_solid_solution_alloys/dataset/bcc_NbZr/Nb-Zr/Zr20Nb108/case-97,0.15625,0.5572381015283199,557.2381015283199,0.08532979786999269
/lustre/orion/lrn070/world-shared/mlupopa/RHEAs_HydraGNN/HydraGNN/examples/vasp_solid_solution_alloys/dataset/bcc_NbZr/Nb-Zr/Zr20Nb108/case-98,0.15625,0.5559354048876948,555.9354048876947,0.07660364734164031
/lustre/orion/lrn070/world-shared/mlupopa/RHEAs_HydraGNN/HydraGNN/examples/vasp_solid_solution_alloys/dataset/bcc_NbZr/Nb-Zr/Zr20Nb108/case-99,0.15625,0.557016841762696,557.016841762696,0.09225217389624157
/lustre/orion/lrn070/world-shared/mlupopa/RHEAs_HydraGNN/HydraGNN/examples/vasp_solid_solution_alloys/dataset/bcc_NbZr/Nb-Zr/Zr24Nb104/case-1,0.1875,0.6687549558496109,668.7549558496108,0.09260989670823558
/lustre/orion/lrn070/world-shared/mlupopa/RHEAs_HydraGNN/HydraGNN/examples/vasp_solid_solution_alloys/dataset/bcc_NbZr/Nb-Zr/Zr24Nb104/case-10,0.1875,0.6653634894433598,665.3634894433598,0.10613891021550614
/lustre/orion/lrn070/world-shared/mlupopa/RHEAs_HydraGNN/HydraGNN/examples/vasp_solid_solution_alloys/dataset/bcc_NbZr/Nb-Zr/Zr24Nb104/case-100,0.1875,0.6669360028027356,666.9360028027356,0.09701812956270121
/lustre/orion/lrn070/world-shared/mlupopa/RHEAs_HydraGNN/HydraGNN/examples/vasp_solid_solution_alloys/dataset/bcc_NbZr/Nb-Zr/Zr24Nb104/case-11,0.1875,0.6650450674902348,665.0450674902348,0.0928944539149397
/lustre/orion/lrn070/world-shared/mlupopa/RHEAs_HydraGNN/HydraGNN/examples/vasp_solid_solution_alloys/dataset/bcc_NbZr/Nb-Zr/Zr24Nb104/case-12,0.1875,0.6653299663183603,665.3299663183602,0.09993004210127678
/lustre/orion/lrn070/world-shared/mlupopa/RHEAs_HydraGNN/HydraGNN/examples/vasp_solid_solution_alloys/dataset/bcc_NbZr/Nb-Zr/Zr24Nb104/case-13,0.1875,0.6645428035839842,664.5428035839842,0.10003917927827922
/lustre/orion/lrn070/world-shared/mlupopa/RHEAs_HydraGNN/HydraGNN/examples/vasp_solid_solution_alloys/dataset/bcc_NbZr/Nb-Zr/Zr24Nb104/case-14,0.1875,0.6645751394433592,664.5751394433593,0.08892856224925468
/lustre/orion/lrn070/world-shared/mlupopa/RHEAs_HydraGNN/HydraGNN/examples/vasp_solid_solution_alloys/dataset/bcc_NbZr/Nb-Zr/Zr24Nb104/case-15,0.1875,0.6649713117871094,664.9713117871095,0.09118966822367296
/lustre/orion/lrn070/world-shared/mlupopa/RHEAs_HydraGNN/HydraGNN/examples/vasp_solid_solution_alloys/dataset/bcc_NbZr/Nb-Zr/Zr24Nb104/case-16,0.1875,0.6676291726464854,667.6291726464854,0.09116754106289367
/lustre/orion/lrn070/world-shared/mlupopa/RHEAs_HydraGNN/HydraGNN/examples/vasp_solid_solution_alloys/dataset/bcc_NbZr/Nb-Zr/Zr24Nb104/case-17,0.1875,0.6652534580371103,665.2534580371104,0.1038816638874851
/lustre/orion/lrn070/world-shared/mlupopa/RHEAs_HydraGNN/HydraGNN/examples/vasp_solid_solution_alloys/dataset/bcc_NbZr/Nb-Zr/Zr24Nb104/case-18,0.1875,0.663962539521485,663.962539521485,0.08827161899734619
/lustre/orion/lrn070/world-shared/mlupopa/RHEAs_HydraGNN/HydraGNN/examples/vasp_solid_solution_alloys/dataset/bcc_NbZr/Nb-Zr/Zr24Nb104/case-19,0.1875,0.6656691412402349,665.6691412402349,0.09559392014514115
/lustre/orion/lrn070/world-shared/mlupopa/RHEAs_HydraGNN/HydraGNN/examples/vasp_solid_solution_alloys/dataset/bcc_NbZr/Nb-Zr/Zr24Nb104/case-2,0.1875,0.6675570249902343,667.5570249902343,0.09462549945655324
/lustre/orion/lrn070/world-shared/mlupopa/RHEAs_HydraGNN/HydraGNN/examples/vasp_solid_solution_alloys/dataset/bcc_NbZr/Nb-Zr/Zr24Nb104/case-20,0.1875,0.6683718328027357,668.3718328027358,0.09659313313062143
/lustre/orion/lrn070/world-shared/mlupopa/RHEAs_HydraGNN/HydraGNN/examples/vasp_solid_solution_alloys/dataset/bcc_NbZr/Nb-Zr/Zr24Nb104/case-3,0.1875,0.6669487110839842,666.9487110839842,0.09456947988379814
/lustre/orion/lrn070/world-shared/mlupopa/RHEAs_HydraGNN/HydraGNN/examples/vasp_solid_solution_alloys/dataset/bcc_NbZr/Nb-Zr/Zr24Nb104/case-4,0.1875,0.6681547756933597,668.1547756933596,0.0876896190747259
/lustre/orion/lrn070/world-shared/mlupopa/RHEAs_HydraGNN/HydraGNN/examples/vasp_solid_solution_alloys/dataset/bcc_NbZr/Nb-Zr/Zr24Nb104/case-41,0.1875,0.6674082724121106,667.4082724121106,0.09803906205134846
/lustre/orion/lrn070/world-shared/mlupopa/RHEAs_HydraGNN/HydraGNN/examples/vasp_solid_solution_alloys/dataset/bcc_NbZr/Nb-Zr/Zr24Nb104/case-42,0.1875,0.6655084965527358,665.5084965527358,0.10156231341079182
/lustre/orion/lrn070/world-shared/mlupopa/RHEAs_HydraGNN/HydraGNN/examples/vasp_solid_solution_alloys/dataset/bcc_NbZr/Nb-Zr/Zr24Nb104/case-43,0.1875,0.6692445758496106,669.2445758496106,0.08754091525872129
/lustre/orion/lrn070/world-shared/mlupopa/RHEAs_HydraGNN/HydraGNN/examples/vasp_solid_solution_alloys/dataset/bcc_NbZr/Nb-Zr/Zr24Nb104/case-44,0.1875,0.6684842483496105,668.4842483496105,0.09794973400951601
/lustre/orion/lrn070/world-shared/mlupopa/RHEAs_HydraGNN/HydraGNN/examples/vasp_solid_solution_alloys/dataset/bcc_NbZr/Nb-Zr/Zr24Nb104/case-45,0.1875,0.6639904142089854,663.9904142089854,0.09540810450692207
/lustre/orion/lrn070/world-shared/mlupopa/RHEAs_HydraGNN/HydraGNN/examples/vasp_solid_solution_alloys/dataset/bcc_NbZr/Nb-Zr/Zr24Nb104/case-46,0.1875,0.6646318316308601,664.6318316308601,0.10007806152573948
/lustre/orion/lrn070/world-shared/mlupopa/RHEAs_HydraGNN/HydraGNN/examples/vasp_solid_solution_alloys/dataset/bcc_NbZr/Nb-Zr/Zr24Nb104/case-47,0.1875,0.6660053847558594,666.0053847558594,0.10524760987777894
/lustre/orion/lrn070/world-shared/mlupopa/RHEAs_HydraGNN/HydraGNN/examples/vasp_solid_solution_alloys/dataset/bcc_NbZr/Nb-Zr/Zr24Nb104/case-48,0.1875,0.6681595985058593,668.1595985058593,0.09014684245637983
/lustre/orion/lrn070/world-shared/mlupopa/RHEAs_HydraGNN/HydraGNN/examples/vasp_solid_solution_alloys/dataset/bcc_NbZr/Nb-Zr/Zr24Nb104/case-49,0.1875,0.6676244046777349,667.6244046777349,0.08822984022442831
/lustre/orion/lrn070/world-shared/mlupopa/RHEAs_HydraGNN/HydraGNN/examples/vasp_solid_solution_alloys/dataset/bcc_NbZr/Nb-Zr/Zr24Nb104/case-5,0.1875,0.6670999363964842,667.0999363964843,0.08363772250826713
/lustre/orion/lrn070/world-shared/mlupopa/RHEAs_HydraGNN/HydraGNN/examples/vasp_solid_solution_alloys/dataset/bcc_NbZr/Nb-Zr/Zr24Nb104/case-50,0.1875,0.6691331745214857,669.1331745214857,0.08744810510781112
/lustre/orion/lrn070/world-shared/mlupopa/RHEAs_HydraGNN/HydraGNN/examples/vasp_solid_solution_alloys/dataset/bcc_NbZr/Nb-Zr/Zr24Nb104/case-51,0.1875,0.6624712542089846,662.4712542089845,0.09028831336857471
/lustre/orion/lrn070/world-shared/mlupopa/RHEAs_HydraGNN/HydraGNN/examples/vasp_solid_solution_alloys/dataset/bcc_NbZr/Nb-Zr/Zr24Nb104/case-52,0.1875,0.6675509563183599,667.5509563183599,0.08191444932465254
/lustre/orion/lrn070/world-shared/mlupopa/RHEAs_HydraGNN/HydraGNN/examples/vasp_solid_solution_alloys/dataset/bcc_NbZr/Nb-Zr/Zr24Nb104/case-53,0.1875,0.6670804562402353,667.0804562402352,0.09098740174524012
/lustre/orion/lrn070/world-shared/mlupopa/RHEAs_HydraGNN/HydraGNN/examples/vasp_solid_solution_alloys/dataset/bcc_NbZr/Nb-Zr/Zr24Nb104/case-54,0.1875,0.6653575917871102,665.3575917871102,0.10136777725750047
/lustre/orion/lrn070/world-shared/mlupopa/RHEAs_HydraGNN/HydraGNN/examples/vasp_solid_solution_alloys/dataset/bcc_NbZr/Nb-Zr/Zr24Nb104/case-55,0.1875,0.6670919508496098,667.0919508496098,0.09688775386270387
/lustre/orion/lrn070/world-shared/mlupopa/RHEAs_HydraGNN/HydraGNN/examples/vasp_solid_solution_alloys/dataset/bcc_NbZr/Nb-Zr/Zr24Nb104/case-56,0.1875,0.6667462990527344,666.7462990527345,0.09633567716054274
/lustre/orion/lrn070/world-shared/mlupopa/RHEAs_HydraGNN/HydraGNN/examples/vasp_solid_solution_alloys/dataset/bcc_NbZr/Nb-Zr/Zr24Nb104/case-57,0.1875,0.6690717058496105,669.0717058496105,0.09002629592939264
/lustre/orion/lrn070/world-shared/mlupopa/RHEAs_HydraGNN/HydraGNN/examples/vasp_solid_solution_alloys/dataset/bcc_NbZr/Nb-Zr/Zr24Nb104/case-58,0.1875,0.6653704794433608,665.3704794433609,0.098194637426995
/lustre/orion/lrn070/world-shared/mlupopa/RHEAs_HydraGNN/HydraGNN/examples/vasp_solid_solution_alloys/dataset/bcc_NbZr/Nb-Zr/Zr24Nb104/case-59,0.1875,0.6664407390527352,666.4407390527351,0.0932356045870655
/lustre/orion/lrn070/world-shared/mlupopa/RHEAs_HydraGNN/HydraGNN/examples/vasp_solid_solution_alloys/dataset/bcc_NbZr/Nb-Zr/Zr24Nb104/case-6,0.1875,0.6673069378808609,667.3069378808609,0.09090129912512195
/lustre/orion/lrn070/world-shared/mlupopa/RHEAs_HydraGNN/HydraGNN/examples/vasp_solid_solution_alloys/dataset/bcc_NbZr/Nb-Zr/Zr24Nb104/case-60,0.1875,0.6674574022558595,667.4574022558595,0.0926235278498152
/lustre/orion/lrn070/world-shared/mlupopa/RHEAs_HydraGNN/HydraGNN/examples/vasp_solid_solution_alloys/dataset/bcc_NbZr/Nb-Zr/Zr24Nb104/case-61,0.1875,0.67034576741211,670.34576741211,0.08492730037783182
/lustre/orion/lrn070/world-shared/mlupopa/RHEAs_HydraGNN/HydraGNN/examples/vasp_solid_solution_alloys/dataset/bcc_NbZr/Nb-Zr/Zr24Nb104/case-62,0.1875,0.6658362993652354,665.8362993652354,0.09375013025086111
/lustre/orion/lrn070/world-shared/mlupopa/RHEAs_HydraGNN/HydraGNN/examples/vasp_solid_solution_alloys/dataset/bcc_NbZr/Nb-Zr/Zr24Nb104/case-63,0.1875,0.6689747142089857,668.9747142089857,0.09906451110899925
/lustre/orion/lrn070/world-shared/mlupopa/RHEAs_HydraGNN/HydraGNN/examples/vasp_solid_solution_alloys/dataset/bcc_NbZr/Nb-Zr/Zr24Nb104/case-64,0.1875,0.6653949541308606,665.3949541308606,0.09391122232449649
/lustre/orion/lrn070/world-shared/mlupopa/RHEAs_HydraGNN/HydraGNN/examples/vasp_solid_solution_alloys/dataset/bcc_NbZr/Nb-Zr/Zr24Nb104/case-65,0.1875,0.6668125757714858,666.8125757714857,0.10273223331323235
/lustre/orion/lrn070/world-shared/mlupopa/RHEAs_HydraGNN/HydraGNN/examples/vasp_solid_solution_alloys/dataset/bcc_NbZr/Nb-Zr/Zr24Nb104/case-66,0.1875,0.6667824958496098,666.7824958496099,0.09169039261022613
/lustre/orion/lrn070/world-shared/mlupopa/RHEAs_HydraGNN/HydraGNN/examples/vasp_solid_solution_alloys/dataset/bcc_NbZr/Nb-Zr/Zr24Nb104/case-67,0.1875,0.664390661240235,664.3906612402351,0.09963551679614488
/lustre/orion/lrn070/world-shared/mlupopa/RHEAs_HydraGNN/HydraGNN/examples/vasp_solid_solution_alloys/dataset/bcc_NbZr/Nb-Zr/Zr24Nb104/case-68,0.1875,0.666893373583985,666.8933735839851,0.09564424060286296
/lustre/orion/lrn070/world-shared/mlupopa/RHEAs_HydraGNN/HydraGNN/examples/vasp_solid_solution_alloys/dataset/bcc_NbZr/Nb-Zr/Zr24Nb104/case-69,0.1875,0.6688593334277346,668.8593334277347,0.0890156583773743
/lustre/orion/lrn070/world-shared/mlupopa/RHEAs_HydraGNN/HydraGNN/examples/vasp_solid_solution_alloys/dataset/bcc_NbZr/Nb-Zr/Zr24Nb104/case-7,0.1875,0.6650802935058593,665.0802935058593,0.0923161250773854
/lustre/orion/lrn070/world-shared/mlupopa/RHEAs_HydraGNN/HydraGNN/examples/vasp_solid_solution_alloys/dataset/bcc_NbZr/Nb-Zr/Zr24Nb104/case-70,0.1875,0.6669225793652345,666.9225793652345,0.10310593683652616
/lustre/orion/lrn070/world-shared/mlupopa/RHEAs_HydraGNN/HydraGNN/examples/vasp_solid_solution_alloys/dataset/bcc_NbZr/Nb-Zr/Zr24Nb104/case-71,0.1875,0.6661993216308595,666.1993216308595,0.10055402065969668
/lustre/orion/lrn070/world-shared/mlupopa/RHEAs_HydraGNN/HydraGNN/examples/vasp_solid_solution_alloys/dataset/bcc_NbZr/Nb-Zr/Zr24Nb104/case-72,0.1875,0.6692436831152353,669.2436831152353,0.09298245726144452
/lustre/orion/lrn070/world-shared/mlupopa/RHEAs_HydraGNN/HydraGNN/examples/vasp_solid_solution_alloys/dataset/bcc_NbZr/Nb-Zr/Zr24Nb104/case-73,0.1875,0.6689275624121098,668.9275624121099,0.09548614291984567
/lustre/orion/lrn070/world-shared/mlupopa/RHEAs_HydraGNN/HydraGNN/examples/vasp_solid_solution_alloys/dataset/bcc_NbZr/Nb-Zr/Zr24Nb104/case-74,0.1875,0.6632826364746105,663.2826364746105,0.10349854921150736
/lustre/orion/lrn070/world-shared/mlupopa/RHEAs_HydraGNN/HydraGNN/examples/vasp_solid_solution_alloys/dataset/bcc_NbZr/Nb-Zr/Zr24Nb104/case-75,0.1875,0.6676468803808593,667.6468803808593,0.09686112423662979
/lustre/orion/lrn070/world-shared/mlupopa/RHEAs_HydraGNN/HydraGNN/examples/vasp_solid_solution_alloys/dataset/bcc_NbZr/Nb-Zr/Zr24Nb104/case-76,0.1875,0.6671718369433606,667.1718369433606,0.0797508003474412
/lustre/orion/lrn070/world-shared/mlupopa/RHEAs_HydraGNN/HydraGNN/examples/vasp_solid_solution_alloys/dataset/bcc_NbZr/Nb-Zr/Zr24Nb104/case-77,0.1875,0.6675615657714857,667.5615657714857,0.08976157935242796
/lustre/orion/lrn070/world-shared/mlupopa/RHEAs_HydraGNN/HydraGNN/examples/vasp_solid_solution_alloys/dataset/bcc_NbZr/Nb-Zr/Zr24Nb104/case-78,0.1875,0.6668387051464855,666.8387051464855,0.10179029990154713
/lustre/orion/lrn070/world-shared/mlupopa/RHEAs_HydraGNN/HydraGNN/examples/vasp_solid_solution_alloys/dataset/bcc_NbZr/Nb-Zr/Zr24Nb104/case-79,0.1875,0.6660482116308604,666.0482116308604,0.08648375852366404
/lustre/orion/lrn070/world-shared/mlupopa/RHEAs_HydraGNN/HydraGNN/examples/vasp_solid_solution_alloys/dataset/bcc_NbZr/Nb-Zr/Zr24Nb104/case-8,0.1875,0.6640249455371094,664.0249455371095,0.11033738494264884
/lustre/orion/lrn070/world-shared/mlupopa/RHEAs_HydraGNN/HydraGNN/examples/vasp_solid_solution_alloys/dataset/bcc_NbZr/Nb-Zr/Zr24Nb104/case-80,0.1875,0.6637583814746097,663.7583814746098,0.1038341430758971
/lustre/orion/lrn070/world-shared/mlupopa/RHEAs_HydraGNN/HydraGNN/examples/vasp_solid_solution_alloys/dataset/bcc_NbZr/Nb-Zr/Zr24Nb104/case-81,0.1875,0.6698163776464856,669.8163776464856,0.09035473454367667
/lustre/orion/lrn070/world-shared/mlupopa/RHEAs_HydraGNN/HydraGNN/examples/vasp_solid_solution_alloys/dataset/bcc_NbZr/Nb-Zr/Zr24Nb104/case-82,0.1875,0.6676127156152347,667.6127156152347,0.08977763939286984
/lustre/orion/lrn070/world-shared/mlupopa/RHEAs_HydraGNN/HydraGNN/examples/vasp_solid_solution_alloys/dataset/bcc_NbZr/Nb-Zr/Zr24Nb104/case-83,0.1875,0.6674551303027343,667.4551303027342,0.0967910503462264
/lustre/orion/lrn070/world-shared/mlupopa/RHEAs_HydraGNN/HydraGNN/examples/vasp_solid_solution_alloys/dataset/bcc_NbZr/Nb-Zr/Zr24Nb104/case-84,0.1875,0.6661593893652356,666.1593893652356,0.0867849413071105
/lustre/orion/lrn070/world-shared/mlupopa/RHEAs_HydraGNN/HydraGNN/examples/vasp_solid_solution_alloys/dataset/bcc_NbZr/Nb-Zr/Zr24Nb104/case-85,0.1875,0.6667211596777349,666.7211596777349,0.09894292818125618
/lustre/orion/lrn070/world-shared/mlupopa/RHEAs_HydraGNN/HydraGNN/examples/vasp_solid_solution_alloys/dataset/bcc_NbZr/Nb-Zr/Zr24Nb104/case-86,0.1875,0.6669589302246095,666.9589302246095,0.08852411536676338
/lustre/orion/lrn070/world-shared/mlupopa/RHEAs_HydraGNN/HydraGNN/examples/vasp_solid_solution_alloys/dataset/bcc_NbZr/Nb-Zr/Zr24Nb104/case-87,0.1875,0.6668280346777351,666.8280346777351,0.09509643437845587
/lustre/orion/lrn070/world-shared/mlupopa/RHEAs_HydraGNN/HydraGNN/examples/vasp_solid_solution_alloys/dataset/bcc_NbZr/Nb-Zr/Zr24Nb104/case-88,0.1875,0.6667568933496106,666.7568933496107,0.09545806646251138
/lustre/orion/lrn070/world-shared/mlupopa/RHEAs_HydraGNN/HydraGNN/examples/vasp_solid_solution_alloys/dataset/bcc_NbZr/Nb-Zr/Zr24Nb104/case-89,0.1875,0.6666786074902351,666.6786074902351,0.09271788886479172
/lustre/orion/lrn070/world-shared/mlupopa/RHEAs_HydraGNN/HydraGNN/examples/vasp_solid_solution_alloys/dataset/bcc_NbZr/Nb-Zr/Zr24Nb104/case-9,0.1875,0.6679449538183597,667.9449538183597,0.08979999731654964
/lustre/orion/lrn070/world-shared/mlupopa/RHEAs_HydraGNN/HydraGNN/examples/vasp_solid_solution_alloys/dataset/bcc_NbZr/Nb-Zr/Zr24Nb104/case-90,0.1875,0.6647979816308602,664.7979816308602,0.10068561710308706
/lustre/orion/lrn070/world-shared/mlupopa/RHEAs_HydraGNN/HydraGNN/examples/vasp_solid_solution_alloys/dataset/bcc_NbZr/Nb-Zr/Zr24Nb104/case-91,0.1875,0.6657614762402346,665.7614762402346,0.09946799580475212
/lustre/orion/lrn070/world-shared/mlupopa/RHEAs_HydraGNN/HydraGNN/examples/vasp_solid_solution_alloys/dataset/bcc_NbZr/Nb-Zr/Zr24Nb104/case-92,0.1875,0.6653636491308603,665.3636491308603,0.09746315844408607
/lustre/orion/lrn070/world-shared/mlupopa/RHEAs_HydraGNN/HydraGNN/examples/vasp_solid_solution_alloys/dataset/bcc_NbZr/Nb-Zr/Zr24Nb104/case-93,0.1875,0.6656472879589845,665.6472879589845,0.1053543593635551
/lustre/orion/lrn070/world-shared/mlupopa/RHEAs_HydraGNN/HydraGNN/examples/vasp_solid_solution_alloys/dataset/bcc_NbZr/Nb-Zr/Zr24Nb104/case-94,0.1875,0.6649898344433609,664.9898344433609,0.08176466008759055
/lustre/orion/lrn070/world-shared/mlupopa/RHEAs_HydraGNN/HydraGNN/examples/vasp_solid_solution_alloys/dataset/bcc_NbZr/Nb-Zr/Zr24Nb104/case-95,0.1875,0.6666812611621094,666.6812611621093,0.09220677141148181
/lustre/orion/lrn070/world-shared/mlupopa/RHEAs_HydraGNN/HydraGNN/examples/vasp_solid_solution_alloys/dataset/bcc_NbZr/Nb-Zr/Zr24Nb104/case-96,0.1875,0.6681077872558596,668.1077872558596,0.09263496947004345
/lustre/orion/lrn070/world-shared/mlupopa/RHEAs_HydraGNN/HydraGNN/examples/vasp_solid_solution_alloys/dataset/bcc_NbZr/Nb-Zr/Zr24Nb104/case-97,0.1875,0.6678939267089845,667.8939267089845,0.09112872306078876
/lustre/orion/lrn070/world-shared/mlupopa/RHEAs_HydraGNN/HydraGNN/examples/vasp_solid_solution_alloys/dataset/bcc_NbZr/Nb-Zr/Zr24Nb104/case-98,0.1875,0.6669624552246098,666.9624552246098,0.08278954772035022
/lustre/orion/lrn070/world-shared/mlupopa/RHEAs_HydraGNN/HydraGNN/examples/vasp_solid_solution_alloys/dataset/bcc_NbZr/Nb-Zr/Zr24Nb104/case-99,0.1875,0.6643721737402348,664.3721737402349,0.09623297146584865
/lustre/orion/lrn070/world-shared/mlupopa/RHEAs_HydraGNN/HydraGNN/examples/vasp_solid_solution_alloys/dataset/bcc_NbZr/Nb-Zr/Zr28Nb100/case-1,0.21875,0.7763006325927737,776.3006325927737,0.10557371650433275
/lustre/orion/lrn070/world-shared/mlupopa/RHEAs_HydraGNN/HydraGNN/examples/vasp_solid_solution_alloys/dataset/bcc_NbZr/Nb-Zr/Zr28Nb100/case-10,0.21875,0.772893508764648,772.893508764648,0.11553036368409811
/lustre/orion/lrn070/world-shared/mlupopa/RHEAs_HydraGNN/HydraGNN/examples/vasp_solid_solution_alloys/dataset/bcc_NbZr/Nb-Zr/Zr28Nb100/case-100,0.21875,0.778260933608399,778.260933608399,0.0987254606784049
/lustre/orion/lrn070/world-shared/mlupopa/RHEAs_HydraGNN/HydraGNN/examples/vasp_solid_solution_alloys/dataset/bcc_NbZr/Nb-Zr/Zr28Nb100/case-11,0.21875,0.7758318279052734,775.8318279052734,0.1051239330787354
/lustre/orion/lrn070/world-shared/mlupopa/RHEAs_HydraGNN/HydraGNN/examples/vasp_solid_solution_alloys/dataset/bcc_NbZr/Nb-Zr/Zr28Nb100/case-12,0.21875,0.7767336656396484,776.7336656396484,0.10046511743069796
/lustre/orion/lrn070/world-shared/mlupopa/RHEAs_HydraGNN/HydraGNN/examples/vasp_solid_solution_alloys/dataset/bcc_NbZr/Nb-Zr/Zr28Nb100/case-13,0.21875,0.7766672292333983,776.6672292333983,0.0991009032045504
/lustre/orion/lrn070/world-shared/mlupopa/RHEAs_HydraGNN/HydraGNN/examples/vasp_solid_solution_alloys/dataset/bcc_NbZr/Nb-Zr/Zr28Nb100/case-14,0.21875,0.7769062505615238,776.9062505615238,0.09931551570410607
/lustre/orion/lrn070/world-shared/mlupopa/RHEAs_HydraGNN/HydraGNN/examples/vasp_solid_solution_alloys/dataset/bcc_NbZr/Nb-Zr/Zr28Nb100/case-15,0.21875,0.775415102592774,775.415102592774,0.10650802875831696
/lustre/orion/lrn070/world-shared/mlupopa/RHEAs_HydraGNN/HydraGNN/examples/vasp_solid_solution_alloys/dataset/bcc_NbZr/Nb-Zr/Zr28Nb100/case-16,0.21875,0.7764508679833977,776.4508679833976,0.10209855717117393
/lustre/orion/lrn070/world-shared/mlupopa/RHEAs_HydraGNN/HydraGNN/examples/vasp_solid_solution_alloys/dataset/bcc_NbZr/Nb-Zr/Zr28Nb100/case-17,0.21875,0.7762509109521485,776.2509109521485,0.09974110611018366
/lustre/orion/lrn070/world-shared/mlupopa/RHEAs_HydraGNN/HydraGNN/examples/vasp_solid_solution_alloys/dataset/bcc_NbZr/Nb-Zr/Zr28Nb100/case-18,0.21875,0.7744951798583983,774.4951798583984,0.10392604819970652
/lustre/orion/lrn070/world-shared/mlupopa/RHEAs_HydraGNN/HydraGNN/examples/vasp_solid_solution_alloys/dataset/bcc_NbZr/Nb-Zr/Zr28Nb100/case-19,0.21875,0.776152147280273,776.1521472802731,0.10803842637999045
/lustre/orion/lrn070/world-shared/mlupopa/RHEAs_HydraGNN/HydraGNN/examples/vasp_solid_solution_alloys/dataset/bcc_NbZr/Nb-Zr/Zr28Nb100/case-2,0.21875,0.775978277514648,775.978277514648,0.1009789640888711
/lustre/orion/lrn070/world-shared/mlupopa/RHEAs_HydraGNN/HydraGNN/examples/vasp_solid_solution_alloys/dataset/bcc_NbZr/Nb-Zr/Zr28Nb100/case-20,0.21875,0.7764688011083987,776.4688011083987,0.10584003118167673
/lustre/orion/lrn070/world-shared/mlupopa/RHEAs_HydraGNN/HydraGNN/examples/vasp_solid_solution_alloys/dataset/bcc_NbZr/Nb-Zr/Zr28Nb100/case-3,0.21875,0.7781714576708989,778.1714576708989,0.10300430651174414
/lustre/orion/lrn070/world-shared/mlupopa/RHEAs_HydraGNN/HydraGNN/examples/vasp_solid_solution_alloys/dataset/bcc_NbZr/Nb-Zr/Zr28Nb100/case-4,0.21875,0.780243228217774,780.243228217774,0.09696676025055055
/lustre/orion/lrn070/world-shared/mlupopa/RHEAs_HydraGNN/HydraGNN/examples/vasp_solid_solution_alloys/dataset/bcc_NbZr/Nb-Zr/Zr28Nb100/case-41,0.21875,0.7767330414208988,776.7330414208989,0.10507671981048199
/lustre/orion/lrn070/world-shared/mlupopa/RHEAs_HydraGNN/HydraGNN/examples/vasp_solid_solution_alloys/dataset/bcc_NbZr/Nb-Zr/Zr28Nb100/case-42,0.21875,0.7754834697021487,775.4834697021487,0.09989894202084616
/lustre/orion/lrn070/world-shared/mlupopa/RHEAs_HydraGNN/HydraGNN/examples/vasp_solid_solution_alloys/dataset/bcc_NbZr/Nb-Zr/Zr28Nb100/case-43,0.21875,0.7765934182958976,776.5934182958975,0.09862163216432432
/lustre/orion/lrn070/world-shared/mlupopa/RHEAs_HydraGNN/HydraGNN/examples/vasp_solid_solution_alloys/dataset/bcc_NbZr/Nb-Zr/Zr28Nb100/case-44,0.21875,0.7775052361083983,777.5052361083983,0.1007788890548041
/lustre/orion/lrn070/world-shared/mlupopa/RHEAs_HydraGNN/HydraGNN/examples/vasp_solid_solution_alloys/dataset/bcc_NbZr/Nb-Zr/Zr28Nb100/case-45,0.21875,0.7782239903271488,778.2239903271488,0.09827079693453622
/lustre/orion/lrn070/world-shared/mlupopa/RHEAs_HydraGNN/HydraGNN/examples/vasp_solid_solution_alloys/dataset/bcc_NbZr/Nb-Zr/Zr28Nb100/case-46,0.21875,0.7743439487646491,774.3439487646491,0.11326313694082228
/lustre/orion/lrn070/world-shared/mlupopa/RHEAs_HydraGNN/HydraGNN/examples/vasp_solid_solution_alloys/dataset/bcc_NbZr/Nb-Zr/Zr28Nb100/case-47,0.21875,0.7729921157177735,772.9921157177735,0.10567606684604902
/lustre/orion/lrn070/world-shared/mlupopa/RHEAs_HydraGNN/HydraGNN/examples/vasp_solid_solution_alloys/dataset/bcc_NbZr/Nb-Zr/Zr28Nb100/case-48,0.21875,0.7759991716552737,775.9991716552737,0.09325730775651699
/lustre/orion/lrn070/world-shared/mlupopa/RHEAs_HydraGNN/HydraGNN/examples/vasp_solid_solution_alloys/dataset/bcc_NbZr/Nb-Zr/Zr28Nb100/case-49,0.21875,0.7751178453271486,775.1178453271485,0.10378580928394424
/lustre/orion/lrn070/world-shared/mlupopa/RHEAs_HydraGNN/HydraGNN/examples/vasp_solid_solution_alloys/dataset/bcc_NbZr/Nb-Zr/Zr28Nb100/case-5,0.21875,0.7759510665771483,775.9510665771483,0.10548367181320754
/lustre/orion/lrn070/world-shared/mlupopa/RHEAs_HydraGNN/HydraGNN/examples/vasp_solid_solution_alloys/dataset/bcc_NbZr/Nb-Zr/Zr28Nb100/case-50,0.21875,0.7731379342333984,773.1379342333984,0.10779051975839167
/lustre/orion/lrn070/world-shared/mlupopa/RHEAs_HydraGNN/HydraGNN/examples/vasp_solid_solution_alloys/dataset/bcc_NbZr/Nb-Zr/Zr28Nb100/case-51,0.21875,0.7778768686865227,777.8768686865227,0.10135737258037013
/lustre/orion/lrn070/world-shared/mlupopa/RHEAs_HydraGNN/HydraGNN/examples/vasp_solid_solution_alloys/dataset/bcc_NbZr/Nb-Zr/Zr28Nb100/case-52,0.21875,0.774552620717774,774.552620717774,0.099132007559176
/lustre/orion/lrn070/world-shared/mlupopa/RHEAs_HydraGNN/HydraGNN/examples/vasp_solid_solution_alloys/dataset/bcc_NbZr/Nb-Zr/Zr28Nb100/case-53,0.21875,0.774433162514649,774.433162514649,0.11393505478187281
/lustre/orion/lrn070/world-shared/mlupopa/RHEAs_HydraGNN/HydraGNN/examples/vasp_solid_solution_alloys/dataset/bcc_NbZr/Nb-Zr/Zr28Nb100/case-54,0.21875,0.7725454761083981,772.5454761083981,0.10769365180706245
/lustre/orion/lrn070/world-shared/mlupopa/RHEAs_HydraGNN/HydraGNN/examples/vasp_solid_solution_alloys/dataset/bcc_NbZr/Nb-Zr/Zr28Nb100/case-55,0.21875,0.7742681980615238,774.2681980615238,0.10873963774095038
/lustre/orion/lrn070/world-shared/mlupopa/RHEAs_HydraGNN/HydraGNN/examples/vasp_solid_solution_alloys/dataset/bcc_NbZr/Nb-Zr/Zr28Nb100/case-56,0.21875,0.7766499879052731,776.6499879052731,0.10156153259098101
/lustre/orion/lrn070/world-shared/mlupopa/RHEAs_HydraGNN/HydraGNN/examples/vasp_solid_solution_alloys/dataset/bcc_NbZr/Nb-Zr/Zr28Nb100/case-57,0.21875,0.774624181342773,774.624181342773,0.10553473981481933
/lustre/orion/lrn070/world-shared/mlupopa/RHEAs_HydraGNN/HydraGNN/examples/vasp_solid_solution_alloys/dataset/bcc_NbZr/Nb-Zr/Zr28Nb100/case-58,0.21875,0.7777644747802732,777.7644747802732,0.09475600763362356
/lustre/orion/lrn070/world-shared/mlupopa/RHEAs_HydraGNN/HydraGNN/examples/vasp_solid_solution_alloys/dataset/bcc_NbZr/Nb-Zr/Zr28Nb100/case-59,0.21875,0.7771863400927739,777.1863400927739,0.09998503207810286
/lustre/orion/lrn070/world-shared/mlupopa/RHEAs_HydraGNN/HydraGNN/examples/vasp_solid_solution_alloys/dataset/bcc_NbZr/Nb-Zr/Zr28Nb100/case-6,0.21875,0.7763446456396483,776.3446456396483,0.1057226403201675
/lustre/orion/lrn070/world-shared/mlupopa/RHEAs_HydraGNN/HydraGNN/examples/vasp_solid_solution_alloys/dataset/bcc_NbZr/Nb-Zr/Zr28Nb100/case-60,0.21875,0.7771299220458978,777.1299220458978,0.10534158957030054
/lustre/orion/lrn070/world-shared/mlupopa/RHEAs_HydraGNN/HydraGNN/examples/vasp_solid_solution_alloys/dataset/bcc_NbZr/Nb-Zr/Zr28Nb100/case-61,0.21875,0.7758536028271479,775.8536028271478,0.10292818910414334
/lustre/orion/lrn070/world-shared/mlupopa/RHEAs_HydraGNN/HydraGNN/examples/vasp_solid_solution_alloys/dataset/bcc_NbZr/Nb-Zr/Zr28Nb100/case-62,0.21875,0.7759883755615231,775.9883755615231,0.10270652447545849
/lustre/orion/lrn070/world-shared/mlupopa/RHEAs_HydraGNN/HydraGNN/examples/vasp_solid_solution_alloys/dataset/bcc_NbZr/Nb-Zr/Zr28Nb100/case-63,0.21875,0.7764341710302727,776.4341710302726,0.0957860437528101
/lustre/orion/lrn070/world-shared/mlupopa/RHEAs_HydraGNN/HydraGNN/examples/vasp_solid_solution_alloys/dataset/bcc_NbZr/Nb-Zr/Zr28Nb100/case-64,0.21875,0.7753524328271482,775.3524328271482,0.10963083212600357
/lustre/orion/lrn070/world-shared/mlupopa/RHEAs_HydraGNN/HydraGNN/examples/vasp_solid_solution_alloys/dataset/bcc_NbZr/Nb-Zr/Zr28Nb100/case-65,0.21875,0.774255137749023,774.255137749023,0.10535910389425378
/lustre/orion/lrn070/world-shared/mlupopa/RHEAs_HydraGNN/HydraGNN/examples/vasp_solid_solution_alloys/dataset/bcc_NbZr/Nb-Zr/Zr28Nb100/case-66,0.21875,0.7762694843896476,776.2694843896476,0.10016257034129832
/lustre/orion/lrn070/world-shared/mlupopa/RHEAs_HydraGNN/HydraGNN/examples/vasp_solid_solution_alloys/dataset/bcc_NbZr/Nb-Zr/Zr28Nb100/case-67,0.21875,0.7742609929833986,774.2609929833985,0.10246420392750293
/lustre/orion/lrn070/world-shared/mlupopa/RHEAs_HydraGNN/HydraGNN/examples/vasp_solid_solution_alloys/dataset/bcc_NbZr/Nb-Zr/Zr28Nb100/case-68,0.21875,0.7735545732177727,773.5545732177727,0.10503150353217752
/lustre/orion/lrn070/world-shared/mlupopa/RHEAs_HydraGNN/HydraGNN/examples/vasp_solid_solution_alloys/dataset/bcc_NbZr/Nb-Zr/Zr28Nb100/case-69,0.21875,0.7760915082177728,776.0915082177728,0.10627915231397228
/lustre/orion/lrn070/world-shared/mlupopa/RHEAs_HydraGNN/HydraGNN/examples/vasp_solid_solution_alloys/dataset/bcc_NbZr/Nb-Zr/Zr28Nb100/case-7,0.21875,0.775217725092773,775.217725092773,0.10731732579222185
/lustre/orion/lrn070/world-shared/mlupopa/RHEAs_HydraGNN/HydraGNN/examples/vasp_solid_solution_alloys/dataset/bcc_NbZr/Nb-Zr/Zr28Nb100/case-70,0.21875,0.7790668089208985,779.0668089208986,0.09885444402093725
/lustre/orion/lrn070/world-shared/mlupopa/RHEAs_HydraGNN/HydraGNN/examples/vasp_solid_solution_alloys/dataset/bcc_NbZr/Nb-Zr/Zr28Nb100/case-71,0.21875,0.7754995550146475,775.4995550146475,0.09916856126450592
/lustre/orion/lrn070/world-shared/mlupopa/RHEAs_HydraGNN/HydraGNN/examples/vasp_solid_solution_alloys/dataset/bcc_NbZr/Nb-Zr/Zr28Nb100/case-72,0.21875,0.7746200371240235,774.6200371240235,0.10361942259998089
/lustre/orion/lrn070/world-shared/mlupopa/RHEAs_HydraGNN/HydraGNN/examples/vasp_solid_solution_alloys/dataset/bcc_NbZr/Nb-Zr/Zr28Nb100/case-73,0.21875,0.7748003648583985,774.8003648583986,0.11009097260542314
/lustre/orion/lrn070/world-shared/mlupopa/RHEAs_HydraGNN/HydraGNN/examples/vasp_solid_solution_alloys/dataset/bcc_NbZr/Nb-Zr/Zr28Nb100/case-74,0.21875,0.7762113187646484,776.2113187646485,0.10094450734997758
/lustre/orion/lrn070/world-shared/mlupopa/RHEAs_HydraGNN/HydraGNN/examples/vasp_solid_solution_alloys/dataset/bcc_NbZr/Nb-Zr/Zr28Nb100/case-75,0.21875,0.7754135279833978,775.4135279833978,0.1036298373037916
/lustre/orion/lrn070/world-shared/mlupopa/RHEAs_HydraGNN/HydraGNN/examples/vasp_solid_solution_alloys/dataset/bcc_NbZr/Nb-Zr/Zr28Nb100/case-76,0.21875,0.7756866890771477,775.6866890771477,0.10216050906743387
/lustre/orion/lrn070/world-shared/mlupopa/RHEAs_HydraGNN/HydraGNN/examples/vasp_solid_solution_alloys/dataset/bcc_NbZr/Nb-Zr/Zr28Nb100/case-77,0.21875,0.7762712636865228,776.2712636865227,0.10198500185603702
/lustre/orion/lrn070/world-shared/mlupopa/RHEAs_HydraGNN/HydraGNN/examples/vasp_solid_solution_alloys/dataset/bcc_NbZr/Nb-Zr/Zr28Nb100/case-78,0.21875,0.7746880923583976,774.6880923583976,0.1076902775897166
/lustre/orion/lrn070/world-shared/mlupopa/RHEAs_HydraGNN/HydraGNN/examples/vasp_solid_solution_alloys/dataset/bcc_NbZr/Nb-Zr/Zr28Nb100/case-79,0.21875,0.7799828675927731,779.9828675927731,0.09393185876507848
/lustre/orion/lrn070/world-shared/mlupopa/RHEAs_HydraGNN/HydraGNN/examples/vasp_solid_solution_alloys/dataset/bcc_NbZr/Nb-Zr/Zr28Nb100/case-8,0.21875,0.7782372541552736,778.2372541552736,0.10186964045202972
/lustre/orion/lrn070/world-shared/mlupopa/RHEAs_HydraGNN/HydraGNN/examples/vasp_solid_solution_alloys/dataset/bcc_NbZr/Nb-Zr/Zr28Nb100/case-80,0.21875,0.777869926342774,777.869926342774,0.1004559147221744
/lustre/orion/lrn070/world-shared/mlupopa/RHEAs_HydraGNN/HydraGNN/examples/vasp_solid_solution_alloys/dataset/bcc_NbZr/Nb-Zr/Zr28Nb100/case-81,0.21875,0.7736757825927736,773.6757825927735,0.10811715892519415
/lustre/orion/lrn070/world-shared/mlupopa/RHEAs_HydraGNN/HydraGNN/examples/vasp_solid_solution_alloys/dataset/bcc_NbZr/Nb-Zr/Zr28Nb100/case-82,0.21875,0.7749554763427735,774.9554763427735,0.10602630405197647
/lustre/orion/lrn070/world-shared/mlupopa/RHEAs_HydraGNN/HydraGNN/examples/vasp_solid_solution_alloys/dataset/bcc_NbZr/Nb-Zr/Zr28Nb100/case-83,0.21875,0.7731363497021491,773.1363497021491,0.10460768613667741
/lustre/orion/lrn070/world-shared/mlupopa/RHEAs_HydraGNN/HydraGNN/examples/vasp_solid_solution_alloys/dataset/bcc_NbZr/Nb-Zr/Zr28Nb100/case-84,0.21875,0.7778567972021477,777.8567972021477,0.10248377076923443
/lustre/orion/lrn070/world-shared/mlupopa/RHEAs_HydraGNN/HydraGNN/examples/vasp_solid_solution_alloys/dataset/bcc_NbZr/Nb-Zr/Zr28Nb100/case-85,0.21875,0.775466380170899,775.466380170899,0.10151323975554236
/lustre/orion/lrn070/world-shared/mlupopa/RHEAs_HydraGNN/HydraGNN/examples/vasp_solid_solution_alloys/dataset/bcc_NbZr/Nb-Zr/Zr28Nb100/case-86,0.21875,0.773062109467773,773.062109467773,0.1028771975440828
/lustre/orion/lrn070/world-shared/mlupopa/RHEAs_HydraGNN/HydraGNN/examples/vasp_solid_solution_alloys/dataset/bcc_NbZr/Nb-Zr/Zr28Nb100/case-87,0.21875,0.7757834338427738,775.7834338427738,0.10609263269663656
/lustre/orion/lrn070/world-shared/mlupopa/RHEAs_HydraGNN/HydraGNN/examples/vasp_solid_solution_alloys/dataset/bcc_NbZr/Nb-Zr/Zr28Nb100/case-88,0.21875,0.7755759476708981,775.5759476708981,0.1029795413248045
/lustre/orion/lrn070/world-shared/mlupopa/RHEAs_HydraGNN/HydraGNN/examples/vasp_solid_solution_alloys/dataset/bcc_NbZr/Nb-Zr/Zr28Nb100/case-89,0.21875,0.7765165721240237,776.5165721240237,0.10539460053449276
/lustre/orion/lrn070/world-shared/mlupopa/RHEAs_HydraGNN/HydraGNN/examples/vasp_solid_solution_alloys/dataset/bcc_NbZr/Nb-Zr/Zr28Nb100/case-9,0.21875,0.775637662280273,775.6376622802729,0.10704205391421592
/lustre/orion/lrn070/world-shared/mlupopa/RHEAs_HydraGNN/HydraGNN/examples/vasp_solid_solution_alloys/dataset/bcc_NbZr/Nb-Zr/Zr28Nb100/case-90,0.21875,0.7732726526708991,773.2726526708991,0.10984718991357872
/lustre/orion/lrn070/world-shared/mlupopa/RHEAs_HydraGNN/HydraGNN/examples/vasp_solid_solution_alloys/dataset/bcc_NbZr/Nb-Zr/Zr28Nb100/case-91,0.21875,0.7754092349365234,775.4092349365234,0.10557760011044515
/lustre/orion/lrn070/world-shared/mlupopa/RHEAs_HydraGNN/HydraGNN/examples/vasp_solid_solution_alloys/dataset/bcc_NbZr/Nb-Zr/Zr28Nb100/case-92,0.21875,0.7753122639990231,775.3122639990231,0.10467687894114525
/lustre/orion/lrn070/world-shared/mlupopa/RHEAs_HydraGNN/HydraGNN/examples/vasp_solid_solution_alloys/dataset/bcc_NbZr/Nb-Zr/Zr28Nb100/case-93,0.21875,0.7767305583740232,776.7305583740232,0.1018215178124933
/lustre/orion/lrn070/world-shared/mlupopa/RHEAs_HydraGNN/HydraGNN/examples/vasp_solid_solution_alloys/dataset/bcc_NbZr/Nb-Zr/Zr28Nb100/case-94,0.21875,0.7766797696240229,776.6797696240228,0.09890085481931499
/lustre/orion/lrn070/world-shared/mlupopa/RHEAs_HydraGNN/HydraGNN/examples/vasp_solid_solution_alloys/dataset/bcc_NbZr/Nb-Zr/Zr28Nb100/case-95,0.21875,0.7770373845458991,777.0373845458992,0.10982887628149395
/lustre/orion/lrn070/world-shared/mlupopa/RHEAs_HydraGNN/HydraGNN/examples/vasp_solid_solution_alloys/dataset/bcc_NbZr/Nb-Zr/Zr28Nb100/case-96,0.21875,0.776773730874023,776.773730874023,0.10823257680566158
/lustre/orion/lrn070/world-shared/mlupopa/RHEAs_HydraGNN/HydraGNN/examples/vasp_solid_solution_alloys/dataset/bcc_NbZr/Nb-Zr/Zr28Nb100/case-97,0.21875,0.7762154904052725,776.2154904052725,0.10515765135584951
/lustre/orion/lrn070/world-shared/mlupopa/RHEAs_HydraGNN/HydraGNN/examples/vasp_solid_solution_alloys/dataset/bcc_NbZr/Nb-Zr/Zr28Nb100/case-98,0.21875,0.7808894134521491,780.8894134521491,0.09589426477643548
/lustre/orion/lrn070/world-shared/mlupopa/RHEAs_HydraGNN/HydraGNN/examples/vasp_solid_solution_alloys/dataset/bcc_NbZr/Nb-Zr/Zr28Nb100/case-99,0.21875,0.7737192510302737,773.7192510302738,0.10094229377124873
/lustre/orion/lrn070/world-shared/mlupopa/RHEAs_HydraGNN/HydraGNN/examples/vasp_solid_solution_alloys/dataset/bcc_NbZr/Nb-Zr/Zr32Nb96/case-1,0.25,0.8822895236328137,882.2895236328136,0.1116969137886187
/lustre/orion/lrn070/world-shared/mlupopa/RHEAs_HydraGNN/HydraGNN/examples/vasp_solid_solution_alloys/dataset/bcc_NbZr/Nb-Zr/Zr32Nb96/case-10,0.25,0.883131378007814,883.1313780078141,0.11316405430093107
/lustre/orion/lrn070/world-shared/mlupopa/RHEAs_HydraGNN/HydraGNN/examples/vasp_solid_solution_alloys/dataset/bcc_NbZr/Nb-Zr/Zr32Nb96/case-100,0.25,0.9034149355859391,903.4149355859391,0.10998454037357214
/lustre/orion/lrn070/world-shared/mlupopa/RHEAs_HydraGNN/HydraGNN/examples/vasp_solid_solution_alloys/dataset/bcc_NbZr/Nb-Zr/Zr32Nb96/case-11,0.25,0.8867222551953127,886.7222551953126,0.1069847531246332
/lustre/orion/lrn070/world-shared/mlupopa/RHEAs_HydraGNN/HydraGNN/examples/vasp_solid_solution_alloys/dataset/bcc_NbZr/Nb-Zr/Zr32Nb96/case-12,0.25,0.8849463081640625,884.9463081640625,0.10520263991279871
/lustre/orion/lrn070/world-shared/mlupopa/RHEAs_HydraGNN/HydraGNN/examples/vasp_solid_solution_alloys/dataset/bcc_NbZr/Nb-Zr/Zr32Nb96/case-13,0.25,0.8841872251953138,884.1872251953138,0.11869298741176292
/lustre/orion/lrn070/world-shared/mlupopa/RHEAs_HydraGNN/HydraGNN/examples/vasp_solid_solution_alloys/dataset/bcc_NbZr/Nb-Zr/Zr32Nb96/case-14,0.25,0.884664150429689,884.664150429689,0.10664793950456969
/lustre/orion/lrn070/world-shared/mlupopa/RHEAs_HydraGNN/HydraGNN/examples/vasp_solid_solution_alloys/dataset/bcc_NbZr/Nb-Zr/Zr32Nb96/case-15,0.25,0.8812925245703127,881.2925245703127,0.11606861788723641
/lustre/orion/lrn070/world-shared/mlupopa/RHEAs_HydraGNN/HydraGNN/examples/vasp_solid_solution_alloys/dataset/bcc_NbZr/Nb-Zr/Zr32Nb96/case-16,0.25,0.8859316833203135,885.9316833203135,0.10942363532611953
/lustre/orion/lrn070/world-shared/mlupopa/RHEAs_HydraGNN/HydraGNN/examples/vasp_solid_solution_alloys/dataset/bcc_NbZr/Nb-Zr/Zr32Nb96/case-17,0.25,0.8852975798046891,885.2975798046891,0.10966799400622652
/lustre/orion/lrn070/world-shared/mlupopa/RHEAs_HydraGNN/HydraGNN/examples/vasp_solid_solution_alloys/dataset/bcc_NbZr/Nb-Zr/Zr32Nb96/case-18,0.25,0.882477161679688,882.477161679688,0.11332714446801122
/lustre/orion/lrn070/world-shared/mlupopa/RHEAs_HydraGNN/HydraGNN/examples/vasp_solid_solution_alloys/dataset/bcc_NbZr/Nb-Zr/Zr32Nb96/case-19,0.25,0.8832746240234375,883.2746240234375,0.11475351870592636
/lustre/orion/lrn070/world-shared/mlupopa/RHEAs_HydraGNN/HydraGNN/examples/vasp_solid_solution_alloys/dataset/bcc_NbZr/Nb-Zr/Zr32Nb96/case-2,0.25,0.8840319648828139,884.0319648828139,0.11510471494596008
/lustre/orion/lrn070/world-shared/mlupopa/RHEAs_HydraGNN/HydraGNN/examples/vasp_solid_solution_alloys/dataset/bcc_NbZr/Nb-Zr/Zr32Nb96/case-20,0.25,0.884671254179688,884.6712541796879,0.10963948286301722
/lustre/orion/lrn070/world-shared/mlupopa/RHEAs_HydraGNN/HydraGNN/examples/vasp_solid_solution_alloys/dataset/bcc_NbZr/Nb-Zr/Zr32Nb96/case-3,0.25,0.8820799045703129,882.0799045703129,0.1121516416310032
/lustre/orion/lrn070/world-shared/mlupopa/RHEAs_HydraGNN/HydraGNN/examples/vasp_solid_solution_alloys/dataset/bcc_NbZr/Nb-Zr/Zr32Nb96/case-4,0.25,0.8862768313671889,886.276831367189,0.11025397356332539
/lustre/orion/lrn070/world-shared/mlupopa/RHEAs_HydraGNN/HydraGNN/examples/vasp_solid_solution_alloys/dataset/bcc_NbZr/Nb-Zr/Zr32Nb96/case-41,0.25,0.8813200913671881,881.3200913671882,0.11575877400193299
/lustre/orion/lrn070/world-shared/mlupopa/RHEAs_HydraGNN/HydraGNN/examples/vasp_solid_solution_alloys/dataset/bcc_NbZr/Nb-Zr/Zr32Nb96/case-42,0.25,0.8842925890234383,884.2925890234383,0.11023641494205749
/lustre/orion/lrn070/world-shared/mlupopa/RHEAs_HydraGNN/HydraGNN/examples/vasp_solid_solution_alloys/dataset/bcc_NbZr/Nb-Zr/Zr32Nb96/case-43,0.25,0.8852441819921886,885.2441819921886,0.10680068510807716
/lustre/orion/lrn070/world-shared/mlupopa/RHEAs_HydraGNN/HydraGNN/examples/vasp_solid_solution_alloys/dataset/bcc_NbZr/Nb-Zr/Zr32Nb96/case-44,0.25,0.8841003871484379,884.1003871484379,0.11239296578950662
/lustre/orion/lrn070/world-shared/mlupopa/RHEAs_HydraGNN/HydraGNN/examples/vasp_solid_solution_alloys/dataset/bcc_NbZr/Nb-Zr/Zr32Nb96/case-45,0.25,0.8828290369921881,882.8290369921881,0.1114532138602342
/lustre/orion/lrn070/world-shared/mlupopa/RHEAs_HydraGNN/HydraGNN/examples/vasp_solid_solution_alloys/dataset/bcc_NbZr/Nb-Zr/Zr32Nb96/case-46,0.25,0.8842312017578138,884.2312017578138,0.1107964456359036
/lustre/orion/lrn070/world-shared/mlupopa/RHEAs_HydraGNN/HydraGNN/examples/vasp_solid_solution_alloys/dataset/bcc_NbZr/Nb-Zr/Zr32Nb96/case-47,0.25,0.8831633104296888,883.1633104296887,0.11337568318462922
/lustre/orion/lrn070/world-shared/mlupopa/RHEAs_HydraGNN/HydraGNN/examples/vasp_solid_solution_alloys/dataset/bcc_NbZr/Nb-Zr/Zr32Nb96/case-48,0.25,0.8847632868359376,884.7632868359376,0.10551028302321866
/lustre/orion/lrn070/world-shared/mlupopa/RHEAs_HydraGNN/HydraGNN/examples/vasp_solid_solution_alloys/dataset/bcc_NbZr/Nb-Zr/Zr32Nb96/case-49,0.25,0.8845979840234381,884.5979840234381,0.10794072542817995
/lustre/orion/lrn070/world-shared/mlupopa/RHEAs_HydraGNN/HydraGNN/examples/vasp_solid_solution_alloys/dataset/bcc_NbZr/Nb-Zr/Zr32Nb96/case-5,0.25,0.8836992658203133,883.6992658203134,0.10946556901094355
/lustre/orion/lrn070/world-shared/mlupopa/RHEAs_HydraGNN/HydraGNN/examples/vasp_solid_solution_alloys/dataset/bcc_NbZr/Nb-Zr/Zr32Nb96/case-50,0.25,0.8823270423046878,882.3270423046879,0.11984375142188886
/lustre/orion/lrn070/world-shared/mlupopa/RHEAs_HydraGNN/HydraGNN/examples/vasp_solid_solution_alloys/dataset/bcc_NbZr/Nb-Zr/Zr32Nb96/case-51,0.25,0.8841149628515641,884.1149628515641,0.10839737317118958
/lustre/orion/lrn070/world-shared/mlupopa/RHEAs_HydraGNN/HydraGNN/examples/vasp_solid_solution_alloys/dataset/bcc_NbZr/Nb-Zr/Zr32Nb96/case-52,0.25,0.8855163752734381,885.516375273438,0.10470544921753741
/lustre/orion/lrn070/world-shared/mlupopa/RHEAs_HydraGNN/HydraGNN/examples/vasp_solid_solution_alloys/dataset/bcc_NbZr/Nb-Zr/Zr32Nb96/case-53,0.25,0.8834585298046882,883.4585298046882,0.11375872500829216
/lustre/orion/lrn070/world-shared/mlupopa/RHEAs_HydraGNN/HydraGNN/examples/vasp_solid_solution_alloys/dataset/bcc_NbZr/Nb-Zr/Zr32Nb96/case-54,0.25,0.8840831102734388,884.0831102734388,0.113134204702682
/lustre/orion/lrn070/world-shared/mlupopa/RHEAs_HydraGNN/HydraGNN/examples/vasp_solid_solution_alloys/dataset/bcc_NbZr/Nb-Zr/Zr32Nb96/case-55,0.25,0.8835204543359385,883.5204543359386,0.11997653365933865
/lustre/orion/lrn070/world-shared/mlupopa/RHEAs_HydraGNN/HydraGNN/examples/vasp_solid_solution_alloys/dataset/bcc_NbZr/Nb-Zr/Zr32Nb96/case-56,0.25,0.8833485985546883,883.3485985546882,0.12140421934950074
/lustre/orion/lrn070/world-shared/mlupopa/RHEAs_HydraGNN/HydraGNN/examples/vasp_solid_solution_alloys/dataset/bcc_NbZr/Nb-Zr/Zr32Nb96/case-57,0.25,0.8834034954296879,883.4034954296878,0.10744519308667348
/lustre/orion/lrn070/world-shared/mlupopa/RHEAs_HydraGNN/HydraGNN/examples/vasp_solid_solution_alloys/dataset/bcc_NbZr/Nb-Zr/Zr32Nb96/case-58,0.25,0.8850498208203135,885.0498208203135,0.10463424399083122
/lustre/orion/lrn070/world-shared/mlupopa/RHEAs_HydraGNN/HydraGNN/examples/vasp_solid_solution_alloys/dataset/bcc_NbZr/Nb-Zr/Zr32Nb96/case-59,0.25,0.8835133751953137,883.5133751953138,0.11445880810348585
/lustre/orion/lrn070/world-shared/mlupopa/RHEAs_HydraGNN/HydraGNN/examples/vasp_solid_solution_alloys/dataset/bcc_NbZr/Nb-Zr/Zr32Nb96/case-6,0.25,0.8829686045703138,882.9686045703138,0.10809895172276879
/lustre/orion/lrn070/world-shared/mlupopa/RHEAs_HydraGNN/HydraGNN/examples/vasp_solid_solution_alloys/dataset/bcc_NbZr/Nb-Zr/Zr32Nb96/case-60,0.25,0.8851264668359384,885.1264668359385,0.110534224280388
/lustre/orion/lrn070/world-shared/mlupopa/RHEAs_HydraGNN/HydraGNN/examples/vasp_solid_solution_alloys/dataset/bcc_NbZr/Nb-Zr/Zr32Nb96/case-61,0.25,0.8852287143359376,885.2287143359376,0.10758126978246833
/lustre/orion/lrn070/world-shared/mlupopa/RHEAs_HydraGNN/HydraGNN/examples/vasp_solid_solution_alloys/dataset/bcc_NbZr/Nb-Zr/Zr32Nb96/case-62,0.25,0.8840791500390637,884.0791500390637,0.11581702023824036
/lustre/orion/lrn070/world-shared/mlupopa/RHEAs_HydraGNN/HydraGNN/examples/vasp_solid_solution_alloys/dataset/bcc_NbZr/Nb-Zr/Zr32Nb96/case-63,0.25,0.8825275945703126,882.5275945703127,0.10970302021884157
/lustre/orion/lrn070/world-shared/mlupopa/RHEAs_HydraGNN/HydraGNN/examples/vasp_solid_solution_alloys/dataset/bcc_NbZr/Nb-Zr/Zr32Nb96/case-64,0.25,0.8799043120703125,879.9043120703125,0.12980929180429382
/lustre/orion/lrn070/world-shared/mlupopa/RHEAs_HydraGNN/HydraGNN/examples/vasp_solid_solution_alloys/dataset/bcc_NbZr/Nb-Zr/Zr32Nb96/case-65,0.25,0.8844463215234377,884.4463215234377,0.1040971355822685
/lustre/orion/lrn070/world-shared/mlupopa/RHEAs_HydraGNN/HydraGNN/examples/vasp_solid_solution_alloys/dataset/bcc_NbZr/Nb-Zr/Zr32Nb96/case-66,0.25,0.8850858541015629,885.085854101563,0.10017120068079942
/lustre/orion/lrn070/world-shared/mlupopa/RHEAs_HydraGNN/HydraGNN/examples/vasp_solid_solution_alloys/dataset/bcc_NbZr/Nb-Zr/Zr32Nb96/case-67,0.25,0.8817515625390637,881.7515625390637,0.12330023432835238
/lustre/orion/lrn070/world-shared/mlupopa/RHEAs_HydraGNN/HydraGNN/examples/vasp_solid_solution_alloys/dataset/bcc_NbZr/Nb-Zr/Zr32Nb96/case-68,0.25,0.883264250351564,883.264250351564,0.10931796226403079
/lustre/orion/lrn070/world-shared/mlupopa/RHEAs_HydraGNN/HydraGNN/examples/vasp_solid_solution_alloys/dataset/bcc_NbZr/Nb-Zr/Zr32Nb96/case-69,0.25,0.8844746346484378,884.4746346484378,0.10683916462817654
/lustre/orion/lrn070/world-shared/mlupopa/RHEAs_HydraGNN/HydraGNN/examples/vasp_solid_solution_alloys/dataset/bcc_NbZr/Nb-Zr/Zr32Nb96/case-7,0.25,0.8864963825390628,886.4963825390628,0.10336713615138654
/lustre/orion/lrn070/world-shared/mlupopa/RHEAs_HydraGNN/HydraGNN/examples/vasp_solid_solution_alloys/dataset/bcc_NbZr/Nb-Zr/Zr32Nb96/case-70,0.25,0.8840531557421887,884.0531557421887,0.10742193335118547
/lustre/orion/lrn070/world-shared/mlupopa/RHEAs_HydraGNN/HydraGNN/examples/vasp_solid_solution_alloys/dataset/bcc_NbZr/Nb-Zr/Zr32Nb96/case-71,0.25,0.882644579101564,882.644579101564,0.11574463877966201
/lustre/orion/lrn070/world-shared/mlupopa/RHEAs_HydraGNN/HydraGNN/examples/vasp_solid_solution_alloys/dataset/bcc_NbZr/Nb-Zr/Zr32Nb96/case-72,0.25,0.8862254901953133,886.2254901953132,0.10905347084202346
/lustre/orion/lrn070/world-shared/mlupopa/RHEAs_HydraGNN/HydraGNN/examples/vasp_solid_solution_alloys/dataset/bcc_NbZr/Nb-Zr/Zr32Nb96/case-73,0.25,0.8850778380078133,885.0778380078133,0.10748214857367384
/lustre/orion/lrn070/world-shared/mlupopa/RHEAs_HydraGNN/HydraGNN/examples/vasp_solid_solution_alloys/dataset/bcc_NbZr/Nb-Zr/Zr32Nb96/case-74,0.25,0.8828090717578139,882.8090717578139,0.11689138650769636
/lustre/orion/lrn070/world-shared/mlupopa/RHEAs_HydraGNN/HydraGNN/examples/vasp_solid_solution_alloys/dataset/bcc_NbZr/Nb-Zr/Zr32Nb96/case-75,0.25,0.882896902851563,882.896902851563,0.11641668325146731
/lustre/orion/lrn070/world-shared/mlupopa/RHEAs_HydraGNN/HydraGNN/examples/vasp_solid_solution_alloys/dataset/bcc_NbZr/Nb-Zr/Zr32Nb96/case-76,0.25,0.8813732233203133,881.3732233203133,0.12266690180049121
/lustre/orion/lrn070/world-shared/mlupopa/RHEAs_HydraGNN/HydraGNN/examples/vasp_solid_solution_alloys/dataset/bcc_NbZr/Nb-Zr/Zr32Nb96/case-77,0.25,0.8806240464453126,880.6240464453126,0.112018582277312
/lustre/orion/lrn070/world-shared/mlupopa/RHEAs_HydraGNN/HydraGNN/examples/vasp_solid_solution_alloys/dataset/bcc_NbZr/Nb-Zr/Zr32Nb96/case-78,0.25,0.8841196869921877,884.1196869921877,0.10871552804480245
/lustre/orion/lrn070/world-shared/mlupopa/RHEAs_HydraGNN/HydraGNN/examples/vasp_solid_solution_alloys/dataset/bcc_NbZr/Nb-Zr/Zr32Nb96/case-79,0.25,0.8829545707421875,882.9545707421876,0.11025534012828005
/lustre/orion/lrn070/world-shared/mlupopa/RHEAs_HydraGNN/HydraGNN/examples/vasp_solid_solution_alloys/dataset/bcc_NbZr/Nb-Zr/Zr32Nb96/case-8,0.25,0.883720814882814,883.720814882814,0.11413333121815691
/lustre/orion/lrn070/world-shared/mlupopa/RHEAs_HydraGNN/HydraGNN/examples/vasp_solid_solution_alloys/dataset/bcc_NbZr/Nb-Zr/Zr32Nb96/case-80,0.25,0.8855762144921879,885.5762144921879,0.11015879108091287
/lustre/orion/lrn070/world-shared/mlupopa/RHEAs_HydraGNN/HydraGNN/examples/vasp_solid_solution_alloys/dataset/bcc_NbZr/Nb-Zr/Zr32Nb96/case-81,0.25,0.8871732091796876,887.1732091796875,0.10005200544643851
/lustre/orion/lrn070/world-shared/mlupopa/RHEAs_HydraGNN/HydraGNN/examples/vasp_solid_solution_alloys/dataset/bcc_NbZr/Nb-Zr/Zr32Nb96/case-82,0.25,0.8820839718359377,882.0839718359376,0.10955846625860503
/lustre/orion/lrn070/world-shared/mlupopa/RHEAs_HydraGNN/HydraGNN/examples/vasp_solid_solution_alloys/dataset/bcc_NbZr/Nb-Zr/Zr32Nb96/case-83,0.25,0.8855990070703132,885.5990070703133,0.11024512460801734
/lustre/orion/lrn070/world-shared/mlupopa/RHEAs_HydraGNN/HydraGNN/examples/vasp_solid_solution_alloys/dataset/bcc_NbZr/Nb-Zr/Zr32Nb96/case-84,0.25,0.8815173557421883,881.5173557421882,0.11675951817930741
/lustre/orion/lrn070/world-shared/mlupopa/RHEAs_HydraGNN/HydraGNN/examples/vasp_solid_solution_alloys/dataset/bcc_NbZr/Nb-Zr/Zr32Nb96/case-85,0.25,0.8853204479296881,885.3204479296882,0.10577599161226703
/lustre/orion/lrn070/world-shared/mlupopa/RHEAs_HydraGNN/HydraGNN/examples/vasp_solid_solution_alloys/dataset/bcc_NbZr/Nb-Zr/Zr32Nb96/case-86,0.25,0.8823780127734384,882.3780127734384,0.11379365819616732
/lustre/orion/lrn070/world-shared/mlupopa/RHEAs_HydraGNN/HydraGNN/examples/vasp_solid_solution_alloys/dataset/bcc_NbZr/Nb-Zr/Zr32Nb96/case-87,0.25,0.885184003945314,885.1840039453141,0.10556596662351692
/lustre/orion/lrn070/world-shared/mlupopa/RHEAs_HydraGNN/HydraGNN/examples/vasp_solid_solution_alloys/dataset/bcc_NbZr/Nb-Zr/Zr32Nb96/case-88,0.25,0.8820869052734377,882.0869052734377,0.11202801297994136
/lustre/orion/lrn070/world-shared/mlupopa/RHEAs_HydraGNN/HydraGNN/examples/vasp_solid_solution_alloys/dataset/bcc_NbZr/Nb-Zr/Zr32Nb96/case-89,0.25,0.8843419919140629,884.3419919140629,0.11476070560057434
/lustre/orion/lrn070/world-shared/mlupopa/RHEAs_HydraGNN/HydraGNN/examples/vasp_solid_solution_alloys/dataset/bcc_NbZr/Nb-Zr/Zr32Nb96/case-9,0.25,0.8843331624609387,884.3331624609388,0.11030898631994625
/lustre/orion/lrn070/world-shared/mlupopa/RHEAs_HydraGNN/HydraGNN/examples/vasp_solid_solution_alloys/dataset/bcc_NbZr/Nb-Zr/Zr32Nb96/case-90,0.25,0.887150648398439,887.150648398439,0.0965858169008909
/lustre/orion/lrn070/world-shared/mlupopa/RHEAs_HydraGNN/HydraGNN/examples/vasp_solid_solution_alloys/dataset/bcc_NbZr/Nb-Zr/Zr32Nb96/case-91,0.25,0.882024896367188,882.0248963671879,0.11842382834722592
/lustre/orion/lrn070/world-shared/mlupopa/RHEAs_HydraGNN/HydraGNN/examples/vasp_solid_solution_alloys/dataset/bcc_NbZr/Nb-Zr/Zr32Nb96/case-92,0.25,0.8846828016796877,884.6828016796877,0.11095453888249208
/lustre/orion/lrn070/world-shared/mlupopa/RHEAs_HydraGNN/HydraGNN/examples/vasp_solid_solution_alloys/dataset/bcc_NbZr/Nb-Zr/Zr32Nb96/case-93,0.25,0.8826123889453132,882.6123889453132,0.11329059739456984
/lustre/orion/lrn070/world-shared/mlupopa/RHEAs_HydraGNN/HydraGNN/examples/vasp_solid_solution_alloys/dataset/bcc_NbZr/Nb-Zr/Zr32Nb96/case-94,0.25,0.9072483598828125,907.2483598828125,0.11177003644640628
/lustre/orion/lrn070/world-shared/mlupopa/RHEAs_HydraGNN/HydraGNN/examples/vasp_solid_solution_alloys/dataset/bcc_NbZr/Nb-Zr/Zr32Nb96/case-95,0.25,0.9069920609765632,906.9920609765632,0.10975663931329425
/lustre/orion/lrn070/world-shared/mlupopa/RHEAs_HydraGNN/HydraGNN/examples/vasp_solid_solution_alloys/dataset/bcc_NbZr/Nb-Zr/Zr32Nb96/case-96,0.25,0.9060513518359379,906.0513518359379,0.10910906096700271
/lustre/orion/lrn070/world-shared/mlupopa/RHEAs_HydraGNN/HydraGNN/examples/vasp_solid_solution_alloys/dataset/bcc_NbZr/Nb-Zr/Zr32Nb96/case-97,0.25,0.9063796494921874,906.3796494921874,0.10896592585650068
/lustre/orion/lrn070/world-shared/mlupopa/RHEAs_HydraGNN/HydraGNN/examples/vasp_solid_solution_alloys/dataset/bcc_NbZr/Nb-Zr/Zr32Nb96/case-98,0.25,0.907792763007814,907.792763007814,0.1009170687960021
/lustre/orion/lrn070/world-shared/mlupopa/RHEAs_HydraGNN/HydraGNN/examples/vasp_solid_solution_alloys/dataset/bcc_NbZr/Nb-Zr/Zr32Nb96/case-99,0.25,0.883649528476564,883.649528476564,0.12108631789352431
/lustre/orion/lrn070/world-shared/mlupopa/RHEAs_HydraGNN/HydraGNN/examples/vasp_solid_solution_alloys/dataset/bcc_NbZr/Nb-Zr/Zr36Nb92/case-1,0.28125,0.9947593941259765,994.7593941259764,0.11585558741129981
/lustre/orion/lrn070/world-shared/mlupopa/RHEAs_HydraGNN/HydraGNN/examples/vasp_solid_solution_alloys/dataset/bcc_NbZr/Nb-Zr/Zr36Nb92/case-10,0.28125,0.9924533591259763,992.4533591259764,0.1156416537913916
/lustre/orion/lrn070/world-shared/mlupopa/RHEAs_HydraGNN/HydraGNN/examples/vasp_solid_solution_alloys/dataset/bcc_NbZr/Nb-Zr/Zr36Nb92/case-100,0.28125,0.9895258615478522,989.5258615478522,0.12111533473323964
/lustre/orion/lrn070/world-shared/mlupopa/RHEAs_HydraGNN/HydraGNN/examples/vasp_solid_solution_alloys/dataset/bcc_NbZr/Nb-Zr/Zr36Nb92/case-11,0.28125,0.994682701625976,994.682701625976,0.10729227372799127
/lustre/orion/lrn070/world-shared/mlupopa/RHEAs_HydraGNN/HydraGNN/examples/vasp_solid_solution_alloys/dataset/bcc_NbZr/Nb-Zr/Zr36Nb92/case-12,0.28125,0.9927071872509767,992.7071872509767,0.12562711923611133
/lustre/orion/lrn070/world-shared/mlupopa/RHEAs_HydraGNN/HydraGNN/examples/vasp_solid_solution_alloys/dataset/bcc_NbZr/Nb-Zr/Zr36Nb92/case-13,0.28125,0.9928176064697265,992.8176064697265,0.11747531030644107
/lustre/orion/lrn070/world-shared/mlupopa/RHEAs_HydraGNN/HydraGNN/examples/vasp_solid_solution_alloys/dataset/bcc_NbZr/Nb-Zr/Zr36Nb92/case-14,0.28125,0.9909722631103524,990.9722631103524,0.12680683912790355
/lustre/orion/lrn070/world-shared/mlupopa/RHEAs_HydraGNN/HydraGNN/examples/vasp_solid_solution_alloys/dataset/bcc_NbZr/Nb-Zr/Zr36Nb92/case-15,0.28125,0.9903396231884773,990.3396231884774,0.12625774164325235
/lustre/orion/lrn070/world-shared/mlupopa/RHEAs_HydraGNN/HydraGNN/examples/vasp_solid_solution_alloys/dataset/bcc_NbZr/Nb-Zr/Zr36Nb92/case-16,0.28125,0.9929337740478523,992.9337740478524,0.1226162809656328
/lustre/orion/lrn070/world-shared/mlupopa/RHEAs_HydraGNN/HydraGNN/examples/vasp_solid_solution_alloys/dataset/bcc_NbZr/Nb-Zr/Zr36Nb92/case-17,0.28125,0.9899124854541022,989.9124854541021,0.11507514978318543
/lustre/orion/lrn070/world-shared/mlupopa/RHEAs_HydraGNN/HydraGNN/examples/vasp_solid_solution_alloys/dataset/bcc_NbZr/Nb-Zr/Zr36Nb92/case-18,0.28125,0.9917754514697261,991.7754514697261,0.116348978280364
/lustre/orion/lrn070/world-shared/mlupopa/RHEAs_HydraGNN/HydraGNN/examples/vasp_solid_solution_alloys/dataset/bcc_NbZr/Nb-Zr/Zr36Nb92/case-19,0.28125,0.9912402849072262,991.2402849072262,0.11319183650134464
/lustre/orion/lrn070/world-shared/mlupopa/RHEAs_HydraGNN/HydraGNN/examples/vasp_solid_solution_alloys/dataset/bcc_NbZr/Nb-Zr/Zr36Nb92/case-2,0.28125,0.9935161629541014,993.5161629541014,0.11867834659313033
/lustre/orion/lrn070/world-shared/mlupopa/RHEAs_HydraGNN/HydraGNN/examples/vasp_solid_solution_alloys/dataset/bcc_NbZr/Nb-Zr/Zr36Nb92/case-20,0.28125,0.9911926598291014,991.1926598291014,0.11837277184784632
/lustre/orion/lrn070/world-shared/mlupopa/RHEAs_HydraGNN/HydraGNN/examples/vasp_solid_solution_alloys/dataset/bcc_NbZr/Nb-Zr/Zr36Nb92/case-3,0.28125,0.9934092211572256,993.4092211572256,0.11456103477531855
/lustre/orion/lrn070/world-shared/mlupopa/RHEAs_HydraGNN/HydraGNN/examples/vasp_solid_solution_alloys/dataset/bcc_NbZr/Nb-Zr/Zr36Nb92/case-4,0.28125,0.9924762917041008,992.4762917041007,0.11736525904424193
/lustre/orion/lrn070/world-shared/mlupopa/RHEAs_HydraGNN/HydraGNN/examples/vasp_solid_solution_alloys/dataset/bcc_NbZr/Nb-Zr/Zr36Nb92/case-41,0.28125,0.9930636610791019,993.063661079102,0.1176143409172221
/lustre/orion/lrn070/world-shared/mlupopa/RHEAs_HydraGNN/HydraGNN/examples/vasp_solid_solution_alloys/dataset/bcc_NbZr/Nb-Zr/Zr36Nb92/case-42,0.28125,0.9918238115478513,991.8238115478513,0.11988789281763024
/lustre/orion/lrn070/world-shared/mlupopa/RHEAs_HydraGNN/HydraGNN/examples/vasp_solid_solution_alloys/dataset/bcc_NbZr/Nb-Zr/Zr36Nb92/case-43,0.28125,0.9934719670947256,993.4719670947256,0.12073957446275849
/lustre/orion/lrn070/world-shared/mlupopa/RHEAs_HydraGNN/HydraGNN/examples/vasp_solid_solution_alloys/dataset/bcc_NbZr/Nb-Zr/Zr36Nb92/case-44,0.28125,0.9894256128759764,989.4256128759764,0.13099257385750762
/lustre/orion/lrn070/world-shared/mlupopa/RHEAs_HydraGNN/HydraGNN/examples/vasp_solid_solution_alloys/dataset/bcc_NbZr/Nb-Zr/Zr36Nb92/case-45,0.28125,0.9941920959228518,994.1920959228519,0.11329095136772858
/lustre/orion/lrn070/world-shared/mlupopa/RHEAs_HydraGNN/HydraGNN/examples/vasp_solid_solution_alloys/dataset/bcc_NbZr/Nb-Zr/Zr36Nb92/case-46,0.28125,0.9950560760791021,995.056076079102,0.11912070089976134
/lustre/orion/lrn070/world-shared/mlupopa/RHEAs_HydraGNN/HydraGNN/examples/vasp_solid_solution_alloys/dataset/bcc_NbZr/Nb-Zr/Zr36Nb92/case-47,0.28125,0.9924167293603521,992.4167293603521,0.11756299627441819
/lustre/orion/lrn070/world-shared/mlupopa/RHEAs_HydraGNN/HydraGNN/examples/vasp_solid_solution_alloys/dataset/bcc_NbZr/Nb-Zr/Zr36Nb92/case-48,0.28125,0.9905992587353509,990.599258735351,0.11864718223675538
/lustre/orion/lrn070/world-shared/mlupopa/RHEAs_HydraGNN/HydraGNN/examples/vasp_solid_solution_alloys/dataset/bcc_NbZr/Nb-Zr/Zr36Nb92/case-49,0.28125,0.9921282298291008,992.1282298291007,0.11700518173118328
/lustre/orion/lrn070/world-shared/mlupopa/RHEAs_HydraGNN/HydraGNN/examples/vasp_solid_solution_alloys/dataset/bcc_NbZr/Nb-Zr/Zr36Nb92/case-5,0.28125,0.9933273374853506,993.3273374853507,0.11496932005687835
/lustre/orion/lrn070/world-shared/mlupopa/RHEAs_HydraGNN/HydraGNN/examples/vasp_solid_solution_alloys/dataset/bcc_NbZr/Nb-Zr/Zr36Nb92/case-50,0.28125,0.9911823580322263,991.1823580322264,0.1200822450819319
/lustre/orion/lrn070/world-shared/mlupopa/RHEAs_HydraGNN/HydraGNN/examples/vasp_solid_solution_alloys/dataset/bcc_NbZr/Nb-Zr/Zr36Nb92/case-51,0.28125,0.991464024672851,991.464024672851,0.11624888543307128
/lustre/orion/lrn070/world-shared/mlupopa/RHEAs_HydraGNN/HydraGNN/examples/vasp_solid_solution_alloys/dataset/bcc_NbZr/Nb-Zr/Zr36Nb92/case-52,0.28125,0.9905636836572267,990.5636836572266,0.12042150957189017
/lustre/orion/lrn070/world-shared/mlupopa/RHEAs_HydraGNN/HydraGNN/examples/vasp_solid_solution_alloys/dataset/bcc_NbZr/Nb-Zr/Zr36Nb92/case-53,0.28125,0.9873531604541022,987.3531604541022,0.13078461541903075
/lustre/orion/lrn070/world-shared/mlupopa/RHEAs_HydraGNN/HydraGNN/examples/vasp_solid_solution_alloys/dataset/bcc_NbZr/Nb-Zr/Zr36Nb92/case-54,0.28125,0.991282677016601,991.282677016601,0.12241111883717495
/lustre/orion/lrn070/world-shared/mlupopa/RHEAs_HydraGNN/HydraGNN/examples/vasp_solid_solution_alloys/dataset/bcc_NbZr/Nb-Zr/Zr36Nb92/case-55,0.28125,0.9952543849853512,995.2543849853512,0.11769211860898147
/lustre/orion/lrn070/world-shared/mlupopa/RHEAs_HydraGNN/HydraGNN/examples/vasp_solid_solution_alloys/dataset/bcc_NbZr/Nb-Zr/Zr36Nb92/case-56,0.28125,0.9911857402978512,991.1857402978512,0.12015760367909109
/lustre/orion/lrn070/world-shared/mlupopa/RHEAs_HydraGNN/HydraGNN/examples/vasp_solid_solution_alloys/dataset/bcc_NbZr/Nb-Zr/Zr36Nb92/case-57,0.28125,0.9908495591259765,990.8495591259765,0.12261097894954702
/lustre/orion/lrn070/world-shared/mlupopa/RHEAs_HydraGNN/HydraGNN/examples/vasp_solid_solution_alloys/dataset/bcc_NbZr/Nb-Zr/Zr36Nb92/case-58,0.28125,0.9919916820166019,991.9916820166019,0.12124417093829955
/lustre/orion/lrn070/world-shared/mlupopa/RHEAs_HydraGNN/HydraGNN/examples/vasp_solid_solution_alloys/dataset/bcc_NbZr/Nb-Zr/Zr36Nb92/case-59,0.28125,0.992832233735351,992.832233735351,0.11594899014608921
/lustre/orion/lrn070/world-shared/mlupopa/RHEAs_HydraGNN/HydraGNN/examples/vasp_solid_solution_alloys/dataset/bcc_NbZr/Nb-Zr/Zr36Nb92/case-6,0.28125,0.993425559125976,993.425559125976,0.1282056216806105
/lustre/orion/lrn070/world-shared/mlupopa/RHEAs_HydraGNN/HydraGNN/examples/vasp_solid_solution_alloys/dataset/bcc_NbZr/Nb-Zr/Zr36Nb92/case-60,0.28125,0.996871726860352,996.8717268603519,0.10137125993474069
/lustre/orion/lrn070/world-shared/mlupopa/RHEAs_HydraGNN/HydraGNN/examples/vasp_solid_solution_alloys/dataset/bcc_NbZr/Nb-Zr/Zr36Nb92/case-61,0.28125,0.991331232797851,991.3312327978509,0.12113735169688908
/lustre/orion/lrn070/world-shared/mlupopa/RHEAs_HydraGNN/HydraGNN/examples/vasp_solid_solution_alloys/dataset/bcc_NbZr/Nb-Zr/Zr36Nb92/case-62,0.28125,0.9905690030322258,990.5690030322259,0.12069070007531053
/lustre/orion/lrn070/world-shared/mlupopa/RHEAs_HydraGNN/HydraGNN/examples/vasp_solid_solution_alloys/dataset/bcc_NbZr/Nb-Zr/Zr36Nb92/case-63,0.28125,0.9907527006884767,990.7527006884767,0.12182225800943344
/lustre/orion/lrn070/world-shared/mlupopa/RHEAs_HydraGNN/HydraGNN/examples/vasp_solid_solution_alloys/dataset/bcc_NbZr/Nb-Zr/Zr36Nb92/case-64,0.28125,0.9915782234228523,991.5782234228523,0.11626111342411137
/lustre/orion/lrn070/world-shared/mlupopa/RHEAs_HydraGNN/HydraGNN/examples/vasp_solid_solution_alloys/dataset/bcc_NbZr/Nb-Zr/Zr36Nb92/case-65,0.28125,0.9944169856884759,994.416985688476,0.1122480191444391
/lustre/orion/lrn070/world-shared/mlupopa/RHEAs_HydraGNN/HydraGNN/examples/vasp_solid_solution_alloys/dataset/bcc_NbZr/Nb-Zr/Zr36Nb92/case-66,0.28125,0.9924740157666019,992.4740157666018,0.11119276210765368
/lustre/orion/lrn070/world-shared/mlupopa/RHEAs_HydraGNN/HydraGNN/examples/vasp_solid_solution_alloys/dataset/bcc_NbZr/Nb-Zr/Zr36Nb92/case-67,0.28125,0.9904011516259761,990.4011516259761,0.12124433846310206
/lustre/orion/lrn070/world-shared/mlupopa/RHEAs_HydraGNN/HydraGNN/examples/vasp_solid_solution_alloys/dataset/bcc_NbZr/Nb-Zr/Zr36Nb92/case-68,0.28125,0.9922849501416007,992.2849501416007,0.11211588543144548
/lustre/orion/lrn070/world-shared/mlupopa/RHEAs_HydraGNN/HydraGNN/examples/vasp_solid_solution_alloys/dataset/bcc_NbZr/Nb-Zr/Zr36Nb92/case-69,0.28125,0.9939512788134763,993.9512788134764,0.11407322754498544
/lustre/orion/lrn070/world-shared/mlupopa/RHEAs_HydraGNN/HydraGNN/examples/vasp_solid_solution_alloys/dataset/bcc_NbZr/Nb-Zr/Zr36Nb92/case-7,0.28125,0.9868843417822273,986.8843417822272,0.12905541877844137
/lustre/orion/lrn070/world-shared/mlupopa/RHEAs_HydraGNN/HydraGNN/examples/vasp_solid_solution_alloys/dataset/bcc_NbZr/Nb-Zr/Zr36Nb92/case-70,0.28125,0.9898140624853511,989.8140624853511,0.12415571609067841
/lustre/orion/lrn070/world-shared/mlupopa/RHEAs_HydraGNN/HydraGNN/examples/vasp_solid_solution_alloys/dataset/bcc_NbZr/Nb-Zr/Zr36Nb92/case-71,0.28125,0.9920605103759765,992.0605103759765,0.1152631452070253
/lustre/orion/lrn070/world-shared/mlupopa/RHEAs_HydraGNN/HydraGNN/examples/vasp_solid_solution_alloys/dataset/bcc_NbZr/Nb-Zr/Zr36Nb92/case-72,0.28125,0.9907699498291009,990.7699498291009,0.11678988067833895
/lustre/orion/lrn070/world-shared/mlupopa/RHEAs_HydraGNN/HydraGNN/examples/vasp_solid_solution_alloys/dataset/bcc_NbZr/Nb-Zr/Zr36Nb92/case-73,0.28125,0.9902217950634764,990.2217950634764,0.12218212741546353
/lustre/orion/lrn070/world-shared/mlupopa/RHEAs_HydraGNN/HydraGNN/examples/vasp_solid_solution_alloys/dataset/bcc_NbZr/Nb-Zr/Zr36Nb92/case-74,0.28125,0.9897288442041017,989.7288442041017,0.1203935764777884
/lustre/orion/lrn070/world-shared/mlupopa/RHEAs_HydraGNN/HydraGNN/examples/vasp_solid_solution_alloys/dataset/bcc_NbZr/Nb-Zr/Zr36Nb92/case-75,0.28125,0.995381908657226,995.381908657226,0.10939993963349384
/lustre/orion/lrn070/world-shared/mlupopa/RHEAs_HydraGNN/HydraGNN/examples/vasp_solid_solution_alloys/dataset/bcc_NbZr/Nb-Zr/Zr36Nb92/case-76,0.28125,0.9913618118603509,991.3618118603508,0.11916015394973727
/lustre/orion/lrn070/world-shared/mlupopa/RHEAs_HydraGNN/HydraGNN/examples/vasp_solid_solution_alloys/dataset/bcc_NbZr/Nb-Zr/Zr36Nb92/case-77,0.28125,0.9903234809228518,990.3234809228518,0.11737309345141086
/lustre/orion/lrn070/world-shared/mlupopa/RHEAs_HydraGNN/HydraGNN/examples/vasp_solid_solution_alloys/dataset/bcc_NbZr/Nb-Zr/Zr36Nb92/case-78,0.28125,0.9925704113134763,992.5704113134764,0.11609256331800102
/lustre/orion/lrn070/world-shared/mlupopa/RHEAs_HydraGNN/HydraGNN/examples/vasp_solid_solution_alloys/dataset/bcc_NbZr/Nb-Zr/Zr36Nb92/case-79,0.28125,0.986639625141601,986.639625141601,0.12192114075834781
/lustre/orion/lrn070/world-shared/mlupopa/RHEAs_HydraGNN/HydraGNN/examples/vasp_solid_solution_alloys/dataset/bcc_NbZr/Nb-Zr/Zr36Nb92/case-8,0.28125,0.9930580587353521,993.0580587353521,0.10766680698312969
/lustre/orion/lrn070/world-shared/mlupopa/RHEAs_HydraGNN/HydraGNN/examples/vasp_solid_solution_alloys/dataset/bcc_NbZr/Nb-Zr/Zr36Nb92/case-80,0.28125,0.991990518735351,991.9905187353511,0.11609207473272533
/lustre/orion/lrn070/world-shared/mlupopa/RHEAs_HydraGNN/HydraGNN/examples/vasp_solid_solution_alloys/dataset/bcc_NbZr/Nb-Zr/Zr36Nb92/case-81,0.28125,0.9945336751416018,994.5336751416019,0.11316222378294258
/lustre/orion/lrn070/world-shared/mlupopa/RHEAs_HydraGNN/HydraGNN/examples/vasp_solid_solution_alloys/dataset/bcc_NbZr/Nb-Zr/Zr36Nb92/case-82,0.28125,0.990411563969726,990.411563969726,0.13042030664213886
/lustre/orion/lrn070/world-shared/mlupopa/RHEAs_HydraGNN/HydraGNN/examples/vasp_solid_solution_alloys/dataset/bcc_NbZr/Nb-Zr/Zr36Nb92/case-83,0.28125,0.9932083870166011,993.2083870166011,0.11736621154628604
/lustre/orion/lrn070/world-shared/mlupopa/RHEAs_HydraGNN/HydraGNN/examples/vasp_solid_solution_alloys/dataset/bcc_NbZr/Nb-Zr/Zr36Nb92/case-84,0.28125,1.0122713581103522,1012.2713581103521,0.12103959596457801
/lustre/orion/lrn070/world-shared/mlupopa/RHEAs_HydraGNN/HydraGNN/examples/vasp_solid_solution_alloys/dataset/bcc_NbZr/Nb-Zr/Zr36Nb92/case-85,0.28125,0.9915448899072263,991.5448899072263,0.12517630359250234
/lustre/orion/lrn070/world-shared/mlupopa/RHEAs_HydraGNN/HydraGNN/examples/vasp_solid_solution_alloys/dataset/bcc_NbZr/Nb-Zr/Zr36Nb92/case-86,0.28125,1.0165609585009765,1016.5609585009765,0.11355619298852586
/lustre/orion/lrn070/world-shared/mlupopa/RHEAs_HydraGNN/HydraGNN/examples/vasp_solid_solution_alloys/dataset/bcc_NbZr/Nb-Zr/Zr36Nb92/case-87,0.28125,0.9897584373291011,989.7584373291011,0.1225928524293001
/lustre/orion/lrn070/world-shared/mlupopa/RHEAs_HydraGNN/HydraGNN/examples/vasp_solid_solution_alloys/dataset/bcc_NbZr/Nb-Zr/Zr36Nb92/case-88,0.28125,1.0127599980322266,1012.7599980322266,0.11286323262200167
/lustre/orion/lrn070/world-shared/mlupopa/RHEAs_HydraGNN/HydraGNN/examples/vasp_solid_solution_alloys/dataset/bcc_NbZr/Nb-Zr/Zr36Nb92/case-89,0.28125,0.9918323167822258,991.8323167822258,0.11839685295411892
/lustre/orion/lrn070/world-shared/mlupopa/RHEAs_HydraGNN/HydraGNN/examples/vasp_solid_solution_alloys/dataset/bcc_NbZr/Nb-Zr/Zr36Nb92/case-9,0.28125,0.9896897279541008,989.6897279541008,0.1212645123562235
/lustre/orion/lrn070/world-shared/mlupopa/RHEAs_HydraGNN/HydraGNN/examples/vasp_solid_solution_alloys/dataset/bcc_NbZr/Nb-Zr/Zr36Nb92/case-90,0.28125,0.989423231000977,989.423231000977,0.11881010890077616
/lustre/orion/lrn070/world-shared/mlupopa/RHEAs_HydraGNN/HydraGNN/examples/vasp_solid_solution_alloys/dataset/bcc_NbZr/Nb-Zr/Zr36Nb92/case-91,0.28125,0.9911350577978517,991.1350577978517,0.1233047827005971
/lustre/orion/lrn070/world-shared/mlupopa/RHEAs_HydraGNN/HydraGNN/examples/vasp_solid_solution_alloys/dataset/bcc_NbZr/Nb-Zr/Zr36Nb92/case-92,0.28125,1.0134788489697257,1013.4788489697257,0.11402296033106454
/lustre/orion/lrn070/world-shared/mlupopa/RHEAs_HydraGNN/HydraGNN/examples/vasp_solid_solution_alloys/dataset/bcc_NbZr/Nb-Zr/Zr36Nb92/case-93,0.28125,0.9922071577978517,992.2071577978518,0.11181140553561689
/lustre/orion/lrn070/world-shared/mlupopa/RHEAs_HydraGNN/HydraGNN/examples/vasp_solid_solution_alloys/dataset/bcc_NbZr/Nb-Zr/Zr36Nb92/case-94,0.28125,1.0216613975634772,1021.6613975634772,0.06867044575576747
/lustre/orion/lrn070/world-shared/mlupopa/RHEAs_HydraGNN/HydraGNN/examples/vasp_solid_solution_alloys/dataset/bcc_NbZr/Nb-Zr/Zr36Nb92/case-95,0.28125,0.9921599253759759,992.1599253759758,0.1256311701541934
/lustre/orion/lrn070/world-shared/mlupopa/RHEAs_HydraGNN/HydraGNN/examples/vasp_solid_solution_alloys/dataset/bcc_NbZr/Nb-Zr/Zr36Nb92/case-96,0.28125,0.9907988474853511,990.7988474853511,0.11856248244087994
/lustre/orion/lrn070/world-shared/mlupopa/RHEAs_HydraGNN/HydraGNN/examples/vasp_solid_solution_alloys/dataset/bcc_NbZr/Nb-Zr/Zr36Nb92/case-97,0.28125,1.0335497206884767,1033.5497206884768,0.01585894128517269
/lustre/orion/lrn070/world-shared/mlupopa/RHEAs_HydraGNN/HydraGNN/examples/vasp_solid_solution_alloys/dataset/bcc_NbZr/Nb-Zr/Zr36Nb92/case-98,0.28125,0.9934700229541011,993.4700229541012,0.11528449113492618
/lustre/orion/lrn070/world-shared/mlupopa/RHEAs_HydraGNN/HydraGNN/examples/vasp_solid_solution_alloys/dataset/bcc_NbZr/Nb-Zr/Zr36Nb92/case-99,0.28125,1.0463878903759767,1046.3878903759767,0.0054144011523926915
/lustre/orion/lrn070/world-shared/mlupopa/RHEAs_HydraGNN/HydraGNN/examples/vasp_solid_solution_alloys/dataset/bcc_NbZr/Nb-Zr/Zr40Nb88/case-1,0.3125,1.1009791012597674,1100.9791012597675,0.1170395014575357
/lustre/orion/lrn070/world-shared/mlupopa/RHEAs_HydraGNN/HydraGNN/examples/vasp_solid_solution_alloys/dataset/bcc_NbZr/Nb-Zr/Zr40Nb88/case-10,0.3125,1.0968460869628913,1096.8460869628914,0.12377207760527016
/lustre/orion/lrn070/world-shared/mlupopa/RHEAs_HydraGNN/HydraGNN/examples/vasp_solid_solution_alloys/dataset/bcc_NbZr/Nb-Zr/Zr40Nb88/case-100,0.3125,1.1253830184472662,1125.3830184472663,0.12845339128591135
/lustre/orion/lrn070/world-shared/mlupopa/RHEAs_HydraGNN/HydraGNN/examples/vasp_solid_solution_alloys/dataset/bcc_NbZr/Nb-Zr/Zr40Nb88/case-11,0.3125,1.0955092614941417,1095.5092614941418,0.13049750516296604
/lustre/orion/lrn070/world-shared/mlupopa/RHEAs_HydraGNN/HydraGNN/examples/vasp_solid_solution_alloys/dataset/bcc_NbZr/Nb-Zr/Zr40Nb88/case-12,0.3125,1.0991202566503908,1099.1202566503907,0.12621037460623935
/lustre/orion/lrn070/world-shared/mlupopa/RHEAs_HydraGNN/HydraGNN/examples/vasp_solid_solution_alloys/dataset/bcc_NbZr/Nb-Zr/Zr40Nb88/case-13,0.3125,1.099047776806641,1099.047776806641,0.12762555380754392
/lustre/orion/lrn070/world-shared/mlupopa/RHEAs_HydraGNN/HydraGNN/examples/vasp_solid_solution_alloys/dataset/bcc_NbZr/Nb-Zr/Zr40Nb88/case-14,0.3125,1.0990920889941407,1099.0920889941408,0.1194316977967887
/lustre/orion/lrn070/world-shared/mlupopa/RHEAs_HydraGNN/HydraGNN/examples/vasp_solid_solution_alloys/dataset/bcc_NbZr/Nb-Zr/Zr40Nb88/case-15,0.3125,1.0967297430566418,1096.7297430566418,0.1308443155236877
/lustre/orion/lrn070/world-shared/mlupopa/RHEAs_HydraGNN/HydraGNN/examples/vasp_solid_solution_alloys/dataset/bcc_NbZr/Nb-Zr/Zr40Nb88/case-16,0.3125,1.1018463729003916,1101.8463729003915,0.11253667682720589
/lustre/orion/lrn070/world-shared/mlupopa/RHEAs_HydraGNN/HydraGNN/examples/vasp_solid_solution_alloys/dataset/bcc_NbZr/Nb-Zr/Zr40Nb88/case-17,0.3125,1.0999580448535173,1099.9580448535173,0.1254571574991756
/lustre/orion/lrn070/world-shared/mlupopa/RHEAs_HydraGNN/HydraGNN/examples/vasp_solid_solution_alloys/dataset/bcc_NbZr/Nb-Zr/Zr40Nb88/case-18,0.3125,1.1017753705566413,1101.7753705566413,0.11178705382509388
/lustre/orion/lrn070/world-shared/mlupopa/RHEAs_HydraGNN/HydraGNN/examples/vasp_solid_solution_alloys/dataset/bcc_NbZr/Nb-Zr/Zr40Nb88/case-19,0.3125,1.098549830009766,1098.549830009766,0.12637255685395876
/lustre/orion/lrn070/world-shared/mlupopa/RHEAs_HydraGNN/HydraGNN/examples/vasp_solid_solution_alloys/dataset/bcc_NbZr/Nb-Zr/Zr40Nb88/case-2,0.3125,1.101444027744142,1101.444027744142,0.11636524314131709
/lustre/orion/lrn070/world-shared/mlupopa/RHEAs_HydraGNN/HydraGNN/examples/vasp_solid_solution_alloys/dataset/bcc_NbZr/Nb-Zr/Zr40Nb88/case-20,0.3125,1.098730177978517,1098.730177978517,0.1249277694933115
/lustre/orion/lrn070/world-shared/mlupopa/RHEAs_HydraGNN/HydraGNN/examples/vasp_solid_solution_alloys/dataset/bcc_NbZr/Nb-Zr/Zr40Nb88/case-3,0.3125,1.0995767280566415,1099.5767280566415,0.11941091466055494
/lustre/orion/lrn070/world-shared/mlupopa/RHEAs_HydraGNN/HydraGNN/examples/vasp_solid_solution_alloys/dataset/bcc_NbZr/Nb-Zr/Zr40Nb88/case-4,0.3125,1.101407981337891,1101.407981337891,0.11502698675889433
/lustre/orion/lrn070/world-shared/mlupopa/RHEAs_HydraGNN/HydraGNN/examples/vasp_solid_solution_alloys/dataset/bcc_NbZr/Nb-Zr/Zr40Nb88/case-41,0.3125,1.1005310705566416,1100.5310705566417,0.1222678170277247
/lustre/orion/lrn070/world-shared/mlupopa/RHEAs_HydraGNN/HydraGNN/examples/vasp_solid_solution_alloys/dataset/bcc_NbZr/Nb-Zr/Zr40Nb88/case-42,0.3125,1.0976116369628919,1097.611636962892,0.12880021292471916
/lustre/orion/lrn070/world-shared/mlupopa/RHEAs_HydraGNN/HydraGNN/examples/vasp_solid_solution_alloys/dataset/bcc_NbZr/Nb-Zr/Zr40Nb88/case-43,0.3125,1.1000524501660163,1100.0524501660163,0.1282371473234365
/lustre/orion/lrn070/world-shared/mlupopa/RHEAs_HydraGNN/HydraGNN/examples/vasp_solid_solution_alloys/dataset/bcc_NbZr/Nb-Zr/Zr40Nb88/case-44,0.3125,1.1020873898535157,1102.0873898535158,0.11606908891889407
/lustre/orion/lrn070/world-shared/mlupopa/RHEAs_HydraGNN/HydraGNN/examples/vasp_solid_solution_alloys/dataset/bcc_NbZr/Nb-Zr/Zr40Nb88/case-45,0.3125,1.1010038652441416,1101.0038652441417,0.11442460199695775
/lustre/orion/lrn070/world-shared/mlupopa/RHEAs_HydraGNN/HydraGNN/examples/vasp_solid_solution_alloys/dataset/bcc_NbZr/Nb-Zr/Zr40Nb88/case-46,0.3125,1.099044963369142,1099.044963369142,0.1209171658716666
/lustre/orion/lrn070/world-shared/mlupopa/RHEAs_HydraGNN/HydraGNN/examples/vasp_solid_solution_alloys/dataset/bcc_NbZr/Nb-Zr/Zr40Nb88/case-47,0.3125,1.1004985128222664,1100.4985128222663,0.12701441503783367
/lustre/orion/lrn070/world-shared/mlupopa/RHEAs_HydraGNN/HydraGNN/examples/vasp_solid_solution_alloys/dataset/bcc_NbZr/Nb-Zr/Zr40Nb88/case-48,0.3125,1.1002075171191414,1100.2075171191414,0.12113917193907789
/lustre/orion/lrn070/world-shared/mlupopa/RHEAs_HydraGNN/HydraGNN/examples/vasp_solid_solution_alloys/dataset/bcc_NbZr/Nb-Zr/Zr40Nb88/case-49,0.3125,1.0972604038378915,1097.2604038378915,0.12594271661285344
/lustre/orion/lrn070/world-shared/mlupopa/RHEAs_HydraGNN/HydraGNN/examples/vasp_solid_solution_alloys/dataset/bcc_NbZr/Nb-Zr/Zr40Nb88/case-5,0.3125,1.0944852711035171,1094.485271103517,0.13252785712657272
/lustre/orion/lrn070/world-shared/mlupopa/RHEAs_HydraGNN/HydraGNN/examples/vasp_solid_solution_alloys/dataset/bcc_NbZr/Nb-Zr/Zr40Nb88/case-50,0.3125,1.1004304410253916,1100.4304410253915,0.12108005223760408
/lustre/orion/lrn070/world-shared/mlupopa/RHEAs_HydraGNN/HydraGNN/examples/vasp_solid_solution_alloys/dataset/bcc_NbZr/Nb-Zr/Zr40Nb88/case-51,0.3125,1.0998975718066415,1099.8975718066415,0.12046920410275952
/lustre/orion/lrn070/world-shared/mlupopa/RHEAs_HydraGNN/HydraGNN/examples/vasp_solid_solution_alloys/dataset/bcc_NbZr/Nb-Zr/Zr40Nb88/case-52,0.3125,1.1000948070410157,1100.0948070410157,0.12381213186397261
/lustre/orion/lrn070/world-shared/mlupopa/RHEAs_HydraGNN/HydraGNN/examples/vasp_solid_solution_alloys/dataset/bcc_NbZr/Nb-Zr/Zr40Nb88/case-53,0.3125,1.0976445446972658,1097.6445446972657,0.11984747644954506
/lustre/orion/lrn070/world-shared/mlupopa/RHEAs_HydraGNN/HydraGNN/examples/vasp_solid_solution_alloys/dataset/bcc_NbZr/Nb-Zr/Zr40Nb88/case-54,0.3125,1.097869827822267,1097.8698278222669,0.132342496828237
/lustre/orion/lrn070/world-shared/mlupopa/RHEAs_HydraGNN/HydraGNN/examples/vasp_solid_solution_alloys/dataset/bcc_NbZr/Nb-Zr/Zr40Nb88/case-55,0.3125,1.0981992303222672,1098.199230322267,0.12364191238830323
/lustre/orion/lrn070/world-shared/mlupopa/RHEAs_HydraGNN/HydraGNN/examples/vasp_solid_solution_alloys/dataset/bcc_NbZr/Nb-Zr/Zr40Nb88/case-56,0.3125,1.0994470557128917,1099.4470557128916,0.12907264034975366
/lustre/orion/lrn070/world-shared/mlupopa/RHEAs_HydraGNN/HydraGNN/examples/vasp_solid_solution_alloys/dataset/bcc_NbZr/Nb-Zr/Zr40Nb88/case-57,0.3125,1.1050669471191412,1105.0669471191413,0.11445115626242873
/lustre/orion/lrn070/world-shared/mlupopa/RHEAs_HydraGNN/HydraGNN/examples/vasp_solid_solution_alloys/dataset/bcc_NbZr/Nb-Zr/Zr40Nb88/case-58,0.3125,1.099910265400391,1099.910265400391,0.12273921122240108
/lustre/orion/lrn070/world-shared/mlupopa/RHEAs_HydraGNN/HydraGNN/examples/vasp_solid_solution_alloys/dataset/bcc_NbZr/Nb-Zr/Zr40Nb88/case-59,0.3125,1.0988291957128915,1098.8291957128915,0.12314381572207801
/lustre/orion/lrn070/world-shared/mlupopa/RHEAs_HydraGNN/HydraGNN/examples/vasp_solid_solution_alloys/dataset/bcc_NbZr/Nb-Zr/Zr40Nb88/case-6,0.3125,1.0989936819628916,1098.9936819628915,0.12239541756069916
/lustre/orion/lrn070/world-shared/mlupopa/RHEAs_HydraGNN/HydraGNN/examples/vasp_solid_solution_alloys/dataset/bcc_NbZr/Nb-Zr/Zr40Nb88/case-60,0.3125,1.1008420920410167,1100.8420920410167,0.12841036163583427
/lustre/orion/lrn070/world-shared/mlupopa/RHEAs_HydraGNN/HydraGNN/examples/vasp_solid_solution_alloys/dataset/bcc_NbZr/Nb-Zr/Zr40Nb88/case-61,0.3125,1.0983464933691423,1098.3464933691423,0.1284700848301475
/lustre/orion/lrn070/world-shared/mlupopa/RHEAs_HydraGNN/HydraGNN/examples/vasp_solid_solution_alloys/dataset/bcc_NbZr/Nb-Zr/Zr40Nb88/case-62,0.3125,1.1037117226660165,1103.7117226660164,0.11429779627682762
/lustre/orion/lrn070/world-shared/mlupopa/RHEAs_HydraGNN/HydraGNN/examples/vasp_solid_solution_alloys/dataset/bcc_NbZr/Nb-Zr/Zr40Nb88/case-63,0.3125,1.1040063336035164,1104.0063336035164,0.11355342437087806
/lustre/orion/lrn070/world-shared/mlupopa/RHEAs_HydraGNN/HydraGNN/examples/vasp_solid_solution_alloys/dataset/bcc_NbZr/Nb-Zr/Zr40Nb88/case-64,0.3125,1.0989470541503916,1098.9470541503915,0.12758944396670877
/lustre/orion/lrn070/world-shared/mlupopa/RHEAs_HydraGNN/HydraGNN/examples/vasp_solid_solution_alloys/dataset/bcc_NbZr/Nb-Zr/Zr40Nb88/case-65,0.3125,1.1024330788378922,1102.4330788378923,0.11338475671575342
/lustre/orion/lrn070/world-shared/mlupopa/RHEAs_HydraGNN/HydraGNN/examples/vasp_solid_solution_alloys/dataset/bcc_NbZr/Nb-Zr/Zr40Nb88/case-66,0.3125,1.099769092275391,1099.7690922753911,0.12388010947802441
/lustre/orion/lrn070/world-shared/mlupopa/RHEAs_HydraGNN/HydraGNN/examples/vasp_solid_solution_alloys/dataset/bcc_NbZr/Nb-Zr/Zr40Nb88/case-67,0.3125,1.0985337418066408,1098.5337418066408,0.12883923942989703
/lustre/orion/lrn070/world-shared/mlupopa/RHEAs_HydraGNN/HydraGNN/examples/vasp_solid_solution_alloys/dataset/bcc_NbZr/Nb-Zr/Zr40Nb88/case-68,0.3125,1.0948566539941407,1094.8566539941407,0.13450029909435793
/lustre/orion/lrn070/world-shared/mlupopa/RHEAs_HydraGNN/HydraGNN/examples/vasp_solid_solution_alloys/dataset/bcc_NbZr/Nb-Zr/Zr40Nb88/case-69,0.3125,1.0990299132128918,1099.0299132128919,0.12190767045696246
/lustre/orion/lrn070/world-shared/mlupopa/RHEAs_HydraGNN/HydraGNN/examples/vasp_solid_solution_alloys/dataset/bcc_NbZr/Nb-Zr/Zr40Nb88/case-7,0.3125,1.094126918525392,1094.1269185253918,0.13601973929623373
/lustre/orion/lrn070/world-shared/mlupopa/RHEAs_HydraGNN/HydraGNN/examples/vasp_solid_solution_alloys/dataset/bcc_NbZr/Nb-Zr/Zr40Nb88/case-70,0.3125,1.0967126704785173,1096.7126704785173,0.1270224089252436
/lustre/orion/lrn070/world-shared/mlupopa/RHEAs_HydraGNN/HydraGNN/examples/vasp_solid_solution_alloys/dataset/bcc_NbZr/Nb-Zr/Zr40Nb88/case-71,0.3125,1.0974381695410163,1097.4381695410164,0.1326543468175155
/lustre/orion/lrn070/world-shared/mlupopa/RHEAs_HydraGNN/HydraGNN/examples/vasp_solid_solution_alloys/dataset/bcc_NbZr/Nb-Zr/Zr40Nb88/case-72,0.3125,1.0987590353222672,1098.7590353222672,0.12338998459753049
/lustre/orion/lrn070/world-shared/mlupopa/RHEAs_HydraGNN/HydraGNN/examples/vasp_solid_solution_alloys/dataset/bcc_NbZr/Nb-Zr/Zr40Nb88/case-73,0.3125,1.0994113878222667,1099.4113878222668,0.12430209389665278
/lustre/orion/lrn070/world-shared/mlupopa/RHEAs_HydraGNN/HydraGNN/examples/vasp_solid_solution_alloys/dataset/bcc_NbZr/Nb-Zr/Zr40Nb88/case-74,0.3125,1.1002131388378906,1100.2131388378907,0.12517042067808912
/lustre/orion/lrn070/world-shared/mlupopa/RHEAs_HydraGNN/HydraGNN/examples/vasp_solid_solution_alloys/dataset/bcc_NbZr/Nb-Zr/Zr40Nb88/case-75,0.3125,1.099758098681642,1099.758098681642,0.12181517296637025
/lustre/orion/lrn070/world-shared/mlupopa/RHEAs_HydraGNN/HydraGNN/examples/vasp_solid_solution_alloys/dataset/bcc_NbZr/Nb-Zr/Zr40Nb88/case-76,0.3125,1.103158788212891,1103.158788212891,0.11107267453245272
/lustre/orion/lrn070/world-shared/mlupopa/RHEAs_HydraGNN/HydraGNN/examples/vasp_solid_solution_alloys/dataset/bcc_NbZr/Nb-Zr/Zr40Nb88/case-77,0.3125,1.0976118081347668,1097.6118081347668,0.1217530842449007
/lustre/orion/lrn070/world-shared/mlupopa/RHEAs_HydraGNN/HydraGNN/examples/vasp_solid_solution_alloys/dataset/bcc_NbZr/Nb-Zr/Zr40Nb88/case-78,0.3125,1.0969826054003917,1096.9826054003918,0.12688096618704214
/lustre/orion/lrn070/world-shared/mlupopa/RHEAs_HydraGNN/HydraGNN/examples/vasp_solid_solution_alloys/dataset/bcc_NbZr/Nb-Zr/Zr40Nb88/case-79,0.3125,1.0995862893847672,1099.5862893847673,0.12331534186267278
/lustre/orion/lrn070/world-shared/mlupopa/RHEAs_HydraGNN/HydraGNN/examples/vasp_solid_solution_alloys/dataset/bcc_NbZr/Nb-Zr/Zr40Nb88/case-8,0.3125,1.0996733316503917,1099.6733316503917,0.1250876131513972
/lustre/orion/lrn070/world-shared/mlupopa/RHEAs_HydraGNN/HydraGNN/examples/vasp_solid_solution_alloys/dataset/bcc_NbZr/Nb-Zr/Zr40Nb88/case-80,0.3125,1.104845734072267,1104.845734072267,0.11520647424348528
/lustre/orion/lrn070/world-shared/mlupopa/RHEAs_HydraGNN/HydraGNN/examples/vasp_solid_solution_alloys/dataset/bcc_NbZr/Nb-Zr/Zr40Nb88/case-81,0.3125,1.1008190566503924,1100.8190566503924,0.11496912338436267
/lustre/orion/lrn070/world-shared/mlupopa/RHEAs_HydraGNN/HydraGNN/examples/vasp_solid_solution_alloys/dataset/bcc_NbZr/Nb-Zr/Zr40Nb88/case-82,0.3125,1.100071718447266,1100.071718447266,0.1271730290654334
/lustre/orion/lrn070/world-shared/mlupopa/RHEAs_HydraGNN/HydraGNN/examples/vasp_solid_solution_alloys/dataset/bcc_NbZr/Nb-Zr/Zr40Nb88/case-83,0.3125,1.0971512168847664,1097.1512168847664,0.13178971692770794
/lustre/orion/lrn070/world-shared/mlupopa/RHEAs_HydraGNN/HydraGNN/examples/vasp_solid_solution_alloys/dataset/bcc_NbZr/Nb-Zr/Zr40Nb88/case-84,0.3125,1.0980048263378919,1098.004826337892,0.12935686148627015
/lustre/orion/lrn070/world-shared/mlupopa/RHEAs_HydraGNN/HydraGNN/examples/vasp_solid_solution_alloys/dataset/bcc_NbZr/Nb-Zr/Zr40Nb88/case-85,0.3125,1.0941130919628907,1094.1130919628908,0.12773125440751407
/lustre/orion/lrn070/world-shared/mlupopa/RHEAs_HydraGNN/HydraGNN/examples/vasp_solid_solution_alloys/dataset/bcc_NbZr/Nb-Zr/Zr40Nb88/case-86,0.3125,1.1014695264941423,1101.4695264941424,0.12070845521972429
/lustre/orion/lrn070/world-shared/mlupopa/RHEAs_HydraGNN/HydraGNN/examples/vasp_solid_solution_alloys/dataset/bcc_NbZr/Nb-Zr/Zr40Nb88/case-87,0.3125,1.0963447709472671,1096.344770947267,0.13499046815825275
/lustre/orion/lrn070/world-shared/mlupopa/RHEAs_HydraGNN/HydraGNN/examples/vasp_solid_solution_alloys/dataset/bcc_NbZr/Nb-Zr/Zr40Nb88/case-88,0.3125,1.0967717699316424,1096.7717699316424,0.12927131982154613
/lustre/orion/lrn070/world-shared/mlupopa/RHEAs_HydraGNN/HydraGNN/examples/vasp_solid_solution_alloys/dataset/bcc_NbZr/Nb-Zr/Zr40Nb88/case-89,0.3125,1.0959718382910157,1095.9718382910157,0.1336510313157237
/lustre/orion/lrn070/world-shared/mlupopa/RHEAs_HydraGNN/HydraGNN/examples/vasp_solid_solution_alloys/dataset/bcc_NbZr/Nb-Zr/Zr40Nb88/case-9,0.3125,1.0985659401660168,1098.5659401660168,0.12043210693753839
/lustre/orion/lrn070/world-shared/mlupopa/RHEAs_HydraGNN/HydraGNN/examples/vasp_solid_solution_alloys/dataset/bcc_NbZr/Nb-Zr/Zr40Nb88/case-90,0.3125,1.0988084668847673,1098.8084668847673,0.12274509452862933
/lustre/orion/lrn070/world-shared/mlupopa/RHEAs_HydraGNN/HydraGNN/examples/vasp_solid_solution_alloys/dataset/bcc_NbZr/Nb-Zr/Zr40Nb88/case-91,0.3125,1.098554828212892,1098.554828212892,0.1257453520091797
/lustre/orion/lrn070/world-shared/mlupopa/RHEAs_HydraGNN/HydraGNN/examples/vasp_solid_solution_alloys/dataset/bcc_NbZr/Nb-Zr/Zr40Nb88/case-92,0.3125,1.0991701983691406,1099.1701983691407,0.1205681792967344
/lustre/orion/lrn070/world-shared/mlupopa/RHEAs_HydraGNN/HydraGNN/examples/vasp_solid_solution_alloys/dataset/bcc_NbZr/Nb-Zr/Zr40Nb88/case-93,0.3125,1.0984497404785163,1098.4497404785163,0.1255171259469626
/lustre/orion/lrn070/world-shared/mlupopa/RHEAs_HydraGNN/HydraGNN/examples/vasp_solid_solution_alloys/dataset/bcc_NbZr/Nb-Zr/Zr40Nb88/case-94,0.3125,1.098749987431642,1098.749987431642,0.12200964723099758
/lustre/orion/lrn070/world-shared/mlupopa/RHEAs_HydraGNN/HydraGNN/examples/vasp_solid_solution_alloys/dataset/bcc_NbZr/Nb-Zr/Zr40Nb88/case-95,0.3125,1.0966034605566417,1096.6034605566417,0.13136537649669755
/lustre/orion/lrn070/world-shared/mlupopa/RHEAs_HydraGNN/HydraGNN/examples/vasp_solid_solution_alloys/dataset/bcc_NbZr/Nb-Zr/Zr40Nb88/case-96,0.3125,1.0987088586816416,1098.7088586816417,0.12453109781536718
/lustre/orion/lrn070/world-shared/mlupopa/RHEAs_HydraGNN/HydraGNN/examples/vasp_solid_solution_alloys/dataset/bcc_NbZr/Nb-Zr/Zr40Nb88/case-97,0.3125,1.0993457530566406,1099.3457530566407,0.11892559046146065
/lustre/orion/lrn070/world-shared/mlupopa/RHEAs_HydraGNN/HydraGNN/examples/vasp_solid_solution_alloys/dataset/bcc_NbZr/Nb-Zr/Zr40Nb88/case-98,0.3125,1.1219137258691418,1121.913725869142,0.11783644269197348
/lustre/orion/lrn070/world-shared/mlupopa/RHEAs_HydraGNN/HydraGNN/examples/vasp_solid_solution_alloys/dataset/bcc_NbZr/Nb-Zr/Zr40Nb88/case-99,0.3125,1.1238561805566416,1123.8561805566417,0.1185667526000297
/lustre/orion/lrn070/world-shared/mlupopa/RHEAs_HydraGNN/HydraGNN/examples/vasp_solid_solution_alloys/dataset/bcc_NbZr/Nb-Zr/Zr44Nb84/case-1,0.34375,1.207295219409179,1207.295219409179,0.12536668870946047
/lustre/orion/lrn070/world-shared/mlupopa/RHEAs_HydraGNN/HydraGNN/examples/vasp_solid_solution_alloys/dataset/bcc_NbZr/Nb-Zr/Zr44Nb84/case-10,0.34375,1.20366722612793,1203.66722612793,0.13778018815444293
/lustre/orion/lrn070/world-shared/mlupopa/RHEAs_HydraGNN/HydraGNN/examples/vasp_solid_solution_alloys/dataset/bcc_NbZr/Nb-Zr/Zr44Nb84/case-100,0.34375,1.207854455659179,1207.854455659179,0.13143991428244695
/lustre/orion/lrn070/world-shared/mlupopa/RHEAs_HydraGNN/HydraGNN/examples/vasp_solid_solution_alloys/dataset/bcc_NbZr/Nb-Zr/Zr44Nb84/case-11,0.34375,1.2050883065966804,1205.0883065966805,0.13027567520968933
/lustre/orion/lrn070/world-shared/mlupopa/RHEAs_HydraGNN/HydraGNN/examples/vasp_solid_solution_alloys/dataset/bcc_NbZr/Nb-Zr/Zr44Nb84/case-12,0.34375,1.2089358835498043,1208.9358835498042,0.12722104944830115
/lustre/orion/lrn070/world-shared/mlupopa/RHEAs_HydraGNN/HydraGNN/examples/vasp_solid_solution_alloys/dataset/bcc_NbZr/Nb-Zr/Zr44Nb84/case-13,0.34375,1.2055017733154294,1205.5017733154293,0.1274467233442385
/lustre/orion/lrn070/world-shared/mlupopa/RHEAs_HydraGNN/HydraGNN/examples/vasp_solid_solution_alloys/dataset/bcc_NbZr/Nb-Zr/Zr44Nb84/case-14,0.34375,1.2064765983935555,1206.4765983935554,0.1317006073995467
/lustre/orion/lrn070/world-shared/mlupopa/RHEAs_HydraGNN/HydraGNN/examples/vasp_solid_solution_alloys/dataset/bcc_NbZr/Nb-Zr/Zr44Nb84/case-15,0.34375,1.2075829205810553,1207.5829205810553,0.12838071058136477
/lustre/orion/lrn070/world-shared/mlupopa/RHEAs_HydraGNN/HydraGNN/examples/vasp_solid_solution_alloys/dataset/bcc_NbZr/Nb-Zr/Zr44Nb84/case-16,0.34375,1.2060804230029305,1206.0804230029305,0.1312519922621042
/lustre/orion/lrn070/world-shared/mlupopa/RHEAs_HydraGNN/HydraGNN/examples/vasp_solid_solution_alloys/dataset/bcc_NbZr/Nb-Zr/Zr44Nb84/case-17,0.34375,1.2076220471435555,1207.6220471435554,0.12701395741984167
/lustre/orion/lrn070/world-shared/mlupopa/RHEAs_HydraGNN/HydraGNN/examples/vasp_solid_solution_alloys/dataset/bcc_NbZr/Nb-Zr/Zr44Nb84/case-18,0.34375,1.20475373331543,1204.7537333154298,0.13283863052897962
/lustre/orion/lrn070/world-shared/mlupopa/RHEAs_HydraGNN/HydraGNN/examples/vasp_solid_solution_alloys/dataset/bcc_NbZr/Nb-Zr/Zr44Nb84/case-19,0.34375,1.2065757508154302,1206.5757508154302,0.12557585175939082
/lustre/orion/lrn070/world-shared/mlupopa/RHEAs_HydraGNN/HydraGNN/examples/vasp_solid_solution_alloys/dataset/bcc_NbZr/Nb-Zr/Zr44Nb84/case-2,0.34375,1.2055061747998046,1205.5061747998045,0.13074039516917674
/lustre/orion/lrn070/world-shared/mlupopa/RHEAs_HydraGNN/HydraGNN/examples/vasp_solid_solution_alloys/dataset/bcc_NbZr/Nb-Zr/Zr44Nb84/case-20,0.34375,1.2050394762841794,1205.0394762841795,0.1327694913042545
/lustre/orion/lrn070/world-shared/mlupopa/RHEAs_HydraGNN/HydraGNN/examples/vasp_solid_solution_alloys/dataset/bcc_NbZr/Nb-Zr/Zr44Nb84/case-3,0.34375,1.2055015427685554,1205.5015427685553,0.13356462061244748
/lustre/orion/lrn070/world-shared/mlupopa/RHEAs_HydraGNN/HydraGNN/examples/vasp_solid_solution_alloys/dataset/bcc_NbZr/Nb-Zr/Zr44Nb84/case-4,0.34375,1.2054910907373042,1205.4910907373041,0.1319399848368576
/lustre/orion/lrn070/world-shared/mlupopa/RHEAs_HydraGNN/HydraGNN/examples/vasp_solid_solution_alloys/dataset/bcc_NbZr/Nb-Zr/Zr44Nb84/case-41,0.34375,1.2046254319873047,1204.6254319873046,0.12910040628749153
/lustre/orion/lrn070/world-shared/mlupopa/RHEAs_HydraGNN/HydraGNN/examples/vasp_solid_solution_alloys/dataset/bcc_NbZr/Nb-Zr/Zr44Nb84/case-42,0.34375,1.2081516278466804,1208.1516278466804,0.1253672939347734
/lustre/orion/lrn070/world-shared/mlupopa/RHEAs_HydraGNN/HydraGNN/examples/vasp_solid_solution_alloys/dataset/bcc_NbZr/Nb-Zr/Zr44Nb84/case-43,0.34375,1.2090041077685552,1209.004107768555,0.1284488715448953
/lustre/orion/lrn070/world-shared/mlupopa/RHEAs_HydraGNN/HydraGNN/examples/vasp_solid_solution_alloys/dataset/bcc_NbZr/Nb-Zr/Zr44Nb84/case-44,0.34375,1.2039577274560553,1203.9577274560554,0.12902715347385962
/lustre/orion/lrn070/world-shared/mlupopa/RHEAs_HydraGNN/HydraGNN/examples/vasp_solid_solution_alloys/dataset/bcc_NbZr/Nb-Zr/Zr44Nb84/case-45,0.34375,1.2071825130810545,1207.1825130810546,0.12559693095410526
/lustre/orion/lrn070/world-shared/mlupopa/RHEAs_HydraGNN/HydraGNN/examples/vasp_solid_solution_alloys/dataset/bcc_NbZr/Nb-Zr/Zr44Nb84/case-46,0.34375,1.204199637221679,1204.199637221679,0.1304112650555403
/lustre/orion/lrn070/world-shared/mlupopa/RHEAs_HydraGNN/HydraGNN/examples/vasp_solid_solution_alloys/dataset/bcc_NbZr/Nb-Zr/Zr44Nb84/case-47,0.34375,1.2061029822216796,1206.1029822216797,0.1281024951978669
/lustre/orion/lrn070/world-shared/mlupopa/RHEAs_HydraGNN/HydraGNN/examples/vasp_solid_solution_alloys/dataset/bcc_NbZr/Nb-Zr/Zr44Nb84/case-48,0.34375,1.20590709784668,1205.90709784668,0.13113938190890728
/lustre/orion/lrn070/world-shared/mlupopa/RHEAs_HydraGNN/HydraGNN/examples/vasp_solid_solution_alloys/dataset/bcc_NbZr/Nb-Zr/Zr44Nb84/case-49,0.34375,1.209740725893555,1209.740725893555,0.1279392225989616
/lustre/orion/lrn070/world-shared/mlupopa/RHEAs_HydraGNN/HydraGNN/examples/vasp_solid_solution_alloys/dataset/bcc_NbZr/Nb-Zr/Zr44Nb84/case-5,0.34375,1.20387340925293,1203.87340925293,0.13151503771147388
/lustre/orion/lrn070/world-shared/mlupopa/RHEAs_HydraGNN/HydraGNN/examples/vasp_solid_solution_alloys/dataset/bcc_NbZr/Nb-Zr/Zr44Nb84/case-50,0.34375,1.204127078940429,1204.127078940429,0.1312981280194192
/lustre/orion/lrn070/world-shared/mlupopa/RHEAs_HydraGNN/HydraGNN/examples/vasp_solid_solution_alloys/dataset/bcc_NbZr/Nb-Zr/Zr44Nb84/case-51,0.34375,1.2079812245654296,1207.9812245654296,0.13245848287086034
/lustre/orion/lrn070/world-shared/mlupopa/RHEAs_HydraGNN/HydraGNN/examples/vasp_solid_solution_alloys/dataset/bcc_NbZr/Nb-Zr/Zr44Nb84/case-52,0.34375,1.2073992566748046,1207.3992566748047,0.12465672149697588
/lustre/orion/lrn070/world-shared/mlupopa/RHEAs_HydraGNN/HydraGNN/examples/vasp_solid_solution_alloys/dataset/bcc_NbZr/Nb-Zr/Zr44Nb84/case-53,0.34375,1.2078007418310541,1207.8007418310542,0.12294494609116331
/lustre/orion/lrn070/world-shared/mlupopa/RHEAs_HydraGNN/HydraGNN/examples/vasp_solid_solution_alloys/dataset/bcc_NbZr/Nb-Zr/Zr44Nb84/case-54,0.34375,1.20740882644043,1207.40882644043,0.12801871754114663
/lustre/orion/lrn070/world-shared/mlupopa/RHEAs_HydraGNN/HydraGNN/examples/vasp_solid_solution_alloys/dataset/bcc_NbZr/Nb-Zr/Zr44Nb84/case-55,0.34375,1.2055567438623047,1205.5567438623048,0.13441419900362842
/lustre/orion/lrn070/world-shared/mlupopa/RHEAs_HydraGNN/HydraGNN/examples/vasp_solid_solution_alloys/dataset/bcc_NbZr/Nb-Zr/Zr44Nb84/case-56,0.34375,1.2091622045654304,1209.1622045654303,0.13033144660742252
/lustre/orion/lrn070/world-shared/mlupopa/RHEAs_HydraGNN/HydraGNN/examples/vasp_solid_solution_alloys/dataset/bcc_NbZr/Nb-Zr/Zr44Nb84/case-57,0.34375,1.202350160424805,1202.350160424805,0.13320749245723632
/lustre/orion/lrn070/world-shared/mlupopa/RHEAs_HydraGNN/HydraGNN/examples/vasp_solid_solution_alloys/dataset/bcc_NbZr/Nb-Zr/Zr44Nb84/case-58,0.34375,1.203693928002929,1203.6939280029292,0.13186074297645892
/lustre/orion/lrn070/world-shared/mlupopa/RHEAs_HydraGNN/HydraGNN/examples/vasp_solid_solution_alloys/dataset/bcc_NbZr/Nb-Zr/Zr44Nb84/case-59,0.34375,1.2048224822216795,1204.8224822216796,0.12980741229692658
/lustre/orion/lrn070/world-shared/mlupopa/RHEAs_HydraGNN/HydraGNN/examples/vasp_solid_solution_alloys/dataset/bcc_NbZr/Nb-Zr/Zr44Nb84/case-6,0.34375,1.2036105745654293,1203.6105745654293,0.13136058953525256
/lustre/orion/lrn070/world-shared/mlupopa/RHEAs_HydraGNN/HydraGNN/examples/vasp_solid_solution_alloys/dataset/bcc_NbZr/Nb-Zr/Zr44Nb84/case-60,0.34375,1.2091976173779297,1209.1976173779296,0.12177858995845305
/lustre/orion/lrn070/world-shared/mlupopa/RHEAs_HydraGNN/HydraGNN/examples/vasp_solid_solution_alloys/dataset/bcc_NbZr/Nb-Zr/Zr44Nb84/case-61,0.34375,1.2033912852685553,1203.3912852685553,0.1348228763372104
/lustre/orion/lrn070/world-shared/mlupopa/RHEAs_HydraGNN/HydraGNN/examples/vasp_solid_solution_alloys/dataset/bcc_NbZr/Nb-Zr/Zr44Nb84/case-62,0.34375,1.20397274456543,1203.97274456543,0.13306948205271948
/lustre/orion/lrn070/world-shared/mlupopa/RHEAs_HydraGNN/HydraGNN/examples/vasp_solid_solution_alloys/dataset/bcc_NbZr/Nb-Zr/Zr44Nb84/case-63,0.34375,1.2033959239404304,1203.3959239404303,0.13489941520346269
/lustre/orion/lrn070/world-shared/mlupopa/RHEAs_HydraGNN/HydraGNN/examples/vasp_solid_solution_alloys/dataset/bcc_NbZr/Nb-Zr/Zr44Nb84/case-64,0.34375,1.2097877617529296,1209.7877617529296,0.13206104672286534
/lustre/orion/lrn070/world-shared/mlupopa/RHEAs_HydraGNN/HydraGNN/examples/vasp_solid_solution_alloys/dataset/bcc_NbZr/Nb-Zr/Zr44Nb84/case-65,0.34375,1.2074336571435555,1207.4336571435556,0.12669171269243384
/lustre/orion/lrn070/world-shared/mlupopa/RHEAs_HydraGNN/HydraGNN/examples/vasp_solid_solution_alloys/dataset/bcc_NbZr/Nb-Zr/Zr44Nb84/case-66,0.34375,1.2053385528466798,1205.3385528466797,0.14194181466358458
/lustre/orion/lrn070/world-shared/mlupopa/RHEAs_HydraGNN/HydraGNN/examples/vasp_solid_solution_alloys/dataset/bcc_NbZr/Nb-Zr/Zr44Nb84/case-67,0.34375,1.2073012838623054,1207.3012838623054,0.12470508982175427
/lustre/orion/lrn070/world-shared/mlupopa/RHEAs_HydraGNN/HydraGNN/examples/vasp_solid_solution_alloys/dataset/bcc_NbZr/Nb-Zr/Zr44Nb84/case-68,0.34375,1.1999951674560556,1199.9951674560557,0.15057346821700437
/lustre/orion/lrn070/world-shared/mlupopa/RHEAs_HydraGNN/HydraGNN/examples/vasp_solid_solution_alloys/dataset/bcc_NbZr/Nb-Zr/Zr44Nb84/case-69,0.34375,1.20674498612793,1206.7449861279301,0.12718562670191916
/lustre/orion/lrn070/world-shared/mlupopa/RHEAs_HydraGNN/HydraGNN/examples/vasp_solid_solution_alloys/dataset/bcc_NbZr/Nb-Zr/Zr44Nb84/case-7,0.34375,1.2086677218310555,1208.6677218310556,0.12478116445500538
/lustre/orion/lrn070/world-shared/mlupopa/RHEAs_HydraGNN/HydraGNN/examples/vasp_solid_solution_alloys/dataset/bcc_NbZr/Nb-Zr/Zr44Nb84/case-70,0.34375,1.2087063618310552,1208.7063618310551,0.12835299213976542
/lustre/orion/lrn070/world-shared/mlupopa/RHEAs_HydraGNN/HydraGNN/examples/vasp_solid_solution_alloys/dataset/bcc_NbZr/Nb-Zr/Zr44Nb84/case-71,0.34375,1.2025554526904294,1202.5554526904293,0.13294964942534737
/lustre/orion/lrn070/world-shared/mlupopa/RHEAs_HydraGNN/HydraGNN/examples/vasp_solid_solution_alloys/dataset/bcc_NbZr/Nb-Zr/Zr44Nb84/case-72,0.34375,1.2040835440185553,1204.0835440185554,0.14222256513074177
/lustre/orion/lrn070/world-shared/mlupopa/RHEAs_HydraGNN/HydraGNN/examples/vasp_solid_solution_alloys/dataset/bcc_NbZr/Nb-Zr/Zr44Nb84/case-73,0.34375,1.2070544772998044,1207.0544772998044,0.12916991837101022
/lustre/orion/lrn070/world-shared/mlupopa/RHEAs_HydraGNN/HydraGNN/examples/vasp_solid_solution_alloys/dataset/bcc_NbZr/Nb-Zr/Zr44Nb84/case-74,0.34375,1.2035726350341793,1203.5726350341793,0.1277448332360036
/lustre/orion/lrn070/world-shared/mlupopa/RHEAs_HydraGNN/HydraGNN/examples/vasp_solid_solution_alloys/dataset/bcc_NbZr/Nb-Zr/Zr44Nb84/case-75,0.34375,1.2091235908935545,1209.1235908935546,0.12696951533784145
/lustre/orion/lrn070/world-shared/mlupopa/RHEAs_HydraGNN/HydraGNN/examples/vasp_solid_solution_alloys/dataset/bcc_NbZr/Nb-Zr/Zr44Nb84/case-76,0.34375,1.2045595557373048,1204.559555737305,0.14157449203130582
/lustre/orion/lrn070/world-shared/mlupopa/RHEAs_HydraGNN/HydraGNN/examples/vasp_solid_solution_alloys/dataset/bcc_NbZr/Nb-Zr/Zr44Nb84/case-77,0.34375,1.2073245630029295,1207.3245630029294,0.13749202147963663
/lustre/orion/lrn070/world-shared/mlupopa/RHEAs_HydraGNN/HydraGNN/examples/vasp_solid_solution_alloys/dataset/bcc_NbZr/Nb-Zr/Zr44Nb84/case-78,0.34375,1.204175948159179,1204.175948159179,0.13443707317256448
/lustre/orion/lrn070/world-shared/mlupopa/RHEAs_HydraGNN/HydraGNN/examples/vasp_solid_solution_alloys/dataset/bcc_NbZr/Nb-Zr/Zr44Nb84/case-79,0.34375,1.2049618352685556,1204.9618352685557,0.13587818368426596
/lustre/orion/lrn070/world-shared/mlupopa/RHEAs_HydraGNN/HydraGNN/examples/vasp_solid_solution_alloys/dataset/bcc_NbZr/Nb-Zr/Zr44Nb84/case-8,0.34375,1.20489048644043,1204.8904864404299,0.1346183944398013
/lustre/orion/lrn070/world-shared/mlupopa/RHEAs_HydraGNN/HydraGNN/examples/vasp_solid_solution_alloys/dataset/bcc_NbZr/Nb-Zr/Zr44Nb84/case-80,0.34375,1.205081065581055,1205.081065581055,0.13814457387086782
/lustre/orion/lrn070/world-shared/mlupopa/RHEAs_HydraGNN/HydraGNN/examples/vasp_solid_solution_alloys/dataset/bcc_NbZr/Nb-Zr/Zr44Nb84/case-81,0.34375,1.227902710893554,1227.902710893554,0.12798816352061607
/lustre/orion/lrn070/world-shared/mlupopa/RHEAs_HydraGNN/HydraGNN/examples/vasp_solid_solution_alloys/dataset/bcc_NbZr/Nb-Zr/Zr44Nb84/case-82,0.34375,1.2257409031591795,1225.7409031591794,0.13492476948486332
/lustre/orion/lrn070/world-shared/mlupopa/RHEAs_HydraGNN/HydraGNN/examples/vasp_solid_solution_alloys/dataset/bcc_NbZr/Nb-Zr/Zr44Nb84/case-83,0.34375,1.2302592450341798,1230.25924503418,0.12430284980532026
/lustre/orion/lrn070/world-shared/mlupopa/RHEAs_HydraGNN/HydraGNN/examples/vasp_solid_solution_alloys/dataset/bcc_NbZr/Nb-Zr/Zr44Nb84/case-84,0.34375,1.232322366362304,1232.322366362304,0.1270104084096203
/lustre/orion/lrn070/world-shared/mlupopa/RHEAs_HydraGNN/HydraGNN/examples/vasp_solid_solution_alloys/dataset/bcc_NbZr/Nb-Zr/Zr44Nb84/case-85,0.34375,1.2305506322998045,1230.5506322998046,0.11745212027646582
/lustre/orion/lrn070/world-shared/mlupopa/RHEAs_HydraGNN/HydraGNN/examples/vasp_solid_solution_alloys/dataset/bcc_NbZr/Nb-Zr/Zr44Nb84/case-86,0.34375,1.231463681284179,1231.463681284179,0.12878384318606861
/lustre/orion/lrn070/world-shared/mlupopa/RHEAs_HydraGNN/HydraGNN/examples/vasp_solid_solution_alloys/dataset/bcc_NbZr/Nb-Zr/Zr44Nb84/case-87,0.34375,1.2308149090966793,1230.8149090966795,0.12041744051279679
/lustre/orion/lrn070/world-shared/mlupopa/RHEAs_HydraGNN/HydraGNN/examples/vasp_solid_solution_alloys/dataset/bcc_NbZr/Nb-Zr/Zr44Nb84/case-88,0.34375,1.2345995480810554,1234.5995480810554,0.10864155956747083
/lustre/orion/lrn070/world-shared/mlupopa/RHEAs_HydraGNN/HydraGNN/examples/vasp_solid_solution_alloys/dataset/bcc_NbZr/Nb-Zr/Zr44Nb84/case-89,0.34375,1.23321095128418,1233.21095128418,0.10172922365563977
/lustre/orion/lrn070/world-shared/mlupopa/RHEAs_HydraGNN/HydraGNN/examples/vasp_solid_solution_alloys/dataset/bcc_NbZr/Nb-Zr/Zr44Nb84/case-9,0.34375,1.2081662330810552,1208.1662330810552,0.12774079143536565
/lustre/orion/lrn070/world-shared/mlupopa/RHEAs_HydraGNN/HydraGNN/examples/vasp_solid_solution_alloys/dataset/bcc_NbZr/Nb-Zr/Zr44Nb84/case-90,0.34375,1.235727291674804,1235.727291674804,0.10150792658574757
/lustre/orion/lrn070/world-shared/mlupopa/RHEAs_HydraGNN/HydraGNN/examples/vasp_solid_solution_alloys/dataset/bcc_NbZr/Nb-Zr/Zr44Nb84/case-91,0.34375,1.2063476376123052,1206.3476376123053,0.12262253499274277
/lustre/orion/lrn070/world-shared/mlupopa/RHEAs_HydraGNN/HydraGNN/examples/vasp_solid_solution_alloys/dataset/bcc_NbZr/Nb-Zr/Zr44Nb84/case-92,0.34375,1.2052514915185544,1205.2514915185543,0.13522356593201007
/lustre/orion/lrn070/world-shared/mlupopa/RHEAs_HydraGNN/HydraGNN/examples/vasp_solid_solution_alloys/dataset/bcc_NbZr/Nb-Zr/Zr44Nb84/case-93,0.34375,1.2078657687841794,1207.8657687841794,0.11831190227122386
/lustre/orion/lrn070/world-shared/mlupopa/RHEAs_HydraGNN/HydraGNN/examples/vasp_solid_solution_alloys/dataset/bcc_NbZr/Nb-Zr/Zr44Nb84/case-94,0.34375,1.2043587005029295,1204.3587005029294,0.13602753721990346
/lustre/orion/lrn070/world-shared/mlupopa/RHEAs_HydraGNN/HydraGNN/examples/vasp_solid_solution_alloys/dataset/bcc_NbZr/Nb-Zr/Zr44Nb84/case-95,0.34375,1.205068653159179,1205.068653159179,0.12906097084280005
/lustre/orion/lrn070/world-shared/mlupopa/RHEAs_HydraGNN/HydraGNN/examples/vasp_solid_solution_alloys/dataset/bcc_NbZr/Nb-Zr/Zr44Nb84/case-96,0.34375,1.2080666380810552,1208.066638081055,0.11996751598388945
/lustre/orion/lrn070/world-shared/mlupopa/RHEAs_HydraGNN/HydraGNN/examples/vasp_solid_solution_alloys/dataset/bcc_NbZr/Nb-Zr/Zr44Nb84/case-97,0.34375,1.2061271381591805,1206.1271381591805,0.12877898567096363
/lustre/orion/lrn070/world-shared/mlupopa/RHEAs_HydraGNN/HydraGNN/examples/vasp_solid_solution_alloys/dataset/bcc_NbZr/Nb-Zr/Zr44Nb84/case-98,0.34375,1.206940177690429,1206.940177690429,0.13411688625564328
/lustre/orion/lrn070/world-shared/mlupopa/RHEAs_HydraGNN/HydraGNN/examples/vasp_solid_solution_alloys/dataset/bcc_NbZr/Nb-Zr/Zr44Nb84/case-99,0.34375,1.2014570543310548,1201.4570543310547,0.14624121880589547
/lustre/orion/lrn070/world-shared/mlupopa/RHEAs_HydraGNN/HydraGNN/examples/vasp_solid_solution_alloys/dataset/bcc_NbZr/Nb-Zr/Zr48Nb80/case-1,0.375,1.3167847059179696,1316.7847059179696,0.12116032176703313
/lustre/orion/lrn070/world-shared/mlupopa/RHEAs_HydraGNN/HydraGNN/examples/vasp_solid_solution_alloys/dataset/bcc_NbZr/Nb-Zr/Zr48Nb80/case-10,0.375,1.3095759942773455,1309.5759942773454,0.13874099552310923
/lustre/orion/lrn070/world-shared/mlupopa/RHEAs_HydraGNN/HydraGNN/examples/vasp_solid_solution_alloys/dataset/bcc_NbZr/Nb-Zr/Zr48Nb80/case-100,0.375,1.308133602636719,1308.133602636719,0.13944058313711133
/lustre/orion/lrn070/world-shared/mlupopa/RHEAs_HydraGNN/HydraGNN/examples/vasp_solid_solution_alloys/dataset/bcc_NbZr/Nb-Zr/Zr48Nb80/case-11,0.375,1.3134410256835949,1313.441025683595,0.13963677073460254
/lustre/orion/lrn070/world-shared/mlupopa/RHEAs_HydraGNN/HydraGNN/examples/vasp_solid_solution_alloys/dataset/bcc_NbZr/Nb-Zr/Zr48Nb80/case-12,0.375,1.3134669770898455,1313.4669770898454,0.12831132501154424
/lustre/orion/lrn070/world-shared/mlupopa/RHEAs_HydraGNN/HydraGNN/examples/vasp_solid_solution_alloys/dataset/bcc_NbZr/Nb-Zr/Zr48Nb80/case-13,0.375,1.3127304042773442,1312.7304042773442,0.13876354629697396
/lustre/orion/lrn070/world-shared/mlupopa/RHEAs_HydraGNN/HydraGNN/examples/vasp_solid_solution_alloys/dataset/bcc_NbZr/Nb-Zr/Zr48Nb80/case-14,0.375,1.3124170579492205,1312.4170579492204,0.13808395082151145
/lustre/orion/lrn070/world-shared/mlupopa/RHEAs_HydraGNN/HydraGNN/examples/vasp_solid_solution_alloys/dataset/bcc_NbZr/Nb-Zr/Zr48Nb80/case-15,0.375,1.3112892708398451,1311.2892708398451,0.13111025354940978
/lustre/orion/lrn070/world-shared/mlupopa/RHEAs_HydraGNN/HydraGNN/examples/vasp_solid_solution_alloys/dataset/bcc_NbZr/Nb-Zr/Zr48Nb80/case-16,0.375,1.31246457857422,1312.46457857422,0.13782502071536604
/lustre/orion/lrn070/world-shared/mlupopa/RHEAs_HydraGNN/HydraGNN/examples/vasp_solid_solution_alloys/dataset/bcc_NbZr/Nb-Zr/Zr48Nb80/case-17,0.375,1.315708079667969,1315.708079667969,0.1377279160163361
/lustre/orion/lrn070/world-shared/mlupopa/RHEAs_HydraGNN/HydraGNN/examples/vasp_solid_solution_alloys/dataset/bcc_NbZr/Nb-Zr/Zr48Nb80/case-18,0.375,1.3143880485742194,1314.3880485742195,0.1348531809665046
/lustre/orion/lrn070/world-shared/mlupopa/RHEAs_HydraGNN/HydraGNN/examples/vasp_solid_solution_alloys/dataset/bcc_NbZr/Nb-Zr/Zr48Nb80/case-19,0.375,1.315177679433594,1315.177679433594,0.1263920012905347
/lustre/orion/lrn070/world-shared/mlupopa/RHEAs_HydraGNN/HydraGNN/examples/vasp_solid_solution_alloys/dataset/bcc_NbZr/Nb-Zr/Zr48Nb80/case-2,0.375,1.3121399532617204,1312.1399532617204,0.12699673001908388
/lustre/orion/lrn070/world-shared/mlupopa/RHEAs_HydraGNN/HydraGNN/examples/vasp_solid_solution_alloys/dataset/bcc_NbZr/Nb-Zr/Zr48Nb80/case-20,0.375,1.3142057987304696,1314.2057987304697,0.13261250720557957
/lustre/orion/lrn070/world-shared/mlupopa/RHEAs_HydraGNN/HydraGNN/examples/vasp_solid_solution_alloys/dataset/bcc_NbZr/Nb-Zr/Zr48Nb80/case-3,0.375,1.307473448183595,1307.473448183595,0.14827715669905603
/lustre/orion/lrn070/world-shared/mlupopa/RHEAs_HydraGNN/HydraGNN/examples/vasp_solid_solution_alloys/dataset/bcc_NbZr/Nb-Zr/Zr48Nb80/case-4,0.375,1.3130198461523452,1313.0198461523453,0.13394278094806059
/lustre/orion/lrn070/world-shared/mlupopa/RHEAs_HydraGNN/HydraGNN/examples/vasp_solid_solution_alloys/dataset/bcc_NbZr/Nb-Zr/Zr48Nb80/case-41,0.375,1.309824003808595,1309.824003808595,0.14280961817634671
/lustre/orion/lrn070/world-shared/mlupopa/RHEAs_HydraGNN/HydraGNN/examples/vasp_solid_solution_alloys/dataset/bcc_NbZr/Nb-Zr/Zr48Nb80/case-42,0.375,1.3084079795117205,1308.4079795117204,0.14472514467369685
/lustre/orion/lrn070/world-shared/mlupopa/RHEAs_HydraGNN/HydraGNN/examples/vasp_solid_solution_alloys/dataset/bcc_NbZr/Nb-Zr/Zr48Nb80/case-43,0.375,1.3092337094335953,1309.2337094335953,0.13905093020736078
/lustre/orion/lrn070/world-shared/mlupopa/RHEAs_HydraGNN/HydraGNN/examples/vasp_solid_solution_alloys/dataset/bcc_NbZr/Nb-Zr/Zr48Nb80/case-44,0.375,1.3101319775585942,1310.1319775585941,0.14095998493723297
/lustre/orion/lrn070/world-shared/mlupopa/RHEAs_HydraGNN/HydraGNN/examples/vasp_solid_solution_alloys/dataset/bcc_NbZr/Nb-Zr/Zr48Nb80/case-45,0.375,1.3185510872460942,1318.551087246094,0.1229833342380272
/lustre/orion/lrn070/world-shared/mlupopa/RHEAs_HydraGNN/HydraGNN/examples/vasp_solid_solution_alloys/dataset/bcc_NbZr/Nb-Zr/Zr48Nb80/case-46,0.375,1.3137772919335955,1313.7772919335955,0.14184175355978215
/lustre/orion/lrn070/world-shared/mlupopa/RHEAs_HydraGNN/HydraGNN/examples/vasp_solid_solution_alloys/dataset/bcc_NbZr/Nb-Zr/Zr48Nb80/case-47,0.375,1.3122545849804705,1312.2545849804706,0.13069372319279454
/lustre/orion/lrn070/world-shared/mlupopa/RHEAs_HydraGNN/HydraGNN/examples/vasp_solid_solution_alloys/dataset/bcc_NbZr/Nb-Zr/Zr48Nb80/case-48,0.375,1.3142102814648453,1314.2102814648454,0.13015726828159307
/lustre/orion/lrn070/world-shared/mlupopa/RHEAs_HydraGNN/HydraGNN/examples/vasp_solid_solution_alloys/dataset/bcc_NbZr/Nb-Zr/Zr48Nb80/case-49,0.375,1.3120500217773454,1312.0500217773454,0.13422774186982048
/lustre/orion/lrn070/world-shared/mlupopa/RHEAs_HydraGNN/HydraGNN/examples/vasp_solid_solution_alloys/dataset/bcc_NbZr/Nb-Zr/Zr48Nb80/case-5,0.375,1.31430864998047,1314.30864998047,0.1321097357103015
/lustre/orion/lrn070/world-shared/mlupopa/RHEAs_HydraGNN/HydraGNN/examples/vasp_solid_solution_alloys/dataset/bcc_NbZr/Nb-Zr/Zr48Nb80/case-50,0.375,1.3148807902148452,1314.880790214845,0.13072676002105113
/lustre/orion/lrn070/world-shared/mlupopa/RHEAs_HydraGNN/HydraGNN/examples/vasp_solid_solution_alloys/dataset/bcc_NbZr/Nb-Zr/Zr48Nb80/case-51,0.375,1.313158752949219,1313.158752949219,0.13665372156320418
/lustre/orion/lrn070/world-shared/mlupopa/RHEAs_HydraGNN/HydraGNN/examples/vasp_solid_solution_alloys/dataset/bcc_NbZr/Nb-Zr/Zr48Nb80/case-52,0.375,1.3109151983398455,1310.9151983398456,0.14478110628535615
/lustre/orion/lrn070/world-shared/mlupopa/RHEAs_HydraGNN/HydraGNN/examples/vasp_solid_solution_alloys/dataset/bcc_NbZr/Nb-Zr/Zr48Nb80/case-53,0.375,1.3152348656835944,1315.2348656835943,0.134129216076591
/lustre/orion/lrn070/world-shared/mlupopa/RHEAs_HydraGNN/HydraGNN/examples/vasp_solid_solution_alloys/dataset/bcc_NbZr/Nb-Zr/Zr48Nb80/case-54,0.375,1.3126041925585952,1312.604192558595,0.13758197041631887
/lustre/orion/lrn070/world-shared/mlupopa/RHEAs_HydraGNN/HydraGNN/examples/vasp_solid_solution_alloys/dataset/bcc_NbZr/Nb-Zr/Zr48Nb80/case-55,0.375,1.3101741677929706,1310.1741677929706,0.13588783730316675
/lustre/orion/lrn070/world-shared/mlupopa/RHEAs_HydraGNN/HydraGNN/examples/vasp_solid_solution_alloys/dataset/bcc_NbZr/Nb-Zr/Zr48Nb80/case-56,0.375,1.3116627167773451,1311.6627167773452,0.13780817390223937
/lustre/orion/lrn070/world-shared/mlupopa/RHEAs_HydraGNN/HydraGNN/examples/vasp_solid_solution_alloys/dataset/bcc_NbZr/Nb-Zr/Zr48Nb80/case-57,0.375,1.308320789121094,1308.3207891210939,0.1410115793367001
/lustre/orion/lrn070/world-shared/mlupopa/RHEAs_HydraGNN/HydraGNN/examples/vasp_solid_solution_alloys/dataset/bcc_NbZr/Nb-Zr/Zr48Nb80/case-58,0.375,1.310668443730469,1310.6684437304689,0.13314400933578582
/lustre/orion/lrn070/world-shared/mlupopa/RHEAs_HydraGNN/HydraGNN/examples/vasp_solid_solution_alloys/dataset/bcc_NbZr/Nb-Zr/Zr48Nb80/case-59,0.375,1.3096070971679694,1309.6070971679694,0.12916531796352484
/lustre/orion/lrn070/world-shared/mlupopa/RHEAs_HydraGNN/HydraGNN/examples/vasp_solid_solution_alloys/dataset/bcc_NbZr/Nb-Zr/Zr48Nb80/case-6,0.375,1.3123510244335943,1312.3510244335944,0.13289582493347837
/lustre/orion/lrn070/world-shared/mlupopa/RHEAs_HydraGNN/HydraGNN/examples/vasp_solid_solution_alloys/dataset/bcc_NbZr/Nb-Zr/Zr48Nb80/case-60,0.375,1.3106246313867196,1310.6246313867196,0.1431798589389325
/lustre/orion/lrn070/world-shared/mlupopa/RHEAs_HydraGNN/HydraGNN/examples/vasp_solid_solution_alloys/dataset/bcc_NbZr/Nb-Zr/Zr48Nb80/case-61,0.375,1.313544074746094,1313.544074746094,0.13363719967394957
/lustre/orion/lrn070/world-shared/mlupopa/RHEAs_HydraGNN/HydraGNN/examples/vasp_solid_solution_alloys/dataset/bcc_NbZr/Nb-Zr/Zr48Nb80/case-62,0.375,1.313062817089845,1313.062817089845,0.139751486552783
/lustre/orion/lrn070/world-shared/mlupopa/RHEAs_HydraGNN/HydraGNN/examples/vasp_solid_solution_alloys/dataset/bcc_NbZr/Nb-Zr/Zr48Nb80/case-63,0.375,1.3121366309179692,1312.1366309179691,0.1388381775188877
/lustre/orion/lrn070/world-shared/mlupopa/RHEAs_HydraGNN/HydraGNN/examples/vasp_solid_solution_alloys/dataset/bcc_NbZr/Nb-Zr/Zr48Nb80/case-64,0.375,1.3136057230273455,1313.6057230273454,0.1309582672811672
/lustre/orion/lrn070/world-shared/mlupopa/RHEAs_HydraGNN/HydraGNN/examples/vasp_solid_solution_alloys/dataset/bcc_NbZr/Nb-Zr/Zr48Nb80/case-65,0.375,1.3124638798242199,1312.46387982422,0.13943181094663049
/lustre/orion/lrn070/world-shared/mlupopa/RHEAs_HydraGNN/HydraGNN/examples/vasp_solid_solution_alloys/dataset/bcc_NbZr/Nb-Zr/Zr48Nb80/case-66,0.375,1.3116695509179692,1311.6695509179692,0.13549658274094975
/lustre/orion/lrn070/world-shared/mlupopa/RHEAs_HydraGNN/HydraGNN/examples/vasp_solid_solution_alloys/dataset/bcc_NbZr/Nb-Zr/Zr48Nb80/case-67,0.375,1.3170770485742196,1317.0770485742196,0.12618640553165
/lustre/orion/lrn070/world-shared/mlupopa/RHEAs_HydraGNN/HydraGNN/examples/vasp_solid_solution_alloys/dataset/bcc_NbZr/Nb-Zr/Zr48Nb80/case-68,0.375,1.3143691090429694,1314.3691090429695,0.13616847417551292
/lustre/orion/lrn070/world-shared/mlupopa/RHEAs_HydraGNN/HydraGNN/examples/vasp_solid_solution_alloys/dataset/bcc_NbZr/Nb-Zr/Zr48Nb80/case-69,0.375,1.311094751621095,1311.094751621095,0.1328415121705064
/lustre/orion/lrn070/world-shared/mlupopa/RHEAs_HydraGNN/HydraGNN/examples/vasp_solid_solution_alloys/dataset/bcc_NbZr/Nb-Zr/Zr48Nb80/case-7,0.375,1.31240785404297,1312.40785404297,0.1421724064652612
/lustre/orion/lrn070/world-shared/mlupopa/RHEAs_HydraGNN/HydraGNN/examples/vasp_solid_solution_alloys/dataset/bcc_NbZr/Nb-Zr/Zr48Nb80/case-70,0.375,1.3091795065429697,1309.1795065429696,0.14166554381824695
/lustre/orion/lrn070/world-shared/mlupopa/RHEAs_HydraGNN/HydraGNN/examples/vasp_solid_solution_alloys/dataset/bcc_NbZr/Nb-Zr/Zr48Nb80/case-71,0.375,1.3174423303710956,1317.4423303710955,0.12916830016325348
/lustre/orion/lrn070/world-shared/mlupopa/RHEAs_HydraGNN/HydraGNN/examples/vasp_solid_solution_alloys/dataset/bcc_NbZr/Nb-Zr/Zr48Nb80/case-72,0.375,1.311015898808595,1311.015898808595,0.13957656210974304
/lustre/orion/lrn070/world-shared/mlupopa/RHEAs_HydraGNN/HydraGNN/examples/vasp_solid_solution_alloys/dataset/bcc_NbZr/Nb-Zr/Zr48Nb80/case-73,0.375,1.3100523338867198,1310.05233388672,0.13973427847367384
/lustre/orion/lrn070/world-shared/mlupopa/RHEAs_HydraGNN/HydraGNN/examples/vasp_solid_solution_alloys/dataset/bcc_NbZr/Nb-Zr/Zr48Nb80/case-74,0.375,1.3122725431835942,1312.2725431835943,0.12851132794229606
/lustre/orion/lrn070/world-shared/mlupopa/RHEAs_HydraGNN/HydraGNN/examples/vasp_solid_solution_alloys/dataset/bcc_NbZr/Nb-Zr/Zr48Nb80/case-75,0.375,1.3096613191210942,1309.6613191210943,0.1454146580219851
/lustre/orion/lrn070/world-shared/mlupopa/RHEAs_HydraGNN/HydraGNN/examples/vasp_solid_solution_alloys/dataset/bcc_NbZr/Nb-Zr/Zr48Nb80/case-76,0.375,1.3072110091210956,1307.2110091210955,0.1459751362745822
/lustre/orion/lrn070/world-shared/mlupopa/RHEAs_HydraGNN/HydraGNN/examples/vasp_solid_solution_alloys/dataset/bcc_NbZr/Nb-Zr/Zr48Nb80/case-77,0.375,1.3099016071679692,1309.9016071679691,0.13187171448743107
/lustre/orion/lrn070/world-shared/mlupopa/RHEAs_HydraGNN/HydraGNN/examples/vasp_solid_solution_alloys/dataset/bcc_NbZr/Nb-Zr/Zr48Nb80/case-78,0.375,1.314356161074219,1314.356161074219,0.13716748056645872
/lustre/orion/lrn070/world-shared/mlupopa/RHEAs_HydraGNN/HydraGNN/examples/vasp_solid_solution_alloys/dataset/bcc_NbZr/Nb-Zr/Zr48Nb80/case-79,0.375,1.3179294334179694,1317.9294334179694,0.12238917353227396
/lustre/orion/lrn070/world-shared/mlupopa/RHEAs_HydraGNN/HydraGNN/examples/vasp_solid_solution_alloys/dataset/bcc_NbZr/Nb-Zr/Zr48Nb80/case-8,0.375,1.3084334628710952,1308.4334628710951,0.1410157837978528
/lustre/orion/lrn070/world-shared/mlupopa/RHEAs_HydraGNN/HydraGNN/examples/vasp_solid_solution_alloys/dataset/bcc_NbZr/Nb-Zr/Zr48Nb80/case-80,0.375,1.310729542714844,1310.729542714844,0.13642876322598282
/lustre/orion/lrn070/world-shared/mlupopa/RHEAs_HydraGNN/HydraGNN/examples/vasp_solid_solution_alloys/dataset/bcc_NbZr/Nb-Zr/Zr48Nb80/case-81,0.375,1.31330033060547,1313.30033060547,0.14311811134251387
/lustre/orion/lrn070/world-shared/mlupopa/RHEAs_HydraGNN/HydraGNN/examples/vasp_solid_solution_alloys/dataset/bcc_NbZr/Nb-Zr/Zr48Nb80/case-82,0.375,1.3123067824804693,1312.3067824804693,0.1412533352911457
/lustre/orion/lrn070/world-shared/mlupopa/RHEAs_HydraGNN/HydraGNN/examples/vasp_solid_solution_alloys/dataset/bcc_NbZr/Nb-Zr/Zr48Nb80/case-83,0.375,1.3150082106054697,1315.0082106054697,0.12505649889823328
/lustre/orion/lrn070/world-shared/mlupopa/RHEAs_HydraGNN/HydraGNN/examples/vasp_solid_solution_alloys/dataset/bcc_NbZr/Nb-Zr/Zr48Nb80/case-84,0.375,1.31178458419922,1311.78458419922,0.12972793817426484
/lustre/orion/lrn070/world-shared/mlupopa/RHEAs_HydraGNN/HydraGNN/examples/vasp_solid_solution_alloys/dataset/bcc_NbZr/Nb-Zr/Zr48Nb80/case-85,0.375,1.3104654402148448,1310.4654402148449,0.13629174321364002
/lustre/orion/lrn070/world-shared/mlupopa/RHEAs_HydraGNN/HydraGNN/examples/vasp_solid_solution_alloys/dataset/bcc_NbZr/Nb-Zr/Zr48Nb80/case-86,0.375,1.315915221308595,1315.915221308595,0.13045293965672752
/lustre/orion/lrn070/world-shared/mlupopa/RHEAs_HydraGNN/HydraGNN/examples/vasp_solid_solution_alloys/dataset/bcc_NbZr/Nb-Zr/Zr48Nb80/case-87,0.375,1.30862798701172,1308.6279870117198,0.1457808295139904
/lustre/orion/lrn070/world-shared/mlupopa/RHEAs_HydraGNN/HydraGNN/examples/vasp_solid_solution_alloys/dataset/bcc_NbZr/Nb-Zr/Zr48Nb80/case-88,0.375,1.3405815490429696,1340.5815490429695,0.10577464658025748
/lustre/orion/lrn070/world-shared/mlupopa/RHEAs_HydraGNN/HydraGNN/examples/vasp_solid_solution_alloys/dataset/bcc_NbZr/Nb-Zr/Zr48Nb80/case-89,0.375,1.3755687781835952,1375.5687781835952,0.011604880346848147
/lustre/orion/lrn070/world-shared/mlupopa/RHEAs_HydraGNN/HydraGNN/examples/vasp_solid_solution_alloys/dataset/bcc_NbZr/Nb-Zr/Zr48Nb80/case-9,0.375,1.3126177035742206,1312.6177035742205,0.13215088168247582
/lustre/orion/lrn070/world-shared/mlupopa/RHEAs_HydraGNN/HydraGNN/examples/vasp_solid_solution_alloys/dataset/bcc_NbZr/Nb-Zr/Zr48Nb80/case-90,0.375,1.3736640180273447,1373.6640180273448,0.009626458111538568
/lustre/orion/lrn070/world-shared/mlupopa/RHEAs_HydraGNN/HydraGNN/examples/vasp_solid_solution_alloys/dataset/bcc_NbZr/Nb-Zr/Zr48Nb80/case-91,0.375,1.3117269030273455,1311.7269030273455,0.13186057779450405
/lustre/orion/lrn070/world-shared/mlupopa/RHEAs_HydraGNN/HydraGNN/examples/vasp_solid_solution_alloys/dataset/bcc_NbZr/Nb-Zr/Zr48Nb80/case-92,0.375,1.3150047484179694,1315.0047484179695,0.13266913415596926
/lustre/orion/lrn070/world-shared/mlupopa/RHEAs_HydraGNN/HydraGNN/examples/vasp_solid_solution_alloys/dataset/bcc_NbZr/Nb-Zr/Zr48Nb80/case-93,0.375,1.3112120917773442,1311.2120917773443,0.13311663620969783
/lustre/orion/lrn070/world-shared/mlupopa/RHEAs_HydraGNN/HydraGNN/examples/vasp_solid_solution_alloys/dataset/bcc_NbZr/Nb-Zr/Zr48Nb80/case-94,0.375,1.3125208693554704,1312.5208693554705,0.13561979915241876
/lustre/orion/lrn070/world-shared/mlupopa/RHEAs_HydraGNN/HydraGNN/examples/vasp_solid_solution_alloys/dataset/bcc_NbZr/Nb-Zr/Zr48Nb80/case-95,0.375,1.3136879670117203,1313.6879670117203,0.13331138924931368
/lustre/orion/lrn070/world-shared/mlupopa/RHEAs_HydraGNN/HydraGNN/examples/vasp_solid_solution_alloys/dataset/bcc_NbZr/Nb-Zr/Zr48Nb80/case-96,0.375,1.3154985217773447,1315.4985217773446,0.14182767285345985
/lustre/orion/lrn070/world-shared/mlupopa/RHEAs_HydraGNN/HydraGNN/examples/vasp_solid_solution_alloys/dataset/bcc_NbZr/Nb-Zr/Zr48Nb80/case-97,0.375,1.3112525331835947,1311.2525331835948,0.13908914535467737
/lustre/orion/lrn070/world-shared/mlupopa/RHEAs_HydraGNN/HydraGNN/examples/vasp_solid_solution_alloys/dataset/bcc_NbZr/Nb-Zr/Zr48Nb80/case-98,0.375,1.3092293992773456,1309.2293992773457,0.1324831752255392
/lustre/orion/lrn070/world-shared/mlupopa/RHEAs_HydraGNN/HydraGNN/examples/vasp_solid_solution_alloys/dataset/bcc_NbZr/Nb-Zr/Zr48Nb80/case-99,0.375,1.308765778964844,1308.765778964844,0.13972650293715944
/lustre/orion/lrn070/world-shared/mlupopa/RHEAs_HydraGNN/HydraGNN/examples/vasp_solid_solution_alloys/dataset/bcc_NbZr/Nb-Zr/Zr4Nb124/case-1,0.03125,0.10755346869628823,107.55346869628823,0.028893613421618437
/lustre/orion/lrn070/world-shared/mlupopa/RHEAs_HydraGNN/HydraGNN/examples/vasp_solid_solution_alloys/dataset/bcc_NbZr/Nb-Zr/Zr4Nb124/case-10,0.03125,0.10733152885253894,107.33152885253894,0.031473498341202194
/lustre/orion/lrn070/world-shared/mlupopa/RHEAs_HydraGNN/HydraGNN/examples/vasp_solid_solution_alloys/dataset/bcc_NbZr/Nb-Zr/Zr4Nb124/case-100,0.03125,0.10700238736816381,107.00238736816381,0.03324667929462396
/lustre/orion/lrn070/world-shared/mlupopa/RHEAs_HydraGNN/HydraGNN/examples/vasp_solid_solution_alloys/dataset/bcc_NbZr/Nb-Zr/Zr4Nb124/case-11,0.03125,0.10736683260253876,107.36683260253876,0.03051451950758088
/lustre/orion/lrn070/world-shared/mlupopa/RHEAs_HydraGNN/HydraGNN/examples/vasp_solid_solution_alloys/dataset/bcc_NbZr/Nb-Zr/Zr4Nb124/case-12,0.03125,0.10748929018066278,107.48929018066278,0.02965481006246494
/lustre/orion/lrn070/world-shared/mlupopa/RHEAs_HydraGNN/HydraGNN/examples/vasp_solid_solution_alloys/dataset/bcc_NbZr/Nb-Zr/Zr4Nb124/case-13,0.03125,0.11192431736816388,111.92431736816388,0.03675482774339348
/lustre/orion/lrn070/world-shared/mlupopa/RHEAs_HydraGNN/HydraGNN/examples/vasp_solid_solution_alloys/dataset/bcc_NbZr/Nb-Zr/Zr4Nb124/case-14,0.03125,0.10683953322753936,106.83953322753936,0.03343763582357415
/lustre/orion/lrn070/world-shared/mlupopa/RHEAs_HydraGNN/HydraGNN/examples/vasp_solid_solution_alloys/dataset/bcc_NbZr/Nb-Zr/Zr4Nb124/case-15,0.03125,0.10719404463378801,107.19404463378801,0.03139768520830622
/lustre/orion/lrn070/world-shared/mlupopa/RHEAs_HydraGNN/HydraGNN/examples/vasp_solid_solution_alloys/dataset/bcc_NbZr/Nb-Zr/Zr4Nb124/case-16,0.03125,0.10751401869628907,107.51401869628907,0.030144952293655852
/lustre/orion/lrn070/world-shared/mlupopa/RHEAs_HydraGNN/HydraGNN/examples/vasp_solid_solution_alloys/dataset/bcc_NbZr/Nb-Zr/Zr4Nb124/case-17,0.03125,0.10698236416503804,106.98236416503804,0.03444959793950315
/lustre/orion/lrn070/world-shared/mlupopa/RHEAs_HydraGNN/HydraGNN/examples/vasp_solid_solution_alloys/dataset/bcc_NbZr/Nb-Zr/Zr4Nb124/case-18,0.03125,0.10727719064941432,107.27719064941432,0.029660735790470592
/lustre/orion/lrn070/world-shared/mlupopa/RHEAs_HydraGNN/HydraGNN/examples/vasp_solid_solution_alloys/dataset/bcc_NbZr/Nb-Zr/Zr4Nb124/case-19,0.03125,0.10762301869628921,107.62301869628921,0.029619529566644157
/lustre/orion/lrn070/world-shared/mlupopa/RHEAs_HydraGNN/HydraGNN/examples/vasp_solid_solution_alloys/dataset/bcc_NbZr/Nb-Zr/Zr4Nb124/case-2,0.03125,0.10674479393066427,106.74479393066427,0.036351186010286425
/lustre/orion/lrn070/world-shared/mlupopa/RHEAs_HydraGNN/HydraGNN/examples/vasp_solid_solution_alloys/dataset/bcc_NbZr/Nb-Zr/Zr4Nb124/case-20,0.03125,0.10729344127441287,107.29344127441287,0.03224133646923322
/lustre/orion/lrn070/world-shared/mlupopa/RHEAs_HydraGNN/HydraGNN/examples/vasp_solid_solution_alloys/dataset/bcc_NbZr/Nb-Zr/Zr4Nb124/case-21,0.03125,0.1072707071337895,107.2707071337895,0.030515182439071156
/lustre/orion/lrn070/world-shared/mlupopa/RHEAs_HydraGNN/HydraGNN/examples/vasp_solid_solution_alloys/dataset/bcc_NbZr/Nb-Zr/Zr4Nb124/case-22,0.03125,0.10776732275878942,107.76732275878942,0.02859644122577471
/lustre/orion/lrn070/world-shared/mlupopa/RHEAs_HydraGNN/HydraGNN/examples/vasp_solid_solution_alloys/dataset/bcc_NbZr/Nb-Zr/Zr4Nb124/case-23,0.03125,0.10696881424316373,106.96881424316373,0.032958517312500366
/lustre/orion/lrn070/world-shared/mlupopa/RHEAs_HydraGNN/HydraGNN/examples/vasp_solid_solution_alloys/dataset/bcc_NbZr/Nb-Zr/Zr4Nb124/case-24,0.03125,0.1072590658837882,107.2590658837882,0.032721751686782354
/lustre/orion/lrn070/world-shared/mlupopa/RHEAs_HydraGNN/HydraGNN/examples/vasp_solid_solution_alloys/dataset/bcc_NbZr/Nb-Zr/Zr4Nb124/case-25,0.03125,0.10743225807128809,107.43225807128809,0.03149641670121753
/lustre/orion/lrn070/world-shared/mlupopa/RHEAs_HydraGNN/HydraGNN/examples/vasp_solid_solution_alloys/dataset/bcc_NbZr/Nb-Zr/Zr4Nb124/case-26,0.03125,0.10687274705566274,106.87274705566274,0.03396874938829201
/lustre/orion/lrn070/world-shared/mlupopa/RHEAs_HydraGNN/HydraGNN/examples/vasp_solid_solution_alloys/dataset/bcc_NbZr/Nb-Zr/Zr4Nb124/case-27,0.03125,0.10769804182128873,107.69804182128873,0.03083004635776954
/lustre/orion/lrn070/world-shared/mlupopa/RHEAs_HydraGNN/HydraGNN/examples/vasp_solid_solution_alloys/dataset/bcc_NbZr/Nb-Zr/Zr4Nb124/case-28,0.03125,0.10730391471191325,107.30391471191325,0.03071150318477022
/lustre/orion/lrn070/world-shared/mlupopa/RHEAs_HydraGNN/HydraGNN/examples/vasp_solid_solution_alloys/dataset/bcc_NbZr/Nb-Zr/Zr4Nb124/case-29,0.03125,0.10703962611816387,107.03962611816387,0.03296626617250526
/lustre/orion/lrn070/world-shared/mlupopa/RHEAs_HydraGNN/HydraGNN/examples/vasp_solid_solution_alloys/dataset/bcc_NbZr/Nb-Zr/Zr4Nb124/case-3,0.03125,0.10714719229003933,107.14719229003933,0.03329603912335729
/lustre/orion/lrn070/world-shared/mlupopa/RHEAs_HydraGNN/HydraGNN/examples/vasp_solid_solution_alloys/dataset/bcc_NbZr/Nb-Zr/Zr4Nb124/case-30,0.03125,0.10738552346191277,107.38552346191277,0.030095082484611124
/lustre/orion/lrn070/world-shared/mlupopa/RHEAs_HydraGNN/HydraGNN/examples/vasp_solid_solution_alloys/dataset/bcc_NbZr/Nb-Zr/Zr4Nb124/case-31,0.03125,0.10752301158691324,107.52301158691324,0.02890494401340605
/lustre/orion/lrn070/world-shared/mlupopa/RHEAs_HydraGNN/HydraGNN/examples/vasp_solid_solution_alloys/dataset/bcc_NbZr/Nb-Zr/Zr4Nb124/case-32,0.03125,0.10729427932128921,107.29427932128921,0.029818104377944316
/lustre/orion/lrn070/world-shared/mlupopa/RHEAs_HydraGNN/HydraGNN/examples/vasp_solid_solution_alloys/dataset/bcc_NbZr/Nb-Zr/Zr4Nb124/case-33,0.03125,0.10737161900878789,107.37161900878789,0.028999211256804117
/lustre/orion/lrn070/world-shared/mlupopa/RHEAs_HydraGNN/HydraGNN/examples/vasp_solid_solution_alloys/dataset/bcc_NbZr/Nb-Zr/Zr4Nb124/case-34,0.03125,0.10642563275878913,106.42563275878913,0.03874498034674846
/lustre/orion/lrn070/world-shared/mlupopa/RHEAs_HydraGNN/HydraGNN/examples/vasp_solid_solution_alloys/dataset/bcc_NbZr/Nb-Zr/Zr4Nb124/case-35,0.03125,0.10748668877441325,107.48668877441325,0.029958366969380527
/lustre/orion/lrn070/world-shared/mlupopa/RHEAs_HydraGNN/HydraGNN/examples/vasp_solid_solution_alloys/dataset/bcc_NbZr/Nb-Zr/Zr4Nb124/case-36,0.03125,0.10706124111816351,107.06124111816351,0.033286428017514406
/lustre/orion/lrn070/world-shared/mlupopa/RHEAs_HydraGNN/HydraGNN/examples/vasp_solid_solution_alloys/dataset/bcc_NbZr/Nb-Zr/Zr4Nb124/case-37,0.03125,0.10776238619628842,107.76238619628842,0.028546103668541815
/lustre/orion/lrn070/world-shared/mlupopa/RHEAs_HydraGNN/HydraGNN/examples/vasp_solid_solution_alloys/dataset/bcc_NbZr/Nb-Zr/Zr4Nb124/case-38,0.03125,0.10699567033691437,106.99567033691437,0.03339683862439201
/lustre/orion/lrn070/world-shared/mlupopa/RHEAs_HydraGNN/HydraGNN/examples/vasp_solid_solution_alloys/dataset/bcc_NbZr/Nb-Zr/Zr4Nb124/case-39,0.03125,0.10722444119628882,107.22444119628882,0.030702786027282027
/lustre/orion/lrn070/world-shared/mlupopa/RHEAs_HydraGNN/HydraGNN/examples/vasp_solid_solution_alloys/dataset/bcc_NbZr/Nb-Zr/Zr4Nb124/case-4,0.03125,0.10769343072753834,107.69343072753834,0.029011198309249944
/lustre/orion/lrn070/world-shared/mlupopa/RHEAs_HydraGNN/HydraGNN/examples/vasp_solid_solution_alloys/dataset/bcc_NbZr/Nb-Zr/Zr4Nb124/case-40,0.03125,0.1072870880712884,107.2870880712884,0.029475630910085163
/lustre/orion/lrn070/world-shared/mlupopa/RHEAs_HydraGNN/HydraGNN/examples/vasp_solid_solution_alloys/dataset/bcc_NbZr/Nb-Zr/Zr4Nb124/case-41,0.03125,0.1074649318212888,107.4649318212888,0.030893398586655407
/lustre/orion/lrn070/world-shared/mlupopa/RHEAs_HydraGNN/HydraGNN/examples/vasp_solid_solution_alloys/dataset/bcc_NbZr/Nb-Zr/Zr4Nb124/case-42,0.03125,0.10690149854003828,106.90149854003828,0.033785040621740314
/lustre/orion/lrn070/world-shared/mlupopa/RHEAs_HydraGNN/HydraGNN/examples/vasp_solid_solution_alloys/dataset/bcc_NbZr/Nb-Zr/Zr4Nb124/case-43,0.03125,0.10716233260253816,107.16233260253816,0.03343373442079327
/lustre/orion/lrn070/world-shared/mlupopa/RHEAs_HydraGNN/HydraGNN/examples/vasp_solid_solution_alloys/dataset/bcc_NbZr/Nb-Zr/Zr4Nb124/case-44,0.03125,0.10741266846191344,107.41266846191344,0.031498800026274636
/lustre/orion/lrn070/world-shared/mlupopa/RHEAs_HydraGNN/HydraGNN/examples/vasp_solid_solution_alloys/dataset/bcc_NbZr/Nb-Zr/Zr4Nb124/case-45,0.03125,0.10763841377441352,107.63841377441352,0.028307214185166962
/lustre/orion/lrn070/world-shared/mlupopa/RHEAs_HydraGNN/HydraGNN/examples/vasp_solid_solution_alloys/dataset/bcc_NbZr/Nb-Zr/Zr4Nb124/case-46,0.03125,0.10736798799316283,107.36798799316283,0.03426693857026708
/lustre/orion/lrn070/world-shared/mlupopa/RHEAs_HydraGNN/HydraGNN/examples/vasp_solid_solution_alloys/dataset/bcc_NbZr/Nb-Zr/Zr4Nb124/case-47,0.03125,0.1069855240869142,106.9855240869142,0.03189479677196415
/lustre/orion/lrn070/world-shared/mlupopa/RHEAs_HydraGNN/HydraGNN/examples/vasp_solid_solution_alloys/dataset/bcc_NbZr/Nb-Zr/Zr4Nb124/case-48,0.03125,0.10725987174316387,107.25987174316387,0.030989249231000087
/lustre/orion/lrn070/world-shared/mlupopa/RHEAs_HydraGNN/HydraGNN/examples/vasp_solid_solution_alloys/dataset/bcc_NbZr/Nb-Zr/Zr4Nb124/case-49,0.03125,0.10725180002441448,107.25180002441448,0.03130454743427632
/lustre/orion/lrn070/world-shared/mlupopa/RHEAs_HydraGNN/HydraGNN/examples/vasp_solid_solution_alloys/dataset/bcc_NbZr/Nb-Zr/Zr4Nb124/case-5,0.03125,0.10717359869628851,107.17359869628851,0.03227184802079699
/lustre/orion/lrn070/world-shared/mlupopa/RHEAs_HydraGNN/HydraGNN/examples/vasp_solid_solution_alloys/dataset/bcc_NbZr/Nb-Zr/Zr4Nb124/case-50,0.03125,0.10676562947753787,106.76562947753787,0.035365459375537096
/lustre/orion/lrn070/world-shared/mlupopa/RHEAs_HydraGNN/HydraGNN/examples/vasp_solid_solution_alloys/dataset/bcc_NbZr/Nb-Zr/Zr4Nb124/case-51,0.03125,0.10696019729003936,106.96019729003936,0.0358561795841305
/lustre/orion/lrn070/world-shared/mlupopa/RHEAs_HydraGNN/HydraGNN/examples/vasp_solid_solution_alloys/dataset/bcc_NbZr/Nb-Zr/Zr4Nb124/case-52,0.03125,0.10725788580566409,107.25788580566409,0.03080392193119218
/lustre/orion/lrn070/world-shared/mlupopa/RHEAs_HydraGNN/HydraGNN/examples/vasp_solid_solution_alloys/dataset/bcc_NbZr/Nb-Zr/Zr4Nb124/case-53,0.03125,0.10698747689941435,106.98747689941435,0.03409889121599911
/lustre/orion/lrn070/world-shared/mlupopa/RHEAs_HydraGNN/HydraGNN/examples/vasp_solid_solution_alloys/dataset/bcc_NbZr/Nb-Zr/Zr4Nb124/case-54,0.03125,0.10752249721191376,107.52249721191376,0.029283249129403645
/lustre/orion/lrn070/world-shared/mlupopa/RHEAs_HydraGNN/HydraGNN/examples/vasp_solid_solution_alloys/dataset/bcc_NbZr/Nb-Zr/Zr4Nb124/case-55,0.03125,0.1075445803369135,107.5445803369135,0.02848719575767338
/lustre/orion/lrn070/world-shared/mlupopa/RHEAs_HydraGNN/HydraGNN/examples/vasp_solid_solution_alloys/dataset/bcc_NbZr/Nb-Zr/Zr4Nb124/case-56,0.03125,0.10754893682128852,107.54893682128852,0.030206410769255773
/lustre/orion/lrn070/world-shared/mlupopa/RHEAs_HydraGNN/HydraGNN/examples/vasp_solid_solution_alloys/dataset/bcc_NbZr/Nb-Zr/Zr4Nb124/case-57,0.03125,0.10734123846191324,107.34123846191324,0.030499502462472225
/lustre/orion/lrn070/world-shared/mlupopa/RHEAs_HydraGNN/HydraGNN/examples/vasp_solid_solution_alloys/dataset/bcc_NbZr/Nb-Zr/Zr4Nb124/case-58,0.03125,0.10705391635253925,107.05391635253925,0.03415703876353779
/lustre/orion/lrn070/world-shared/mlupopa/RHEAs_HydraGNN/HydraGNN/examples/vasp_solid_solution_alloys/dataset/bcc_NbZr/Nb-Zr/Zr4Nb124/case-59,0.03125,0.10702137275878876,107.02137275878876,0.03268852249662964
/lustre/orion/lrn070/world-shared/mlupopa/RHEAs_HydraGNN/HydraGNN/examples/vasp_solid_solution_alloys/dataset/bcc_NbZr/Nb-Zr/Zr4Nb124/case-6,0.03125,0.10743244994628931,107.43244994628931,0.029726697396590614
/lustre/orion/lrn070/world-shared/mlupopa/RHEAs_HydraGNN/HydraGNN/examples/vasp_solid_solution_alloys/dataset/bcc_NbZr/Nb-Zr/Zr4Nb124/case-60,0.03125,0.10747887799316302,107.47887799316302,0.031231950245184218
/lustre/orion/lrn070/world-shared/mlupopa/RHEAs_HydraGNN/HydraGNN/examples/vasp_solid_solution_alloys/dataset/bcc_NbZr/Nb-Zr/Zr4Nb124/case-61,0.03125,0.10741854182128918,107.41854182128918,0.029698244154481815
/lustre/orion/lrn070/world-shared/mlupopa/RHEAs_HydraGNN/HydraGNN/examples/vasp_solid_solution_alloys/dataset/bcc_NbZr/Nb-Zr/Zr4Nb124/case-62,0.03125,0.1072932702587881,107.2932702587881,0.03171202055613448
/lustre/orion/lrn070/world-shared/mlupopa/RHEAs_HydraGNN/HydraGNN/examples/vasp_solid_solution_alloys/dataset/bcc_NbZr/Nb-Zr/Zr4Nb124/case-63,0.03125,0.10673078721191409,106.73078721191409,0.03529672397722455
/lustre/orion/lrn070/world-shared/mlupopa/RHEAs_HydraGNN/HydraGNN/examples/vasp_solid_solution_alloys/dataset/bcc_NbZr/Nb-Zr/Zr4Nb124/case-64,0.03125,0.10699056721191447,106.99056721191447,0.03487527796891494
/lustre/orion/lrn070/world-shared/mlupopa/RHEAs_HydraGNN/HydraGNN/examples/vasp_solid_solution_alloys/dataset/bcc_NbZr/Nb-Zr/Zr4Nb124/case-65,0.03125,0.10723259361816417,107.23259361816417,0.03102628199619197
/lustre/orion/lrn070/world-shared/mlupopa/RHEAs_HydraGNN/HydraGNN/examples/vasp_solid_solution_alloys/dataset/bcc_NbZr/Nb-Zr/Zr4Nb124/case-66,0.03125,0.10749019158691375,107.49019158691375,0.030799776745150054
/lustre/orion/lrn070/world-shared/mlupopa/RHEAs_HydraGNN/HydraGNN/examples/vasp_solid_solution_alloys/dataset/bcc_NbZr/Nb-Zr/Zr4Nb124/case-67,0.03125,0.107571041040039,107.571041040039,0.0292478401526465
/lustre/orion/lrn070/world-shared/mlupopa/RHEAs_HydraGNN/HydraGNN/examples/vasp_solid_solution_alloys/dataset/bcc_NbZr/Nb-Zr/Zr4Nb124/case-68,0.03125,0.107187490493164,107.187490493164,0.03292548133691577
/lustre/orion/lrn070/world-shared/mlupopa/RHEAs_HydraGNN/HydraGNN/examples/vasp_solid_solution_alloys/dataset/bcc_NbZr/Nb-Zr/Zr4Nb124/case-69,0.03125,0.10729413869628779,107.29413869628779,0.030097619070002617
/lustre/orion/lrn070/world-shared/mlupopa/RHEAs_HydraGNN/HydraGNN/examples/vasp_solid_solution_alloys/dataset/bcc_NbZr/Nb-Zr/Zr4Nb124/case-7,0.03125,0.10763555768066446,107.63555768066446,0.028369154741541783
/lustre/orion/lrn070/world-shared/mlupopa/RHEAs_HydraGNN/HydraGNN/examples/vasp_solid_solution_alloys/dataset/bcc_NbZr/Nb-Zr/Zr4Nb124/case-70,0.03125,0.10707235479003785,107.07235479003785,0.03642357292523579
/lustre/orion/lrn070/world-shared/mlupopa/RHEAs_HydraGNN/HydraGNN/examples/vasp_solid_solution_alloys/dataset/bcc_NbZr/Nb-Zr/Zr4Nb124/case-71,0.03125,0.10723159158691331,107.23159158691331,0.032460679596644094
/lustre/orion/lrn070/world-shared/mlupopa/RHEAs_HydraGNN/HydraGNN/examples/vasp_solid_solution_alloys/dataset/bcc_NbZr/Nb-Zr/Zr4Nb124/case-72,0.03125,0.10718451885253799,107.18451885253799,0.030342654812374144
/lustre/orion/lrn070/world-shared/mlupopa/RHEAs_HydraGNN/HydraGNN/examples/vasp_solid_solution_alloys/dataset/bcc_NbZr/Nb-Zr/Zr4Nb124/case-73,0.03125,0.1136781107275393,113.6781107275393,0.030083107403655433
/lustre/orion/lrn070/world-shared/mlupopa/RHEAs_HydraGNN/HydraGNN/examples/vasp_solid_solution_alloys/dataset/bcc_NbZr/Nb-Zr/Zr4Nb124/case-74,0.03125,0.10695774674316283,106.95774674316283,0.03474818319201687
/lustre/orion/lrn070/world-shared/mlupopa/RHEAs_HydraGNN/HydraGNN/examples/vasp_solid_solution_alloys/dataset/bcc_NbZr/Nb-Zr/Zr4Nb124/case-75,0.03125,0.10740831314941346,107.40831314941346,0.030372575926834258
/lustre/orion/lrn070/world-shared/mlupopa/RHEAs_HydraGNN/HydraGNN/examples/vasp_solid_solution_alloys/dataset/bcc_NbZr/Nb-Zr/Zr4Nb124/case-76,0.03125,0.10740910119628921,107.40910119628921,0.030694075147083846
/lustre/orion/lrn070/world-shared/mlupopa/RHEAs_HydraGNN/HydraGNN/examples/vasp_solid_solution_alloys/dataset/bcc_NbZr/Nb-Zr/Zr4Nb124/case-77,0.03125,0.1074860027587885,107.4860027587885,0.030483904980400225
/lustre/orion/lrn070/world-shared/mlupopa/RHEAs_HydraGNN/HydraGNN/examples/vasp_solid_solution_alloys/dataset/bcc_NbZr/Nb-Zr/Zr4Nb124/case-78,0.03125,0.10693160830566306,106.93160830566306,0.034384661223723634
/lustre/orion/lrn070/world-shared/mlupopa/RHEAs_HydraGNN/HydraGNN/examples/vasp_solid_solution_alloys/dataset/bcc_NbZr/Nb-Zr/Zr4Nb124/case-79,0.03125,0.10715957604003812,107.15957604003812,0.03169575008922589
/lustre/orion/lrn070/world-shared/mlupopa/RHEAs_HydraGNN/HydraGNN/examples/vasp_solid_solution_alloys/dataset/bcc_NbZr/Nb-Zr/Zr4Nb124/case-8,0.03125,0.10696316713378806,106.96316713378806,0.03434542984556306
/lustre/orion/lrn070/world-shared/mlupopa/RHEAs_HydraGNN/HydraGNN/examples/vasp_solid_solution_alloys/dataset/bcc_NbZr/Nb-Zr/Zr4Nb124/case-80,0.03125,0.1072369693994144,107.2369693994144,0.031158488090345157
/lustre/orion/lrn070/world-shared/mlupopa/RHEAs_HydraGNN/HydraGNN/examples/vasp_solid_solution_alloys/dataset/bcc_NbZr/Nb-Zr/Zr4Nb124/case-81,0.03125,0.10749668877441287,107.49668877441287,0.030927213965253244
/lustre/orion/lrn070/world-shared/mlupopa/RHEAs_HydraGNN/HydraGNN/examples/vasp_solid_solution_alloys/dataset/bcc_NbZr/Nb-Zr/Zr4Nb124/case-82,0.03125,0.10732229822753858,107.32229822753858,0.03130990338478567
/lustre/orion/lrn070/world-shared/mlupopa/RHEAs_HydraGNN/HydraGNN/examples/vasp_solid_solution_alloys/dataset/bcc_NbZr/Nb-Zr/Zr4Nb124/case-83,0.03125,0.10707744869628932,107.07744869628932,0.030166077303199625
/lustre/orion/lrn070/world-shared/mlupopa/RHEAs_HydraGNN/HydraGNN/examples/vasp_solid_solution_alloys/dataset/bcc_NbZr/Nb-Zr/Zr4Nb124/case-84,0.03125,0.10722276268066366,107.22276268066366,0.032186134327292094
/lustre/orion/lrn070/world-shared/mlupopa/RHEAs_HydraGNN/HydraGNN/examples/vasp_solid_solution_alloys/dataset/bcc_NbZr/Nb-Zr/Zr4Nb124/case-85,0.03125,0.11290579385253885,112.90579385253885,0.034627042305195484
/lustre/orion/lrn070/world-shared/mlupopa/RHEAs_HydraGNN/HydraGNN/examples/vasp_solid_solution_alloys/dataset/bcc_NbZr/Nb-Zr/Zr4Nb124/case-86,0.03125,0.10695232471191396,106.95232471191396,0.03277870130704115
/lustre/orion/lrn070/world-shared/mlupopa/RHEAs_HydraGNN/HydraGNN/examples/vasp_solid_solution_alloys/dataset/bcc_NbZr/Nb-Zr/Zr4Nb124/case-87,0.03125,0.10726424666503931,107.26424666503931,0.03189181918492047
/lustre/orion/lrn070/world-shared/mlupopa/RHEAs_HydraGNN/HydraGNN/examples/vasp_solid_solution_alloys/dataset/bcc_NbZr/Nb-Zr/Zr4Nb124/case-88,0.03125,0.10748921604003847,107.48921604003847,0.030072254210646954
/lustre/orion/lrn070/world-shared/mlupopa/RHEAs_HydraGNN/HydraGNN/examples/vasp_solid_solution_alloys/dataset/bcc_NbZr/Nb-Zr/Zr4Nb124/case-89,0.03125,0.10748607244628872,107.48607244628872,0.031689701562267185
/lustre/orion/lrn070/world-shared/mlupopa/RHEAs_HydraGNN/HydraGNN/examples/vasp_solid_solution_alloys/dataset/bcc_NbZr/Nb-Zr/Zr4Nb124/case-9,0.03125,0.10769855900878866,107.69855900878866,0.029245860507112042
/lustre/orion/lrn070/world-shared/mlupopa/RHEAs_HydraGNN/HydraGNN/examples/vasp_solid_solution_alloys/dataset/bcc_NbZr/Nb-Zr/Zr4Nb124/case-90,0.03125,0.10749695041503848,107.49695041503848,0.029668323542312906
/lustre/orion/lrn070/world-shared/mlupopa/RHEAs_HydraGNN/HydraGNN/examples/vasp_solid_solution_alloys/dataset/bcc_NbZr/Nb-Zr/Zr4Nb124/case-91,0.03125,0.10739973627441302,107.39973627441302,0.029866782019161656
/lustre/orion/lrn070/world-shared/mlupopa/RHEAs_HydraGNN/HydraGNN/examples/vasp_solid_solution_alloys/dataset/bcc_NbZr/Nb-Zr/Zr4Nb124/case-92,0.03125,0.10723758635253944,107.23758635253944,0.029973672899897434
/lustre/orion/lrn070/world-shared/mlupopa/RHEAs_HydraGNN/HydraGNN/examples/vasp_solid_solution_alloys/dataset/bcc_NbZr/Nb-Zr/Zr4Nb124/case-93,0.03125,0.10736764541503874,107.36764541503874,0.030436256873322992
/lustre/orion/lrn070/world-shared/mlupopa/RHEAs_HydraGNN/HydraGNN/examples/vasp_solid_solution_alloys/dataset/bcc_NbZr/Nb-Zr/Zr4Nb124/case-94,0.03125,0.1073640933056641,107.3640933056641,0.02988481658574338
/lustre/orion/lrn070/world-shared/mlupopa/RHEAs_HydraGNN/HydraGNN/examples/vasp_solid_solution_alloys/dataset/bcc_NbZr/Nb-Zr/Zr4Nb124/case-95,0.03125,0.10745995916503936,107.45995916503936,0.02821234705253623
/lustre/orion/lrn070/world-shared/mlupopa/RHEAs_HydraGNN/HydraGNN/examples/vasp_solid_solution_alloys/dataset/bcc_NbZr/Nb-Zr/Zr4Nb124/case-96,0.03125,0.10732717393066338,107.32717393066338,0.030988131100519737
/lustre/orion/lrn070/world-shared/mlupopa/RHEAs_HydraGNN/HydraGNN/examples/vasp_solid_solution_alloys/dataset/bcc_NbZr/Nb-Zr/Zr4Nb124/case-97,0.03125,0.10709652799316416,107.09652799316416,0.030895715885753756
/lustre/orion/lrn070/world-shared/mlupopa/RHEAs_HydraGNN/HydraGNN/examples/vasp_solid_solution_alloys/dataset/bcc_NbZr/Nb-Zr/Zr4Nb124/case-98,0.03125,0.10680271041503886,106.80271041503886,0.03486170609476452
/lustre/orion/lrn070/world-shared/mlupopa/RHEAs_HydraGNN/HydraGNN/examples/vasp_solid_solution_alloys/dataset/bcc_NbZr/Nb-Zr/Zr4Nb124/case-99,0.03125,0.10726450244628793,107.26450244628793,0.030016164335895063
/lustre/orion/lrn070/world-shared/mlupopa/RHEAs_HydraGNN/HydraGNN/examples/vasp_solid_solution_alloys/dataset/bcc_NbZr/Nb-Zr/Zr52Nb76/case-1,0.40625,1.4160318529736333,1416.0318529736332,0.14579116264778644
/lustre/orion/lrn070/world-shared/mlupopa/RHEAs_HydraGNN/HydraGNN/examples/vasp_solid_solution_alloys/dataset/bcc_NbZr/Nb-Zr/Zr52Nb76/case-10,0.40625,1.4182071168798824,1418.2071168798825,0.14143941670375315
/lustre/orion/lrn070/world-shared/mlupopa/RHEAs_HydraGNN/HydraGNN/examples/vasp_solid_solution_alloys/dataset/bcc_NbZr/Nb-Zr/Zr52Nb76/case-100,0.40625,1.4183370764892587,1418.3370764892586,0.14315217155271534
/lustre/orion/lrn070/world-shared/mlupopa/RHEAs_HydraGNN/HydraGNN/examples/vasp_solid_solution_alloys/dataset/bcc_NbZr/Nb-Zr/Zr52Nb76/case-11,0.40625,1.4148954642236333,1414.8954642236333,0.1449138383446184
/lustre/orion/lrn070/world-shared/mlupopa/RHEAs_HydraGNN/HydraGNN/examples/vasp_solid_solution_alloys/dataset/bcc_NbZr/Nb-Zr/Zr52Nb76/case-12,0.40625,1.4180726409423823,1418.0726409423823,0.1378813280414519
/lustre/orion/lrn070/world-shared/mlupopa/RHEAs_HydraGNN/HydraGNN/examples/vasp_solid_solution_alloys/dataset/bcc_NbZr/Nb-Zr/Zr52Nb76/case-13,0.40625,1.4176865909423828,1417.6865909423827,0.13476483547856988
/lustre/orion/lrn070/world-shared/mlupopa/RHEAs_HydraGNN/HydraGNN/examples/vasp_solid_solution_alloys/dataset/bcc_NbZr/Nb-Zr/Zr52Nb76/case-14,0.40625,1.420653780551758,1420.653780551758,0.1359519882493982
/lustre/orion/lrn070/world-shared/mlupopa/RHEAs_HydraGNN/HydraGNN/examples/vasp_solid_solution_alloys/dataset/bcc_NbZr/Nb-Zr/Zr52Nb76/case-15,0.40625,1.4168913903955076,1416.8913903955076,0.1483977760612911
/lustre/orion/lrn070/world-shared/mlupopa/RHEAs_HydraGNN/HydraGNN/examples/vasp_solid_solution_alloys/dataset/bcc_NbZr/Nb-Zr/Zr52Nb76/case-16,0.40625,1.4192361953955075,1419.2361953955076,0.13319361943813773
/lustre/orion/lrn070/world-shared/mlupopa/RHEAs_HydraGNN/HydraGNN/examples/vasp_solid_solution_alloys/dataset/bcc_NbZr/Nb-Zr/Zr52Nb76/case-17,0.40625,1.4192371296923838,1419.2371296923839,0.13582596365009914
/lustre/orion/lrn070/world-shared/mlupopa/RHEAs_HydraGNN/HydraGNN/examples/vasp_solid_solution_alloys/dataset/bcc_NbZr/Nb-Zr/Zr52Nb76/case-18,0.40625,1.4154855743017585,1415.4855743017586,0.13887716623099608
/lustre/orion/lrn070/world-shared/mlupopa/RHEAs_HydraGNN/HydraGNN/examples/vasp_solid_solution_alloys/dataset/bcc_NbZr/Nb-Zr/Zr52Nb76/case-19,0.40625,1.4204636727392579,1420.4636727392578,0.13306618687025382
/lustre/orion/lrn070/world-shared/mlupopa/RHEAs_HydraGNN/HydraGNN/examples/vasp_solid_solution_alloys/dataset/bcc_NbZr/Nb-Zr/Zr52Nb76/case-2,0.40625,1.4144645243017582,1414.4645243017583,0.14633421195082072
/lustre/orion/lrn070/world-shared/mlupopa/RHEAs_HydraGNN/HydraGNN/examples/vasp_solid_solution_alloys/dataset/bcc_NbZr/Nb-Zr/Zr52Nb76/case-20,0.40625,1.4180339058642577,1418.0339058642578,0.1342681538081784
/lustre/orion/lrn070/world-shared/mlupopa/RHEAs_HydraGNN/HydraGNN/examples/vasp_solid_solution_alloys/dataset/bcc_NbZr/Nb-Zr/Zr52Nb76/case-3,0.40625,1.4133260353173824,1413.3260353173823,0.14713687947305476
/lustre/orion/lrn070/world-shared/mlupopa/RHEAs_HydraGNN/HydraGNN/examples/vasp_solid_solution_alloys/dataset/bcc_NbZr/Nb-Zr/Zr52Nb76/case-4,0.40625,1.4143475528955083,1414.3475528955082,0.14822812338682256
/lustre/orion/lrn070/world-shared/mlupopa/RHEAs_HydraGNN/HydraGNN/examples/vasp_solid_solution_alloys/dataset/bcc_NbZr/Nb-Zr/Zr52Nb76/case-41,0.40625,1.4152646117236323,1415.2646117236322,0.1473684630550139
/lustre/orion/lrn070/world-shared/mlupopa/RHEAs_HydraGNN/HydraGNN/examples/vasp_solid_solution_alloys/dataset/bcc_NbZr/Nb-Zr/Zr52Nb76/case-42,0.40625,1.417180651254883,1417.180651254883,0.15327501442223135
/lustre/orion/lrn070/world-shared/mlupopa/RHEAs_HydraGNN/HydraGNN/examples/vasp_solid_solution_alloys/dataset/bcc_NbZr/Nb-Zr/Zr52Nb76/case-43,0.40625,1.4191512298486337,1419.1512298486336,0.1316048117223155
/lustre/orion/lrn070/world-shared/mlupopa/RHEAs_HydraGNN/HydraGNN/examples/vasp_solid_solution_alloys/dataset/bcc_NbZr/Nb-Zr/Zr52Nb76/case-44,0.40625,1.414080345551758,1414.080345551758,0.14850739741943594
/lustre/orion/lrn070/world-shared/mlupopa/RHEAs_HydraGNN/HydraGNN/examples/vasp_solid_solution_alloys/dataset/bcc_NbZr/Nb-Zr/Zr52Nb76/case-45,0.40625,1.4166893400048828,1416.6893400048828,0.14352335105932887
/lustre/orion/lrn070/world-shared/mlupopa/RHEAs_HydraGNN/HydraGNN/examples/vasp_solid_solution_alloys/dataset/bcc_NbZr/Nb-Zr/Zr52Nb76/case-46,0.40625,1.4199490632861327,1419.9490632861327,0.12972983497732987
/lustre/orion/lrn070/world-shared/mlupopa/RHEAs_HydraGNN/HydraGNN/examples/vasp_solid_solution_alloys/dataset/bcc_NbZr/Nb-Zr/Zr52Nb76/case-47,0.40625,1.4173803100048836,1417.3803100048835,0.14816965025063367
/lustre/orion/lrn070/world-shared/mlupopa/RHEAs_HydraGNN/HydraGNN/examples/vasp_solid_solution_alloys/dataset/bcc_NbZr/Nb-Zr/Zr52Nb76/case-48,0.40625,1.415326019379883,1415.3260193798828,0.13891329204357458
/lustre/orion/lrn070/world-shared/mlupopa/RHEAs_HydraGNN/HydraGNN/examples/vasp_solid_solution_alloys/dataset/bcc_NbZr/Nb-Zr/Zr52Nb76/case-49,0.40625,1.4150528345361337,1415.0528345361338,0.14710278416882155
/lustre/orion/lrn070/world-shared/mlupopa/RHEAs_HydraGNN/HydraGNN/examples/vasp_solid_solution_alloys/dataset/bcc_NbZr/Nb-Zr/Zr52Nb76/case-5,0.40625,1.4184338489892578,1418.4338489892577,0.139052651063424
/lustre/orion/lrn070/world-shared/mlupopa/RHEAs_HydraGNN/HydraGNN/examples/vasp_solid_solution_alloys/dataset/bcc_NbZr/Nb-Zr/Zr52Nb76/case-50,0.40625,1.4178527560986325,1417.8527560986324,0.14584370275586075
/lustre/orion/lrn070/world-shared/mlupopa/RHEAs_HydraGNN/HydraGNN/examples/vasp_solid_solution_alloys/dataset/bcc_NbZr/Nb-Zr/Zr52Nb76/case-51,0.40625,1.416568568676757,1416.568568676757,0.14316635461693086
/lustre/orion/lrn070/world-shared/mlupopa/RHEAs_HydraGNN/HydraGNN/examples/vasp_solid_solution_alloys/dataset/bcc_NbZr/Nb-Zr/Zr52Nb76/case-52,0.40625,1.4202159402392578,1420.2159402392579,0.13758211879301357
/lustre/orion/lrn070/world-shared/mlupopa/RHEAs_HydraGNN/HydraGNN/examples/vasp_solid_solution_alloys/dataset/bcc_NbZr/Nb-Zr/Zr52Nb76/case-53,0.40625,1.4150619710986323,1415.0619710986323,0.1449080842423529
/lustre/orion/lrn070/world-shared/mlupopa/RHEAs_HydraGNN/HydraGNN/examples/vasp_solid_solution_alloys/dataset/bcc_NbZr/Nb-Zr/Zr52Nb76/case-54,0.40625,1.4179022963330077,1417.9022963330076,0.1377273026400807
/lustre/orion/lrn070/world-shared/mlupopa/RHEAs_HydraGNN/HydraGNN/examples/vasp_solid_solution_alloys/dataset/bcc_NbZr/Nb-Zr/Zr52Nb76/case-55,0.40625,1.417212426098633,1417.212426098633,0.1432071863777769
/lustre/orion/lrn070/world-shared/mlupopa/RHEAs_HydraGNN/HydraGNN/examples/vasp_solid_solution_alloys/dataset/bcc_NbZr/Nb-Zr/Zr52Nb76/case-56,0.40625,1.4226258097705085,1422.6258097705086,0.13133255034559546
/lustre/orion/lrn070/world-shared/mlupopa/RHEAs_HydraGNN/HydraGNN/examples/vasp_solid_solution_alloys/dataset/bcc_NbZr/Nb-Zr/Zr52Nb76/case-57,0.40625,1.4183375219580086,1418.3375219580084,0.1277930419850776
/lustre/orion/lrn070/world-shared/mlupopa/RHEAs_HydraGNN/HydraGNN/examples/vasp_solid_solution_alloys/dataset/bcc_NbZr/Nb-Zr/Zr52Nb76/case-58,0.40625,1.4136347099267574,1413.6347099267575,0.1544356111783242
/lustre/orion/lrn070/world-shared/mlupopa/RHEAs_HydraGNN/HydraGNN/examples/vasp_solid_solution_alloys/dataset/bcc_NbZr/Nb-Zr/Zr52Nb76/case-59,0.40625,1.4235325746142582,1423.5325746142582,0.1376051415615401
/lustre/orion/lrn070/world-shared/mlupopa/RHEAs_HydraGNN/HydraGNN/examples/vasp_solid_solution_alloys/dataset/bcc_NbZr/Nb-Zr/Zr52Nb76/case-6,0.40625,1.4168096513330077,1416.8096513330077,0.1486838217934433
/lustre/orion/lrn070/world-shared/mlupopa/RHEAs_HydraGNN/HydraGNN/examples/vasp_solid_solution_alloys/dataset/bcc_NbZr/Nb-Zr/Zr52Nb76/case-60,0.40625,1.419560547661133,1419.5605476611331,0.13172016683908727
/lustre/orion/lrn070/world-shared/mlupopa/RHEAs_HydraGNN/HydraGNN/examples/vasp_solid_solution_alloys/dataset/bcc_NbZr/Nb-Zr/Zr52Nb76/case-61,0.40625,1.4137963364892574,1413.7963364892573,0.15753027999352892
/lustre/orion/lrn070/world-shared/mlupopa/RHEAs_HydraGNN/HydraGNN/examples/vasp_solid_solution_alloys/dataset/bcc_NbZr/Nb-Zr/Zr52Nb76/case-62,0.40625,1.4206541289892574,1420.6541289892573,0.13910348813434512
/lustre/orion/lrn070/world-shared/mlupopa/RHEAs_HydraGNN/HydraGNN/examples/vasp_solid_solution_alloys/dataset/bcc_NbZr/Nb-Zr/Zr52Nb76/case-63,0.40625,1.4231325514892585,1423.1325514892585,0.12841710061672826
/lustre/orion/lrn070/world-shared/mlupopa/RHEAs_HydraGNN/HydraGNN/examples/vasp_solid_solution_alloys/dataset/bcc_NbZr/Nb-Zr/Zr52Nb76/case-64,0.40625,1.4171095874267579,1417.1095874267578,0.14304186460409524
/lustre/orion/lrn070/world-shared/mlupopa/RHEAs_HydraGNN/HydraGNN/examples/vasp_solid_solution_alloys/dataset/bcc_NbZr/Nb-Zr/Zr52Nb76/case-65,0.40625,1.4164280495361332,1416.4280495361331,0.14583862917263687
/lustre/orion/lrn070/world-shared/mlupopa/RHEAs_HydraGNN/HydraGNN/examples/vasp_solid_solution_alloys/dataset/bcc_NbZr/Nb-Zr/Zr52Nb76/case-66,0.40625,1.4150766432861328,1415.0766432861328,0.14545550010938316
/lustre/orion/lrn070/world-shared/mlupopa/RHEAs_HydraGNN/HydraGNN/examples/vasp_solid_solution_alloys/dataset/bcc_NbZr/Nb-Zr/Zr52Nb76/case-67,0.40625,1.4154230845361333,1415.4230845361333,0.14577117546861734
/lustre/orion/lrn070/world-shared/mlupopa/RHEAs_HydraGNN/HydraGNN/examples/vasp_solid_solution_alloys/dataset/bcc_NbZr/Nb-Zr/Zr52Nb76/case-68,0.40625,1.4179749848486338,1417.9749848486338,0.13716423416187656
/lustre/orion/lrn070/world-shared/mlupopa/RHEAs_HydraGNN/HydraGNN/examples/vasp_solid_solution_alloys/dataset/bcc_NbZr/Nb-Zr/Zr52Nb76/case-69,0.40625,1.4212632896142576,1421.2632896142577,0.13075858202731444
/lustre/orion/lrn070/world-shared/mlupopa/RHEAs_HydraGNN/HydraGNN/examples/vasp_solid_solution_alloys/dataset/bcc_NbZr/Nb-Zr/Zr52Nb76/case-7,0.40625,1.4164852925048823,1416.4852925048824,0.1420424171727844
/lustre/orion/lrn070/world-shared/mlupopa/RHEAs_HydraGNN/HydraGNN/examples/vasp_solid_solution_alloys/dataset/bcc_NbZr/Nb-Zr/Zr52Nb76/case-70,0.40625,1.4175205418798829,1417.5205418798828,0.14170826551386415
/lustre/orion/lrn070/world-shared/mlupopa/RHEAs_HydraGNN/HydraGNN/examples/vasp_solid_solution_alloys/dataset/bcc_NbZr/Nb-Zr/Zr52Nb76/case-71,0.40625,1.418853992426758,1418.853992426758,0.13720033855050556
/lustre/orion/lrn070/world-shared/mlupopa/RHEAs_HydraGNN/HydraGNN/examples/vasp_solid_solution_alloys/dataset/bcc_NbZr/Nb-Zr/Zr52Nb76/case-72,0.40625,1.4171729704736329,1417.1729704736329,0.14065544543029904
/lustre/orion/lrn070/world-shared/mlupopa/RHEAs_HydraGNN/HydraGNN/examples/vasp_solid_solution_alloys/dataset/bcc_NbZr/Nb-Zr/Zr52Nb76/case-73,0.40625,1.4185379353955074,1418.5379353955075,0.1378146025263745
/lustre/orion/lrn070/world-shared/mlupopa/RHEAs_HydraGNN/HydraGNN/examples/vasp_solid_solution_alloys/dataset/bcc_NbZr/Nb-Zr/Zr52Nb76/case-74,0.40625,1.4185526082080084,1418.5526082080085,0.14538996211409508
/lustre/orion/lrn070/world-shared/mlupopa/RHEAs_HydraGNN/HydraGNN/examples/vasp_solid_solution_alloys/dataset/bcc_NbZr/Nb-Zr/Zr52Nb76/case-75,0.40625,1.4205349185986336,1420.5349185986336,0.14225838543170355
/lustre/orion/lrn070/world-shared/mlupopa/RHEAs_HydraGNN/HydraGNN/examples/vasp_solid_solution_alloys/dataset/bcc_NbZr/Nb-Zr/Zr52Nb76/case-76,0.40625,1.415328668520507,1415.328668520507,0.14626734654470083
/lustre/orion/lrn070/world-shared/mlupopa/RHEAs_HydraGNN/HydraGNN/examples/vasp_solid_solution_alloys/dataset/bcc_NbZr/Nb-Zr/Zr52Nb76/case-77,0.40625,1.4136896621923825,1413.6896621923825,0.14823035446093516
/lustre/orion/lrn070/world-shared/mlupopa/RHEAs_HydraGNN/HydraGNN/examples/vasp_solid_solution_alloys/dataset/bcc_NbZr/Nb-Zr/Zr52Nb76/case-78,0.40625,1.4192362737548834,1419.2362737548833,0.1411217584607336
/lustre/orion/lrn070/world-shared/mlupopa/RHEAs_HydraGNN/HydraGNN/examples/vasp_solid_solution_alloys/dataset/bcc_NbZr/Nb-Zr/Zr52Nb76/case-79,0.40625,1.4179952821142585,1417.9952821142585,0.1384008966616621
/lustre/orion/lrn070/world-shared/mlupopa/RHEAs_HydraGNN/HydraGNN/examples/vasp_solid_solution_alloys/dataset/bcc_NbZr/Nb-Zr/Zr52Nb76/case-8,0.40625,1.4219191371142585,1421.9191371142585,0.12927629909746963
/lustre/orion/lrn070/world-shared/mlupopa/RHEAs_HydraGNN/HydraGNN/examples/vasp_solid_solution_alloys/dataset/bcc_NbZr/Nb-Zr/Zr52Nb76/case-80,0.40625,1.4208262309423834,1420.8262309423833,0.14274459853018037
/lustre/orion/lrn070/world-shared/mlupopa/RHEAs_HydraGNN/HydraGNN/examples/vasp_solid_solution_alloys/dataset/bcc_NbZr/Nb-Zr/Zr52Nb76/case-81,0.40625,1.4169910237548837,1416.9910237548838,0.1437960442042288
/lustre/orion/lrn070/world-shared/mlupopa/RHEAs_HydraGNN/HydraGNN/examples/vasp_solid_solution_alloys/dataset/bcc_NbZr/Nb-Zr/Zr52Nb76/case-82,0.40625,1.4190870482080076,1419.0870482080077,0.13855397273619208
/lustre/orion/lrn070/world-shared/mlupopa/RHEAs_HydraGNN/HydraGNN/examples/vasp_solid_solution_alloys/dataset/bcc_NbZr/Nb-Zr/Zr52Nb76/case-83,0.40625,1.4143215578955086,1414.3215578955087,0.14086159066336137
/lustre/orion/lrn070/world-shared/mlupopa/RHEAs_HydraGNN/HydraGNN/examples/vasp_solid_solution_alloys/dataset/bcc_NbZr/Nb-Zr/Zr52Nb76/case-84,0.40625,1.4188519137548834,1418.8519137548833,0.13801752315688584
/lustre/orion/lrn070/world-shared/mlupopa/RHEAs_HydraGNN/HydraGNN/examples/vasp_solid_solution_alloys/dataset/bcc_NbZr/Nb-Zr/Zr52Nb76/case-85,0.40625,1.4168763111767575,1416.8763111767576,0.1336576348885385
/lustre/orion/lrn070/world-shared/mlupopa/RHEAs_HydraGNN/HydraGNN/examples/vasp_solid_solution_alloys/dataset/bcc_NbZr/Nb-Zr/Zr52Nb76/case-86,0.40625,1.416288056098633,1416.288056098633,0.14494094370852054
/lustre/orion/lrn070/world-shared/mlupopa/RHEAs_HydraGNN/HydraGNN/examples/vasp_solid_solution_alloys/dataset/bcc_NbZr/Nb-Zr/Zr52Nb76/case-87,0.40625,1.4178487023486337,1417.8487023486337,0.14048773654151533
/lustre/orion/lrn070/world-shared/mlupopa/RHEAs_HydraGNN/HydraGNN/examples/vasp_solid_solution_alloys/dataset/bcc_NbZr/Nb-Zr/Zr52Nb76/case-88,0.40625,1.4149126194580077,1414.9126194580076,0.14314874202023478
/lustre/orion/lrn070/world-shared/mlupopa/RHEAs_HydraGNN/HydraGNN/examples/vasp_solid_solution_alloys/dataset/bcc_NbZr/Nb-Zr/Zr52Nb76/case-89,0.40625,1.4174743702392583,1417.4743702392582,0.14325000135182434
/lustre/orion/lrn070/world-shared/mlupopa/RHEAs_HydraGNN/HydraGNN/examples/vasp_solid_solution_alloys/dataset/bcc_NbZr/Nb-Zr/Zr52Nb76/case-9,0.40625,1.4187294378173831,1418.729437817383,0.13712357945127543
/lustre/orion/lrn070/world-shared/mlupopa/RHEAs_HydraGNN/HydraGNN/examples/vasp_solid_solution_alloys/dataset/bcc_NbZr/Nb-Zr/Zr52Nb76/case-90,0.40625,1.417716412426758,1417.716412426758,0.14400376623510355
/lustre/orion/lrn070/world-shared/mlupopa/RHEAs_HydraGNN/HydraGNN/examples/vasp_solid_solution_alloys/dataset/bcc_NbZr/Nb-Zr/Zr52Nb76/case-91,0.40625,1.4213057004736331,1421.3057004736331,0.13975892064672552
/lustre/orion/lrn070/world-shared/mlupopa/RHEAs_HydraGNN/HydraGNN/examples/vasp_solid_solution_alloys/dataset/bcc_NbZr/Nb-Zr/Zr52Nb76/case-92,0.40625,1.416552409145508,1416.552409145508,0.14439677902665635
/lustre/orion/lrn070/world-shared/mlupopa/RHEAs_HydraGNN/HydraGNN/examples/vasp_solid_solution_alloys/dataset/bcc_NbZr/Nb-Zr/Zr52Nb76/case-93,0.40625,1.4208767195361336,1420.8767195361336,0.14585262762304702
/lustre/orion/lrn070/world-shared/mlupopa/RHEAs_HydraGNN/HydraGNN/examples/vasp_solid_solution_alloys/dataset/bcc_NbZr/Nb-Zr/Zr52Nb76/case-94,0.40625,1.413605646411133,1413.605646411133,0.15246501193780498
/lustre/orion/lrn070/world-shared/mlupopa/RHEAs_HydraGNN/HydraGNN/examples/vasp_solid_solution_alloys/dataset/bcc_NbZr/Nb-Zr/Zr52Nb76/case-95,0.40625,1.416352606723633,1416.352606723633,0.14025392026965355
/lustre/orion/lrn070/world-shared/mlupopa/RHEAs_HydraGNN/HydraGNN/examples/vasp_solid_solution_alloys/dataset/bcc_NbZr/Nb-Zr/Zr52Nb76/case-96,0.40625,1.4172450561767587,1417.2450561767587,0.14077837250870046
/lustre/orion/lrn070/world-shared/mlupopa/RHEAs_HydraGNN/HydraGNN/examples/vasp_solid_solution_alloys/dataset/bcc_NbZr/Nb-Zr/Zr52Nb76/case-97,0.40625,1.4165669841455077,1416.5669841455078,0.1454179913160815
/lustre/orion/lrn070/world-shared/mlupopa/RHEAs_HydraGNN/HydraGNN/examples/vasp_solid_solution_alloys/dataset/bcc_NbZr/Nb-Zr/Zr52Nb76/case-98,0.40625,1.4189776318798835,1418.9776318798836,0.14195379225281302
/lustre/orion/lrn070/world-shared/mlupopa/RHEAs_HydraGNN/HydraGNN/examples/vasp_solid_solution_alloys/dataset/bcc_NbZr/Nb-Zr/Zr52Nb76/case-99,0.40625,1.4156034449267576,1415.6034449267577,0.13689980277192748
/lustre/orion/lrn070/world-shared/mlupopa/RHEAs_HydraGNN/HydraGNN/examples/vasp_solid_solution_alloys/dataset/bcc_NbZr/Nb-Zr/Zr56Nb72/case-1,0.4375,1.5276548261230456,1527.6548261230455,0.14818832015551597
/lustre/orion/lrn070/world-shared/mlupopa/RHEAs_HydraGNN/HydraGNN/examples/vasp_solid_solution_alloys/dataset/bcc_NbZr/Nb-Zr/Zr56Nb72/case-10,0.4375,1.5301637656542955,1530.1637656542955,0.13709409845697423
/lustre/orion/lrn070/world-shared/mlupopa/RHEAs_HydraGNN/HydraGNN/examples/vasp_solid_solution_alloys/dataset/bcc_NbZr/Nb-Zr/Zr56Nb72/case-100,0.4375,1.5236320930761718,1523.6320930761717,0.14391155012894866
/lustre/orion/lrn070/world-shared/mlupopa/RHEAs_HydraGNN/HydraGNN/examples/vasp_solid_solution_alloys/dataset/bcc_NbZr/Nb-Zr/Zr56Nb72/case-11,0.4375,1.5259003712792953,1525.9003712792953,0.14510210747457195
/lustre/orion/lrn070/world-shared/mlupopa/RHEAs_HydraGNN/HydraGNN/examples/vasp_solid_solution_alloys/dataset/bcc_NbZr/Nb-Zr/Zr56Nb72/case-12,0.4375,1.5279882233886717,1527.9882233886717,0.13334942356226903
/lustre/orion/lrn070/world-shared/mlupopa/RHEAs_HydraGNN/HydraGNN/examples/vasp_solid_solution_alloys/dataset/bcc_NbZr/Nb-Zr/Zr56Nb72/case-13,0.4375,1.5245557304980455,1524.5557304980455,0.14292306874120295
/lustre/orion/lrn070/world-shared/mlupopa/RHEAs_HydraGNN/HydraGNN/examples/vasp_solid_solution_alloys/dataset/bcc_NbZr/Nb-Zr/Zr56Nb72/case-14,0.4375,1.5207794931542953,1520.7794931542953,0.14452839905411774
/lustre/orion/lrn070/world-shared/mlupopa/RHEAs_HydraGNN/HydraGNN/examples/vasp_solid_solution_alloys/dataset/bcc_NbZr/Nb-Zr/Zr56Nb72/case-15,0.4375,1.5218044994824211,1521.804499482421,0.15141489350901158
/lustre/orion/lrn070/world-shared/mlupopa/RHEAs_HydraGNN/HydraGNN/examples/vasp_solid_solution_alloys/dataset/bcc_NbZr/Nb-Zr/Zr56Nb72/case-16,0.4375,1.525067398154297,1525.067398154297,0.13445905662231922
/lustre/orion/lrn070/world-shared/mlupopa/RHEAs_HydraGNN/HydraGNN/examples/vasp_solid_solution_alloys/dataset/bcc_NbZr/Nb-Zr/Zr56Nb72/case-17,0.4375,1.5229823954199215,1522.9823954199214,0.14787597318017504
/lustre/orion/lrn070/world-shared/mlupopa/RHEAs_HydraGNN/HydraGNN/examples/vasp_solid_solution_alloys/dataset/bcc_NbZr/Nb-Zr/Zr56Nb72/case-18,0.4375,1.519544964873047,1519.544964873047,0.1564840528845079
/lustre/orion/lrn070/world-shared/mlupopa/RHEAs_HydraGNN/HydraGNN/examples/vasp_solid_solution_alloys/dataset/bcc_NbZr/Nb-Zr/Zr56Nb72/case-19,0.4375,1.5215289727636705,1521.5289727636705,0.15512145868811777
/lustre/orion/lrn070/world-shared/mlupopa/RHEAs_HydraGNN/HydraGNN/examples/vasp_solid_solution_alloys/dataset/bcc_NbZr/Nb-Zr/Zr56Nb72/case-2,0.4375,1.521649339638671,1521.6493396386709,0.1481357993117524
/lustre/orion/lrn070/world-shared/mlupopa/RHEAs_HydraGNN/HydraGNN/examples/vasp_solid_solution_alloys/dataset/bcc_NbZr/Nb-Zr/Zr56Nb72/case-20,0.4375,1.519651578701172,1519.651578701172,0.156573251076817
/lustre/orion/lrn070/world-shared/mlupopa/RHEAs_HydraGNN/HydraGNN/examples/vasp_solid_solution_alloys/dataset/bcc_NbZr/Nb-Zr/Zr56Nb72/case-3,0.4375,1.526865506669921,1526.8655066699212,0.13894856234930505
/lustre/orion/lrn070/world-shared/mlupopa/RHEAs_HydraGNN/HydraGNN/examples/vasp_solid_solution_alloys/dataset/bcc_NbZr/Nb-Zr/Zr56Nb72/case-4,0.4375,1.5220689426855465,1522.0689426855465,0.15056551064219192
/lustre/orion/lrn070/world-shared/mlupopa/RHEAs_HydraGNN/HydraGNN/examples/vasp_solid_solution_alloys/dataset/bcc_NbZr/Nb-Zr/Zr56Nb72/case-41,0.4375,1.5215791457324208,1521.5791457324208,0.1473133656766513
/lustre/orion/lrn070/world-shared/mlupopa/RHEAs_HydraGNN/HydraGNN/examples/vasp_solid_solution_alloys/dataset/bcc_NbZr/Nb-Zr/Zr56Nb72/case-42,0.4375,1.523756548388672,1523.756548388672,0.14533615117750184
/lustre/orion/lrn070/world-shared/mlupopa/RHEAs_HydraGNN/HydraGNN/examples/vasp_solid_solution_alloys/dataset/bcc_NbZr/Nb-Zr/Zr56Nb72/case-43,0.4375,1.5228180279980457,1522.8180279980456,0.14666932751364595
/lustre/orion/lrn070/world-shared/mlupopa/RHEAs_HydraGNN/HydraGNN/examples/vasp_solid_solution_alloys/dataset/bcc_NbZr/Nb-Zr/Zr56Nb72/case-44,0.4375,1.5248545704199206,1524.8545704199205,0.13744629035002606
/lustre/orion/lrn070/world-shared/mlupopa/RHEAs_HydraGNN/HydraGNN/examples/vasp_solid_solution_alloys/dataset/bcc_NbZr/Nb-Zr/Zr56Nb72/case-45,0.4375,1.5207242103417968,1520.7242103417968,0.15217579845890955
/lustre/orion/lrn070/world-shared/mlupopa/RHEAs_HydraGNN/HydraGNN/examples/vasp_solid_solution_alloys/dataset/bcc_NbZr/Nb-Zr/Zr56Nb72/case-46,0.4375,1.5200283250292959,1520.028325029296,0.1520363580069941
/lustre/orion/lrn070/world-shared/mlupopa/RHEAs_HydraGNN/HydraGNN/examples/vasp_solid_solution_alloys/dataset/bcc_NbZr/Nb-Zr/Zr56Nb72/case-47,0.4375,1.5231134033105462,1523.1134033105463,0.1417049358727296
/lustre/orion/lrn070/world-shared/mlupopa/RHEAs_HydraGNN/HydraGNN/examples/vasp_solid_solution_alloys/dataset/bcc_NbZr/Nb-Zr/Zr56Nb72/case-48,0.4375,1.5214360265136708,1521.4360265136709,0.1521185560530072
/lustre/orion/lrn070/world-shared/mlupopa/RHEAs_HydraGNN/HydraGNN/examples/vasp_solid_solution_alloys/dataset/bcc_NbZr/Nb-Zr/Zr56Nb72/case-49,0.4375,1.5216846844824214,1521.6846844824215,0.14422936795731153
/lustre/orion/lrn070/world-shared/mlupopa/RHEAs_HydraGNN/HydraGNN/examples/vasp_solid_solution_alloys/dataset/bcc_NbZr/Nb-Zr/Zr56Nb72/case-5,0.4375,1.5218828037792953,1521.8828037792953,0.14944563287486376
/lustre/orion/lrn070/world-shared/mlupopa/RHEAs_HydraGNN/HydraGNN/examples/vasp_solid_solution_alloys/dataset/bcc_NbZr/Nb-Zr/Zr56Nb72/case-50,0.4375,1.5222035986230456,1522.2035986230455,0.1588357716519405
/lustre/orion/lrn070/world-shared/mlupopa/RHEAs_HydraGNN/HydraGNN/examples/vasp_solid_solution_alloys/dataset/bcc_NbZr/Nb-Zr/Zr56Nb72/case-51,0.4375,1.5235026190136711,1523.5026190136712,0.1428546574326528
/lustre/orion/lrn070/world-shared/mlupopa/RHEAs_HydraGNN/HydraGNN/examples/vasp_solid_solution_alloys/dataset/bcc_NbZr/Nb-Zr/Zr56Nb72/case-52,0.4375,1.5200161755761705,1520.0161755761706,0.1562748025027224
/lustre/orion/lrn070/world-shared/mlupopa/RHEAs_HydraGNN/HydraGNN/examples/vasp_solid_solution_alloys/dataset/bcc_NbZr/Nb-Zr/Zr56Nb72/case-53,0.4375,1.522571848857421,1522.571848857421,0.1504470185864367
/lustre/orion/lrn070/world-shared/mlupopa/RHEAs_HydraGNN/HydraGNN/examples/vasp_solid_solution_alloys/dataset/bcc_NbZr/Nb-Zr/Zr56Nb72/case-54,0.4375,1.526063719716797,1526.063719716797,0.1472568413039879
/lustre/orion/lrn070/world-shared/mlupopa/RHEAs_HydraGNN/HydraGNN/examples/vasp_solid_solution_alloys/dataset/bcc_NbZr/Nb-Zr/Zr56Nb72/case-55,0.4375,1.5249160258886718,1524.9160258886718,0.14928572741915014
/lustre/orion/lrn070/world-shared/mlupopa/RHEAs_HydraGNN/HydraGNN/examples/vasp_solid_solution_alloys/dataset/bcc_NbZr/Nb-Zr/Zr56Nb72/case-56,0.4375,1.5289333276074206,1528.9333276074206,0.1381263118409528
/lustre/orion/lrn070/world-shared/mlupopa/RHEAs_HydraGNN/HydraGNN/examples/vasp_solid_solution_alloys/dataset/bcc_NbZr/Nb-Zr/Zr56Nb72/case-57,0.4375,1.522114221904296,1522.114221904296,0.1471310651178803
/lustre/orion/lrn070/world-shared/mlupopa/RHEAs_HydraGNN/HydraGNN/examples/vasp_solid_solution_alloys/dataset/bcc_NbZr/Nb-Zr/Zr56Nb72/case-58,0.4375,1.5264536704199205,1526.4536704199206,0.14170568641593126
/lustre/orion/lrn070/world-shared/mlupopa/RHEAs_HydraGNN/HydraGNN/examples/vasp_solid_solution_alloys/dataset/bcc_NbZr/Nb-Zr/Zr56Nb72/case-59,0.4375,1.5301677495605457,1530.1677495605456,0.13418137749816966
/lustre/orion/lrn070/world-shared/mlupopa/RHEAs_HydraGNN/HydraGNN/examples/vasp_solid_solution_alloys/dataset/bcc_NbZr/Nb-Zr/Zr56Nb72/case-6,0.4375,1.5222691122167955,1522.2691122167955,0.1500923001082822
/lustre/orion/lrn070/world-shared/mlupopa/RHEAs_HydraGNN/HydraGNN/examples/vasp_solid_solution_alloys/dataset/bcc_NbZr/Nb-Zr/Zr56Nb72/case-60,0.4375,1.522706350498046,1522.706350498046,0.14315584680009188
/lustre/orion/lrn070/world-shared/mlupopa/RHEAs_HydraGNN/HydraGNN/examples/vasp_solid_solution_alloys/dataset/bcc_NbZr/Nb-Zr/Zr56Nb72/case-61,0.4375,1.5219312829980467,1521.9312829980468,0.14306935474757643
/lustre/orion/lrn070/world-shared/mlupopa/RHEAs_HydraGNN/HydraGNN/examples/vasp_solid_solution_alloys/dataset/bcc_NbZr/Nb-Zr/Zr56Nb72/case-62,0.4375,1.5251092312792967,1525.1092312792966,0.13733050359286358
/lustre/orion/lrn070/world-shared/mlupopa/RHEAs_HydraGNN/HydraGNN/examples/vasp_solid_solution_alloys/dataset/bcc_NbZr/Nb-Zr/Zr56Nb72/case-63,0.4375,1.5251689818261713,1525.1689818261714,0.1403924509081209
/lustre/orion/lrn070/world-shared/mlupopa/RHEAs_HydraGNN/HydraGNN/examples/vasp_solid_solution_alloys/dataset/bcc_NbZr/Nb-Zr/Zr56Nb72/case-64,0.4375,1.5275747123730454,1527.5747123730455,0.1421190202497307
/lustre/orion/lrn070/world-shared/mlupopa/RHEAs_HydraGNN/HydraGNN/examples/vasp_solid_solution_alloys/dataset/bcc_NbZr/Nb-Zr/Zr56Nb72/case-65,0.4375,1.5231877365136715,1523.1877365136716,0.14652287812422415
/lustre/orion/lrn070/world-shared/mlupopa/RHEAs_HydraGNN/HydraGNN/examples/vasp_solid_solution_alloys/dataset/bcc_NbZr/Nb-Zr/Zr56Nb72/case-66,0.4375,1.523782994951171,1523.782994951171,0.14190690390252025
/lustre/orion/lrn070/world-shared/mlupopa/RHEAs_HydraGNN/HydraGNN/examples/vasp_solid_solution_alloys/dataset/bcc_NbZr/Nb-Zr/Zr56Nb72/case-67,0.4375,1.5209643983105465,1520.9643983105466,0.1591981753275837
/lustre/orion/lrn070/world-shared/mlupopa/RHEAs_HydraGNN/HydraGNN/examples/vasp_solid_solution_alloys/dataset/bcc_NbZr/Nb-Zr/Zr56Nb72/case-68,0.4375,1.5193237423730466,1519.3237423730466,0.15546966565495446
/lustre/orion/lrn070/world-shared/mlupopa/RHEAs_HydraGNN/HydraGNN/examples/vasp_solid_solution_alloys/dataset/bcc_NbZr/Nb-Zr/Zr56Nb72/case-69,0.4375,1.5244438309667956,1524.4438309667955,0.14448480610888817
/lustre/orion/lrn070/world-shared/mlupopa/RHEAs_HydraGNN/HydraGNN/examples/vasp_solid_solution_alloys/dataset/bcc_NbZr/Nb-Zr/Zr56Nb72/case-7,0.4375,1.5215372954199218,1521.5372954199217,0.1464135705537831
/lustre/orion/lrn070/world-shared/mlupopa/RHEAs_HydraGNN/HydraGNN/examples/vasp_solid_solution_alloys/dataset/bcc_NbZr/Nb-Zr/Zr56Nb72/case-70,0.4375,1.5218889118261707,1521.8889118261707,0.14939535321968256
/lustre/orion/lrn070/world-shared/mlupopa/RHEAs_HydraGNN/HydraGNN/examples/vasp_solid_solution_alloys/dataset/bcc_NbZr/Nb-Zr/Zr56Nb72/case-71,0.4375,1.5200337775292958,1520.0337775292958,0.14890255416929304
/lustre/orion/lrn070/world-shared/mlupopa/RHEAs_HydraGNN/HydraGNN/examples/vasp_solid_solution_alloys/dataset/bcc_NbZr/Nb-Zr/Zr56Nb72/case-72,0.4375,1.5284558611230459,1528.455861123046,0.14661794253877045
/lustre/orion/lrn070/world-shared/mlupopa/RHEAs_HydraGNN/HydraGNN/examples/vasp_solid_solution_alloys/dataset/bcc_NbZr/Nb-Zr/Zr56Nb72/case-73,0.4375,1.524085495966796,1524.085495966796,0.14561444837223117
/lustre/orion/lrn070/world-shared/mlupopa/RHEAs_HydraGNN/HydraGNN/examples/vasp_solid_solution_alloys/dataset/bcc_NbZr/Nb-Zr/Zr56Nb72/case-74,0.4375,1.5266684206542962,1526.6684206542961,0.13927447956827854
/lustre/orion/lrn070/world-shared/mlupopa/RHEAs_HydraGNN/HydraGNN/examples/vasp_solid_solution_alloys/dataset/bcc_NbZr/Nb-Zr/Zr56Nb72/case-75,0.4375,1.5278723787011703,1527.8723787011704,0.14581064596562046
/lustre/orion/lrn070/world-shared/mlupopa/RHEAs_HydraGNN/HydraGNN/examples/vasp_solid_solution_alloys/dataset/bcc_NbZr/Nb-Zr/Zr56Nb72/case-76,0.4375,1.5210137914355464,1521.0137914355464,0.15020124659692663
/lustre/orion/lrn070/world-shared/mlupopa/RHEAs_HydraGNN/HydraGNN/examples/vasp_solid_solution_alloys/dataset/bcc_NbZr/Nb-Zr/Zr56Nb72/case-77,0.4375,1.5248784831542963,1524.8784831542962,0.1464942532988933
/lustre/orion/lrn070/world-shared/mlupopa/RHEAs_HydraGNN/HydraGNN/examples/vasp_solid_solution_alloys/dataset/bcc_NbZr/Nb-Zr/Zr56Nb72/case-78,0.4375,1.5175999775292954,1517.5999775292955,0.1635766755670157
/lustre/orion/lrn070/world-shared/mlupopa/RHEAs_HydraGNN/HydraGNN/examples/vasp_solid_solution_alloys/dataset/bcc_NbZr/Nb-Zr/Zr56Nb72/case-79,0.4375,1.520043089638671,1520.043089638671,0.14988684581114117
/lustre/orion/lrn070/world-shared/mlupopa/RHEAs_HydraGNN/HydraGNN/examples/vasp_solid_solution_alloys/dataset/bcc_NbZr/Nb-Zr/Zr56Nb72/case-8,0.4375,1.5264296521386704,1526.4296521386705,0.1406987564164889
/lustre/orion/lrn070/world-shared/mlupopa/RHEAs_HydraGNN/HydraGNN/examples/vasp_solid_solution_alloys/dataset/bcc_NbZr/Nb-Zr/Zr56Nb72/case-80,0.4375,1.5185493157324217,1518.5493157324217,0.15455717006675687
/lustre/orion/lrn070/world-shared/mlupopa/RHEAs_HydraGNN/HydraGNN/examples/vasp_solid_solution_alloys/dataset/bcc_NbZr/Nb-Zr/Zr56Nb72/case-81,0.4375,1.5208367475292963,1520.8367475292964,0.15258263596115437
/lustre/orion/lrn070/world-shared/mlupopa/RHEAs_HydraGNN/HydraGNN/examples/vasp_solid_solution_alloys/dataset/bcc_NbZr/Nb-Zr/Zr56Nb72/case-82,0.4375,1.519540927451171,1519.540927451171,0.14918627856042294
/lustre/orion/lrn070/world-shared/mlupopa/RHEAs_HydraGNN/HydraGNN/examples/vasp_solid_solution_alloys/dataset/bcc_NbZr/Nb-Zr/Zr56Nb72/case-83,0.4375,1.5221927638574204,1522.1927638574205,0.15090678591186446
/lustre/orion/lrn070/world-shared/mlupopa/RHEAs_HydraGNN/HydraGNN/examples/vasp_solid_solution_alloys/dataset/bcc_NbZr/Nb-Zr/Zr56Nb72/case-84,0.4375,1.5235237281542968,1523.5237281542968,0.14377337119440897
/lustre/orion/lrn070/world-shared/mlupopa/RHEAs_HydraGNN/HydraGNN/examples/vasp_solid_solution_alloys/dataset/bcc_NbZr/Nb-Zr/Zr56Nb72/case-85,0.4375,1.5229377679199203,1522.9377679199204,0.14713066128681337
/lustre/orion/lrn070/world-shared/mlupopa/RHEAs_HydraGNN/HydraGNN/examples/vasp_solid_solution_alloys/dataset/bcc_NbZr/Nb-Zr/Zr56Nb72/case-86,0.4375,1.5267040864355454,1526.7040864355454,0.1409116683900707
/lustre/orion/lrn070/world-shared/mlupopa/RHEAs_HydraGNN/HydraGNN/examples/vasp_solid_solution_alloys/dataset/bcc_NbZr/Nb-Zr/Zr56Nb72/case-87,0.4375,1.5183968119824218,1518.396811982422,0.16262330832765834
/lustre/orion/lrn070/world-shared/mlupopa/RHEAs_HydraGNN/HydraGNN/examples/vasp_solid_solution_alloys/dataset/bcc_NbZr/Nb-Zr/Zr56Nb72/case-88,0.4375,1.5227681124511712,1522.7681124511712,0.14992583865955306
/lustre/orion/lrn070/world-shared/mlupopa/RHEAs_HydraGNN/HydraGNN/examples/vasp_solid_solution_alloys/dataset/bcc_NbZr/Nb-Zr/Zr56Nb72/case-89,0.4375,1.5265907339355458,1526.5907339355458,0.1376498327263932
/lustre/orion/lrn070/world-shared/mlupopa/RHEAs_HydraGNN/HydraGNN/examples/vasp_solid_solution_alloys/dataset/bcc_NbZr/Nb-Zr/Zr56Nb72/case-9,0.4375,1.519813887138671,1519.8138871386711,0.15131994361842707
/lustre/orion/lrn070/world-shared/mlupopa/RHEAs_HydraGNN/HydraGNN/examples/vasp_solid_solution_alloys/dataset/bcc_NbZr/Nb-Zr/Zr56Nb72/case-90,0.4375,1.5236508934667956,1523.6508934667957,0.1436367345939299
/lustre/orion/lrn070/world-shared/mlupopa/RHEAs_HydraGNN/HydraGNN/examples/vasp_solid_solution_alloys/dataset/bcc_NbZr/Nb-Zr/Zr56Nb72/case-91,0.4375,1.521349272685546,1521.3492726855459,0.1517416859972228
/lustre/orion/lrn070/world-shared/mlupopa/RHEAs_HydraGNN/HydraGNN/examples/vasp_solid_solution_alloys/dataset/bcc_NbZr/Nb-Zr/Zr56Nb72/case-92,0.4375,1.5226341344824217,1522.6341344824216,0.14126630015052263
/lustre/orion/lrn070/world-shared/mlupopa/RHEAs_HydraGNN/HydraGNN/examples/vasp_solid_solution_alloys/dataset/bcc_NbZr/Nb-Zr/Zr56Nb72/case-93,0.4375,1.5248670183886706,1524.8670183886707,0.1483947393648223
/lustre/orion/lrn070/world-shared/mlupopa/RHEAs_HydraGNN/HydraGNN/examples/vasp_solid_solution_alloys/dataset/bcc_NbZr/Nb-Zr/Zr56Nb72/case-94,0.4375,1.518975203857421,1518.9752038574209,0.15731177917360062
/lustre/orion/lrn070/world-shared/mlupopa/RHEAs_HydraGNN/HydraGNN/examples/vasp_solid_solution_alloys/dataset/bcc_NbZr/Nb-Zr/Zr56Nb72/case-95,0.4375,1.5212929824511718,1521.2929824511718,0.15642284169145335
/lustre/orion/lrn070/world-shared/mlupopa/RHEAs_HydraGNN/HydraGNN/examples/vasp_solid_solution_alloys/dataset/bcc_NbZr/Nb-Zr/Zr56Nb72/case-96,0.4375,1.5225917992480458,1522.5917992480458,0.14227409020911813
/lustre/orion/lrn070/world-shared/mlupopa/RHEAs_HydraGNN/HydraGNN/examples/vasp_solid_solution_alloys/dataset/bcc_NbZr/Nb-Zr/Zr56Nb72/case-97,0.4375,1.5240578811230456,1524.0578811230457,0.15098641467354323
/lustre/orion/lrn070/world-shared/mlupopa/RHEAs_HydraGNN/HydraGNN/examples/vasp_solid_solution_alloys/dataset/bcc_NbZr/Nb-Zr/Zr56Nb72/case-98,0.4375,1.5242229630761717,1524.2229630761717,0.13599977651295755
/lustre/orion/lrn070/world-shared/mlupopa/RHEAs_HydraGNN/HydraGNN/examples/vasp_solid_solution_alloys/dataset/bcc_NbZr/Nb-Zr/Zr56Nb72/case-99,0.4375,1.522512497607421,1522.512497607421,0.14226600561447628
/lustre/orion/lrn070/world-shared/mlupopa/RHEAs_HydraGNN/HydraGNN/examples/vasp_solid_solution_alloys/dataset/bcc_NbZr/Nb-Zr/Zr60Nb68/case-1,0.46875,1.6255464790380856,1625.5464790380856,0.15365839679118964
/lustre/orion/lrn070/world-shared/mlupopa/RHEAs_HydraGNN/HydraGNN/examples/vasp_solid_solution_alloys/dataset/bcc_NbZr/Nb-Zr/Zr60Nb68/case-10,0.46875,1.6287284412255865,1628.7284412255865,0.15022704108329454
/lustre/orion/lrn070/world-shared/mlupopa/RHEAs_HydraGNN/HydraGNN/examples/vasp_solid_solution_alloys/dataset/bcc_NbZr/Nb-Zr/Zr60Nb68/case-100,0.46875,1.6263926262255861,1626.3926262255861,0.15170262343525218
/lustre/orion/lrn070/world-shared/mlupopa/RHEAs_HydraGNN/HydraGNN/examples/vasp_solid_solution_alloys/dataset/bcc_NbZr/Nb-Zr/Zr60Nb68/case-11,0.46875,1.6306379027880862,1630.6379027880862,0.14270529439371035
/lustre/orion/lrn070/world-shared/mlupopa/RHEAs_HydraGNN/HydraGNN/examples/vasp_solid_solution_alloys/dataset/bcc_NbZr/Nb-Zr/Zr60Nb68/case-12,0.46875,1.6272303052099613,1627.2303052099612,0.1427617855039622
/lustre/orion/lrn070/world-shared/mlupopa/RHEAs_HydraGNN/HydraGNN/examples/vasp_solid_solution_alloys/dataset/bcc_NbZr/Nb-Zr/Zr60Nb68/case-13,0.46875,1.627138793491211,1627.138793491211,0.14846964984353625
/lustre/orion/lrn070/world-shared/mlupopa/RHEAs_HydraGNN/HydraGNN/examples/vasp_solid_solution_alloys/dataset/bcc_NbZr/Nb-Zr/Zr60Nb68/case-14,0.46875,1.6315902814599603,1631.5902814599604,0.14835116709723287
/lustre/orion/lrn070/world-shared/mlupopa/RHEAs_HydraGNN/HydraGNN/examples/vasp_solid_solution_alloys/dataset/bcc_NbZr/Nb-Zr/Zr60Nb68/case-15,0.46875,1.623183944272462,1623.183944272462,0.15756364986031596
/lustre/orion/lrn070/world-shared/mlupopa/RHEAs_HydraGNN/HydraGNN/examples/vasp_solid_solution_alloys/dataset/bcc_NbZr/Nb-Zr/Zr60Nb68/case-16,0.46875,1.6245737466943364,1624.5737466943365,0.1555717460870386
/lustre/orion/lrn070/world-shared/mlupopa/RHEAs_HydraGNN/HydraGNN/examples/vasp_solid_solution_alloys/dataset/bcc_NbZr/Nb-Zr/Zr60Nb68/case-17,0.46875,1.6289093615380867,1628.9093615380868,0.14918793865036495
/lustre/orion/lrn070/world-shared/mlupopa/RHEAs_HydraGNN/HydraGNN/examples/vasp_solid_solution_alloys/dataset/bcc_NbZr/Nb-Zr/Zr60Nb68/case-18,0.46875,1.6266851720068356,1626.6851720068355,0.1499058633482297
/lustre/orion/lrn070/world-shared/mlupopa/RHEAs_HydraGNN/HydraGNN/examples/vasp_solid_solution_alloys/dataset/bcc_NbZr/Nb-Zr/Zr60Nb68/case-19,0.46875,1.6280907156787112,1628.0907156787111,0.15236191394440418
/lustre/orion/lrn070/world-shared/mlupopa/RHEAs_HydraGNN/HydraGNN/examples/vasp_solid_solution_alloys/dataset/bcc_NbZr/Nb-Zr/Zr60Nb68/case-2,0.46875,1.6277367716162114,1627.7367716162114,0.15310233726901476
/lustre/orion/lrn070/world-shared/mlupopa/RHEAs_HydraGNN/HydraGNN/examples/vasp_solid_solution_alloys/dataset/bcc_NbZr/Nb-Zr/Zr60Nb68/case-20,0.46875,1.6294982974755854,1629.4982974755853,0.15357479290581016
/lustre/orion/lrn070/world-shared/mlupopa/RHEAs_HydraGNN/HydraGNN/examples/vasp_solid_solution_alloys/dataset/bcc_NbZr/Nb-Zr/Zr60Nb68/case-3,0.46875,1.627573055288087,1627.5730552880868,0.15532281482094382
/lustre/orion/lrn070/world-shared/mlupopa/RHEAs_HydraGNN/HydraGNN/examples/vasp_solid_solution_alloys/dataset/bcc_NbZr/Nb-Zr/Zr60Nb68/case-4,0.46875,1.6281442341162116,1628.1442341162115,0.15708510981711787
/lustre/orion/lrn070/world-shared/mlupopa/RHEAs_HydraGNN/HydraGNN/examples/vasp_solid_solution_alloys/dataset/bcc_NbZr/Nb-Zr/Zr60Nb68/case-41,0.46875,1.6277401648974603,1627.7401648974603,0.1598805185764984
/lustre/orion/lrn070/world-shared/mlupopa/RHEAs_HydraGNN/HydraGNN/examples/vasp_solid_solution_alloys/dataset/bcc_NbZr/Nb-Zr/Zr60Nb68/case-42,0.46875,1.6244064316162117,1624.4064316162116,0.15275003803382187
/lustre/orion/lrn070/world-shared/mlupopa/RHEAs_HydraGNN/HydraGNN/examples/vasp_solid_solution_alloys/dataset/bcc_NbZr/Nb-Zr/Zr60Nb68/case-43,0.46875,1.6305319577099606,1630.5319577099606,0.14792960803329744
/lustre/orion/lrn070/world-shared/mlupopa/RHEAs_HydraGNN/HydraGNN/examples/vasp_solid_solution_alloys/dataset/bcc_NbZr/Nb-Zr/Zr60Nb68/case-44,0.46875,1.6259254951318365,1625.9254951318364,0.14824770813720967
/lustre/orion/lrn070/world-shared/mlupopa/RHEAs_HydraGNN/HydraGNN/examples/vasp_solid_solution_alloys/dataset/bcc_NbZr/Nb-Zr/Zr60Nb68/case-45,0.46875,1.6322222284912105,1632.2222284912104,0.14272989908962674
/lustre/orion/lrn070/world-shared/mlupopa/RHEAs_HydraGNN/HydraGNN/examples/vasp_solid_solution_alloys/dataset/bcc_NbZr/Nb-Zr/Zr60Nb68/case-46,0.46875,1.6286432141162113,1628.6432141162113,0.15471666319396465
/lustre/orion/lrn070/world-shared/mlupopa/RHEAs_HydraGNN/HydraGNN/examples/vasp_solid_solution_alloys/dataset/bcc_NbZr/Nb-Zr/Zr60Nb68/case-47,0.46875,1.6257818352880857,1625.7818352880856,0.17058577204943318
/lustre/orion/lrn070/world-shared/mlupopa/RHEAs_HydraGNN/HydraGNN/examples/vasp_solid_solution_alloys/dataset/bcc_NbZr/Nb-Zr/Zr60Nb68/case-48,0.46875,1.628883587866211,1628.883587866211,0.1539611964118202
/lustre/orion/lrn070/world-shared/mlupopa/RHEAs_HydraGNN/HydraGNN/examples/vasp_solid_solution_alloys/dataset/bcc_NbZr/Nb-Zr/Zr60Nb68/case-49,0.46875,1.6318642271630868,1631.8642271630868,0.15270189039564075
/lustre/orion/lrn070/world-shared/mlupopa/RHEAs_HydraGNN/HydraGNN/examples/vasp_solid_solution_alloys/dataset/bcc_NbZr/Nb-Zr/Zr60Nb68/case-5,0.46875,1.6294366723974605,1629.4366723974604,0.15014683577049734
/lustre/orion/lrn070/world-shared/mlupopa/RHEAs_HydraGNN/HydraGNN/examples/vasp_solid_solution_alloys/dataset/bcc_NbZr/Nb-Zr/Zr60Nb68/case-50,0.46875,1.630436814897461,1630.436814897461,0.16116588189318282
/lustre/orion/lrn070/world-shared/mlupopa/RHEAs_HydraGNN/HydraGNN/examples/vasp_solid_solution_alloys/dataset/bcc_NbZr/Nb-Zr/Zr60Nb68/case-51,0.46875,1.6313834041162103,1631.3834041162104,0.14452595317760084
/lustre/orion/lrn070/world-shared/mlupopa/RHEAs_HydraGNN/HydraGNN/examples/vasp_solid_solution_alloys/dataset/bcc_NbZr/Nb-Zr/Zr60Nb68/case-52,0.46875,1.6263786841943357,1626.3786841943356,0.1626714234321294
/lustre/orion/lrn070/world-shared/mlupopa/RHEAs_HydraGNN/HydraGNN/examples/vasp_solid_solution_alloys/dataset/bcc_NbZr/Nb-Zr/Zr60Nb68/case-53,0.46875,1.6274790056787118,1627.479005678712,0.1437068156286456
/lustre/orion/lrn070/world-shared/mlupopa/RHEAs_HydraGNN/HydraGNN/examples/vasp_solid_solution_alloys/dataset/bcc_NbZr/Nb-Zr/Zr60Nb68/case-54,0.46875,1.628322984663086,1628.3229846630861,0.15004838015486033
/lustre/orion/lrn070/world-shared/mlupopa/RHEAs_HydraGNN/HydraGNN/examples/vasp_solid_solution_alloys/dataset/bcc_NbZr/Nb-Zr/Zr60Nb68/case-55,0.46875,1.6265560504443357,1626.5560504443356,0.15385835571833445
/lustre/orion/lrn070/world-shared/mlupopa/RHEAs_HydraGNN/HydraGNN/examples/vasp_solid_solution_alloys/dataset/bcc_NbZr/Nb-Zr/Zr60Nb68/case-56,0.46875,1.6267219257568364,1626.7219257568363,0.14692227999612967
/lustre/orion/lrn070/world-shared/mlupopa/RHEAs_HydraGNN/HydraGNN/examples/vasp_solid_solution_alloys/dataset/bcc_NbZr/Nb-Zr/Zr60Nb68/case-57,0.46875,1.6271104284912106,1627.1104284912105,0.1537464453431339
/lustre/orion/lrn070/world-shared/mlupopa/RHEAs_HydraGNN/HydraGNN/examples/vasp_solid_solution_alloys/dataset/bcc_NbZr/Nb-Zr/Zr60Nb68/case-58,0.46875,1.625352719897462,1625.352719897462,0.155958419995902
/lustre/orion/lrn070/world-shared/mlupopa/RHEAs_HydraGNN/HydraGNN/examples/vasp_solid_solution_alloys/dataset/bcc_NbZr/Nb-Zr/Zr60Nb68/case-59,0.46875,1.6255372440380853,1625.5372440380852,0.15109235902936355
/lustre/orion/lrn070/world-shared/mlupopa/RHEAs_HydraGNN/HydraGNN/examples/vasp_solid_solution_alloys/dataset/bcc_NbZr/Nb-Zr/Zr60Nb68/case-6,0.46875,1.623260097553711,1623.2600975537111,0.1560494656470306
/lustre/orion/lrn070/world-shared/mlupopa/RHEAs_HydraGNN/HydraGNN/examples/vasp_solid_solution_alloys/dataset/bcc_NbZr/Nb-Zr/Zr60Nb68/case-60,0.46875,1.6256814407568356,1625.6814407568356,0.15546409420782267
/lustre/orion/lrn070/world-shared/mlupopa/RHEAs_HydraGNN/HydraGNN/examples/vasp_solid_solution_alloys/dataset/bcc_NbZr/Nb-Zr/Zr60Nb68/case-61,0.46875,1.6249763944287103,1624.9763944287104,0.15333318136617327
/lustre/orion/lrn070/world-shared/mlupopa/RHEAs_HydraGNN/HydraGNN/examples/vasp_solid_solution_alloys/dataset/bcc_NbZr/Nb-Zr/Zr60Nb68/case-62,0.46875,1.627287321694336,1627.287321694336,0.14843308230068739
/lustre/orion/lrn070/world-shared/mlupopa/RHEAs_HydraGNN/HydraGNN/examples/vasp_solid_solution_alloys/dataset/bcc_NbZr/Nb-Zr/Zr60Nb68/case-63,0.46875,1.6276171757568356,1627.6171757568356,0.15494914405404941
/lustre/orion/lrn070/world-shared/mlupopa/RHEAs_HydraGNN/HydraGNN/examples/vasp_solid_solution_alloys/dataset/bcc_NbZr/Nb-Zr/Zr60Nb68/case-64,0.46875,1.6304132999755865,1630.4132999755866,0.14016900609780816
/lustre/orion/lrn070/world-shared/mlupopa/RHEAs_HydraGNN/HydraGNN/examples/vasp_solid_solution_alloys/dataset/bcc_NbZr/Nb-Zr/Zr60Nb68/case-65,0.46875,1.6284041634130855,1628.4041634130854,0.15345906628635878
/lustre/orion/lrn070/world-shared/mlupopa/RHEAs_HydraGNN/HydraGNN/examples/vasp_solid_solution_alloys/dataset/bcc_NbZr/Nb-Zr/Zr60Nb68/case-66,0.46875,1.6274781294287113,1627.4781294287113,0.15648336826391634
/lustre/orion/lrn070/world-shared/mlupopa/RHEAs_HydraGNN/HydraGNN/examples/vasp_solid_solution_alloys/dataset/bcc_NbZr/Nb-Zr/Zr60Nb68/case-67,0.46875,1.6291472467724617,1629.1472467724616,0.14438205083647218
/lustre/orion/lrn070/world-shared/mlupopa/RHEAs_HydraGNN/HydraGNN/examples/vasp_solid_solution_alloys/dataset/bcc_NbZr/Nb-Zr/Zr60Nb68/case-68,0.46875,1.6307649177099606,1630.7649177099606,0.14863235536633396
/lustre/orion/lrn070/world-shared/mlupopa/RHEAs_HydraGNN/HydraGNN/examples/vasp_solid_solution_alloys/dataset/bcc_NbZr/Nb-Zr/Zr60Nb68/case-69,0.46875,1.6294210299755854,1629.4210299755853,0.15544237081330198
/lustre/orion/lrn070/world-shared/mlupopa/RHEAs_HydraGNN/HydraGNN/examples/vasp_solid_solution_alloys/dataset/bcc_NbZr/Nb-Zr/Zr60Nb68/case-7,0.46875,1.6223518084912119,1622.3518084912118,0.14897031482223047
/lustre/orion/lrn070/world-shared/mlupopa/RHEAs_HydraGNN/HydraGNN/examples/vasp_solid_solution_alloys/dataset/bcc_NbZr/Nb-Zr/Zr60Nb68/case-70,0.46875,1.628963670288087,1628.963670288087,0.15159903117007376
/lustre/orion/lrn070/world-shared/mlupopa/RHEAs_HydraGNN/HydraGNN/examples/vasp_solid_solution_alloys/dataset/bcc_NbZr/Nb-Zr/Zr60Nb68/case-71,0.46875,1.6282409171630867,1628.2409171630868,0.15552249513172914
/lustre/orion/lrn070/world-shared/mlupopa/RHEAs_HydraGNN/HydraGNN/examples/vasp_solid_solution_alloys/dataset/bcc_NbZr/Nb-Zr/Zr60Nb68/case-72,0.46875,1.6272743198193353,1627.2743198193352,0.1415356560210729
/lustre/orion/lrn070/world-shared/mlupopa/RHEAs_HydraGNN/HydraGNN/examples/vasp_solid_solution_alloys/dataset/bcc_NbZr/Nb-Zr/Zr60Nb68/case-73,0.46875,1.6257092557568367,1625.7092557568367,0.1487104901314855
/lustre/orion/lrn070/world-shared/mlupopa/RHEAs_HydraGNN/HydraGNN/examples/vasp_solid_solution_alloys/dataset/bcc_NbZr/Nb-Zr/Zr60Nb68/case-74,0.46875,1.6338648230224617,1633.8648230224617,0.14483527980574784
/lustre/orion/lrn070/world-shared/mlupopa/RHEAs_HydraGNN/HydraGNN/examples/vasp_solid_solution_alloys/dataset/bcc_NbZr/Nb-Zr/Zr60Nb68/case-75,0.46875,1.6292891488037107,1629.2891488037108,0.14989176138583907
/lustre/orion/lrn070/world-shared/mlupopa/RHEAs_HydraGNN/HydraGNN/examples/vasp_solid_solution_alloys/dataset/bcc_NbZr/Nb-Zr/Zr60Nb68/case-76,0.46875,1.626696975444336,1626.696975444336,0.1462321563392706
/lustre/orion/lrn070/world-shared/mlupopa/RHEAs_HydraGNN/HydraGNN/examples/vasp_solid_solution_alloys/dataset/bcc_NbZr/Nb-Zr/Zr60Nb68/case-77,0.46875,1.6266567994287104,1626.6567994287104,0.1483634773772947
/lustre/orion/lrn070/world-shared/mlupopa/RHEAs_HydraGNN/HydraGNN/examples/vasp_solid_solution_alloys/dataset/bcc_NbZr/Nb-Zr/Zr60Nb68/case-78,0.46875,1.630152532397462,1630.152532397462,0.1466533155048946
/lustre/orion/lrn070/world-shared/mlupopa/RHEAs_HydraGNN/HydraGNN/examples/vasp_solid_solution_alloys/dataset/bcc_NbZr/Nb-Zr/Zr60Nb68/case-79,0.46875,1.6273384971630858,1627.3384971630858,0.15233869063706462
/lustre/orion/lrn070/world-shared/mlupopa/RHEAs_HydraGNN/HydraGNN/examples/vasp_solid_solution_alloys/dataset/bcc_NbZr/Nb-Zr/Zr60Nb68/case-8,0.46875,1.6282334173974604,1628.2334173974605,0.14309325241360774
/lustre/orion/lrn070/world-shared/mlupopa/RHEAs_HydraGNN/HydraGNN/examples/vasp_solid_solution_alloys/dataset/bcc_NbZr/Nb-Zr/Zr60Nb68/case-80,0.46875,1.6304219945849603,1630.4219945849602,0.1476124962356036
/lustre/orion/lrn070/world-shared/mlupopa/RHEAs_HydraGNN/HydraGNN/examples/vasp_solid_solution_alloys/dataset/bcc_NbZr/Nb-Zr/Zr60Nb68/case-81,0.46875,1.6267535619287106,1626.7535619287105,0.14759537755123034
/lustre/orion/lrn070/world-shared/mlupopa/RHEAs_HydraGNN/HydraGNN/examples/vasp_solid_solution_alloys/dataset/bcc_NbZr/Nb-Zr/Zr60Nb68/case-82,0.46875,1.6249071077880863,1624.9071077880863,0.15735829077269362
/lustre/orion/lrn070/world-shared/mlupopa/RHEAs_HydraGNN/HydraGNN/examples/vasp_solid_solution_alloys/dataset/bcc_NbZr/Nb-Zr/Zr60Nb68/case-83,0.46875,1.6254430517724607,1625.4430517724606,0.15321222393120457
/lustre/orion/lrn070/world-shared/mlupopa/RHEAs_HydraGNN/HydraGNN/examples/vasp_solid_solution_alloys/dataset/bcc_NbZr/Nb-Zr/Zr60Nb68/case-84,0.46875,1.6261086656005865,1626.1086656005866,0.15282889998329677
/lustre/orion/lrn070/world-shared/mlupopa/RHEAs_HydraGNN/HydraGNN/examples/vasp_solid_solution_alloys/dataset/bcc_NbZr/Nb-Zr/Zr60Nb68/case-85,0.46875,1.6246946281787107,1624.6946281787107,0.15089438680612138
/lustre/orion/lrn070/world-shared/mlupopa/RHEAs_HydraGNN/HydraGNN/examples/vasp_solid_solution_alloys/dataset/bcc_NbZr/Nb-Zr/Zr60Nb68/case-86,0.46875,1.6268357377099605,1626.8357377099605,0.15751752262915503
/lustre/orion/lrn070/world-shared/mlupopa/RHEAs_HydraGNN/HydraGNN/examples/vasp_solid_solution_alloys/dataset/bcc_NbZr/Nb-Zr/Zr60Nb68/case-87,0.46875,1.6255194054443365,1625.5194054443364,0.1533132388386865
/lustre/orion/lrn070/world-shared/mlupopa/RHEAs_HydraGNN/HydraGNN/examples/vasp_solid_solution_alloys/dataset/bcc_NbZr/Nb-Zr/Zr60Nb68/case-88,0.46875,1.6307973510693365,1630.7973510693366,0.14936709463859774
/lustre/orion/lrn070/world-shared/mlupopa/RHEAs_HydraGNN/HydraGNN/examples/vasp_solid_solution_alloys/dataset/bcc_NbZr/Nb-Zr/Zr60Nb68/case-89,0.46875,1.627413174116212,1627.4131741162118,0.15308912605439354
/lustre/orion/lrn070/world-shared/mlupopa/RHEAs_HydraGNN/HydraGNN/examples/vasp_solid_solution_alloys/dataset/bcc_NbZr/Nb-Zr/Zr60Nb68/case-9,0.46875,1.627575408881837,1627.5754088818371,0.15974523189600603
/lustre/orion/lrn070/world-shared/mlupopa/RHEAs_HydraGNN/HydraGNN/examples/vasp_solid_solution_alloys/dataset/bcc_NbZr/Nb-Zr/Zr60Nb68/case-90,0.46875,1.6266667848193368,1626.6667848193367,0.1561748359365423
/lustre/orion/lrn070/world-shared/mlupopa/RHEAs_HydraGNN/HydraGNN/examples/vasp_solid_solution_alloys/dataset/bcc_NbZr/Nb-Zr/Zr60Nb68/case-91,0.46875,1.6255481506005864,1625.5481506005865,0.16003738308279464
/lustre/orion/lrn070/world-shared/mlupopa/RHEAs_HydraGNN/HydraGNN/examples/vasp_solid_solution_alloys/dataset/bcc_NbZr/Nb-Zr/Zr60Nb68/case-92,0.46875,1.6242106816943362,1624.2106816943362,0.16325673877240313
/lustre/orion/lrn070/world-shared/mlupopa/RHEAs_HydraGNN/HydraGNN/examples/vasp_solid_solution_alloys/dataset/bcc_NbZr/Nb-Zr/Zr60Nb68/case-93,0.46875,1.6288701913818358,1628.8701913818359,0.14627594939444255
/lustre/orion/lrn070/world-shared/mlupopa/RHEAs_HydraGNN/HydraGNN/examples/vasp_solid_solution_alloys/dataset/bcc_NbZr/Nb-Zr/Zr60Nb68/case-94,0.46875,1.6305469127099617,1630.5469127099616,0.14946924563404454
/lustre/orion/lrn070/world-shared/mlupopa/RHEAs_HydraGNN/HydraGNN/examples/vasp_solid_solution_alloys/dataset/bcc_NbZr/Nb-Zr/Zr60Nb68/case-95,0.46875,1.623979749975586,1623.979749975586,0.15312420958189477
/lustre/orion/lrn070/world-shared/mlupopa/RHEAs_HydraGNN/HydraGNN/examples/vasp_solid_solution_alloys/dataset/bcc_NbZr/Nb-Zr/Zr60Nb68/case-96,0.46875,1.6289662788818369,1628.9662788818368,0.15452334159528697
/lustre/orion/lrn070/world-shared/mlupopa/RHEAs_HydraGNN/HydraGNN/examples/vasp_solid_solution_alloys/dataset/bcc_NbZr/Nb-Zr/Zr60Nb68/case-97,0.46875,1.6292426531005866,1629.2426531005865,0.15446235266880856
/lustre/orion/lrn070/world-shared/mlupopa/RHEAs_HydraGNN/HydraGNN/examples/vasp_solid_solution_alloys/dataset/bcc_NbZr/Nb-Zr/Zr60Nb68/case-98,0.46875,1.6243464301318369,1624.3464301318368,0.1576719906341366
/lustre/orion/lrn070/world-shared/mlupopa/RHEAs_HydraGNN/HydraGNN/examples/vasp_solid_solution_alloys/dataset/bcc_NbZr/Nb-Zr/Zr60Nb68/case-99,0.46875,1.6252887070068365,1625.2887070068364,0.159694724051418
/lustre/orion/lrn070/world-shared/mlupopa/RHEAs_HydraGNN/HydraGNN/examples/vasp_solid_solution_alloys/dataset/bcc_NbZr/Nb-Zr/Zr64Nb64/case-1,0.5,1.7313637531250006,1731.3637531250006,0.1514645799423333
/lustre/orion/lrn070/world-shared/mlupopa/RHEAs_HydraGNN/HydraGNN/examples/vasp_solid_solution_alloys/dataset/bcc_NbZr/Nb-Zr/Zr64Nb64/case-10,0.5,1.7322370165625003,1732.2370165625002,0.1559099127938025
/lustre/orion/lrn070/world-shared/mlupopa/RHEAs_HydraGNN/HydraGNN/examples/vasp_solid_solution_alloys/dataset/bcc_NbZr/Nb-Zr/Zr64Nb64/case-100,0.5,1.7328559019531262,1732.8559019531262,0.1515576818114315
/lustre/orion/lrn070/world-shared/mlupopa/RHEAs_HydraGNN/HydraGNN/examples/vasp_solid_solution_alloys/dataset/bcc_NbZr/Nb-Zr/Zr64Nb64/case-11,0.5,1.7291347314843755,1729.1347314843754,0.17274081296822635
/lustre/orion/lrn070/world-shared/mlupopa/RHEAs_HydraGNN/HydraGNN/examples/vasp_solid_solution_alloys/dataset/bcc_NbZr/Nb-Zr/Zr64Nb64/case-12,0.5,1.7291756257031263,1729.1756257031263,0.15093264202563095
/lustre/orion/lrn070/world-shared/mlupopa/RHEAs_HydraGNN/HydraGNN/examples/vasp_solid_solution_alloys/dataset/bcc_NbZr/Nb-Zr/Zr64Nb64/case-13,0.5,1.7325945035937504,1732.5945035937505,0.15281628503010297
/lustre/orion/lrn070/world-shared/mlupopa/RHEAs_HydraGNN/HydraGNN/examples/vasp_solid_solution_alloys/dataset/bcc_NbZr/Nb-Zr/Zr64Nb64/case-14,0.5,1.7318939198437509,1731.8939198437508,0.15522966055015705
/lustre/orion/lrn070/world-shared/mlupopa/RHEAs_HydraGNN/HydraGNN/examples/vasp_solid_solution_alloys/dataset/bcc_NbZr/Nb-Zr/Zr64Nb64/case-15,0.5,1.734976646640627,1734.976646640627,0.15461884312913382
/lustre/orion/lrn070/world-shared/mlupopa/RHEAs_HydraGNN/HydraGNN/examples/vasp_solid_solution_alloys/dataset/bcc_NbZr/Nb-Zr/Zr64Nb64/case-16,0.5,1.7340634108593758,1734.0634108593758,0.15044020815638684
/lustre/orion/lrn070/world-shared/mlupopa/RHEAs_HydraGNN/HydraGNN/examples/vasp_solid_solution_alloys/dataset/bcc_NbZr/Nb-Zr/Zr64Nb64/case-17,0.5,1.7302990996875014,1730.2990996875014,0.15943593767539516
/lustre/orion/lrn070/world-shared/mlupopa/RHEAs_HydraGNN/HydraGNN/examples/vasp_solid_solution_alloys/dataset/bcc_NbZr/Nb-Zr/Zr64Nb64/case-18,0.5,1.7324427867187513,1732.4427867187512,0.151081752679197
/lustre/orion/lrn070/world-shared/mlupopa/RHEAs_HydraGNN/HydraGNN/examples/vasp_solid_solution_alloys/dataset/bcc_NbZr/Nb-Zr/Zr64Nb64/case-19,0.5,1.7335020881250003,1733.5020881250002,0.15225338784552744
/lustre/orion/lrn070/world-shared/mlupopa/RHEAs_HydraGNN/HydraGNN/examples/vasp_solid_solution_alloys/dataset/bcc_NbZr/Nb-Zr/Zr64Nb64/case-2,0.5,1.7327444935156269,1732.7444935156268,0.15735861058277859
/lustre/orion/lrn070/world-shared/mlupopa/RHEAs_HydraGNN/HydraGNN/examples/vasp_solid_solution_alloys/dataset/bcc_NbZr/Nb-Zr/Zr64Nb64/case-20,0.5,1.729371448671877,1729.371448671877,0.16025257634496837
/lustre/orion/lrn070/world-shared/mlupopa/RHEAs_HydraGNN/HydraGNN/examples/vasp_solid_solution_alloys/dataset/bcc_NbZr/Nb-Zr/Zr64Nb64/case-3,0.5,1.7341548569531255,1734.1548569531255,0.1547670444937486
/lustre/orion/lrn070/world-shared/mlupopa/RHEAs_HydraGNN/HydraGNN/examples/vasp_solid_solution_alloys/dataset/bcc_NbZr/Nb-Zr/Zr64Nb64/case-4,0.5,1.7301003282031253,1730.1003282031254,0.1700236747145781
/lustre/orion/lrn070/world-shared/mlupopa/RHEAs_HydraGNN/HydraGNN/examples/vasp_solid_solution_alloys/dataset/bcc_NbZr/Nb-Zr/Zr64Nb64/case-41,0.5,1.7332717314843755,1733.2717314843756,0.1577663024552376
/lustre/orion/lrn070/world-shared/mlupopa/RHEAs_HydraGNN/HydraGNN/examples/vasp_solid_solution_alloys/dataset/bcc_NbZr/Nb-Zr/Zr64Nb64/case-42,0.5,1.7324803496093768,1732.4803496093768,0.15816926601209522
/lustre/orion/lrn070/world-shared/mlupopa/RHEAs_HydraGNN/HydraGNN/examples/vasp_solid_solution_alloys/dataset/bcc_NbZr/Nb-Zr/Zr64Nb64/case-43,0.5,1.7346474609375004,1734.6474609375005,0.15353300697835473
/lustre/orion/lrn070/world-shared/mlupopa/RHEAs_HydraGNN/HydraGNN/examples/vasp_solid_solution_alloys/dataset/bcc_NbZr/Nb-Zr/Zr64Nb64/case-44,0.5,1.7338753074218758,1733.8753074218757,0.1600728722603064
/lustre/orion/lrn070/world-shared/mlupopa/RHEAs_HydraGNN/HydraGNN/examples/vasp_solid_solution_alloys/dataset/bcc_NbZr/Nb-Zr/Zr64Nb64/case-45,0.5,1.732235071562501,1732.235071562501,0.15273548250947186
/lustre/orion/lrn070/world-shared/mlupopa/RHEAs_HydraGNN/HydraGNN/examples/vasp_solid_solution_alloys/dataset/bcc_NbZr/Nb-Zr/Zr64Nb64/case-46,0.5,1.7347922251562515,1734.7922251562516,0.15003629164085627
/lustre/orion/lrn070/world-shared/mlupopa/RHEAs_HydraGNN/HydraGNN/examples/vasp_solid_solution_alloys/dataset/bcc_NbZr/Nb-Zr/Zr64Nb64/case-47,0.5,1.7357649809375015,1735.7649809375016,0.14757478940593313
/lustre/orion/lrn070/world-shared/mlupopa/RHEAs_HydraGNN/HydraGNN/examples/vasp_solid_solution_alloys/dataset/bcc_NbZr/Nb-Zr/Zr64Nb64/case-48,0.5,1.7311335724218768,1731.1335724218768,0.16598981947517527
/lustre/orion/lrn070/world-shared/mlupopa/RHEAs_HydraGNN/HydraGNN/examples/vasp_solid_solution_alloys/dataset/bcc_NbZr/Nb-Zr/Zr64Nb64/case-49,0.5,1.7324232644531268,1732.4232644531269,0.1502429728091853
/lustre/orion/lrn070/world-shared/mlupopa/RHEAs_HydraGNN/HydraGNN/examples/vasp_solid_solution_alloys/dataset/bcc_NbZr/Nb-Zr/Zr64Nb64/case-5,0.5,1.7315043976562503,1731.5043976562504,0.16184396815254487
/lustre/orion/lrn070/world-shared/mlupopa/RHEAs_HydraGNN/HydraGNN/examples/vasp_solid_solution_alloys/dataset/bcc_NbZr/Nb-Zr/Zr64Nb64/case-50,0.5,1.7308650456250003,1730.8650456250002,0.16308347104384271
/lustre/orion/lrn070/world-shared/mlupopa/RHEAs_HydraGNN/HydraGNN/examples/vasp_solid_solution_alloys/dataset/bcc_NbZr/Nb-Zr/Zr64Nb64/case-51,0.5,1.7312431537500004,1731.2431537500004,0.15413876667585902
/lustre/orion/lrn070/world-shared/mlupopa/RHEAs_HydraGNN/HydraGNN/examples/vasp_solid_solution_alloys/dataset/bcc_NbZr/Nb-Zr/Zr64Nb64/case-52,0.5,1.7321838740625015,1732.1838740625014,0.16576023360012176
/lustre/orion/lrn070/world-shared/mlupopa/RHEAs_HydraGNN/HydraGNN/examples/vasp_solid_solution_alloys/dataset/bcc_NbZr/Nb-Zr/Zr64Nb64/case-53,0.5,1.7325230026562508,1732.5230026562508,0.15376172342524477
/lustre/orion/lrn070/world-shared/mlupopa/RHEAs_HydraGNN/HydraGNN/examples/vasp_solid_solution_alloys/dataset/bcc_NbZr/Nb-Zr/Zr64Nb64/case-54,0.5,1.7308922217187508,1730.8922217187508,0.15759737698298573
/lustre/orion/lrn070/world-shared/mlupopa/RHEAs_HydraGNN/HydraGNN/examples/vasp_solid_solution_alloys/dataset/bcc_NbZr/Nb-Zr/Zr64Nb64/case-55,0.5,1.7297481132031258,1729.7481132031257,0.16456343516467198
/lustre/orion/lrn070/world-shared/mlupopa/RHEAs_HydraGNN/HydraGNN/examples/vasp_solid_solution_alloys/dataset/bcc_NbZr/Nb-Zr/Zr64Nb64/case-56,0.5,1.7333120433593763,1733.3120433593763,0.1561498446099978
/lustre/orion/lrn070/world-shared/mlupopa/RHEAs_HydraGNN/HydraGNN/examples/vasp_solid_solution_alloys/dataset/bcc_NbZr/Nb-Zr/Zr64Nb64/case-57,0.5,1.7302086308593765,1730.2086308593764,0.1561189414702875
/lustre/orion/lrn070/world-shared/mlupopa/RHEAs_HydraGNN/HydraGNN/examples/vasp_solid_solution_alloys/dataset/bcc_NbZr/Nb-Zr/Zr64Nb64/case-58,0.5,1.7285724576562504,1728.5724576562504,0.16795494685385778
/lustre/orion/lrn070/world-shared/mlupopa/RHEAs_HydraGNN/HydraGNN/examples/vasp_solid_solution_alloys/dataset/bcc_NbZr/Nb-Zr/Zr64Nb64/case-59,0.5,1.7349093500000006,1734.9093500000006,0.15845624919017484
/lustre/orion/lrn070/world-shared/mlupopa/RHEAs_HydraGNN/HydraGNN/examples/vasp_solid_solution_alloys/dataset/bcc_NbZr/Nb-Zr/Zr64Nb64/case-6,0.5,1.731601556015626,1731.6015560156259,0.15856799583188338
/lustre/orion/lrn070/world-shared/mlupopa/RHEAs_HydraGNN/HydraGNN/examples/vasp_solid_solution_alloys/dataset/bcc_NbZr/Nb-Zr/Zr64Nb64/case-60,0.5,1.7283269302343758,1728.3269302343758,0.16139075102587563
/lustre/orion/lrn070/world-shared/mlupopa/RHEAs_HydraGNN/HydraGNN/examples/vasp_solid_solution_alloys/dataset/bcc_NbZr/Nb-Zr/Zr64Nb64/case-61,0.5,1.7322083064843756,1732.2083064843757,0.1516336540113768
/lustre/orion/lrn070/world-shared/mlupopa/RHEAs_HydraGNN/HydraGNN/examples/vasp_solid_solution_alloys/dataset/bcc_NbZr/Nb-Zr/Zr64Nb64/case-62,0.5,1.7314684468750006,1731.4684468750006,0.15718430333096528
/lustre/orion/lrn070/world-shared/mlupopa/RHEAs_HydraGNN/HydraGNN/examples/vasp_solid_solution_alloys/dataset/bcc_NbZr/Nb-Zr/Zr64Nb64/case-63,0.5,1.7323397650000008,1732.3397650000009,0.1596499022914885
/lustre/orion/lrn070/world-shared/mlupopa/RHEAs_HydraGNN/HydraGNN/examples/vasp_solid_solution_alloys/dataset/bcc_NbZr/Nb-Zr/Zr64Nb64/case-64,0.5,1.7295591451562515,1729.5591451562516,0.16936059100617815
/lustre/orion/lrn070/world-shared/mlupopa/RHEAs_HydraGNN/HydraGNN/examples/vasp_solid_solution_alloys/dataset/bcc_NbZr/Nb-Zr/Zr64Nb64/case-65,0.5,1.7339979585937506,1733.9979585937506,0.1548558866855904
/lustre/orion/lrn070/world-shared/mlupopa/RHEAs_HydraGNN/HydraGNN/examples/vasp_solid_solution_alloys/dataset/bcc_NbZr/Nb-Zr/Zr64Nb64/case-66,0.5,1.7323723358593757,1732.3723358593757,0.15910072267137393
/lustre/orion/lrn070/world-shared/mlupopa/RHEAs_HydraGNN/HydraGNN/examples/vasp_solid_solution_alloys/dataset/bcc_NbZr/Nb-Zr/Zr64Nb64/case-67,0.5,1.7334282652343767,1733.4282652343766,0.14894126194891655
/lustre/orion/lrn070/world-shared/mlupopa/RHEAs_HydraGNN/HydraGNN/examples/vasp_solid_solution_alloys/dataset/bcc_NbZr/Nb-Zr/Zr64Nb64/case-68,0.5,1.7280592344531254,1728.0592344531253,0.16453883904428954
/lustre/orion/lrn070/world-shared/mlupopa/RHEAs_HydraGNN/HydraGNN/examples/vasp_solid_solution_alloys/dataset/bcc_NbZr/Nb-Zr/Zr64Nb64/case-69,0.5,1.7311160321093766,1731.1160321093766,0.1557414538686976
/lustre/orion/lrn070/world-shared/mlupopa/RHEAs_HydraGNN/HydraGNN/examples/vasp_solid_solution_alloys/dataset/bcc_NbZr/Nb-Zr/Zr64Nb64/case-7,0.5,1.7328682267968762,1732.8682267968763,0.16248425056869875
/lustre/orion/lrn070/world-shared/mlupopa/RHEAs_HydraGNN/HydraGNN/examples/vasp_solid_solution_alloys/dataset/bcc_NbZr/Nb-Zr/Zr64Nb64/case-70,0.5,1.7313624196093755,1731.3624196093756,0.16025628368455314
/lustre/orion/lrn070/world-shared/mlupopa/RHEAs_HydraGNN/HydraGNN/examples/vasp_solid_solution_alloys/dataset/bcc_NbZr/Nb-Zr/Zr64Nb64/case-71,0.5,1.7340680604687506,1734.0680604687507,0.15329337096925466
/lustre/orion/lrn070/world-shared/mlupopa/RHEAs_HydraGNN/HydraGNN/examples/vasp_solid_solution_alloys/dataset/bcc_NbZr/Nb-Zr/Zr64Nb64/case-72,0.5,1.734783368281251,1734.7833682812511,0.14638160894964694
/lustre/orion/lrn070/world-shared/mlupopa/RHEAs_HydraGNN/HydraGNN/examples/vasp_solid_solution_alloys/dataset/bcc_NbZr/Nb-Zr/Zr64Nb64/case-73,0.5,1.7314432953906262,1731.4432953906262,0.15496716953552275
/lustre/orion/lrn070/world-shared/mlupopa/RHEAs_HydraGNN/HydraGNN/examples/vasp_solid_solution_alloys/dataset/bcc_NbZr/Nb-Zr/Zr64Nb64/case-74,0.5,1.7289487338281262,1728.9487338281263,0.15464246875494164
/lustre/orion/lrn070/world-shared/mlupopa/RHEAs_HydraGNN/HydraGNN/examples/vasp_solid_solution_alloys/dataset/bcc_NbZr/Nb-Zr/Zr64Nb64/case-75,0.5,1.731797287500001,1731.797287500001,0.1596719463002461
/lustre/orion/lrn070/world-shared/mlupopa/RHEAs_HydraGNN/HydraGNN/examples/vasp_solid_solution_alloys/dataset/bcc_NbZr/Nb-Zr/Zr64Nb64/case-76,0.5,1.731959735000002,1731.959735000002,0.15211660544070232
/lustre/orion/lrn070/world-shared/mlupopa/RHEAs_HydraGNN/HydraGNN/examples/vasp_solid_solution_alloys/dataset/bcc_NbZr/Nb-Zr/Zr64Nb64/case-77,0.5,1.7281173748437517,1728.1173748437518,0.15910045285181076
/lustre/orion/lrn070/world-shared/mlupopa/RHEAs_HydraGNN/HydraGNN/examples/vasp_solid_solution_alloys/dataset/bcc_NbZr/Nb-Zr/Zr64Nb64/case-78,0.5,1.7307608177343763,1730.7608177343764,0.15628397376734637
/lustre/orion/lrn070/world-shared/mlupopa/RHEAs_HydraGNN/HydraGNN/examples/vasp_solid_solution_alloys/dataset/bcc_NbZr/Nb-Zr/Zr64Nb64/case-79,0.5,1.7336722050000013,1733.6722050000012,0.14769088458628787
/lustre/orion/lrn070/world-shared/mlupopa/RHEAs_HydraGNN/HydraGNN/examples/vasp_solid_solution_alloys/dataset/bcc_NbZr/Nb-Zr/Zr64Nb64/case-8,0.5,1.7286658565625004,1728.6658565625003,0.15719059371827604
/lustre/orion/lrn070/world-shared/mlupopa/RHEAs_HydraGNN/HydraGNN/examples/vasp_solid_solution_alloys/dataset/bcc_NbZr/Nb-Zr/Zr64Nb64/case-80,0.5,1.7305645616406267,1730.5645616406266,0.16142073401508103
/lustre/orion/lrn070/world-shared/mlupopa/RHEAs_HydraGNN/HydraGNN/examples/vasp_solid_solution_alloys/dataset/bcc_NbZr/Nb-Zr/Zr64Nb64/case-81,0.5,1.7294467842968757,1729.4467842968756,0.15450317535556443
/lustre/orion/lrn070/world-shared/mlupopa/RHEAs_HydraGNN/HydraGNN/examples/vasp_solid_solution_alloys/dataset/bcc_NbZr/Nb-Zr/Zr64Nb64/case-82,0.5,1.7337420263281267,1733.7420263281267,0.1616149913760524
/lustre/orion/lrn070/world-shared/mlupopa/RHEAs_HydraGNN/HydraGNN/examples/vasp_solid_solution_alloys/dataset/bcc_NbZr/Nb-Zr/Zr64Nb64/case-83,0.5,1.7314675380468767,1731.4675380468766,0.1550187245485666
/lustre/orion/lrn070/world-shared/mlupopa/RHEAs_HydraGNN/HydraGNN/examples/vasp_solid_solution_alloys/dataset/bcc_NbZr/Nb-Zr/Zr64Nb64/case-84,0.5,1.7332930819531267,1733.2930819531266,0.1503613480382175
/lustre/orion/lrn070/world-shared/mlupopa/RHEAs_HydraGNN/HydraGNN/examples/vasp_solid_solution_alloys/dataset/bcc_NbZr/Nb-Zr/Zr64Nb64/case-85,0.5,1.7337458207031258,1733.7458207031257,0.15044882076650604
/lustre/orion/lrn070/world-shared/mlupopa/RHEAs_HydraGNN/HydraGNN/examples/vasp_solid_solution_alloys/dataset/bcc_NbZr/Nb-Zr/Zr64Nb64/case-86,0.5,1.7330071533593756,1733.0071533593757,0.15054710558824455
/lustre/orion/lrn070/world-shared/mlupopa/RHEAs_HydraGNN/HydraGNN/examples/vasp_solid_solution_alloys/dataset/bcc_NbZr/Nb-Zr/Zr64Nb64/case-87,0.5,1.7352242165625018,1735.2242165625019,0.15423172241682334
/lustre/orion/lrn070/world-shared/mlupopa/RHEAs_HydraGNN/HydraGNN/examples/vasp_solid_solution_alloys/dataset/bcc_NbZr/Nb-Zr/Zr64Nb64/case-88,0.5,1.730082804765626,1730.082804765626,0.15384560332090072
/lustre/orion/lrn070/world-shared/mlupopa/RHEAs_HydraGNN/HydraGNN/examples/vasp_solid_solution_alloys/dataset/bcc_NbZr/Nb-Zr/Zr64Nb64/case-89,0.5,1.7349074591406257,1734.9074591406256,0.15185062553163994
/lustre/orion/lrn070/world-shared/mlupopa/RHEAs_HydraGNN/HydraGNN/examples/vasp_solid_solution_alloys/dataset/bcc_NbZr/Nb-Zr/Zr64Nb64/case-9,0.5,1.7326474907031262,1732.647490703126,0.15517603031549268
/lustre/orion/lrn070/world-shared/mlupopa/RHEAs_HydraGNN/HydraGNN/examples/vasp_solid_solution_alloys/dataset/bcc_NbZr/Nb-Zr/Zr64Nb64/case-90,0.5,1.735027290625002,1735.027290625002,0.15418339686157412
/lustre/orion/lrn070/world-shared/mlupopa/RHEAs_HydraGNN/HydraGNN/examples/vasp_solid_solution_alloys/dataset/bcc_NbZr/Nb-Zr/Zr64Nb64/case-91,0.5,1.7310774107031257,1731.0774107031257,0.15053580898323787
/lustre/orion/lrn070/world-shared/mlupopa/RHEAs_HydraGNN/HydraGNN/examples/vasp_solid_solution_alloys/dataset/bcc_NbZr/Nb-Zr/Zr64Nb64/case-92,0.5,1.7327789085156269,1732.7789085156269,0.15617419724984438
/lustre/orion/lrn070/world-shared/mlupopa/RHEAs_HydraGNN/HydraGNN/examples/vasp_solid_solution_alloys/dataset/bcc_NbZr/Nb-Zr/Zr64Nb64/case-93,0.5,1.7269274321093757,1726.9274321093758,0.16186282298351795
/lustre/orion/lrn070/world-shared/mlupopa/RHEAs_HydraGNN/HydraGNN/examples/vasp_solid_solution_alloys/dataset/bcc_NbZr/Nb-Zr/Zr64Nb64/case-94,0.5,1.7303107513281262,1730.3107513281261,0.15579359996133804
/lustre/orion/lrn070/world-shared/mlupopa/RHEAs_HydraGNN/HydraGNN/examples/vasp_solid_solution_alloys/dataset/bcc_NbZr/Nb-Zr/Zr64Nb64/case-95,0.5,1.7348429271875005,1734.8429271875007,0.16140065011198684
/lustre/orion/lrn070/world-shared/mlupopa/RHEAs_HydraGNN/HydraGNN/examples/vasp_solid_solution_alloys/dataset/bcc_NbZr/Nb-Zr/Zr64Nb64/case-96,0.5,1.7324101340625013,1732.4101340625014,0.15062843987857122
/lustre/orion/lrn070/world-shared/mlupopa/RHEAs_HydraGNN/HydraGNN/examples/vasp_solid_solution_alloys/dataset/bcc_NbZr/Nb-Zr/Zr64Nb64/case-97,0.5,1.7274113731250011,1727.411373125001,0.16414977827327162
/lustre/orion/lrn070/world-shared/mlupopa/RHEAs_HydraGNN/HydraGNN/examples/vasp_solid_solution_alloys/dataset/bcc_NbZr/Nb-Zr/Zr64Nb64/case-98,0.5,1.7314299889062514,1731.4299889062515,0.15498523109092074
/lustre/orion/lrn070/world-shared/mlupopa/RHEAs_HydraGNN/HydraGNN/examples/vasp_solid_solution_alloys/dataset/bcc_NbZr/Nb-Zr/Zr68Nb60/case-1,0.53125,1.8326548988525388,1832.6548988525387,0.16031561839030795
/lustre/orion/lrn070/world-shared/mlupopa/RHEAs_HydraGNN/HydraGNN/examples/vasp_solid_solution_alloys/dataset/bcc_NbZr/Nb-Zr/Zr68Nb60/case-10,0.53125,1.8344551951025387,1834.4551951025387,0.16555679971024267
/lustre/orion/lrn070/world-shared/mlupopa/RHEAs_HydraGNN/HydraGNN/examples/vasp_solid_solution_alloys/dataset/bcc_NbZr/Nb-Zr/Zr68Nb60/case-100,0.53125,1.8358955707275388,1835.8955707275388,0.16497673802783075
/lustre/orion/lrn070/world-shared/mlupopa/RHEAs_HydraGNN/HydraGNN/examples/vasp_solid_solution_alloys/dataset/bcc_NbZr/Nb-Zr/Zr68Nb60/case-11,0.53125,1.8380671739306642,1838.0671739306642,0.1618224695371205
/lustre/orion/lrn070/world-shared/mlupopa/RHEAs_HydraGNN/HydraGNN/examples/vasp_solid_solution_alloys/dataset/bcc_NbZr/Nb-Zr/Zr68Nb60/case-12,0.53125,1.8399724791650396,1839.9724791650397,0.15544609998612832
/lustre/orion/lrn070/world-shared/mlupopa/RHEAs_HydraGNN/HydraGNN/examples/vasp_solid_solution_alloys/dataset/bcc_NbZr/Nb-Zr/Zr68Nb60/case-13,0.53125,1.8392368348681636,1839.2368348681637,0.15659366474364014
/lustre/orion/lrn070/world-shared/mlupopa/RHEAs_HydraGNN/HydraGNN/examples/vasp_solid_solution_alloys/dataset/bcc_NbZr/Nb-Zr/Zr68Nb60/case-14,0.53125,1.8364341654150387,1836.4341654150387,0.15309444612264178
/lustre/orion/lrn070/world-shared/mlupopa/RHEAs_HydraGNN/HydraGNN/examples/vasp_solid_solution_alloys/dataset/bcc_NbZr/Nb-Zr/Zr68Nb60/case-15,0.53125,1.8377036641650388,1837.7036641650388,0.16320567413139486
/lustre/orion/lrn070/world-shared/mlupopa/RHEAs_HydraGNN/HydraGNN/examples/vasp_solid_solution_alloys/dataset/bcc_NbZr/Nb-Zr/Zr68Nb60/case-16,0.53125,1.837820372836914,1837.820372836914,0.1638392919215794
/lustre/orion/lrn070/world-shared/mlupopa/RHEAs_HydraGNN/HydraGNN/examples/vasp_solid_solution_alloys/dataset/bcc_NbZr/Nb-Zr/Zr68Nb60/case-17,0.53125,1.835127900024414,1835.127900024414,0.15790174376758806
/lustre/orion/lrn070/world-shared/mlupopa/RHEAs_HydraGNN/HydraGNN/examples/vasp_solid_solution_alloys/dataset/bcc_NbZr/Nb-Zr/Zr68Nb60/case-18,0.53125,1.8365031183837885,1836.5031183837887,0.16596412141249478
/lustre/orion/lrn070/world-shared/mlupopa/RHEAs_HydraGNN/HydraGNN/examples/vasp_solid_solution_alloys/dataset/bcc_NbZr/Nb-Zr/Zr68Nb60/case-19,0.53125,1.8327487957275395,1832.7487957275393,0.1698854168321546
/lustre/orion/lrn070/world-shared/mlupopa/RHEAs_HydraGNN/HydraGNN/examples/vasp_solid_solution_alloys/dataset/bcc_NbZr/Nb-Zr/Zr68Nb60/case-2,0.53125,1.8338647283056648,1833.8647283056648,0.16524546157530012
/lustre/orion/lrn070/world-shared/mlupopa/RHEAs_HydraGNN/HydraGNN/examples/vasp_solid_solution_alloys/dataset/bcc_NbZr/Nb-Zr/Zr68Nb60/case-20,0.53125,1.8367536915087896,1836.7536915087896,0.16707542272435655
/lustre/orion/lrn070/world-shared/mlupopa/RHEAs_HydraGNN/HydraGNN/examples/vasp_solid_solution_alloys/dataset/bcc_NbZr/Nb-Zr/Zr68Nb60/case-3,0.53125,1.8380669336962896,1838.0669336962897,0.16962951015614272
/lustre/orion/lrn070/world-shared/mlupopa/RHEAs_HydraGNN/HydraGNN/examples/vasp_solid_solution_alloys/dataset/bcc_NbZr/Nb-Zr/Zr68Nb60/case-4,0.53125,1.8359399955712892,1835.9399955712893,0.160374360674804
/lustre/orion/lrn070/world-shared/mlupopa/RHEAs_HydraGNN/HydraGNN/examples/vasp_solid_solution_alloys/dataset/bcc_NbZr/Nb-Zr/Zr68Nb60/case-41,0.53125,1.8402782265869142,1840.2782265869141,0.1567503272803421
/lustre/orion/lrn070/world-shared/mlupopa/RHEAs_HydraGNN/HydraGNN/examples/vasp_solid_solution_alloys/dataset/bcc_NbZr/Nb-Zr/Zr68Nb60/case-42,0.53125,1.8372189176025397,1837.2189176025397,0.1517214813879394
/lustre/orion/lrn070/world-shared/mlupopa/RHEAs_HydraGNN/HydraGNN/examples/vasp_solid_solution_alloys/dataset/bcc_NbZr/Nb-Zr/Zr68Nb60/case-43,0.53125,1.8340685500244138,1834.0685500244138,0.15137765334135572
/lustre/orion/lrn070/world-shared/mlupopa/RHEAs_HydraGNN/HydraGNN/examples/vasp_solid_solution_alloys/dataset/bcc_NbZr/Nb-Zr/Zr68Nb60/case-44,0.53125,1.8366277493994136,1836.6277493994137,0.16396892415708275
/lustre/orion/lrn070/world-shared/mlupopa/RHEAs_HydraGNN/HydraGNN/examples/vasp_solid_solution_alloys/dataset/bcc_NbZr/Nb-Zr/Zr68Nb60/case-45,0.53125,1.8376272238525395,1837.6272238525396,0.1631070591852244
/lustre/orion/lrn070/world-shared/mlupopa/RHEAs_HydraGNN/HydraGNN/examples/vasp_solid_solution_alloys/dataset/bcc_NbZr/Nb-Zr/Zr68Nb60/case-46,0.53125,1.8329808959619136,1832.9808959619136,0.17817437321148843
/lustre/orion/lrn070/world-shared/mlupopa/RHEAs_HydraGNN/HydraGNN/examples/vasp_solid_solution_alloys/dataset/bcc_NbZr/Nb-Zr/Zr68Nb60/case-47,0.53125,1.8359403579150388,1835.940357915039,0.160207116716867
/lustre/orion/lrn070/world-shared/mlupopa/RHEAs_HydraGNN/HydraGNN/examples/vasp_solid_solution_alloys/dataset/bcc_NbZr/Nb-Zr/Zr68Nb60/case-48,0.53125,1.8403175349462888,1840.3175349462888,0.15088337923119868
/lustre/orion/lrn070/world-shared/mlupopa/RHEAs_HydraGNN/HydraGNN/examples/vasp_solid_solution_alloys/dataset/bcc_NbZr/Nb-Zr/Zr68Nb60/case-49,0.53125,1.835430340493165,1835.430340493165,0.1613147088653583
/lustre/orion/lrn070/world-shared/mlupopa/RHEAs_HydraGNN/HydraGNN/examples/vasp_solid_solution_alloys/dataset/bcc_NbZr/Nb-Zr/Zr68Nb60/case-5,0.53125,1.8406933663525393,1840.6933663525392,0.15262909673444391
/lustre/orion/lrn070/world-shared/mlupopa/RHEAs_HydraGNN/HydraGNN/examples/vasp_solid_solution_alloys/dataset/bcc_NbZr/Nb-Zr/Zr68Nb60/case-50,0.53125,1.8394991369775386,1839.4991369775387,0.16612073206165476
/lustre/orion/lrn070/world-shared/mlupopa/RHEAs_HydraGNN/HydraGNN/examples/vasp_solid_solution_alloys/dataset/bcc_NbZr/Nb-Zr/Zr68Nb60/case-51,0.53125,1.8413800554150388,1841.380055415039,0.1651906153475327
/lustre/orion/lrn070/world-shared/mlupopa/RHEAs_HydraGNN/HydraGNN/examples/vasp_solid_solution_alloys/dataset/bcc_NbZr/Nb-Zr/Zr68Nb60/case-52,0.53125,1.836139239243165,1836.139239243165,0.17117963255729357
/lustre/orion/lrn070/world-shared/mlupopa/RHEAs_HydraGNN/HydraGNN/examples/vasp_solid_solution_alloys/dataset/bcc_NbZr/Nb-Zr/Zr68Nb60/case-53,0.53125,1.836417049243165,1836.4170492431651,0.16246865638205618
/lustre/orion/lrn070/world-shared/mlupopa/RHEAs_HydraGNN/HydraGNN/examples/vasp_solid_solution_alloys/dataset/bcc_NbZr/Nb-Zr/Zr68Nb60/case-54,0.53125,1.8316563542431652,1831.6563542431652,0.17172801504048382
/lustre/orion/lrn070/world-shared/mlupopa/RHEAs_HydraGNN/HydraGNN/examples/vasp_solid_solution_alloys/dataset/bcc_NbZr/Nb-Zr/Zr68Nb60/case-55,0.53125,1.8371468595556646,1837.1468595556646,0.15371229574319306
/lustre/orion/lrn070/world-shared/mlupopa/RHEAs_HydraGNN/HydraGNN/examples/vasp_solid_solution_alloys/dataset/bcc_NbZr/Nb-Zr/Zr68Nb60/case-56,0.53125,1.8358899461962892,1835.8899461962892,0.16833807504032
/lustre/orion/lrn070/world-shared/mlupopa/RHEAs_HydraGNN/HydraGNN/examples/vasp_solid_solution_alloys/dataset/bcc_NbZr/Nb-Zr/Zr68Nb60/case-57,0.53125,1.8350821313525394,1835.0821313525394,0.15581463122181508
/lustre/orion/lrn070/world-shared/mlupopa/RHEAs_HydraGNN/HydraGNN/examples/vasp_solid_solution_alloys/dataset/bcc_NbZr/Nb-Zr/Zr68Nb60/case-58,0.53125,1.8340870413525394,1834.0870413525395,0.15802372326534492
/lustre/orion/lrn070/world-shared/mlupopa/RHEAs_HydraGNN/HydraGNN/examples/vasp_solid_solution_alloys/dataset/bcc_NbZr/Nb-Zr/Zr68Nb60/case-59,0.53125,1.83546483947754,1835.46483947754,0.15985645523781433
/lustre/orion/lrn070/world-shared/mlupopa/RHEAs_HydraGNN/HydraGNN/examples/vasp_solid_solution_alloys/dataset/bcc_NbZr/Nb-Zr/Zr68Nb60/case-6,0.53125,1.83348708291504,1833.48708291504,0.1625594398945715
/lustre/orion/lrn070/world-shared/mlupopa/RHEAs_HydraGNN/HydraGNN/examples/vasp_solid_solution_alloys/dataset/bcc_NbZr/Nb-Zr/Zr68Nb60/case-60,0.53125,1.8284573693994144,1828.4573693994143,0.17060352048704544
/lustre/orion/lrn070/world-shared/mlupopa/RHEAs_HydraGNN/HydraGNN/examples/vasp_solid_solution_alloys/dataset/bcc_NbZr/Nb-Zr/Zr68Nb60/case-61,0.53125,1.836296551743164,1836.296551743164,0.16020727110840635
/lustre/orion/lrn070/world-shared/mlupopa/RHEAs_HydraGNN/HydraGNN/examples/vasp_solid_solution_alloys/dataset/bcc_NbZr/Nb-Zr/Zr68Nb60/case-62,0.53125,1.8367785615869145,1836.7785615869145,0.153812973680923
/lustre/orion/lrn070/world-shared/mlupopa/RHEAs_HydraGNN/HydraGNN/examples/vasp_solid_solution_alloys/dataset/bcc_NbZr/Nb-Zr/Zr68Nb60/case-63,0.53125,1.8365643303369144,1836.5643303369143,0.15974877787735553
/lustre/orion/lrn070/world-shared/mlupopa/RHEAs_HydraGNN/HydraGNN/examples/vasp_solid_solution_alloys/dataset/bcc_NbZr/Nb-Zr/Zr68Nb60/case-64,0.53125,1.8340560108056643,1834.0560108056643,0.16004116411934466
/lustre/orion/lrn070/world-shared/mlupopa/RHEAs_HydraGNN/HydraGNN/examples/vasp_solid_solution_alloys/dataset/bcc_NbZr/Nb-Zr/Zr68Nb60/case-65,0.53125,1.837877904868165,1837.877904868165,0.15584342594707803
/lustre/orion/lrn070/world-shared/mlupopa/RHEAs_HydraGNN/HydraGNN/examples/vasp_solid_solution_alloys/dataset/bcc_NbZr/Nb-Zr/Zr68Nb60/case-66,0.53125,1.8363307031494145,1836.3307031494146,0.15196617453631875
/lustre/orion/lrn070/world-shared/mlupopa/RHEAs_HydraGNN/HydraGNN/examples/vasp_solid_solution_alloys/dataset/bcc_NbZr/Nb-Zr/Zr68Nb60/case-67,0.53125,1.8365236989306641,1836.523698930664,0.16269890843579188
/lustre/orion/lrn070/world-shared/mlupopa/RHEAs_HydraGNN/HydraGNN/examples/vasp_solid_solution_alloys/dataset/bcc_NbZr/Nb-Zr/Zr68Nb60/case-68,0.53125,1.836082270415039,1836.082270415039,0.15775712699788044
/lustre/orion/lrn070/world-shared/mlupopa/RHEAs_HydraGNN/HydraGNN/examples/vasp_solid_solution_alloys/dataset/bcc_NbZr/Nb-Zr/Zr68Nb60/case-69,0.53125,1.836353575258789,1836.3535752587889,0.1600227863094425
/lustre/orion/lrn070/world-shared/mlupopa/RHEAs_HydraGNN/HydraGNN/examples/vasp_solid_solution_alloys/dataset/bcc_NbZr/Nb-Zr/Zr68Nb60/case-7,0.53125,1.8373820631494144,1837.3820631494145,0.15524418341351845
/lustre/orion/lrn070/world-shared/mlupopa/RHEAs_HydraGNN/HydraGNN/examples/vasp_solid_solution_alloys/dataset/bcc_NbZr/Nb-Zr/Zr68Nb60/case-70,0.53125,1.8343092151025395,1834.3092151025396,0.16855545666627136
/lustre/orion/lrn070/world-shared/mlupopa/RHEAs_HydraGNN/HydraGNN/examples/vasp_solid_solution_alloys/dataset/bcc_NbZr/Nb-Zr/Zr68Nb60/case-71,0.53125,1.832262343461915,1832.262343461915,0.15434403287731302
/lustre/orion/lrn070/world-shared/mlupopa/RHEAs_HydraGNN/HydraGNN/examples/vasp_solid_solution_alloys/dataset/bcc_NbZr/Nb-Zr/Zr68Nb60/case-72,0.53125,1.8360132594775393,1836.0132594775393,0.15910551612938084
/lustre/orion/lrn070/world-shared/mlupopa/RHEAs_HydraGNN/HydraGNN/examples/vasp_solid_solution_alloys/dataset/bcc_NbZr/Nb-Zr/Zr68Nb60/case-73,0.53125,1.8352333828369147,1835.2333828369146,0.16288647456513003
/lustre/orion/lrn070/world-shared/mlupopa/RHEAs_HydraGNN/HydraGNN/examples/vasp_solid_solution_alloys/dataset/bcc_NbZr/Nb-Zr/Zr68Nb60/case-74,0.53125,1.8378074251806638,1837.8074251806638,0.15392094827812286
/lustre/orion/lrn070/world-shared/mlupopa/RHEAs_HydraGNN/HydraGNN/examples/vasp_solid_solution_alloys/dataset/bcc_NbZr/Nb-Zr/Zr68Nb60/case-75,0.53125,1.8351402479150387,1835.1402479150388,0.16246681369083726
/lustre/orion/lrn070/world-shared/mlupopa/RHEAs_HydraGNN/HydraGNN/examples/vasp_solid_solution_alloys/dataset/bcc_NbZr/Nb-Zr/Zr68Nb60/case-76,0.53125,1.8327530747119152,1832.7530747119151,0.1644933716221239
/lustre/orion/lrn070/world-shared/mlupopa/RHEAs_HydraGNN/HydraGNN/examples/vasp_solid_solution_alloys/dataset/bcc_NbZr/Nb-Zr/Zr68Nb60/case-77,0.53125,1.833995622368164,1833.9956223681638,0.15660998357533756
/lustre/orion/lrn070/world-shared/mlupopa/RHEAs_HydraGNN/HydraGNN/examples/vasp_solid_solution_alloys/dataset/bcc_NbZr/Nb-Zr/Zr68Nb60/case-78,0.53125,1.8377165003369136,1837.7165003369137,0.15424044970407316
/lustre/orion/lrn070/world-shared/mlupopa/RHEAs_HydraGNN/HydraGNN/examples/vasp_solid_solution_alloys/dataset/bcc_NbZr/Nb-Zr/Zr68Nb60/case-79,0.53125,1.835994545571289,1835.9945455712889,0.16923024762020197
/lustre/orion/lrn070/world-shared/mlupopa/RHEAs_HydraGNN/HydraGNN/examples/vasp_solid_solution_alloys/dataset/bcc_NbZr/Nb-Zr/Zr68Nb60/case-8,0.53125,1.8365130039306639,1836.513003930664,0.15521570561688303
/lustre/orion/lrn070/world-shared/mlupopa/RHEAs_HydraGNN/HydraGNN/examples/vasp_solid_solution_alloys/dataset/bcc_NbZr/Nb-Zr/Zr68Nb60/case-80,0.53125,1.8349411447119142,1834.9411447119141,0.16485568689566063
/lustre/orion/lrn070/world-shared/mlupopa/RHEAs_HydraGNN/HydraGNN/examples/vasp_solid_solution_alloys/dataset/bcc_NbZr/Nb-Zr/Zr68Nb60/case-81,0.53125,1.8356836769775402,1835.6836769775402,0.16604443852566583
/lustre/orion/lrn070/world-shared/mlupopa/RHEAs_HydraGNN/HydraGNN/examples/vasp_solid_solution_alloys/dataset/bcc_NbZr/Nb-Zr/Zr68Nb60/case-82,0.53125,1.8393636786181649,1839.3636786181648,0.15821092544558513
/lustre/orion/lrn070/world-shared/mlupopa/RHEAs_HydraGNN/HydraGNN/examples/vasp_solid_solution_alloys/dataset/bcc_NbZr/Nb-Zr/Zr68Nb60/case-83,0.53125,1.8368960031494144,1836.8960031494144,0.15530849056084192
/lustre/orion/lrn070/world-shared/mlupopa/RHEAs_HydraGNN/HydraGNN/examples/vasp_solid_solution_alloys/dataset/bcc_NbZr/Nb-Zr/Zr68Nb60/case-84,0.53125,1.837480213305664,1837.480213305664,0.15661263316529944
/lustre/orion/lrn070/world-shared/mlupopa/RHEAs_HydraGNN/HydraGNN/examples/vasp_solid_solution_alloys/dataset/bcc_NbZr/Nb-Zr/Zr68Nb60/case-85,0.53125,1.8350259577587895,1835.0259577587894,0.16709330952847168
/lustre/orion/lrn070/world-shared/mlupopa/RHEAs_HydraGNN/HydraGNN/examples/vasp_solid_solution_alloys/dataset/bcc_NbZr/Nb-Zr/Zr68Nb60/case-86,0.53125,1.8348437711962902,1834.8437711962902,0.1655321604207741
/lustre/orion/lrn070/world-shared/mlupopa/RHEAs_HydraGNN/HydraGNN/examples/vasp_solid_solution_alloys/dataset/bcc_NbZr/Nb-Zr/Zr68Nb60/case-87,0.53125,1.8368010708056648,1836.8010708056647,0.16123801924436146
/lustre/orion/lrn070/world-shared/mlupopa/RHEAs_HydraGNN/HydraGNN/examples/vasp_solid_solution_alloys/dataset/bcc_NbZr/Nb-Zr/Zr68Nb60/case-88,0.53125,1.8350494946337896,1835.0494946337897,0.17330581975031187
/lustre/orion/lrn070/world-shared/mlupopa/RHEAs_HydraGNN/HydraGNN/examples/vasp_solid_solution_alloys/dataset/bcc_NbZr/Nb-Zr/Zr68Nb60/case-89,0.53125,1.8373991442431645,1837.3991442431645,0.1594149159886319
/lustre/orion/lrn070/world-shared/mlupopa/RHEAs_HydraGNN/HydraGNN/examples/vasp_solid_solution_alloys/dataset/bcc_NbZr/Nb-Zr/Zr68Nb60/case-9,0.53125,1.8337326986181637,1833.7326986181638,0.16071895176919812
/lustre/orion/lrn070/world-shared/mlupopa/RHEAs_HydraGNN/HydraGNN/examples/vasp_solid_solution_alloys/dataset/bcc_NbZr/Nb-Zr/Zr68Nb60/case-90,0.53125,1.831819131508789,1831.819131508789,0.17615727078553328
/lustre/orion/lrn070/world-shared/mlupopa/RHEAs_HydraGNN/HydraGNN/examples/vasp_solid_solution_alloys/dataset/bcc_NbZr/Nb-Zr/Zr68Nb60/case-91,0.53125,1.8366798296337894,1836.6798296337895,0.16267842202777122
/lustre/orion/lrn070/world-shared/mlupopa/RHEAs_HydraGNN/HydraGNN/examples/vasp_solid_solution_alloys/dataset/bcc_NbZr/Nb-Zr/Zr68Nb60/case-92,0.53125,1.8370199390869146,1837.0199390869147,0.16235987279309688
/lustre/orion/lrn070/world-shared/mlupopa/RHEAs_HydraGNN/HydraGNN/examples/vasp_solid_solution_alloys/dataset/bcc_NbZr/Nb-Zr/Zr68Nb60/case-93,0.53125,1.8343201466650392,1834.3201466650391,0.17317126541352434
/lustre/orion/lrn070/world-shared/mlupopa/RHEAs_HydraGNN/HydraGNN/examples/vasp_solid_solution_alloys/dataset/bcc_NbZr/Nb-Zr/Zr68Nb60/case-94,0.53125,1.83334933322754,1833.34933322754,0.17403836708839315
/lustre/orion/lrn070/world-shared/mlupopa/RHEAs_HydraGNN/HydraGNN/examples/vasp_solid_solution_alloys/dataset/bcc_NbZr/Nb-Zr/Zr68Nb60/case-95,0.53125,1.8406174336181635,1840.6174336181634,0.16492550306143777
/lustre/orion/lrn070/world-shared/mlupopa/RHEAs_HydraGNN/HydraGNN/examples/vasp_solid_solution_alloys/dataset/bcc_NbZr/Nb-Zr/Zr68Nb60/case-96,0.53125,1.8384347677587893,1838.4347677587893,0.16036116631226982
/lustre/orion/lrn070/world-shared/mlupopa/RHEAs_HydraGNN/HydraGNN/examples/vasp_solid_solution_alloys/dataset/bcc_NbZr/Nb-Zr/Zr68Nb60/case-97,0.53125,1.8378307403369138,1837.8307403369138,0.15979817902745908
/lustre/orion/lrn070/world-shared/mlupopa/RHEAs_HydraGNN/HydraGNN/examples/vasp_solid_solution_alloys/dataset/bcc_NbZr/Nb-Zr/Zr68Nb60/case-98,0.53125,1.8415186846337885,1841.5186846337886,0.1580280119933701
/lustre/orion/lrn070/world-shared/mlupopa/RHEAs_HydraGNN/HydraGNN/examples/vasp_solid_solution_alloys/dataset/bcc_NbZr/Nb-Zr/Zr68Nb60/case-99,0.53125,1.8349605839306644,1834.9605839306644,0.17123882430000423
/lustre/orion/lrn070/world-shared/mlupopa/RHEAs_HydraGNN/HydraGNN/examples/vasp_solid_solution_alloys/dataset/bcc_NbZr/Nb-Zr/Zr72Nb56/case-1,0.5625,1.9408785566113274,1940.8785566113274,0.1588251249237544
/lustre/orion/lrn070/world-shared/mlupopa/RHEAs_HydraGNN/HydraGNN/examples/vasp_solid_solution_alloys/dataset/bcc_NbZr/Nb-Zr/Zr72Nb56/case-10,0.5625,1.9417009751269525,1941.7009751269525,0.15949097534553186
/lustre/orion/lrn070/world-shared/mlupopa/RHEAs_HydraGNN/HydraGNN/examples/vasp_solid_solution_alloys/dataset/bcc_NbZr/Nb-Zr/Zr72Nb56/case-100,0.5625,1.942696065751953,1942.696065751953,0.16167527810089719
/lustre/orion/lrn070/world-shared/mlupopa/RHEAs_HydraGNN/HydraGNN/examples/vasp_solid_solution_alloys/dataset/bcc_NbZr/Nb-Zr/Zr72Nb56/case-11,0.5625,1.9391213410644532,1939.1213410644532,0.1636806124807674
/lustre/orion/lrn070/world-shared/mlupopa/RHEAs_HydraGNN/HydraGNN/examples/vasp_solid_solution_alloys/dataset/bcc_NbZr/Nb-Zr/Zr72Nb56/case-12,0.5625,1.9398509452050767,1939.8509452050766,0.15782928708075492
/lustre/orion/lrn070/world-shared/mlupopa/RHEAs_HydraGNN/HydraGNN/examples/vasp_solid_solution_alloys/dataset/bcc_NbZr/Nb-Zr/Zr72Nb56/case-13,0.5625,1.9377071967675779,1937.707196767578,0.17133955871179132
/lustre/orion/lrn070/world-shared/mlupopa/RHEAs_HydraGNN/HydraGNN/examples/vasp_solid_solution_alloys/dataset/bcc_NbZr/Nb-Zr/Zr72Nb56/case-14,0.5625,1.9359215524707025,1935.9215524707024,0.16053050431235236
/lustre/orion/lrn070/world-shared/mlupopa/RHEAs_HydraGNN/HydraGNN/examples/vasp_solid_solution_alloys/dataset/bcc_NbZr/Nb-Zr/Zr72Nb56/case-15,0.5625,1.939809948408202,1939.809948408202,0.1752934919817759
/lustre/orion/lrn070/world-shared/mlupopa/RHEAs_HydraGNN/HydraGNN/examples/vasp_solid_solution_alloys/dataset/bcc_NbZr/Nb-Zr/Zr72Nb56/case-16,0.5625,1.943609729970703,1943.609729970703,0.16901124182088315
/lustre/orion/lrn070/world-shared/mlupopa/RHEAs_HydraGNN/HydraGNN/examples/vasp_solid_solution_alloys/dataset/bcc_NbZr/Nb-Zr/Zr72Nb56/case-17,0.5625,1.9371997032519523,1937.1997032519523,0.17188513010246842
/lustre/orion/lrn070/world-shared/mlupopa/RHEAs_HydraGNN/HydraGNN/examples/vasp_solid_solution_alloys/dataset/bcc_NbZr/Nb-Zr/Zr72Nb56/case-18,0.5625,1.9445835746582034,1944.5835746582034,0.16086070471667113
/lustre/orion/lrn070/world-shared/mlupopa/RHEAs_HydraGNN/HydraGNN/examples/vasp_solid_solution_alloys/dataset/bcc_NbZr/Nb-Zr/Zr72Nb56/case-19,0.5625,1.9372519069238283,1937.2519069238283,0.18026618036377717
/lustre/orion/lrn070/world-shared/mlupopa/RHEAs_HydraGNN/HydraGNN/examples/vasp_solid_solution_alloys/dataset/bcc_NbZr/Nb-Zr/Zr72Nb56/case-2,0.5625,1.939459445595702,1939.459445595702,0.16285265672094068
/lustre/orion/lrn070/world-shared/mlupopa/RHEAs_HydraGNN/HydraGNN/examples/vasp_solid_solution_alloys/dataset/bcc_NbZr/Nb-Zr/Zr72Nb56/case-20,0.5625,1.9364542927832034,1936.4542927832033,0.16437751515882984
/lustre/orion/lrn070/world-shared/mlupopa/RHEAs_HydraGNN/HydraGNN/examples/vasp_solid_solution_alloys/dataset/bcc_NbZr/Nb-Zr/Zr72Nb56/case-3,0.5625,1.9394382383300783,1939.4382383300783,0.17062723194022134
/lustre/orion/lrn070/world-shared/mlupopa/RHEAs_HydraGNN/HydraGNN/examples/vasp_solid_solution_alloys/dataset/bcc_NbZr/Nb-Zr/Zr72Nb56/case-4,0.5625,1.939215667783202,1939.215667783202,0.168258813974859
/lustre/orion/lrn070/world-shared/mlupopa/RHEAs_HydraGNN/HydraGNN/examples/vasp_solid_solution_alloys/dataset/bcc_NbZr/Nb-Zr/Zr72Nb56/case-41,0.5625,1.9405835933300768,1940.5835933300768,0.16589132130700365
/lustre/orion/lrn070/world-shared/mlupopa/RHEAs_HydraGNN/HydraGNN/examples/vasp_solid_solution_alloys/dataset/bcc_NbZr/Nb-Zr/Zr72Nb56/case-42,0.5625,1.936304380283202,1936.3043802832021,0.17399056015784253
/lustre/orion/lrn070/world-shared/mlupopa/RHEAs_HydraGNN/HydraGNN/examples/vasp_solid_solution_alloys/dataset/bcc_NbZr/Nb-Zr/Zr72Nb56/case-43,0.5625,1.9371910730957023,1937.1910730957022,0.1762844359463374
/lustre/orion/lrn070/world-shared/mlupopa/RHEAs_HydraGNN/HydraGNN/examples/vasp_solid_solution_alloys/dataset/bcc_NbZr/Nb-Zr/Zr72Nb56/case-44,0.5625,1.9400431374707026,1940.0431374707025,0.17088789151448525
/lustre/orion/lrn070/world-shared/mlupopa/RHEAs_HydraGNN/HydraGNN/examples/vasp_solid_solution_alloys/dataset/bcc_NbZr/Nb-Zr/Zr72Nb56/case-45,0.5625,1.9345511529394521,1934.551152939452,0.16904602890171586
/lustre/orion/lrn070/world-shared/mlupopa/RHEAs_HydraGNN/HydraGNN/examples/vasp_solid_solution_alloys/dataset/bcc_NbZr/Nb-Zr/Zr72Nb56/case-46,0.5625,1.9376397881738274,1937.6397881738274,0.15872278435607567
/lustre/orion/lrn070/world-shared/mlupopa/RHEAs_HydraGNN/HydraGNN/examples/vasp_solid_solution_alloys/dataset/bcc_NbZr/Nb-Zr/Zr72Nb56/case-47,0.5625,1.9354729762207032,1935.4729762207032,0.16858679518603983
/lustre/orion/lrn070/world-shared/mlupopa/RHEAs_HydraGNN/HydraGNN/examples/vasp_solid_solution_alloys/dataset/bcc_NbZr/Nb-Zr/Zr72Nb56/case-48,0.5625,1.9359060974707027,1935.9060974707027,0.16774448870523712
/lustre/orion/lrn070/world-shared/mlupopa/RHEAs_HydraGNN/HydraGNN/examples/vasp_solid_solution_alloys/dataset/bcc_NbZr/Nb-Zr/Zr72Nb56/case-49,0.5625,1.9384694179394533,1938.4694179394533,0.18146197206160816
/lustre/orion/lrn070/world-shared/mlupopa/RHEAs_HydraGNN/HydraGNN/examples/vasp_solid_solution_alloys/dataset/bcc_NbZr/Nb-Zr/Zr72Nb56/case-5,0.5625,1.9384941437988275,1938.4941437988275,0.15927633688701046
/lustre/orion/lrn070/world-shared/mlupopa/RHEAs_HydraGNN/HydraGNN/examples/vasp_solid_solution_alloys/dataset/bcc_NbZr/Nb-Zr/Zr72Nb56/case-50,0.5625,1.942460702861327,1942.460702861327,0.17058393763520546
/lustre/orion/lrn070/world-shared/mlupopa/RHEAs_HydraGNN/HydraGNN/examples/vasp_solid_solution_alloys/dataset/bcc_NbZr/Nb-Zr/Zr72Nb56/case-51,0.5625,1.9379017763769522,1937.901776376952,0.1672050281711889
/lustre/orion/lrn070/world-shared/mlupopa/RHEAs_HydraGNN/HydraGNN/examples/vasp_solid_solution_alloys/dataset/bcc_NbZr/Nb-Zr/Zr72Nb56/case-52,0.5625,1.9421987708300783,1942.1987708300783,0.1683761962850213
/lustre/orion/lrn070/world-shared/mlupopa/RHEAs_HydraGNN/HydraGNN/examples/vasp_solid_solution_alloys/dataset/bcc_NbZr/Nb-Zr/Zr72Nb56/case-53,0.5625,1.9338620338769523,1933.8620338769524,0.18337903113038523
/lustre/orion/lrn070/world-shared/mlupopa/RHEAs_HydraGNN/HydraGNN/examples/vasp_solid_solution_alloys/dataset/bcc_NbZr/Nb-Zr/Zr72Nb56/case-54,0.5625,1.9378935163769526,1937.8935163769527,0.1647323691416189
/lustre/orion/lrn070/world-shared/mlupopa/RHEAs_HydraGNN/HydraGNN/examples/vasp_solid_solution_alloys/dataset/bcc_NbZr/Nb-Zr/Zr72Nb56/case-55,0.5625,1.9403640430175777,1940.3640430175776,0.16251984339559672
/lustre/orion/lrn070/world-shared/mlupopa/RHEAs_HydraGNN/HydraGNN/examples/vasp_solid_solution_alloys/dataset/bcc_NbZr/Nb-Zr/Zr72Nb56/case-56,0.5625,1.940473413876953,1940.4734138769531,0.16328355005222184
/lustre/orion/lrn070/world-shared/mlupopa/RHEAs_HydraGNN/HydraGNN/examples/vasp_solid_solution_alloys/dataset/bcc_NbZr/Nb-Zr/Zr72Nb56/case-57,0.5625,1.9388554292675781,1938.855429267578,0.16747502552625154
/lustre/orion/lrn070/world-shared/mlupopa/RHEAs_HydraGNN/HydraGNN/examples/vasp_solid_solution_alloys/dataset/bcc_NbZr/Nb-Zr/Zr72Nb56/case-58,0.5625,1.9417762117675768,1941.7762117675768,0.1677698349811925
/lustre/orion/lrn070/world-shared/mlupopa/RHEAs_HydraGNN/HydraGNN/examples/vasp_solid_solution_alloys/dataset/bcc_NbZr/Nb-Zr/Zr72Nb56/case-59,0.5625,1.939046948486327,1939.046948486327,0.16799084937940523
/lustre/orion/lrn070/world-shared/mlupopa/RHEAs_HydraGNN/HydraGNN/examples/vasp_solid_solution_alloys/dataset/bcc_NbZr/Nb-Zr/Zr72Nb56/case-6,0.5625,1.936327789189452,1936.327789189452,0.16658613328113128
/lustre/orion/lrn070/world-shared/mlupopa/RHEAs_HydraGNN/HydraGNN/examples/vasp_solid_solution_alloys/dataset/bcc_NbZr/Nb-Zr/Zr72Nb56/case-60,0.5625,1.939019089892577,1939.019089892577,0.1657896201460924
/lustre/orion/lrn070/world-shared/mlupopa/RHEAs_HydraGNN/HydraGNN/examples/vasp_solid_solution_alloys/dataset/bcc_NbZr/Nb-Zr/Zr72Nb56/case-61,0.5625,1.9425978595800775,1942.5978595800775,0.1638969335012526
/lustre/orion/lrn070/world-shared/mlupopa/RHEAs_HydraGNN/HydraGNN/examples/vasp_solid_solution_alloys/dataset/bcc_NbZr/Nb-Zr/Zr72Nb56/case-62,0.5625,1.9372188230957033,1937.2188230957033,0.1662855921516284
/lustre/orion/lrn070/world-shared/mlupopa/RHEAs_HydraGNN/HydraGNN/examples/vasp_solid_solution_alloys/dataset/bcc_NbZr/Nb-Zr/Zr72Nb56/case-63,0.5625,1.9408012409863282,1940.8012409863281,0.16400310856557543
/lustre/orion/lrn070/world-shared/mlupopa/RHEAs_HydraGNN/HydraGNN/examples/vasp_solid_solution_alloys/dataset/bcc_NbZr/Nb-Zr/Zr72Nb56/case-64,0.5625,1.9384081980175782,1938.4081980175783,0.16905831124083745
/lustre/orion/lrn070/world-shared/mlupopa/RHEAs_HydraGNN/HydraGNN/examples/vasp_solid_solution_alloys/dataset/bcc_NbZr/Nb-Zr/Zr72Nb56/case-65,0.5625,1.9346187059082034,1934.6187059082033,0.17766853417091405
/lustre/orion/lrn070/world-shared/mlupopa/RHEAs_HydraGNN/HydraGNN/examples/vasp_solid_solution_alloys/dataset/bcc_NbZr/Nb-Zr/Zr72Nb56/case-66,0.5625,1.9440633970800771,1944.063397080077,0.15566414709623466
/lustre/orion/lrn070/world-shared/mlupopa/RHEAs_HydraGNN/HydraGNN/examples/vasp_solid_solution_alloys/dataset/bcc_NbZr/Nb-Zr/Zr72Nb56/case-67,0.5625,1.941330860673828,1941.330860673828,0.1640856997815041
/lustre/orion/lrn070/world-shared/mlupopa/RHEAs_HydraGNN/HydraGNN/examples/vasp_solid_solution_alloys/dataset/bcc_NbZr/Nb-Zr/Zr72Nb56/case-68,0.5625,1.9391508369238277,1939.1508369238277,0.17103019522627294
/lustre/orion/lrn070/world-shared/mlupopa/RHEAs_HydraGNN/HydraGNN/examples/vasp_solid_solution_alloys/dataset/bcc_NbZr/Nb-Zr/Zr72Nb56/case-69,0.5625,1.9356000336425776,1935.6000336425775,0.1648207025414205
/lustre/orion/lrn070/world-shared/mlupopa/RHEAs_HydraGNN/HydraGNN/examples/vasp_solid_solution_alloys/dataset/bcc_NbZr/Nb-Zr/Zr72Nb56/case-7,0.5625,1.942078116533203,1942.078116533203,0.16655742317208294
/lustre/orion/lrn070/world-shared/mlupopa/RHEAs_HydraGNN/HydraGNN/examples/vasp_solid_solution_alloys/dataset/bcc_NbZr/Nb-Zr/Zr72Nb56/case-70,0.5625,1.942838730439453,1942.838730439453,0.16654223629997922
/lustre/orion/lrn070/world-shared/mlupopa/RHEAs_HydraGNN/HydraGNN/examples/vasp_solid_solution_alloys/dataset/bcc_NbZr/Nb-Zr/Zr72Nb56/case-71,0.5625,1.9400899179394528,1940.0899179394528,0.16195627971525745
/lustre/orion/lrn070/world-shared/mlupopa/RHEAs_HydraGNN/HydraGNN/examples/vasp_solid_solution_alloys/dataset/bcc_NbZr/Nb-Zr/Zr72Nb56/case-72,0.5625,1.9405002595800784,1940.5002595800784,0.16776103246345805
/lustre/orion/lrn070/world-shared/mlupopa/RHEAs_HydraGNN/HydraGNN/examples/vasp_solid_solution_alloys/dataset/bcc_NbZr/Nb-Zr/Zr72Nb56/case-73,0.5625,1.938161024033203,1938.161024033203,0.17809368500676126
/lustre/orion/lrn070/world-shared/mlupopa/RHEAs_HydraGNN/HydraGNN/examples/vasp_solid_solution_alloys/dataset/bcc_NbZr/Nb-Zr/Zr72Nb56/case-74,0.5625,1.9371869725488278,1937.1869725488277,0.17404401944339207
/lustre/orion/lrn070/world-shared/mlupopa/RHEAs_HydraGNN/HydraGNN/examples/vasp_solid_solution_alloys/dataset/bcc_NbZr/Nb-Zr/Zr72Nb56/case-75,0.5625,1.941530933017578,1941.530933017578,0.16462353918933897
/lustre/orion/lrn070/world-shared/mlupopa/RHEAs_HydraGNN/HydraGNN/examples/vasp_solid_solution_alloys/dataset/bcc_NbZr/Nb-Zr/Zr72Nb56/case-76,0.5625,1.938498553486328,1938.4985534863279,0.16155879205913296
/lustre/orion/lrn070/world-shared/mlupopa/RHEAs_HydraGNN/HydraGNN/examples/vasp_solid_solution_alloys/dataset/bcc_NbZr/Nb-Zr/Zr72Nb56/case-77,0.5625,1.9387910137988271,1938.7910137988272,0.18454335322656615
/lustre/orion/lrn070/world-shared/mlupopa/RHEAs_HydraGNN/HydraGNN/examples/vasp_solid_solution_alloys/dataset/bcc_NbZr/Nb-Zr/Zr72Nb56/case-78,0.5625,1.9417744030957031,1941.774403095703,0.16624848048330818
/lustre/orion/lrn070/world-shared/mlupopa/RHEAs_HydraGNN/HydraGNN/examples/vasp_solid_solution_alloys/dataset/bcc_NbZr/Nb-Zr/Zr72Nb56/case-79,0.5625,1.941675804345703,1941.675804345703,0.15704914979067092
/lustre/orion/lrn070/world-shared/mlupopa/RHEAs_HydraGNN/HydraGNN/examples/vasp_solid_solution_alloys/dataset/bcc_NbZr/Nb-Zr/Zr72Nb56/case-8,0.5625,1.939040780517578,1939.040780517578,0.16669469323087516
/lustre/orion/lrn070/world-shared/mlupopa/RHEAs_HydraGNN/HydraGNN/examples/vasp_solid_solution_alloys/dataset/bcc_NbZr/Nb-Zr/Zr72Nb56/case-80,0.5625,1.9419277502050782,1941.9277502050782,0.1684878360159756
/lustre/orion/lrn070/world-shared/mlupopa/RHEAs_HydraGNN/HydraGNN/examples/vasp_solid_solution_alloys/dataset/bcc_NbZr/Nb-Zr/Zr72Nb56/case-81,0.5625,1.9353921026269525,1935.3921026269525,0.17508313933905265
/lustre/orion/lrn070/world-shared/mlupopa/RHEAs_HydraGNN/HydraGNN/examples/vasp_solid_solution_alloys/dataset/bcc_NbZr/Nb-Zr/Zr72Nb56/case-82,0.5625,1.9398313848925781,1939.8313848925782,0.17488865355977307
/lustre/orion/lrn070/world-shared/mlupopa/RHEAs_HydraGNN/HydraGNN/examples/vasp_solid_solution_alloys/dataset/bcc_NbZr/Nb-Zr/Zr72Nb56/case-83,0.5625,1.9407299448925777,1940.7299448925776,0.163477753230076
/lustre/orion/lrn070/world-shared/mlupopa/RHEAs_HydraGNN/HydraGNN/examples/vasp_solid_solution_alloys/dataset/bcc_NbZr/Nb-Zr/Zr72Nb56/case-84,0.5625,1.9406354137207025,1940.6354137207024,0.16815872070964732
/lustre/orion/lrn070/world-shared/mlupopa/RHEAs_HydraGNN/HydraGNN/examples/vasp_solid_solution_alloys/dataset/bcc_NbZr/Nb-Zr/Zr72Nb56/case-85,0.5625,1.9364552657519525,1936.4552657519525,0.17289836100764844
/lustre/orion/lrn070/world-shared/mlupopa/RHEAs_HydraGNN/HydraGNN/examples/vasp_solid_solution_alloys/dataset/bcc_NbZr/Nb-Zr/Zr72Nb56/case-86,0.5625,1.941388425986327,1941.388425986327,0.16893815904480144
/lustre/orion/lrn070/world-shared/mlupopa/RHEAs_HydraGNN/HydraGNN/examples/vasp_solid_solution_alloys/dataset/bcc_NbZr/Nb-Zr/Zr72Nb56/case-87,0.5625,1.9451285824707032,1945.1285824707031,0.15971899213921334
/lustre/orion/lrn070/world-shared/mlupopa/RHEAs_HydraGNN/HydraGNN/examples/vasp_solid_solution_alloys/dataset/bcc_NbZr/Nb-Zr/Zr72Nb56/case-88,0.5625,1.942249785986327,1942.249785986327,0.16847758550181408
/lustre/orion/lrn070/world-shared/mlupopa/RHEAs_HydraGNN/HydraGNN/examples/vasp_solid_solution_alloys/dataset/bcc_NbZr/Nb-Zr/Zr72Nb56/case-89,0.5625,1.9406475281738285,1940.6475281738285,0.1661868974554888
/lustre/orion/lrn070/world-shared/mlupopa/RHEAs_HydraGNN/HydraGNN/examples/vasp_solid_solution_alloys/dataset/bcc_NbZr/Nb-Zr/Zr72Nb56/case-9,0.5625,1.936411051455078,1936.411051455078,0.17740586619768428
/lustre/orion/lrn070/world-shared/mlupopa/RHEAs_HydraGNN/HydraGNN/examples/vasp_solid_solution_alloys/dataset/bcc_NbZr/Nb-Zr/Zr72Nb56/case-90,0.5625,1.9370018740332018,1937.0018740332018,0.16853746032519207
/lustre/orion/lrn070/world-shared/mlupopa/RHEAs_HydraGNN/HydraGNN/examples/vasp_solid_solution_alloys/dataset/bcc_NbZr/Nb-Zr/Zr72Nb56/case-91,0.5625,1.9400854387988282,1940.0854387988281,0.16880658223456158
/lustre/orion/lrn070/world-shared/mlupopa/RHEAs_HydraGNN/HydraGNN/examples/vasp_solid_solution_alloys/dataset/bcc_NbZr/Nb-Zr/Zr72Nb56/case-92,0.5625,1.9390018561425784,1939.0018561425784,0.1667210286183192
/lustre/orion/lrn070/world-shared/mlupopa/RHEAs_HydraGNN/HydraGNN/examples/vasp_solid_solution_alloys/dataset/bcc_NbZr/Nb-Zr/Zr72Nb56/case-93,0.5625,1.934518675908203,1934.518675908203,0.18163846953815402
/lustre/orion/lrn070/world-shared/mlupopa/RHEAs_HydraGNN/HydraGNN/examples/vasp_solid_solution_alloys/dataset/bcc_NbZr/Nb-Zr/Zr72Nb56/case-94,0.5625,1.9388331380175767,1938.8331380175766,0.17056001199888796
/lustre/orion/lrn070/world-shared/mlupopa/RHEAs_HydraGNN/HydraGNN/examples/vasp_solid_solution_alloys/dataset/bcc_NbZr/Nb-Zr/Zr72Nb56/case-95,0.5625,1.9393958862207032,1939.3958862207032,0.1706236249845467
/lustre/orion/lrn070/world-shared/mlupopa/RHEAs_HydraGNN/HydraGNN/examples/vasp_solid_solution_alloys/dataset/bcc_NbZr/Nb-Zr/Zr72Nb56/case-96,0.5625,1.9374044645019524,1937.4044645019524,0.16939379528123025
/lustre/orion/lrn070/world-shared/mlupopa/RHEAs_HydraGNN/HydraGNN/examples/vasp_solid_solution_alloys/dataset/bcc_NbZr/Nb-Zr/Zr72Nb56/case-97,0.5625,1.936718780908203,1936.718780908203,0.16713089491510422
/lustre/orion/lrn070/world-shared/mlupopa/RHEAs_HydraGNN/HydraGNN/examples/vasp_solid_solution_alloys/dataset/bcc_NbZr/Nb-Zr/Zr72Nb56/case-98,0.5625,1.9446095141113275,1944.6095141113276,0.16130445194046983
/lustre/orion/lrn070/world-shared/mlupopa/RHEAs_HydraGNN/HydraGNN/examples/vasp_solid_solution_alloys/dataset/bcc_NbZr/Nb-Zr/Zr72Nb56/case-99,0.5625,1.9357035819238284,1935.7035819238283,0.1691627677301262
/lustre/orion/lrn070/world-shared/mlupopa/RHEAs_HydraGNN/HydraGNN/examples/vasp_solid_solution_alloys/dataset/bcc_NbZr/Nb-Zr/Zr76Nb52/case-1,0.59375,2.0411268560107434,2041.1268560107435,0.1650269575102104
/lustre/orion/lrn070/world-shared/mlupopa/RHEAs_HydraGNN/HydraGNN/examples/vasp_solid_solution_alloys/dataset/bcc_NbZr/Nb-Zr/Zr76Nb52/case-10,0.59375,2.0413414169482422,2041.341416948242,0.16619571697000415
/lustre/orion/lrn070/world-shared/mlupopa/RHEAs_HydraGNN/HydraGNN/examples/vasp_solid_solution_alloys/dataset/bcc_NbZr/Nb-Zr/Zr76Nb52/case-100,0.59375,2.0727803860888674,2072.7803860888675,0.16666316405020057
/lustre/orion/lrn070/world-shared/mlupopa/RHEAs_HydraGNN/HydraGNN/examples/vasp_solid_solution_alloys/dataset/bcc_NbZr/Nb-Zr/Zr76Nb52/case-11,0.59375,2.039203460932617,2039.203460932617,0.17685495748525898
/lustre/orion/lrn070/world-shared/mlupopa/RHEAs_HydraGNN/HydraGNN/examples/vasp_solid_solution_alloys/dataset/bcc_NbZr/Nb-Zr/Zr76Nb52/case-12,0.59375,2.043814228276368,2043.8142282763679,0.17156912329725604
/lustre/orion/lrn070/world-shared/mlupopa/RHEAs_HydraGNN/HydraGNN/examples/vasp_solid_solution_alloys/dataset/bcc_NbZr/Nb-Zr/Zr76Nb52/case-13,0.59375,2.040580736557617,2040.580736557617,0.17178845559273154
/lustre/orion/lrn070/world-shared/mlupopa/RHEAs_HydraGNN/HydraGNN/examples/vasp_solid_solution_alloys/dataset/bcc_NbZr/Nb-Zr/Zr76Nb52/case-14,0.59375,2.0396103088232422,2039.6103088232421,0.17825079196411947
/lustre/orion/lrn070/world-shared/mlupopa/RHEAs_HydraGNN/HydraGNN/examples/vasp_solid_solution_alloys/dataset/bcc_NbZr/Nb-Zr/Zr76Nb52/case-15,0.59375,2.038616068198243,2038.6160681982428,0.17398915003433077
/lustre/orion/lrn070/world-shared/mlupopa/RHEAs_HydraGNN/HydraGNN/examples/vasp_solid_solution_alloys/dataset/bcc_NbZr/Nb-Zr/Zr76Nb52/case-16,0.59375,2.0394087321826184,2039.4087321826185,0.17162722065933167
/lustre/orion/lrn070/world-shared/mlupopa/RHEAs_HydraGNN/HydraGNN/examples/vasp_solid_solution_alloys/dataset/bcc_NbZr/Nb-Zr/Zr76Nb52/case-17,0.59375,2.0446991927294924,2044.6991927294923,0.16913597750404835
/lustre/orion/lrn070/world-shared/mlupopa/RHEAs_HydraGNN/HydraGNN/examples/vasp_solid_solution_alloys/dataset/bcc_NbZr/Nb-Zr/Zr76Nb52/case-18,0.59375,2.0445018638232426,2044.5018638232427,0.16401568098113647
/lustre/orion/lrn070/world-shared/mlupopa/RHEAs_HydraGNN/HydraGNN/examples/vasp_solid_solution_alloys/dataset/bcc_NbZr/Nb-Zr/Zr76Nb52/case-19,0.59375,2.0438215123388677,2043.8215123388677,0.16407413062916817
/lustre/orion/lrn070/world-shared/mlupopa/RHEAs_HydraGNN/HydraGNN/examples/vasp_solid_solution_alloys/dataset/bcc_NbZr/Nb-Zr/Zr76Nb52/case-2,0.59375,2.038174137182617,2038.174137182617,0.17540492737776278
/lustre/orion/lrn070/world-shared/mlupopa/RHEAs_HydraGNN/HydraGNN/examples/vasp_solid_solution_alloys/dataset/bcc_NbZr/Nb-Zr/Zr76Nb52/case-20,0.59375,2.0422888472607426,2042.2888472607426,0.16230390411727294
/lustre/orion/lrn070/world-shared/mlupopa/RHEAs_HydraGNN/HydraGNN/examples/vasp_solid_solution_alloys/dataset/bcc_NbZr/Nb-Zr/Zr76Nb52/case-3,0.59375,2.041188568276368,2041.1885682763682,0.1747522582122982
/lustre/orion/lrn070/world-shared/mlupopa/RHEAs_HydraGNN/HydraGNN/examples/vasp_solid_solution_alloys/dataset/bcc_NbZr/Nb-Zr/Zr76Nb52/case-4,0.59375,2.0405093722607432,2040.5093722607432,0.18321992926957317
/lustre/orion/lrn070/world-shared/mlupopa/RHEAs_HydraGNN/HydraGNN/examples/vasp_solid_solution_alloys/dataset/bcc_NbZr/Nb-Zr/Zr76Nb52/case-41,0.59375,2.049595144838868,2049.5951448388682,0.16866777056414037
/lustre/orion/lrn070/world-shared/mlupopa/RHEAs_HydraGNN/HydraGNN/examples/vasp_solid_solution_alloys/dataset/bcc_NbZr/Nb-Zr/Zr76Nb52/case-42,0.59375,2.0400267578857427,2040.0267578857427,0.16629433953809952
/lustre/orion/lrn070/world-shared/mlupopa/RHEAs_HydraGNN/HydraGNN/examples/vasp_solid_solution_alloys/dataset/bcc_NbZr/Nb-Zr/Zr76Nb52/case-43,0.59375,2.046562314448243,2046.5623144482431,0.17264156686264207
/lustre/orion/lrn070/world-shared/mlupopa/RHEAs_HydraGNN/HydraGNN/examples/vasp_solid_solution_alloys/dataset/bcc_NbZr/Nb-Zr/Zr76Nb52/case-44,0.59375,2.0410429827294934,2041.0429827294934,0.1746033566736904
/lustre/orion/lrn070/world-shared/mlupopa/RHEAs_HydraGNN/HydraGNN/examples/vasp_solid_solution_alloys/dataset/bcc_NbZr/Nb-Zr/Zr76Nb52/case-45,0.59375,2.043844850151368,2043.844850151368,0.168177520140963
/lustre/orion/lrn070/world-shared/mlupopa/RHEAs_HydraGNN/HydraGNN/examples/vasp_solid_solution_alloys/dataset/bcc_NbZr/Nb-Zr/Zr76Nb52/case-46,0.59375,2.0430838067138684,2043.0838067138684,0.1754127935277584
/lustre/orion/lrn070/world-shared/mlupopa/RHEAs_HydraGNN/HydraGNN/examples/vasp_solid_solution_alloys/dataset/bcc_NbZr/Nb-Zr/Zr76Nb52/case-47,0.59375,2.045511009916993,2045.5110099169929,0.17051242756005852
/lustre/orion/lrn070/world-shared/mlupopa/RHEAs_HydraGNN/HydraGNN/examples/vasp_solid_solution_alloys/dataset/bcc_NbZr/Nb-Zr/Zr76Nb52/case-48,0.59375,2.0376768556982423,2037.6768556982422,0.17873169046346715
/lustre/orion/lrn070/world-shared/mlupopa/RHEAs_HydraGNN/HydraGNN/examples/vasp_solid_solution_alloys/dataset/bcc_NbZr/Nb-Zr/Zr76Nb52/case-49,0.59375,2.042809508354493,2042.809508354493,0.1713650715153097
/lustre/orion/lrn070/world-shared/mlupopa/RHEAs_HydraGNN/HydraGNN/examples/vasp_solid_solution_alloys/dataset/bcc_NbZr/Nb-Zr/Zr76Nb52/case-5,0.59375,2.0394539234326174,2039.4539234326176,0.1689211696853864
/lustre/orion/lrn070/world-shared/mlupopa/RHEAs_HydraGNN/HydraGNN/examples/vasp_solid_solution_alloys/dataset/bcc_NbZr/Nb-Zr/Zr76Nb52/case-50,0.59375,2.0376689188232433,2037.6689188232433,0.17405280123392425
/lustre/orion/lrn070/world-shared/mlupopa/RHEAs_HydraGNN/HydraGNN/examples/vasp_solid_solution_alloys/dataset/bcc_NbZr/Nb-Zr/Zr76Nb52/case-51,0.59375,2.0405031674169933,2040.5031674169934,0.17188429858147572
/lustre/orion/lrn070/world-shared/mlupopa/RHEAs_HydraGNN/HydraGNN/examples/vasp_solid_solution_alloys/dataset/bcc_NbZr/Nb-Zr/Zr76Nb52/case-52,0.59375,2.040025555541993,2040.0255555419928,0.1862436943202929
/lustre/orion/lrn070/world-shared/mlupopa/RHEAs_HydraGNN/HydraGNN/examples/vasp_solid_solution_alloys/dataset/bcc_NbZr/Nb-Zr/Zr76Nb52/case-53,0.59375,2.042235850385742,2042.235850385742,0.16821840720785097
/lustre/orion/lrn070/world-shared/mlupopa/RHEAs_HydraGNN/HydraGNN/examples/vasp_solid_solution_alloys/dataset/bcc_NbZr/Nb-Zr/Zr76Nb52/case-54,0.59375,2.043248657260742,2043.248657260742,0.17137852559802674
/lustre/orion/lrn070/world-shared/mlupopa/RHEAs_HydraGNN/HydraGNN/examples/vasp_solid_solution_alloys/dataset/bcc_NbZr/Nb-Zr/Zr76Nb52/case-55,0.59375,2.0413332454638677,2041.3332454638678,0.17704986612503396
/lustre/orion/lrn070/world-shared/mlupopa/RHEAs_HydraGNN/HydraGNN/examples/vasp_solid_solution_alloys/dataset/bcc_NbZr/Nb-Zr/Zr76Nb52/case-56,0.59375,2.039948634370118,2039.948634370118,0.1707827926244021
/lustre/orion/lrn070/world-shared/mlupopa/RHEAs_HydraGNN/HydraGNN/examples/vasp_solid_solution_alloys/dataset/bcc_NbZr/Nb-Zr/Zr76Nb52/case-57,0.59375,2.0441544682763677,2044.1544682763677,0.16334264915367114
/lustre/orion/lrn070/world-shared/mlupopa/RHEAs_HydraGNN/HydraGNN/examples/vasp_solid_solution_alloys/dataset/bcc_NbZr/Nb-Zr/Zr76Nb52/case-58,0.59375,2.0416199661669925,2041.6199661669925,0.17844819243373145
/lustre/orion/lrn070/world-shared/mlupopa/RHEAs_HydraGNN/HydraGNN/examples/vasp_solid_solution_alloys/dataset/bcc_NbZr/Nb-Zr/Zr76Nb52/case-59,0.59375,2.0407264741357434,2040.7264741357433,0.1691366822515317
/lustre/orion/lrn070/world-shared/mlupopa/RHEAs_HydraGNN/HydraGNN/examples/vasp_solid_solution_alloys/dataset/bcc_NbZr/Nb-Zr/Zr76Nb52/case-6,0.59375,2.039537539838868,2039.537539838868,0.1649745945760641
/lustre/orion/lrn070/world-shared/mlupopa/RHEAs_HydraGNN/HydraGNN/examples/vasp_solid_solution_alloys/dataset/bcc_NbZr/Nb-Zr/Zr76Nb52/case-60,0.59375,2.044974362495118,2044.9743624951182,0.173166274130628
/lustre/orion/lrn070/world-shared/mlupopa/RHEAs_HydraGNN/HydraGNN/examples/vasp_solid_solution_alloys/dataset/bcc_NbZr/Nb-Zr/Zr76Nb52/case-61,0.59375,2.0435017362451173,2043.5017362451174,0.1601832490300204
/lustre/orion/lrn070/world-shared/mlupopa/RHEAs_HydraGNN/HydraGNN/examples/vasp_solid_solution_alloys/dataset/bcc_NbZr/Nb-Zr/Zr76Nb52/case-62,0.59375,2.0401618449169927,2040.1618449169928,0.17400178925606563
/lustre/orion/lrn070/world-shared/mlupopa/RHEAs_HydraGNN/HydraGNN/examples/vasp_solid_solution_alloys/dataset/bcc_NbZr/Nb-Zr/Zr76Nb52/case-63,0.59375,2.040834288666993,2040.8342886669927,0.17362055999990497
/lustre/orion/lrn070/world-shared/mlupopa/RHEAs_HydraGNN/HydraGNN/examples/vasp_solid_solution_alloys/dataset/bcc_NbZr/Nb-Zr/Zr76Nb52/case-64,0.59375,2.038144058432618,2038.1440584326178,0.18265323385924018
/lustre/orion/lrn070/world-shared/mlupopa/RHEAs_HydraGNN/HydraGNN/examples/vasp_solid_solution_alloys/dataset/bcc_NbZr/Nb-Zr/Zr76Nb52/case-65,0.59375,2.0433190511669928,2043.3190511669927,0.1824555482098553
/lustre/orion/lrn070/world-shared/mlupopa/RHEAs_HydraGNN/HydraGNN/examples/vasp_solid_solution_alloys/dataset/bcc_NbZr/Nb-Zr/Zr76Nb52/case-66,0.59375,2.0423174221826184,2042.3174221826184,0.16904380538483807
/lustre/orion/lrn070/world-shared/mlupopa/RHEAs_HydraGNN/HydraGNN/examples/vasp_solid_solution_alloys/dataset/bcc_NbZr/Nb-Zr/Zr76Nb52/case-67,0.59375,2.0392226430419917,2039.2226430419917,0.17405884387871648
/lustre/orion/lrn070/world-shared/mlupopa/RHEAs_HydraGNN/HydraGNN/examples/vasp_solid_solution_alloys/dataset/bcc_NbZr/Nb-Zr/Zr76Nb52/case-68,0.59375,2.039102446088867,2039.1024460888668,0.1698989009967941
/lustre/orion/lrn070/world-shared/mlupopa/RHEAs_HydraGNN/HydraGNN/examples/vasp_solid_solution_alloys/dataset/bcc_NbZr/Nb-Zr/Zr76Nb52/case-69,0.59375,2.0398520333544923,2039.8520333544923,0.17677795811435104
/lustre/orion/lrn070/world-shared/mlupopa/RHEAs_HydraGNN/HydraGNN/examples/vasp_solid_solution_alloys/dataset/bcc_NbZr/Nb-Zr/Zr76Nb52/case-7,0.59375,2.042218928041992,2042.2189280419918,0.17123334852589545
/lustre/orion/lrn070/world-shared/mlupopa/RHEAs_HydraGNN/HydraGNN/examples/vasp_solid_solution_alloys/dataset/bcc_NbZr/Nb-Zr/Zr76Nb52/case-70,0.59375,2.0404234627294926,2040.4234627294927,0.17095690671439456
/lustre/orion/lrn070/world-shared/mlupopa/RHEAs_HydraGNN/HydraGNN/examples/vasp_solid_solution_alloys/dataset/bcc_NbZr/Nb-Zr/Zr76Nb52/case-71,0.59375,2.041655604448243,2041.655604448243,0.16434846346416895
/lustre/orion/lrn070/world-shared/mlupopa/RHEAs_HydraGNN/HydraGNN/examples/vasp_solid_solution_alloys/dataset/bcc_NbZr/Nb-Zr/Zr76Nb52/case-72,0.59375,2.0368073264013677,2036.8073264013678,0.1710522698228237
/lustre/orion/lrn070/world-shared/mlupopa/RHEAs_HydraGNN/HydraGNN/examples/vasp_solid_solution_alloys/dataset/bcc_NbZr/Nb-Zr/Zr76Nb52/case-73,0.59375,2.0427219866357422,2042.7219866357423,0.177700055158454
/lustre/orion/lrn070/world-shared/mlupopa/RHEAs_HydraGNN/HydraGNN/examples/vasp_solid_solution_alloys/dataset/bcc_NbZr/Nb-Zr/Zr76Nb52/case-74,0.59375,2.042995055073243,2042.9950550732433,0.17354701728052555
/lustre/orion/lrn070/world-shared/mlupopa/RHEAs_HydraGNN/HydraGNN/examples/vasp_solid_solution_alloys/dataset/bcc_NbZr/Nb-Zr/Zr76Nb52/case-75,0.59375,2.0399894766357427,2039.9894766357427,0.1705162850261154
/lustre/orion/lrn070/world-shared/mlupopa/RHEAs_HydraGNN/HydraGNN/examples/vasp_solid_solution_alloys/dataset/bcc_NbZr/Nb-Zr/Zr76Nb52/case-76,0.59375,2.044810686791992,2044.810686791992,0.16741553870668271
/lustre/orion/lrn070/world-shared/mlupopa/RHEAs_HydraGNN/HydraGNN/examples/vasp_solid_solution_alloys/dataset/bcc_NbZr/Nb-Zr/Zr76Nb52/case-77,0.59375,2.0424802190576177,2042.4802190576177,0.16715318777171634
/lustre/orion/lrn070/world-shared/mlupopa/RHEAs_HydraGNN/HydraGNN/examples/vasp_solid_solution_alloys/dataset/bcc_NbZr/Nb-Zr/Zr76Nb52/case-78,0.59375,2.0438676369482423,2043.8676369482423,0.1800897967172342
/lustre/orion/lrn070/world-shared/mlupopa/RHEAs_HydraGNN/HydraGNN/examples/vasp_solid_solution_alloys/dataset/bcc_NbZr/Nb-Zr/Zr76Nb52/case-79,0.59375,2.038134222495117,2038.1342224951168,0.1836240163210035
/lustre/orion/lrn070/world-shared/mlupopa/RHEAs_HydraGNN/HydraGNN/examples/vasp_solid_solution_alloys/dataset/bcc_NbZr/Nb-Zr/Zr76Nb52/case-8,0.59375,2.0394099681982425,2039.4099681982425,0.17342744522588677
/lustre/orion/lrn070/world-shared/mlupopa/RHEAs_HydraGNN/HydraGNN/examples/vasp_solid_solution_alloys/dataset/bcc_NbZr/Nb-Zr/Zr76Nb52/case-80,0.59375,2.042982066166992,2042.9820661669921,0.16710688675821497
/lustre/orion/lrn070/world-shared/mlupopa/RHEAs_HydraGNN/HydraGNN/examples/vasp_solid_solution_alloys/dataset/bcc_NbZr/Nb-Zr/Zr76Nb52/case-81,0.59375,2.0423825896826173,2042.3825896826174,0.16155799403503143
/lustre/orion/lrn070/world-shared/mlupopa/RHEAs_HydraGNN/HydraGNN/examples/vasp_solid_solution_alloys/dataset/bcc_NbZr/Nb-Zr/Zr76Nb52/case-82,0.59375,2.044242148588868,2044.242148588868,0.164862200463868
/lustre/orion/lrn070/world-shared/mlupopa/RHEAs_HydraGNN/HydraGNN/examples/vasp_solid_solution_alloys/dataset/bcc_NbZr/Nb-Zr/Zr76Nb52/case-83,0.59375,2.0423407060107426,2042.3407060107427,0.16855968501430044
/lustre/orion/lrn070/world-shared/mlupopa/RHEAs_HydraGNN/HydraGNN/examples/vasp_solid_solution_alloys/dataset/bcc_NbZr/Nb-Zr/Zr76Nb52/case-84,0.59375,2.041048965620117,2041.048965620117,0.16948221663935575
/lustre/orion/lrn070/world-shared/mlupopa/RHEAs_HydraGNN/HydraGNN/examples/vasp_solid_solution_alloys/dataset/bcc_NbZr/Nb-Zr/Zr76Nb52/case-85,0.59375,2.0386338181201182,2038.6338181201181,0.185305309536033
/lustre/orion/lrn070/world-shared/mlupopa/RHEAs_HydraGNN/HydraGNN/examples/vasp_solid_solution_alloys/dataset/bcc_NbZr/Nb-Zr/Zr76Nb52/case-86,0.59375,2.0383976069482426,2038.3976069482426,0.184275729453817
/lustre/orion/lrn070/world-shared/mlupopa/RHEAs_HydraGNN/HydraGNN/examples/vasp_solid_solution_alloys/dataset/bcc_NbZr/Nb-Zr/Zr76Nb52/case-87,0.59375,2.038179211479493,2038.179211479493,0.17768545353671275
/lustre/orion/lrn070/world-shared/mlupopa/RHEAs_HydraGNN/HydraGNN/examples/vasp_solid_solution_alloys/dataset/bcc_NbZr/Nb-Zr/Zr76Nb52/case-88,0.59375,2.0418867500732425,2041.8867500732424,0.1820466958389194
/lustre/orion/lrn070/world-shared/mlupopa/RHEAs_HydraGNN/HydraGNN/examples/vasp_solid_solution_alloys/dataset/bcc_NbZr/Nb-Zr/Zr76Nb52/case-89,0.59375,2.045103019213867,2045.1030192138671,0.1703012443846872
/lustre/orion/lrn070/world-shared/mlupopa/RHEAs_HydraGNN/HydraGNN/examples/vasp_solid_solution_alloys/dataset/bcc_NbZr/Nb-Zr/Zr76Nb52/case-9,0.59375,2.042827600463868,2042.8276004638678,0.1679847374063963
/lustre/orion/lrn070/world-shared/mlupopa/RHEAs_HydraGNN/HydraGNN/examples/vasp_solid_solution_alloys/dataset/bcc_NbZr/Nb-Zr/Zr76Nb52/case-90,0.59375,2.0396180813232423,2039.6180813232422,0.16804029466728498
/lustre/orion/lrn070/world-shared/mlupopa/RHEAs_HydraGNN/HydraGNN/examples/vasp_solid_solution_alloys/dataset/bcc_NbZr/Nb-Zr/Zr76Nb52/case-91,0.59375,2.039464712963868,2039.4647129638681,0.167666741581024
/lustre/orion/lrn070/world-shared/mlupopa/RHEAs_HydraGNN/HydraGNN/examples/vasp_solid_solution_alloys/dataset/bcc_NbZr/Nb-Zr/Zr76Nb52/case-92,0.59375,2.040107506479492,2040.107506479492,0.1702865408066908
/lustre/orion/lrn070/world-shared/mlupopa/RHEAs_HydraGNN/HydraGNN/examples/vasp_solid_solution_alloys/dataset/bcc_NbZr/Nb-Zr/Zr76Nb52/case-93,0.59375,2.045970186323242,2045.9701863232417,0.16401690539833688
/lustre/orion/lrn070/world-shared/mlupopa/RHEAs_HydraGNN/HydraGNN/examples/vasp_solid_solution_alloys/dataset/bcc_NbZr/Nb-Zr/Zr76Nb52/case-94,0.59375,2.040016232807618,2040.016232807618,0.17376647615871713
/lustre/orion/lrn070/world-shared/mlupopa/RHEAs_HydraGNN/HydraGNN/examples/vasp_solid_solution_alloys/dataset/bcc_NbZr/Nb-Zr/Zr76Nb52/case-95,0.59375,2.0435291327294927,2043.5291327294926,0.16435738845996217
/lustre/orion/lrn070/world-shared/mlupopa/RHEAs_HydraGNN/HydraGNN/examples/vasp_solid_solution_alloys/dataset/bcc_NbZr/Nb-Zr/Zr76Nb52/case-96,0.59375,2.0386548471044925,2038.6548471044925,0.17719623880306004
/lustre/orion/lrn070/world-shared/mlupopa/RHEAs_HydraGNN/HydraGNN/examples/vasp_solid_solution_alloys/dataset/bcc_NbZr/Nb-Zr/Zr76Nb52/case-97,0.59375,2.0406980336669918,2040.6980336669917,0.17404964427289393
/lustre/orion/lrn070/world-shared/mlupopa/RHEAs_HydraGNN/HydraGNN/examples/vasp_solid_solution_alloys/dataset/bcc_NbZr/Nb-Zr/Zr76Nb52/case-98,0.59375,2.044740468120118,2044.7404681201178,0.17392182010381024
/lustre/orion/lrn070/world-shared/mlupopa/RHEAs_HydraGNN/HydraGNN/examples/vasp_solid_solution_alloys/dataset/bcc_NbZr/Nb-Zr/Zr76Nb52/case-99,0.59375,2.0388990894482433,2038.8990894482433,0.17687972816907993
/lustre/orion/lrn070/world-shared/mlupopa/RHEAs_HydraGNN/HydraGNN/examples/vasp_solid_solution_alloys/dataset/bcc_NbZr/Nb-Zr/Zr80Nb48/case-1,0.625,2.1442829281445324,2144.2829281445324,0.18087345042621705
/lustre/orion/lrn070/world-shared/mlupopa/RHEAs_HydraGNN/HydraGNN/examples/vasp_solid_solution_alloys/dataset/bcc_NbZr/Nb-Zr/Zr80Nb48/case-10,0.625,2.1427514623632824,2142.7514623632824,0.18835391432543672
/lustre/orion/lrn070/world-shared/mlupopa/RHEAs_HydraGNN/HydraGNN/examples/vasp_solid_solution_alloys/dataset/bcc_NbZr/Nb-Zr/Zr80Nb48/case-100,0.625,2.172683231816407,2172.683231816407,0.17389006887491104
/lustre/orion/lrn070/world-shared/mlupopa/RHEAs_HydraGNN/HydraGNN/examples/vasp_solid_solution_alloys/dataset/bcc_NbZr/Nb-Zr/Zr80Nb48/case-11,0.625,2.1444623436914068,2144.4623436914067,0.18179900875443486
/lustre/orion/lrn070/world-shared/mlupopa/RHEAs_HydraGNN/HydraGNN/examples/vasp_solid_solution_alloys/dataset/bcc_NbZr/Nb-Zr/Zr80Nb48/case-12,0.625,2.147143434003908,2147.143434003908,0.1778719753526798
/lustre/orion/lrn070/world-shared/mlupopa/RHEAs_HydraGNN/HydraGNN/examples/vasp_solid_solution_alloys/dataset/bcc_NbZr/Nb-Zr/Zr80Nb48/case-13,0.625,2.144110682597658,2144.110682597658,0.17410457595349715
/lustre/orion/lrn070/world-shared/mlupopa/RHEAs_HydraGNN/HydraGNN/examples/vasp_solid_solution_alloys/dataset/bcc_NbZr/Nb-Zr/Zr80Nb48/case-14,0.625,2.143740556582033,2143.740556582033,0.18361042422354132
/lustre/orion/lrn070/world-shared/mlupopa/RHEAs_HydraGNN/HydraGNN/examples/vasp_solid_solution_alloys/dataset/bcc_NbZr/Nb-Zr/Zr80Nb48/case-15,0.625,2.1447604676757823,2144.7604676757824,0.1774604555509915
/lustre/orion/lrn070/world-shared/mlupopa/RHEAs_HydraGNN/HydraGNN/examples/vasp_solid_solution_alloys/dataset/bcc_NbZr/Nb-Zr/Zr80Nb48/case-16,0.625,2.1492935358789076,2149.2935358789077,0.16904570684285009
/lustre/orion/lrn070/world-shared/mlupopa/RHEAs_HydraGNN/HydraGNN/examples/vasp_solid_solution_alloys/dataset/bcc_NbZr/Nb-Zr/Zr80Nb48/case-17,0.625,2.1376837813476577,2137.6837813476577,0.1775833555228304
/lustre/orion/lrn070/world-shared/mlupopa/RHEAs_HydraGNN/HydraGNN/examples/vasp_solid_solution_alloys/dataset/bcc_NbZr/Nb-Zr/Zr80Nb48/case-18,0.625,2.145780651582033,2145.780651582033,0.18092004970500852
/lustre/orion/lrn070/world-shared/mlupopa/RHEAs_HydraGNN/HydraGNN/examples/vasp_solid_solution_alloys/dataset/bcc_NbZr/Nb-Zr/Zr80Nb48/case-19,0.625,2.1443206023632833,2144.3206023632833,0.1764142153756072
/lustre/orion/lrn070/world-shared/mlupopa/RHEAs_HydraGNN/HydraGNN/examples/vasp_solid_solution_alloys/dataset/bcc_NbZr/Nb-Zr/Zr80Nb48/case-2,0.625,2.1419476468164085,2141.9476468164085,0.1803782991556792
/lustre/orion/lrn070/world-shared/mlupopa/RHEAs_HydraGNN/HydraGNN/examples/vasp_solid_solution_alloys/dataset/bcc_NbZr/Nb-Zr/Zr80Nb48/case-20,0.625,2.143530326972657,2143.530326972657,0.1898899329360452
/lustre/orion/lrn070/world-shared/mlupopa/RHEAs_HydraGNN/HydraGNN/examples/vasp_solid_solution_alloys/dataset/bcc_NbZr/Nb-Zr/Zr80Nb48/case-3,0.625,2.146290240253908,2146.290240253908,0.17929106089136976
/lustre/orion/lrn070/world-shared/mlupopa/RHEAs_HydraGNN/HydraGNN/examples/vasp_solid_solution_alloys/dataset/bcc_NbZr/Nb-Zr/Zr80Nb48/case-4,0.625,2.144090921269532,2144.090921269532,0.17528322426544424
/lustre/orion/lrn070/world-shared/mlupopa/RHEAs_HydraGNN/HydraGNN/examples/vasp_solid_solution_alloys/dataset/bcc_NbZr/Nb-Zr/Zr80Nb48/case-41,0.625,2.1416912224414073,2141.6912224414073,0.18577048073320296
/lustre/orion/lrn070/world-shared/mlupopa/RHEAs_HydraGNN/HydraGNN/examples/vasp_solid_solution_alloys/dataset/bcc_NbZr/Nb-Zr/Zr80Nb48/case-42,0.625,2.1450624804101572,2145.062480410157,0.1814410571324428
/lustre/orion/lrn070/world-shared/mlupopa/RHEAs_HydraGNN/HydraGNN/examples/vasp_solid_solution_alloys/dataset/bcc_NbZr/Nb-Zr/Zr80Nb48/case-43,0.625,2.1404058276757834,2140.4058276757833,0.17592219776793458
/lustre/orion/lrn070/world-shared/mlupopa/RHEAs_HydraGNN/HydraGNN/examples/vasp_solid_solution_alloys/dataset/bcc_NbZr/Nb-Zr/Zr80Nb48/case-44,0.625,2.1438217450976573,2143.821745097657,0.17252660915664184
/lustre/orion/lrn070/world-shared/mlupopa/RHEAs_HydraGNN/HydraGNN/examples/vasp_solid_solution_alloys/dataset/bcc_NbZr/Nb-Zr/Zr80Nb48/case-45,0.625,2.1431418336914074,2143.1418336914076,0.17726003419972616
/lustre/orion/lrn070/world-shared/mlupopa/RHEAs_HydraGNN/HydraGNN/examples/vasp_solid_solution_alloys/dataset/bcc_NbZr/Nb-Zr/Zr80Nb48/case-46,0.625,2.144577439316407,2144.5774393164074,0.17961527536305266
/lustre/orion/lrn070/world-shared/mlupopa/RHEAs_HydraGNN/HydraGNN/examples/vasp_solid_solution_alloys/dataset/bcc_NbZr/Nb-Zr/Zr80Nb48/case-47,0.625,2.1449470787695333,2144.947078769533,0.18993449563821102
/lustre/orion/lrn070/world-shared/mlupopa/RHEAs_HydraGNN/HydraGNN/examples/vasp_solid_solution_alloys/dataset/bcc_NbZr/Nb-Zr/Zr80Nb48/case-48,0.625,2.148383732675782,2148.383732675782,0.17840663979178317
/lustre/orion/lrn070/world-shared/mlupopa/RHEAs_HydraGNN/HydraGNN/examples/vasp_solid_solution_alloys/dataset/bcc_NbZr/Nb-Zr/Zr80Nb48/case-49,0.625,2.144507175957033,2144.507175957033,0.17459048407189792
/lustre/orion/lrn070/world-shared/mlupopa/RHEAs_HydraGNN/HydraGNN/examples/vasp_solid_solution_alloys/dataset/bcc_NbZr/Nb-Zr/Zr80Nb48/case-5,0.625,2.144921063847658,2144.921063847658,0.17300321586881384
/lustre/orion/lrn070/world-shared/mlupopa/RHEAs_HydraGNN/HydraGNN/examples/vasp_solid_solution_alloys/dataset/bcc_NbZr/Nb-Zr/Zr80Nb48/case-50,0.625,2.1485170994726577,2148.5170994726577,0.16854649448223655
/lustre/orion/lrn070/world-shared/mlupopa/RHEAs_HydraGNN/HydraGNN/examples/vasp_solid_solution_alloys/dataset/bcc_NbZr/Nb-Zr/Zr80Nb48/case-51,0.625,2.1437541447851576,2143.7541447851577,0.17531558113374784
/lustre/orion/lrn070/world-shared/mlupopa/RHEAs_HydraGNN/HydraGNN/examples/vasp_solid_solution_alloys/dataset/bcc_NbZr/Nb-Zr/Zr80Nb48/case-52,0.625,2.143647312988282,2143.647312988282,0.17803634081900396
/lustre/orion/lrn070/world-shared/mlupopa/RHEAs_HydraGNN/HydraGNN/examples/vasp_solid_solution_alloys/dataset/bcc_NbZr/Nb-Zr/Zr80Nb48/case-53,0.625,2.143346312441407,2143.346312441407,0.17818182369764154
/lustre/orion/lrn070/world-shared/mlupopa/RHEAs_HydraGNN/HydraGNN/examples/vasp_solid_solution_alloys/dataset/bcc_NbZr/Nb-Zr/Zr80Nb48/case-54,0.625,2.1430072268945324,2143.0072268945323,0.17782322604647408
/lustre/orion/lrn070/world-shared/mlupopa/RHEAs_HydraGNN/HydraGNN/examples/vasp_solid_solution_alloys/dataset/bcc_NbZr/Nb-Zr/Zr80Nb48/case-55,0.625,2.142509816660157,2142.509816660157,0.17246093339428772
/lustre/orion/lrn070/world-shared/mlupopa/RHEAs_HydraGNN/HydraGNN/examples/vasp_solid_solution_alloys/dataset/bcc_NbZr/Nb-Zr/Zr80Nb48/case-56,0.625,2.146540304785157,2146.540304785157,0.17060262521120478
/lustre/orion/lrn070/world-shared/mlupopa/RHEAs_HydraGNN/HydraGNN/examples/vasp_solid_solution_alloys/dataset/bcc_NbZr/Nb-Zr/Zr80Nb48/case-57,0.625,2.146062879707033,2146.062879707033,0.175538674191913
/lustre/orion/lrn070/world-shared/mlupopa/RHEAs_HydraGNN/HydraGNN/examples/vasp_solid_solution_alloys/dataset/bcc_NbZr/Nb-Zr/Zr80Nb48/case-58,0.625,2.145613761582032,2145.613761582032,0.1763716340945021
/lustre/orion/lrn070/world-shared/mlupopa/RHEAs_HydraGNN/HydraGNN/examples/vasp_solid_solution_alloys/dataset/bcc_NbZr/Nb-Zr/Zr80Nb48/case-59,0.625,2.1499523569726584,2149.9523569726584,0.1698305032540495
/lustre/orion/lrn070/world-shared/mlupopa/RHEAs_HydraGNN/HydraGNN/examples/vasp_solid_solution_alloys/dataset/bcc_NbZr/Nb-Zr/Zr80Nb48/case-6,0.625,2.1472376740820334,2147.237674082033,0.19142175852844937
/lustre/orion/lrn070/world-shared/mlupopa/RHEAs_HydraGNN/HydraGNN/examples/vasp_solid_solution_alloys/dataset/bcc_NbZr/Nb-Zr/Zr80Nb48/case-60,0.625,2.146253789707032,2146.253789707032,0.1725468994759173
/lustre/orion/lrn070/world-shared/mlupopa/RHEAs_HydraGNN/HydraGNN/examples/vasp_solid_solution_alloys/dataset/bcc_NbZr/Nb-Zr/Zr80Nb48/case-61,0.625,2.1437754076757827,2143.775407675783,0.17417157920727644
/lustre/orion/lrn070/world-shared/mlupopa/RHEAs_HydraGNN/HydraGNN/examples/vasp_solid_solution_alloys/dataset/bcc_NbZr/Nb-Zr/Zr80Nb48/case-62,0.625,2.1430135273632818,2143.013527363282,0.17306265492317988
/lustre/orion/lrn070/world-shared/mlupopa/RHEAs_HydraGNN/HydraGNN/examples/vasp_solid_solution_alloys/dataset/bcc_NbZr/Nb-Zr/Zr80Nb48/case-63,0.625,2.1435614980664077,2143.5614980664077,0.17361736622653426
/lustre/orion/lrn070/world-shared/mlupopa/RHEAs_HydraGNN/HydraGNN/examples/vasp_solid_solution_alloys/dataset/bcc_NbZr/Nb-Zr/Zr80Nb48/case-64,0.625,2.149138646425783,2149.138646425783,0.16852192599171528
/lustre/orion/lrn070/world-shared/mlupopa/RHEAs_HydraGNN/HydraGNN/examples/vasp_solid_solution_alloys/dataset/bcc_NbZr/Nb-Zr/Zr80Nb48/case-65,0.625,2.145953847285158,2145.953847285158,0.1800987088031344
/lustre/orion/lrn070/world-shared/mlupopa/RHEAs_HydraGNN/HydraGNN/examples/vasp_solid_solution_alloys/dataset/bcc_NbZr/Nb-Zr/Zr80Nb48/case-66,0.625,2.1441399972070325,2144.1399972070326,0.17634823357305357
/lustre/orion/lrn070/world-shared/mlupopa/RHEAs_HydraGNN/HydraGNN/examples/vasp_solid_solution_alloys/dataset/bcc_NbZr/Nb-Zr/Zr80Nb48/case-67,0.625,2.146494675644533,2146.494675644533,0.1857270620917898
/lustre/orion/lrn070/world-shared/mlupopa/RHEAs_HydraGNN/HydraGNN/examples/vasp_solid_solution_alloys/dataset/bcc_NbZr/Nb-Zr/Zr80Nb48/case-68,0.625,2.1477141040820324,2147.7141040820325,0.1663662883496104
/lustre/orion/lrn070/world-shared/mlupopa/RHEAs_HydraGNN/HydraGNN/examples/vasp_solid_solution_alloys/dataset/bcc_NbZr/Nb-Zr/Zr80Nb48/case-69,0.625,2.144150310878908,2144.1503108789084,0.18666921798419495
/lustre/orion/lrn070/world-shared/mlupopa/RHEAs_HydraGNN/HydraGNN/examples/vasp_solid_solution_alloys/dataset/bcc_NbZr/Nb-Zr/Zr80Nb48/case-7,0.625,2.149834131972657,2149.834131972657,0.19330638138371345
/lustre/orion/lrn070/world-shared/mlupopa/RHEAs_HydraGNN/HydraGNN/examples/vasp_solid_solution_alloys/dataset/bcc_NbZr/Nb-Zr/Zr80Nb48/case-70,0.625,2.145646138613282,2145.646138613282,0.1794251802570946
/lustre/orion/lrn070/world-shared/mlupopa/RHEAs_HydraGNN/HydraGNN/examples/vasp_solid_solution_alloys/dataset/bcc_NbZr/Nb-Zr/Zr80Nb48/case-71,0.625,2.144214121113283,2144.214121113283,0.17267447306657757
/lustre/orion/lrn070/world-shared/mlupopa/RHEAs_HydraGNN/HydraGNN/examples/vasp_solid_solution_alloys/dataset/bcc_NbZr/Nb-Zr/Zr80Nb48/case-72,0.625,2.1437209705664078,2143.7209705664077,0.18397042674287417
/lustre/orion/lrn070/world-shared/mlupopa/RHEAs_HydraGNN/HydraGNN/examples/vasp_solid_solution_alloys/dataset/bcc_NbZr/Nb-Zr/Zr80Nb48/case-73,0.625,2.1434253154101572,2143.425315410157,0.17209154437628502
/lustre/orion/lrn070/world-shared/mlupopa/RHEAs_HydraGNN/HydraGNN/examples/vasp_solid_solution_alloys/dataset/bcc_NbZr/Nb-Zr/Zr80Nb48/case-74,0.625,2.140670547675782,2140.670547675782,0.17496226703474718
/lustre/orion/lrn070/world-shared/mlupopa/RHEAs_HydraGNN/HydraGNN/examples/vasp_solid_solution_alloys/dataset/bcc_NbZr/Nb-Zr/Zr80Nb48/case-75,0.625,2.1470493040039074,2147.0493040039073,0.16715099968494923
/lustre/orion/lrn070/world-shared/mlupopa/RHEAs_HydraGNN/HydraGNN/examples/vasp_solid_solution_alloys/dataset/bcc_NbZr/Nb-Zr/Zr80Nb48/case-76,0.625,2.144995046347658,2144.995046347658,0.1811147542350252
/lustre/orion/lrn070/world-shared/mlupopa/RHEAs_HydraGNN/HydraGNN/examples/vasp_solid_solution_alloys/dataset/bcc_NbZr/Nb-Zr/Zr80Nb48/case-77,0.625,2.1439748972070323,2143.9748972070324,0.1800207140450626
/lustre/orion/lrn070/world-shared/mlupopa/RHEAs_HydraGNN/HydraGNN/examples/vasp_solid_solution_alloys/dataset/bcc_NbZr/Nb-Zr/Zr80Nb48/case-78,0.625,2.144161260644532,2144.1612606445324,0.18137275775366019
/lustre/orion/lrn070/world-shared/mlupopa/RHEAs_HydraGNN/HydraGNN/examples/vasp_solid_solution_alloys/dataset/bcc_NbZr/Nb-Zr/Zr80Nb48/case-79,0.625,2.147331260410157,2147.331260410157,0.17724457406233024
/lustre/orion/lrn070/world-shared/mlupopa/RHEAs_HydraGNN/HydraGNN/examples/vasp_solid_solution_alloys/dataset/bcc_NbZr/Nb-Zr/Zr80Nb48/case-8,0.625,2.142475837597658,2142.475837597658,0.1814402119481491
/lustre/orion/lrn070/world-shared/mlupopa/RHEAs_HydraGNN/HydraGNN/examples/vasp_solid_solution_alloys/dataset/bcc_NbZr/Nb-Zr/Zr80Nb48/case-80,0.625,2.143214787597657,2143.214787597657,0.17812284192241376
/lustre/orion/lrn070/world-shared/mlupopa/RHEAs_HydraGNN/HydraGNN/examples/vasp_solid_solution_alloys/dataset/bcc_NbZr/Nb-Zr/Zr80Nb48/case-81,0.625,2.142684631738282,2142.684631738282,0.17789670312880757
/lustre/orion/lrn070/world-shared/mlupopa/RHEAs_HydraGNN/HydraGNN/examples/vasp_solid_solution_alloys/dataset/bcc_NbZr/Nb-Zr/Zr80Nb48/case-82,0.625,2.148880528613283,2148.880528613283,0.18042543261531152
/lustre/orion/lrn070/world-shared/mlupopa/RHEAs_HydraGNN/HydraGNN/examples/vasp_solid_solution_alloys/dataset/bcc_NbZr/Nb-Zr/Zr80Nb48/case-83,0.625,2.145656384394533,2145.656384394533,0.17561542054591323
/lustre/orion/lrn070/world-shared/mlupopa/RHEAs_HydraGNN/HydraGNN/examples/vasp_solid_solution_alloys/dataset/bcc_NbZr/Nb-Zr/Zr80Nb48/case-84,0.625,2.144056501660158,2144.0565016601577,0.17249158994499095
/lustre/orion/lrn070/world-shared/mlupopa/RHEAs_HydraGNN/HydraGNN/examples/vasp_solid_solution_alloys/dataset/bcc_NbZr/Nb-Zr/Zr80Nb48/case-85,0.625,2.143375783925782,2143.375783925782,0.17856393159623984
/lustre/orion/lrn070/world-shared/mlupopa/RHEAs_HydraGNN/HydraGNN/examples/vasp_solid_solution_alloys/dataset/bcc_NbZr/Nb-Zr/Zr80Nb48/case-86,0.625,2.148233482675783,2148.2334826757833,0.17891882122759775
/lustre/orion/lrn070/world-shared/mlupopa/RHEAs_HydraGNN/HydraGNN/examples/vasp_solid_solution_alloys/dataset/bcc_NbZr/Nb-Zr/Zr80Nb48/case-87,0.625,2.1467686289257824,2146.768628925782,0.17860186718933638
/lustre/orion/lrn070/world-shared/mlupopa/RHEAs_HydraGNN/HydraGNN/examples/vasp_solid_solution_alloys/dataset/bcc_NbZr/Nb-Zr/Zr80Nb48/case-88,0.625,2.144903851972657,2144.9038519726573,0.1821143716155839
/lustre/orion/lrn070/world-shared/mlupopa/RHEAs_HydraGNN/HydraGNN/examples/vasp_solid_solution_alloys/dataset/bcc_NbZr/Nb-Zr/Zr80Nb48/case-89,0.625,2.142600095566408,2142.600095566408,0.16972690333012685
/lustre/orion/lrn070/world-shared/mlupopa/RHEAs_HydraGNN/HydraGNN/examples/vasp_solid_solution_alloys/dataset/bcc_NbZr/Nb-Zr/Zr80Nb48/case-9,0.625,2.1468540608007824,2146.8540608007825,0.1785773790620311
/lustre/orion/lrn070/world-shared/mlupopa/RHEAs_HydraGNN/HydraGNN/examples/vasp_solid_solution_alloys/dataset/bcc_NbZr/Nb-Zr/Zr80Nb48/case-90,0.625,2.146496373066407,2146.496373066407,0.18276865904376205
/lustre/orion/lrn070/world-shared/mlupopa/RHEAs_HydraGNN/HydraGNN/examples/vasp_solid_solution_alloys/dataset/bcc_NbZr/Nb-Zr/Zr80Nb48/case-91,0.625,2.1737842153320326,2173.7842153320325,0.17140677153903516
/lustre/orion/lrn070/world-shared/mlupopa/RHEAs_HydraGNN/HydraGNN/examples/vasp_solid_solution_alloys/dataset/bcc_NbZr/Nb-Zr/Zr80Nb48/case-92,0.625,2.172226682597657,2172.2266825976567,0.17521273269491636
/lustre/orion/lrn070/world-shared/mlupopa/RHEAs_HydraGNN/HydraGNN/examples/vasp_solid_solution_alloys/dataset/bcc_NbZr/Nb-Zr/Zr80Nb48/case-93,0.625,2.172078502128908,2172.078502128908,0.17552008234067573
/lustre/orion/lrn070/world-shared/mlupopa/RHEAs_HydraGNN/HydraGNN/examples/vasp_solid_solution_alloys/dataset/bcc_NbZr/Nb-Zr/Zr80Nb48/case-94,0.625,2.1447164249414072,2144.7164249414072,0.1800705655315428
/lustre/orion/lrn070/world-shared/mlupopa/RHEAs_HydraGNN/HydraGNN/examples/vasp_solid_solution_alloys/dataset/bcc_NbZr/Nb-Zr/Zr80Nb48/case-95,0.625,2.174234745488283,2174.234745488283,0.18239741756636013
/lustre/orion/lrn070/world-shared/mlupopa/RHEAs_HydraGNN/HydraGNN/examples/vasp_solid_solution_alloys/dataset/bcc_NbZr/Nb-Zr/Zr80Nb48/case-96,0.625,2.1490838215039076,2149.0838215039075,0.17657825245907793
/lustre/orion/lrn070/world-shared/mlupopa/RHEAs_HydraGNN/HydraGNN/examples/vasp_solid_solution_alloys/dataset/bcc_NbZr/Nb-Zr/Zr80Nb48/case-97,0.625,2.172369307207033,2172.3693072070328,0.17478507447205924
/lustre/orion/lrn070/world-shared/mlupopa/RHEAs_HydraGNN/HydraGNN/examples/vasp_solid_solution_alloys/dataset/bcc_NbZr/Nb-Zr/Zr80Nb48/case-99,0.625,2.174746188457032,2174.746188457032,0.16906342955743095
/lustre/orion/lrn070/world-shared/mlupopa/RHEAs_HydraGNN/HydraGNN/examples/vasp_solid_solution_alloys/dataset/bcc_NbZr/Nb-Zr/Zr84Nb44/case-1,0.65625,2.24922786590332,2249.22786590332,0.16819438597618425
/lustre/orion/lrn070/world-shared/mlupopa/RHEAs_HydraGNN/HydraGNN/examples/vasp_solid_solution_alloys/dataset/bcc_NbZr/Nb-Zr/Zr84Nb44/case-10,0.65625,2.2444309930126956,2244.4309930126956,0.18251376032812688
/lustre/orion/lrn070/world-shared/mlupopa/RHEAs_HydraGNN/HydraGNN/examples/vasp_solid_solution_alloys/dataset/bcc_NbZr/Nb-Zr/Zr84Nb44/case-100,0.65625,2.246169398247071,2246.169398247071,0.1839176300642831
/lustre/orion/lrn070/world-shared/mlupopa/RHEAs_HydraGNN/HydraGNN/examples/vasp_solid_solution_alloys/dataset/bcc_NbZr/Nb-Zr/Zr84Nb44/case-11,0.65625,2.25123414855957,2251.2341485595703,0.17780124416091436
/lustre/orion/lrn070/world-shared/mlupopa/RHEAs_HydraGNN/HydraGNN/examples/vasp_solid_solution_alloys/dataset/bcc_NbZr/Nb-Zr/Zr84Nb44/case-12,0.65625,2.241251306293945,2241.251306293945,0.18336778912612967
/lustre/orion/lrn070/world-shared/mlupopa/RHEAs_HydraGNN/HydraGNN/examples/vasp_solid_solution_alloys/dataset/bcc_NbZr/Nb-Zr/Zr84Nb44/case-13,0.65625,2.2494301927001956,2249.4301927001957,0.1843079755630598
/lustre/orion/lrn070/world-shared/mlupopa/RHEAs_HydraGNN/HydraGNN/examples/vasp_solid_solution_alloys/dataset/bcc_NbZr/Nb-Zr/Zr84Nb44/case-14,0.65625,2.2416896918408202,2241.68969184082,0.19334061816247128
/lustre/orion/lrn070/world-shared/mlupopa/RHEAs_HydraGNN/HydraGNN/examples/vasp_solid_solution_alloys/dataset/bcc_NbZr/Nb-Zr/Zr84Nb44/case-15,0.65625,2.24865063496582,2248.65063496582,0.18467889119015365
/lustre/orion/lrn070/world-shared/mlupopa/RHEAs_HydraGNN/HydraGNN/examples/vasp_solid_solution_alloys/dataset/bcc_NbZr/Nb-Zr/Zr84Nb44/case-16,0.65625,2.245678805043946,2245.678805043946,0.17935948866093987
/lustre/orion/lrn070/world-shared/mlupopa/RHEAs_HydraGNN/HydraGNN/examples/vasp_solid_solution_alloys/dataset/bcc_NbZr/Nb-Zr/Zr84Nb44/case-17,0.65625,2.247068738090821,2247.068738090821,0.17339658890805237
/lustre/orion/lrn070/world-shared/mlupopa/RHEAs_HydraGNN/HydraGNN/examples/vasp_solid_solution_alloys/dataset/bcc_NbZr/Nb-Zr/Zr84Nb44/case-18,0.65625,2.2443617352783214,2244.3617352783212,0.18406980444118798
/lustre/orion/lrn070/world-shared/mlupopa/RHEAs_HydraGNN/HydraGNN/examples/vasp_solid_solution_alloys/dataset/bcc_NbZr/Nb-Zr/Zr84Nb44/case-19,0.65625,2.2459482496533205,2245.9482496533205,0.17842017687011963
/lustre/orion/lrn070/world-shared/mlupopa/RHEAs_HydraGNN/HydraGNN/examples/vasp_solid_solution_alloys/dataset/bcc_NbZr/Nb-Zr/Zr84Nb44/case-2,0.65625,2.2498402670751965,2249.8402670751966,0.18100927238851622
/lustre/orion/lrn070/world-shared/mlupopa/RHEAs_HydraGNN/HydraGNN/examples/vasp_solid_solution_alloys/dataset/bcc_NbZr/Nb-Zr/Zr84Nb44/case-20,0.65625,2.2459695261376957,2245.9695261376955,0.19177163035346453
/lustre/orion/lrn070/world-shared/mlupopa/RHEAs_HydraGNN/HydraGNN/examples/vasp_solid_solution_alloys/dataset/bcc_NbZr/Nb-Zr/Zr84Nb44/case-3,0.65625,2.2457376991064457,2245.7376991064457,0.17946328166710696
/lustre/orion/lrn070/world-shared/mlupopa/RHEAs_HydraGNN/HydraGNN/examples/vasp_solid_solution_alloys/dataset/bcc_NbZr/Nb-Zr/Zr84Nb44/case-4,0.65625,2.2468494637939465,2246.8494637939466,0.1848960574393026
/lustre/orion/lrn070/world-shared/mlupopa/RHEAs_HydraGNN/HydraGNN/examples/vasp_solid_solution_alloys/dataset/bcc_NbZr/Nb-Zr/Zr84Nb44/case-41,0.65625,2.249500930122071,2249.500930122071,0.1782895997923485
/lustre/orion/lrn070/world-shared/mlupopa/RHEAs_HydraGNN/HydraGNN/examples/vasp_solid_solution_alloys/dataset/bcc_NbZr/Nb-Zr/Zr84Nb44/case-42,0.65625,2.2468558412939466,2246.8558412939465,0.18423011959504382
/lustre/orion/lrn070/world-shared/mlupopa/RHEAs_HydraGNN/HydraGNN/examples/vasp_solid_solution_alloys/dataset/bcc_NbZr/Nb-Zr/Zr84Nb44/case-43,0.65625,2.2502379044189453,2250.237904418945,0.17842611206245002
/lustre/orion/lrn070/world-shared/mlupopa/RHEAs_HydraGNN/HydraGNN/examples/vasp_solid_solution_alloys/dataset/bcc_NbZr/Nb-Zr/Zr84Nb44/case-44,0.65625,2.2488534232470716,2248.8534232470715,0.17427934026840733
/lustre/orion/lrn070/world-shared/mlupopa/RHEAs_HydraGNN/HydraGNN/examples/vasp_solid_solution_alloys/dataset/bcc_NbZr/Nb-Zr/Zr84Nb44/case-45,0.65625,2.2500835701220705,2250.0835701220703,0.17547473491105864
/lustre/orion/lrn070/world-shared/mlupopa/RHEAs_HydraGNN/HydraGNN/examples/vasp_solid_solution_alloys/dataset/bcc_NbZr/Nb-Zr/Zr84Nb44/case-46,0.65625,2.245236926684571,2245.2369266845712,0.1802522726655648
/lustre/orion/lrn070/world-shared/mlupopa/RHEAs_HydraGNN/HydraGNN/examples/vasp_solid_solution_alloys/dataset/bcc_NbZr/Nb-Zr/Zr84Nb44/case-47,0.65625,2.2462139027783206,2246.2139027783205,0.1913138647601616
/lustre/orion/lrn070/world-shared/mlupopa/RHEAs_HydraGNN/HydraGNN/examples/vasp_solid_solution_alloys/dataset/bcc_NbZr/Nb-Zr/Zr84Nb44/case-48,0.65625,2.24742645684082,2247.4264568408203,0.18577510935581182
/lustre/orion/lrn070/world-shared/mlupopa/RHEAs_HydraGNN/HydraGNN/examples/vasp_solid_solution_alloys/dataset/bcc_NbZr/Nb-Zr/Zr84Nb44/case-49,0.65625,2.250892408012696,2250.892408012696,0.17514521856079174
/lustre/orion/lrn070/world-shared/mlupopa/RHEAs_HydraGNN/HydraGNN/examples/vasp_solid_solution_alloys/dataset/bcc_NbZr/Nb-Zr/Zr84Nb44/case-5,0.65625,2.2440641654345708,2244.064165434571,0.18686202840940205
/lustre/orion/lrn070/world-shared/mlupopa/RHEAs_HydraGNN/HydraGNN/examples/vasp_solid_solution_alloys/dataset/bcc_NbZr/Nb-Zr/Zr84Nb44/case-50,0.65625,2.2452465437939466,2245.246543793947,0.18267429702856683
/lustre/orion/lrn070/world-shared/mlupopa/RHEAs_HydraGNN/HydraGNN/examples/vasp_solid_solution_alloys/dataset/bcc_NbZr/Nb-Zr/Zr84Nb44/case-51,0.65625,2.2461272072314458,2246.127207231446,0.177469805779566
/lustre/orion/lrn070/world-shared/mlupopa/RHEAs_HydraGNN/HydraGNN/examples/vasp_solid_solution_alloys/dataset/bcc_NbZr/Nb-Zr/Zr84Nb44/case-52,0.65625,2.24726854949707,2247.26854949707,0.17668654994010194
/lustre/orion/lrn070/world-shared/mlupopa/RHEAs_HydraGNN/HydraGNN/examples/vasp_solid_solution_alloys/dataset/bcc_NbZr/Nb-Zr/Zr84Nb44/case-53,0.65625,2.2461400738720716,2246.1400738720718,0.18731449349684598
/lustre/orion/lrn070/world-shared/mlupopa/RHEAs_HydraGNN/HydraGNN/examples/vasp_solid_solution_alloys/dataset/bcc_NbZr/Nb-Zr/Zr84Nb44/case-54,0.65625,2.2469215383251964,2246.9215383251963,0.1767308844394034
/lustre/orion/lrn070/world-shared/mlupopa/RHEAs_HydraGNN/HydraGNN/examples/vasp_solid_solution_alloys/dataset/bcc_NbZr/Nb-Zr/Zr84Nb44/case-55,0.65625,2.2481691167626963,2248.1691167626964,0.18426453626933165
/lustre/orion/lrn070/world-shared/mlupopa/RHEAs_HydraGNN/HydraGNN/examples/vasp_solid_solution_alloys/dataset/bcc_NbZr/Nb-Zr/Zr84Nb44/case-56,0.65625,2.242125883637696,2242.125883637696,0.1917249982738107
/lustre/orion/lrn070/world-shared/mlupopa/RHEAs_HydraGNN/HydraGNN/examples/vasp_solid_solution_alloys/dataset/bcc_NbZr/Nb-Zr/Zr84Nb44/case-57,0.65625,2.247803741840821,2247.803741840821,0.18838145631340056
/lustre/orion/lrn070/world-shared/mlupopa/RHEAs_HydraGNN/HydraGNN/examples/vasp_solid_solution_alloys/dataset/bcc_NbZr/Nb-Zr/Zr84Nb44/case-58,0.65625,2.244498995903321,2244.498995903321,0.18135614794263882
/lustre/orion/lrn070/world-shared/mlupopa/RHEAs_HydraGNN/HydraGNN/examples/vasp_solid_solution_alloys/dataset/bcc_NbZr/Nb-Zr/Zr84Nb44/case-59,0.65625,2.242145179106446,2242.145179106446,0.1894277069478123
/lustre/orion/lrn070/world-shared/mlupopa/RHEAs_HydraGNN/HydraGNN/examples/vasp_solid_solution_alloys/dataset/bcc_NbZr/Nb-Zr/Zr84Nb44/case-6,0.65625,2.2463121029345707,2246.3121029345707,0.1836058308422541
/lustre/orion/lrn070/world-shared/mlupopa/RHEAs_HydraGNN/HydraGNN/examples/vasp_solid_solution_alloys/dataset/bcc_NbZr/Nb-Zr/Zr84Nb44/case-60,0.65625,2.2456235519970704,2245.6235519970705,0.18884939976536436
/lustre/orion/lrn070/world-shared/mlupopa/RHEAs_HydraGNN/HydraGNN/examples/vasp_solid_solution_alloys/dataset/bcc_NbZr/Nb-Zr/Zr84Nb44/case-61,0.65625,2.2487193484033217,2248.719348403322,0.18073111975786996
/lustre/orion/lrn070/world-shared/mlupopa/RHEAs_HydraGNN/HydraGNN/examples/vasp_solid_solution_alloys/dataset/bcc_NbZr/Nb-Zr/Zr84Nb44/case-62,0.65625,2.2451223730126966,2245.1223730126967,0.1915657746886456
/lustre/orion/lrn070/world-shared/mlupopa/RHEAs_HydraGNN/HydraGNN/examples/vasp_solid_solution_alloys/dataset/bcc_NbZr/Nb-Zr/Zr84Nb44/case-63,0.65625,2.2471765597314466,2247.1765597314466,0.17209276305007537
/lustre/orion/lrn070/world-shared/mlupopa/RHEAs_HydraGNN/HydraGNN/examples/vasp_solid_solution_alloys/dataset/bcc_NbZr/Nb-Zr/Zr84Nb44/case-64,0.65625,2.246871408715821,2246.871408715821,0.1808151344172607
/lustre/orion/lrn070/world-shared/mlupopa/RHEAs_HydraGNN/HydraGNN/examples/vasp_solid_solution_alloys/dataset/bcc_NbZr/Nb-Zr/Zr84Nb44/case-65,0.65625,2.2487745949658215,2248.7745949658215,0.18107040344200984
/lustre/orion/lrn070/world-shared/mlupopa/RHEAs_HydraGNN/HydraGNN/examples/vasp_solid_solution_alloys/dataset/bcc_NbZr/Nb-Zr/Zr84Nb44/case-66,0.65625,2.2483961622314457,2248.3961622314455,0.17705709803859923
/lustre/orion/lrn070/world-shared/mlupopa/RHEAs_HydraGNN/HydraGNN/examples/vasp_solid_solution_alloys/dataset/bcc_NbZr/Nb-Zr/Zr84Nb44/case-67,0.65625,2.2510339012158216,2251.0339012158215,0.1782428499202004
/lustre/orion/lrn070/world-shared/mlupopa/RHEAs_HydraGNN/HydraGNN/examples/vasp_solid_solution_alloys/dataset/bcc_NbZr/Nb-Zr/Zr84Nb44/case-68,0.65625,2.2475828499658217,2247.582849965822,0.1907357083329545
/lustre/orion/lrn070/world-shared/mlupopa/RHEAs_HydraGNN/HydraGNN/examples/vasp_solid_solution_alloys/dataset/bcc_NbZr/Nb-Zr/Zr84Nb44/case-69,0.65625,2.2480150386376963,2248.0150386376963,0.17628533017668752
/lustre/orion/lrn070/world-shared/mlupopa/RHEAs_HydraGNN/HydraGNN/examples/vasp_solid_solution_alloys/dataset/bcc_NbZr/Nb-Zr/Zr84Nb44/case-7,0.65625,2.2450352862158205,2245.0352862158206,0.19318505931633953
/lustre/orion/lrn070/world-shared/mlupopa/RHEAs_HydraGNN/HydraGNN/examples/vasp_solid_solution_alloys/dataset/bcc_NbZr/Nb-Zr/Zr84Nb44/case-70,0.65625,2.2475600606689454,2247.5600606689454,0.184798010847133
/lustre/orion/lrn070/world-shared/mlupopa/RHEAs_HydraGNN/HydraGNN/examples/vasp_solid_solution_alloys/dataset/bcc_NbZr/Nb-Zr/Zr84Nb44/case-71,0.65625,2.2432220494970707,2243.2220494970707,0.18768250534991957
/lustre/orion/lrn070/world-shared/mlupopa/RHEAs_HydraGNN/HydraGNN/examples/vasp_solid_solution_alloys/dataset/bcc_NbZr/Nb-Zr/Zr84Nb44/case-72,0.65625,2.2502201079345703,2250.2201079345705,0.18662643792649275
/lustre/orion/lrn070/world-shared/mlupopa/RHEAs_HydraGNN/HydraGNN/examples/vasp_solid_solution_alloys/dataset/bcc_NbZr/Nb-Zr/Zr84Nb44/case-73,0.65625,2.245051937934571,2245.051937934571,0.17915271392246362
/lustre/orion/lrn070/world-shared/mlupopa/RHEAs_HydraGNN/HydraGNN/examples/vasp_solid_solution_alloys/dataset/bcc_NbZr/Nb-Zr/Zr84Nb44/case-74,0.65625,2.2500558795751964,2250.0558795751963,0.1688061186890142
/lustre/orion/lrn070/world-shared/mlupopa/RHEAs_HydraGNN/HydraGNN/examples/vasp_solid_solution_alloys/dataset/bcc_NbZr/Nb-Zr/Zr84Nb44/case-75,0.65625,2.2474060230908215,2247.4060230908217,0.18510300938773572
/lustre/orion/lrn070/world-shared/mlupopa/RHEAs_HydraGNN/HydraGNN/examples/vasp_solid_solution_alloys/dataset/bcc_NbZr/Nb-Zr/Zr84Nb44/case-76,0.65625,2.240764156918946,2240.764156918946,0.19750060518593462
/lustre/orion/lrn070/world-shared/mlupopa/RHEAs_HydraGNN/HydraGNN/examples/vasp_solid_solution_alloys/dataset/bcc_NbZr/Nb-Zr/Zr84Nb44/case-77,0.65625,2.247813597700196,2247.8135977001957,0.1815655866232351
/lustre/orion/lrn070/world-shared/mlupopa/RHEAs_HydraGNN/HydraGNN/examples/vasp_solid_solution_alloys/dataset/bcc_NbZr/Nb-Zr/Zr84Nb44/case-78,0.65625,2.2444723081689464,2244.4723081689463,0.18210681747688978
/lustre/orion/lrn070/world-shared/mlupopa/RHEAs_HydraGNN/HydraGNN/examples/vasp_solid_solution_alloys/dataset/bcc_NbZr/Nb-Zr/Zr84Nb44/case-79,0.65625,2.244117329809571,2244.117329809571,0.18048810696149423
/lustre/orion/lrn070/world-shared/mlupopa/RHEAs_HydraGNN/HydraGNN/examples/vasp_solid_solution_alloys/dataset/bcc_NbZr/Nb-Zr/Zr84Nb44/case-8,0.65625,2.2412883565283206,2241.2883565283205,0.20323915462995074
/lustre/orion/lrn070/world-shared/mlupopa/RHEAs_HydraGNN/HydraGNN/examples/vasp_solid_solution_alloys/dataset/bcc_NbZr/Nb-Zr/Zr84Nb44/case-80,0.65625,2.2469402607470705,2246.9402607470706,0.17602876785432564
/lustre/orion/lrn070/world-shared/mlupopa/RHEAs_HydraGNN/HydraGNN/examples/vasp_solid_solution_alloys/dataset/bcc_NbZr/Nb-Zr/Zr84Nb44/case-81,0.65625,2.2818320212158216,2281.8320212158214,0.17157213280214692
/lustre/orion/lrn070/world-shared/mlupopa/RHEAs_HydraGNN/HydraGNN/examples/vasp_solid_solution_alloys/dataset/bcc_NbZr/Nb-Zr/Zr84Nb44/case-82,0.65625,2.271280450043946,2271.280450043946,0.1877160999938629
/lustre/orion/lrn070/world-shared/mlupopa/RHEAs_HydraGNN/HydraGNN/examples/vasp_solid_solution_alloys/dataset/bcc_NbZr/Nb-Zr/Zr84Nb44/case-83,0.65625,2.282586662231445,2282.586662231445,0.16246929663284726
/lustre/orion/lrn070/world-shared/mlupopa/RHEAs_HydraGNN/HydraGNN/examples/vasp_solid_solution_alloys/dataset/bcc_NbZr/Nb-Zr/Zr84Nb44/case-84,0.65625,2.27705271809082,2277.05271809082,0.17723194143315404
/lustre/orion/lrn070/world-shared/mlupopa/RHEAs_HydraGNN/HydraGNN/examples/vasp_solid_solution_alloys/dataset/bcc_NbZr/Nb-Zr/Zr84Nb44/case-85,0.65625,2.277991721606446,2277.991721606446,0.1600727937703395
/lustre/orion/lrn070/world-shared/mlupopa/RHEAs_HydraGNN/HydraGNN/examples/vasp_solid_solution_alloys/dataset/bcc_NbZr/Nb-Zr/Zr84Nb44/case-86,0.65625,2.2784167328564457,2278.416732856446,0.1725640901948631
/lustre/orion/lrn070/world-shared/mlupopa/RHEAs_HydraGNN/HydraGNN/examples/vasp_solid_solution_alloys/dataset/bcc_NbZr/Nb-Zr/Zr84Nb44/case-87,0.65625,2.27332770840332,2273.3277084033202,0.18343917715094996
/lustre/orion/lrn070/world-shared/mlupopa/RHEAs_HydraGNN/HydraGNN/examples/vasp_solid_solution_alloys/dataset/bcc_NbZr/Nb-Zr/Zr84Nb44/case-88,0.65625,2.2805993290283215,2280.5993290283213,0.1460391971124603
/lustre/orion/lrn070/world-shared/mlupopa/RHEAs_HydraGNN/HydraGNN/examples/vasp_solid_solution_alloys/dataset/bcc_NbZr/Nb-Zr/Zr84Nb44/case-89,0.65625,2.2853552805126967,2285.3552805126965,0.10884176500301766
/lustre/orion/lrn070/world-shared/mlupopa/RHEAs_HydraGNN/HydraGNN/examples/vasp_solid_solution_alloys/dataset/bcc_NbZr/Nb-Zr/Zr84Nb44/case-9,0.65625,2.2498773177783207,2249.8773177783205,0.18244026665497784
/lustre/orion/lrn070/world-shared/mlupopa/RHEAs_HydraGNN/HydraGNN/examples/vasp_solid_solution_alloys/dataset/bcc_NbZr/Nb-Zr/Zr84Nb44/case-90,0.65625,2.291874730122071,2291.874730122071,0.0991163068621445
/lustre/orion/lrn070/world-shared/mlupopa/RHEAs_HydraGNN/HydraGNN/examples/vasp_solid_solution_alloys/dataset/bcc_NbZr/Nb-Zr/Zr84Nb44/case-91,0.65625,2.3119937583251957,2311.993758325196,0.017041016520960094
/lustre/orion/lrn070/world-shared/mlupopa/RHEAs_HydraGNN/HydraGNN/examples/vasp_solid_solution_alloys/dataset/bcc_NbZr/Nb-Zr/Zr84Nb44/case-92,0.65625,2.275706918559571,2275.706918559571,0.1647133959446367
/lustre/orion/lrn070/world-shared/mlupopa/RHEAs_HydraGNN/HydraGNN/examples/vasp_solid_solution_alloys/dataset/bcc_NbZr/Nb-Zr/Zr84Nb44/case-93,0.65625,2.2846059543408206,2284.6059543408205,0.11637066754216213
/lustre/orion/lrn070/world-shared/mlupopa/RHEAs_HydraGNN/HydraGNN/examples/vasp_solid_solution_alloys/dataset/bcc_NbZr/Nb-Zr/Zr84Nb44/case-94,0.65625,2.290492229731445,2290.492229731445,0.10602484058154307
/lustre/orion/lrn070/world-shared/mlupopa/RHEAs_HydraGNN/HydraGNN/examples/vasp_solid_solution_alloys/dataset/bcc_NbZr/Nb-Zr/Zr84Nb44/case-95,0.65625,2.2890388373095707,2289.0388373095707,0.1159993437635151
/lustre/orion/lrn070/world-shared/mlupopa/RHEAs_HydraGNN/HydraGNN/examples/vasp_solid_solution_alloys/dataset/bcc_NbZr/Nb-Zr/Zr84Nb44/case-96,0.65625,2.3224986076220713,2322.498607622071,0.01017651368677044
/lustre/orion/lrn070/world-shared/mlupopa/RHEAs_HydraGNN/HydraGNN/examples/vasp_solid_solution_alloys/dataset/bcc_NbZr/Nb-Zr/Zr84Nb44/case-97,0.65625,2.335802427231446,2335.802427231446,0.005463712317850958
/lustre/orion/lrn070/world-shared/mlupopa/RHEAs_HydraGNN/HydraGNN/examples/vasp_solid_solution_alloys/dataset/bcc_NbZr/Nb-Zr/Zr84Nb44/case-98,0.65625,2.24603032418457,2246.03032418457,0.19107358647894704
/lustre/orion/lrn070/world-shared/mlupopa/RHEAs_HydraGNN/HydraGNN/examples/vasp_solid_solution_alloys/dataset/bcc_NbZr/Nb-Zr/Zr84Nb44/case-99,0.65625,2.24381326371582,2243.81326371582,0.1780639243952917
/lustre/orion/lrn070/world-shared/mlupopa/RHEAs_HydraGNN/HydraGNN/examples/vasp_solid_solution_alloys/dataset/bcc_NbZr/Nb-Zr/Zr88Nb40/case-1,0.6875,2.3447919130371098,2344.7919130371097,0.18687727603987508
/lustre/orion/lrn070/world-shared/mlupopa/RHEAs_HydraGNN/HydraGNN/examples/vasp_solid_solution_alloys/dataset/bcc_NbZr/Nb-Zr/Zr88Nb40/case-10,0.6875,2.3499871536621093,2349.9871536621094,0.19307043625398632
/lustre/orion/lrn070/world-shared/mlupopa/RHEAs_HydraGNN/HydraGNN/examples/vasp_solid_solution_alloys/dataset/bcc_NbZr/Nb-Zr/Zr88Nb40/case-100,0.6875,2.3527015704589846,2352.701570458985,0.18735881576740707
/lustre/orion/lrn070/world-shared/mlupopa/RHEAs_HydraGNN/HydraGNN/examples/vasp_solid_solution_alloys/dataset/bcc_NbZr/Nb-Zr/Zr88Nb40/case-11,0.6875,2.3524844833496097,2352.4844833496095,0.18691554009555825
/lustre/orion/lrn070/world-shared/mlupopa/RHEAs_HydraGNN/HydraGNN/examples/vasp_solid_solution_alloys/dataset/bcc_NbZr/Nb-Zr/Zr88Nb40/case-12,0.6875,2.3470680267089836,2347.068026708984,0.19274132984222744
/lustre/orion/lrn070/world-shared/mlupopa/RHEAs_HydraGNN/HydraGNN/examples/vasp_solid_solution_alloys/dataset/bcc_NbZr/Nb-Zr/Zr88Nb40/case-13,0.6875,2.3504212075683597,2350.42120756836,0.19065295260759774
/lustre/orion/lrn070/world-shared/mlupopa/RHEAs_HydraGNN/HydraGNN/examples/vasp_solid_solution_alloys/dataset/bcc_NbZr/Nb-Zr/Zr88Nb40/case-14,0.6875,2.3504140818652335,2350.4140818652336,0.1851218789511508
/lustre/orion/lrn070/world-shared/mlupopa/RHEAs_HydraGNN/HydraGNN/examples/vasp_solid_solution_alloys/dataset/bcc_NbZr/Nb-Zr/Zr88Nb40/case-15,0.6875,2.3495649170214836,2349.564917021484,0.18944959771162004
/lustre/orion/lrn070/world-shared/mlupopa/RHEAs_HydraGNN/HydraGNN/examples/vasp_solid_solution_alloys/dataset/bcc_NbZr/Nb-Zr/Zr88Nb40/case-16,0.6875,2.3531946510839834,2353.1946510839834,0.1857765866839227
/lustre/orion/lrn070/world-shared/mlupopa/RHEAs_HydraGNN/HydraGNN/examples/vasp_solid_solution_alloys/dataset/bcc_NbZr/Nb-Zr/Zr88Nb40/case-17,0.6875,2.3464331605371083,2346.433160537108,0.18300897355240647
/lustre/orion/lrn070/world-shared/mlupopa/RHEAs_HydraGNN/HydraGNN/examples/vasp_solid_solution_alloys/dataset/bcc_NbZr/Nb-Zr/Zr88Nb40/case-18,0.6875,2.3482184757714837,2348.2184757714836,0.19414657611887917
/lustre/orion/lrn070/world-shared/mlupopa/RHEAs_HydraGNN/HydraGNN/examples/vasp_solid_solution_alloys/dataset/bcc_NbZr/Nb-Zr/Zr88Nb40/case-19,0.6875,2.3549020041308584,2354.9020041308586,0.18890325366144106
/lustre/orion/lrn070/world-shared/mlupopa/RHEAs_HydraGNN/HydraGNN/examples/vasp_solid_solution_alloys/dataset/bcc_NbZr/Nb-Zr/Zr88Nb40/case-2,0.6875,2.3504710866308596,2350.4710866308596,0.1944210475939518
/lustre/orion/lrn070/world-shared/mlupopa/RHEAs_HydraGNN/HydraGNN/examples/vasp_solid_solution_alloys/dataset/bcc_NbZr/Nb-Zr/Zr88Nb40/case-20,0.6875,2.3484785349902335,2348.4785349902336,0.18841207359310533
/lustre/orion/lrn070/world-shared/mlupopa/RHEAs_HydraGNN/HydraGNN/examples/vasp_solid_solution_alloys/dataset/bcc_NbZr/Nb-Zr/Zr88Nb40/case-3,0.6875,2.351813277255859,2351.8132772558592,0.19672259009716087
/lustre/orion/lrn070/world-shared/mlupopa/RHEAs_HydraGNN/HydraGNN/examples/vasp_solid_solution_alloys/dataset/bcc_NbZr/Nb-Zr/Zr88Nb40/case-4,0.6875,2.348134064521483,2348.134064521483,0.18561547164198378
/lustre/orion/lrn070/world-shared/mlupopa/RHEAs_HydraGNN/HydraGNN/examples/vasp_solid_solution_alloys/dataset/bcc_NbZr/Nb-Zr/Zr88Nb40/case-41,0.6875,2.3473797110058587,2347.3797110058586,0.1858542250026419
/lustre/orion/lrn070/world-shared/mlupopa/RHEAs_HydraGNN/HydraGNN/examples/vasp_solid_solution_alloys/dataset/bcc_NbZr/Nb-Zr/Zr88Nb40/case-42,0.6875,2.3480153679589844,2348.0153679589844,0.19150680288569333
/lustre/orion/lrn070/world-shared/mlupopa/RHEAs_HydraGNN/HydraGNN/examples/vasp_solid_solution_alloys/dataset/bcc_NbZr/Nb-Zr/Zr88Nb40/case-43,0.6875,2.3534732315527336,2353.4732315527335,0.18742003916397765
/lustre/orion/lrn070/world-shared/mlupopa/RHEAs_HydraGNN/HydraGNN/examples/vasp_solid_solution_alloys/dataset/bcc_NbZr/Nb-Zr/Zr88Nb40/case-44,0.6875,2.3480646013964837,2348.064601396484,0.18943582954452456
/lustre/orion/lrn070/world-shared/mlupopa/RHEAs_HydraGNN/HydraGNN/examples/vasp_solid_solution_alloys/dataset/bcc_NbZr/Nb-Zr/Zr88Nb40/case-45,0.6875,2.3520800759277343,2352.0800759277345,0.1801261347655306
/lustre/orion/lrn070/world-shared/mlupopa/RHEAs_HydraGNN/HydraGNN/examples/vasp_solid_solution_alloys/dataset/bcc_NbZr/Nb-Zr/Zr88Nb40/case-46,0.6875,2.3481153067089835,2348.1153067089836,0.19302636499080664
/lustre/orion/lrn070/world-shared/mlupopa/RHEAs_HydraGNN/HydraGNN/examples/vasp_solid_solution_alloys/dataset/bcc_NbZr/Nb-Zr/Zr88Nb40/case-47,0.6875,2.348755393896484,2348.755393896484,0.1855899788531609
/lustre/orion/lrn070/world-shared/mlupopa/RHEAs_HydraGNN/HydraGNN/examples/vasp_solid_solution_alloys/dataset/bcc_NbZr/Nb-Zr/Zr88Nb40/case-48,0.6875,2.3501261195996097,2350.12611959961,0.18456237799600667
/lustre/orion/lrn070/world-shared/mlupopa/RHEAs_HydraGNN/HydraGNN/examples/vasp_solid_solution_alloys/dataset/bcc_NbZr/Nb-Zr/Zr88Nb40/case-49,0.6875,2.3472184502246094,2347.2184502246096,0.19282569591958448
/lustre/orion/lrn070/world-shared/mlupopa/RHEAs_HydraGNN/HydraGNN/examples/vasp_solid_solution_alloys/dataset/bcc_NbZr/Nb-Zr/Zr88Nb40/case-5,0.6875,2.3496864688183585,2349.6864688183587,0.18225439206332733
/lustre/orion/lrn070/world-shared/mlupopa/RHEAs_HydraGNN/HydraGNN/examples/vasp_solid_solution_alloys/dataset/bcc_NbZr/Nb-Zr/Zr88Nb40/case-50,0.6875,2.351755730849609,2351.755730849609,0.1907179824653314
/lustre/orion/lrn070/world-shared/mlupopa/RHEAs_HydraGNN/HydraGNN/examples/vasp_solid_solution_alloys/dataset/bcc_NbZr/Nb-Zr/Zr88Nb40/case-51,0.6875,2.3487493427246093,2348.7493427246095,0.18379177208534983
/lustre/orion/lrn070/world-shared/mlupopa/RHEAs_HydraGNN/HydraGNN/examples/vasp_solid_solution_alloys/dataset/bcc_NbZr/Nb-Zr/Zr88Nb40/case-52,0.6875,2.3484969517871086,2348.4969517871086,0.20152073347122856
/lustre/orion/lrn070/world-shared/mlupopa/RHEAs_HydraGNN/HydraGNN/examples/vasp_solid_solution_alloys/dataset/bcc_NbZr/Nb-Zr/Zr88Nb40/case-53,0.6875,2.34762103834961,2347.62103834961,0.19209472126939142
/lustre/orion/lrn070/world-shared/mlupopa/RHEAs_HydraGNN/HydraGNN/examples/vasp_solid_solution_alloys/dataset/bcc_NbZr/Nb-Zr/Zr88Nb40/case-54,0.6875,2.3504449455371095,2350.4449455371096,0.1787850688441046
/lustre/orion/lrn070/world-shared/mlupopa/RHEAs_HydraGNN/HydraGNN/examples/vasp_solid_solution_alloys/dataset/bcc_NbZr/Nb-Zr/Zr88Nb40/case-55,0.6875,2.35038371163086,2350.38371163086,0.17982172895980403
/lustre/orion/lrn070/world-shared/mlupopa/RHEAs_HydraGNN/HydraGNN/examples/vasp_solid_solution_alloys/dataset/bcc_NbZr/Nb-Zr/Zr88Nb40/case-56,0.6875,2.351312854755859,2351.312854755859,0.1824798170109486
/lustre/orion/lrn070/world-shared/mlupopa/RHEAs_HydraGNN/HydraGNN/examples/vasp_solid_solution_alloys/dataset/bcc_NbZr/Nb-Zr/Zr88Nb40/case-57,0.6875,2.348108046708983,2348.1080467089832,0.19442688676765046
/lustre/orion/lrn070/world-shared/mlupopa/RHEAs_HydraGNN/HydraGNN/examples/vasp_solid_solution_alloys/dataset/bcc_NbZr/Nb-Zr/Zr88Nb40/case-58,0.6875,2.343545034287109,2343.545034287109,0.19703575091085238
/lustre/orion/lrn070/world-shared/mlupopa/RHEAs_HydraGNN/HydraGNN/examples/vasp_solid_solution_alloys/dataset/bcc_NbZr/Nb-Zr/Zr88Nb40/case-59,0.6875,2.3477542127246096,2347.7542127246097,0.1840494518350275
/lustre/orion/lrn070/world-shared/mlupopa/RHEAs_HydraGNN/HydraGNN/examples/vasp_solid_solution_alloys/dataset/bcc_NbZr/Nb-Zr/Zr88Nb40/case-6,0.6875,2.3536041101464846,2353.604110146485,0.19330727693885572
/lustre/orion/lrn070/world-shared/mlupopa/RHEAs_HydraGNN/HydraGNN/examples/vasp_solid_solution_alloys/dataset/bcc_NbZr/Nb-Zr/Zr88Nb40/case-60,0.6875,2.3519399326464843,2351.939932646484,0.18755040709357146
/lustre/orion/lrn070/world-shared/mlupopa/RHEAs_HydraGNN/HydraGNN/examples/vasp_solid_solution_alloys/dataset/bcc_NbZr/Nb-Zr/Zr88Nb40/case-61,0.6875,2.3527015996777347,2352.7015996777345,0.18384744977853057
/lustre/orion/lrn070/world-shared/mlupopa/RHEAs_HydraGNN/HydraGNN/examples/vasp_solid_solution_alloys/dataset/bcc_NbZr/Nb-Zr/Zr88Nb40/case-62,0.6875,2.3503336325683595,2350.3336325683595,0.1861861156631234
/lustre/orion/lrn070/world-shared/mlupopa/RHEAs_HydraGNN/HydraGNN/examples/vasp_solid_solution_alloys/dataset/bcc_NbZr/Nb-Zr/Zr88Nb40/case-63,0.6875,2.3469192078027348,2346.919207802735,0.1825721668557493
/lustre/orion/lrn070/world-shared/mlupopa/RHEAs_HydraGNN/HydraGNN/examples/vasp_solid_solution_alloys/dataset/bcc_NbZr/Nb-Zr/Zr88Nb40/case-64,0.6875,2.3477461811621083,2347.7461811621083,0.19738004097843076
/lustre/orion/lrn070/world-shared/mlupopa/RHEAs_HydraGNN/HydraGNN/examples/vasp_solid_solution_alloys/dataset/bcc_NbZr/Nb-Zr/Zr88Nb40/case-65,0.6875,2.34902843631836,2349.0284363183596,0.18066964698106672
/lustre/orion/lrn070/world-shared/mlupopa/RHEAs_HydraGNN/HydraGNN/examples/vasp_solid_solution_alloys/dataset/bcc_NbZr/Nb-Zr/Zr88Nb40/case-66,0.6875,2.346415388427735,2346.415388427735,0.19566301505097994
/lustre/orion/lrn070/world-shared/mlupopa/RHEAs_HydraGNN/HydraGNN/examples/vasp_solid_solution_alloys/dataset/bcc_NbZr/Nb-Zr/Zr88Nb40/case-67,0.6875,2.3491838470996083,2349.183847099608,0.18552200805181412
/lustre/orion/lrn070/world-shared/mlupopa/RHEAs_HydraGNN/HydraGNN/examples/vasp_solid_solution_alloys/dataset/bcc_NbZr/Nb-Zr/Zr88Nb40/case-68,0.6875,2.346184392177735,2346.184392177735,0.18797269545164824
/lustre/orion/lrn070/world-shared/mlupopa/RHEAs_HydraGNN/HydraGNN/examples/vasp_solid_solution_alloys/dataset/bcc_NbZr/Nb-Zr/Zr88Nb40/case-69,0.6875,2.3490024314746094,2349.0024314746092,0.20215291992893009
/lustre/orion/lrn070/world-shared/mlupopa/RHEAs_HydraGNN/HydraGNN/examples/vasp_solid_solution_alloys/dataset/bcc_NbZr/Nb-Zr/Zr88Nb40/case-7,0.6875,2.3467589521777334,2346.7589521777336,0.18461878055501246
/lustre/orion/lrn070/world-shared/mlupopa/RHEAs_HydraGNN/HydraGNN/examples/vasp_solid_solution_alloys/dataset/bcc_NbZr/Nb-Zr/Zr88Nb40/case-70,0.6875,2.3475471750683585,2347.5471750683587,0.18786197849347946
/lustre/orion/lrn070/world-shared/mlupopa/RHEAs_HydraGNN/HydraGNN/examples/vasp_solid_solution_alloys/dataset/bcc_NbZr/Nb-Zr/Zr88Nb40/case-71,0.6875,2.3488184291308585,2348.8184291308585,0.19688361487534736
/lustre/orion/lrn070/world-shared/mlupopa/RHEAs_HydraGNN/HydraGNN/examples/vasp_solid_solution_alloys/dataset/bcc_NbZr/Nb-Zr/Zr88Nb40/case-72,0.6875,2.347293494677734,2347.293494677734,0.18269029436037193
/lustre/orion/lrn070/world-shared/mlupopa/RHEAs_HydraGNN/HydraGNN/examples/vasp_solid_solution_alloys/dataset/bcc_NbZr/Nb-Zr/Zr88Nb40/case-73,0.6875,2.3489476815527333,2348.9476815527332,0.18837115784747677
/lustre/orion/lrn070/world-shared/mlupopa/RHEAs_HydraGNN/HydraGNN/examples/vasp_solid_solution_alloys/dataset/bcc_NbZr/Nb-Zr/Zr88Nb40/case-74,0.6875,2.3499558267089835,2349.9558267089833,0.1897622800249498
/lustre/orion/lrn070/world-shared/mlupopa/RHEAs_HydraGNN/HydraGNN/examples/vasp_solid_solution_alloys/dataset/bcc_NbZr/Nb-Zr/Zr88Nb40/case-75,0.6875,2.3531631151464847,2353.163115146485,0.19875879489829548
/lustre/orion/lrn070/world-shared/mlupopa/RHEAs_HydraGNN/HydraGNN/examples/vasp_solid_solution_alloys/dataset/bcc_NbZr/Nb-Zr/Zr88Nb40/case-76,0.6875,2.3505150822558587,2350.5150822558585,0.18101762703192617
/lustre/orion/lrn070/world-shared/mlupopa/RHEAs_HydraGNN/HydraGNN/examples/vasp_solid_solution_alloys/dataset/bcc_NbZr/Nb-Zr/Zr88Nb40/case-77,0.6875,2.3491117166308584,2349.1117166308586,0.1869190722237384
/lustre/orion/lrn070/world-shared/mlupopa/RHEAs_HydraGNN/HydraGNN/examples/vasp_solid_solution_alloys/dataset/bcc_NbZr/Nb-Zr/Zr88Nb40/case-78,0.6875,2.3489769697558582,2348.976969755858,0.19816201646583215
/lustre/orion/lrn070/world-shared/mlupopa/RHEAs_HydraGNN/HydraGNN/examples/vasp_solid_solution_alloys/dataset/bcc_NbZr/Nb-Zr/Zr88Nb40/case-79,0.6875,2.3496387732714847,2349.6387732714848,0.19419590702131836
/lustre/orion/lrn070/world-shared/mlupopa/RHEAs_HydraGNN/HydraGNN/examples/vasp_solid_solution_alloys/dataset/bcc_NbZr/Nb-Zr/Zr88Nb40/case-8,0.6875,2.3493002792871085,2349.3002792871084,0.1962205219342605
/lustre/orion/lrn070/world-shared/mlupopa/RHEAs_HydraGNN/HydraGNN/examples/vasp_solid_solution_alloys/dataset/bcc_NbZr/Nb-Zr/Zr88Nb40/case-80,0.6875,2.3475212399902343,2347.5212399902343,0.18794228531605192
/lustre/orion/lrn070/world-shared/mlupopa/RHEAs_HydraGNN/HydraGNN/examples/vasp_solid_solution_alloys/dataset/bcc_NbZr/Nb-Zr/Zr88Nb40/case-81,0.6875,2.352985422255859,2352.9854222558592,0.17504513535679517
/lustre/orion/lrn070/world-shared/mlupopa/RHEAs_HydraGNN/HydraGNN/examples/vasp_solid_solution_alloys/dataset/bcc_NbZr/Nb-Zr/Zr88Nb40/case-82,0.6875,2.3456191081152333,2345.6191081152333,0.19561945232321823
/lustre/orion/lrn070/world-shared/mlupopa/RHEAs_HydraGNN/HydraGNN/examples/vasp_solid_solution_alloys/dataset/bcc_NbZr/Nb-Zr/Zr88Nb40/case-83,0.6875,2.348857389208984,2348.857389208984,0.19637723481746436
/lustre/orion/lrn070/world-shared/mlupopa/RHEAs_HydraGNN/HydraGNN/examples/vasp_solid_solution_alloys/dataset/bcc_NbZr/Nb-Zr/Zr88Nb40/case-84,0.6875,2.347499796708984,2347.499796708984,0.19863990663812003
/lustre/orion/lrn070/world-shared/mlupopa/RHEAs_HydraGNN/HydraGNN/examples/vasp_solid_solution_alloys/dataset/bcc_NbZr/Nb-Zr/Zr88Nb40/case-85,0.6875,2.350662774443359,2350.662774443359,0.18711670845556466
/lustre/orion/lrn070/world-shared/mlupopa/RHEAs_HydraGNN/HydraGNN/examples/vasp_solid_solution_alloys/dataset/bcc_NbZr/Nb-Zr/Zr88Nb40/case-86,0.6875,2.3517111513964846,2351.7111513964846,0.18102885011316264
/lustre/orion/lrn070/world-shared/mlupopa/RHEAs_HydraGNN/HydraGNN/examples/vasp_solid_solution_alloys/dataset/bcc_NbZr/Nb-Zr/Zr88Nb40/case-87,0.6875,2.3421614839746088,2342.161483974609,0.19599934522126275
/lustre/orion/lrn070/world-shared/mlupopa/RHEAs_HydraGNN/HydraGNN/examples/vasp_solid_solution_alloys/dataset/bcc_NbZr/Nb-Zr/Zr88Nb40/case-88,0.6875,2.348082330068358,2348.0823300683583,0.18743960964392273
/lustre/orion/lrn070/world-shared/mlupopa/RHEAs_HydraGNN/HydraGNN/examples/vasp_solid_solution_alloys/dataset/bcc_NbZr/Nb-Zr/Zr88Nb40/case-89,0.6875,2.3489105245996083,2348.9105245996084,0.1778948701986404
/lustre/orion/lrn070/world-shared/mlupopa/RHEAs_HydraGNN/HydraGNN/examples/vasp_solid_solution_alloys/dataset/bcc_NbZr/Nb-Zr/Zr88Nb40/case-9,0.6875,2.351250179365234,2351.250179365234,0.1791448514769344
/lustre/orion/lrn070/world-shared/mlupopa/RHEAs_HydraGNN/HydraGNN/examples/vasp_solid_solution_alloys/dataset/bcc_NbZr/Nb-Zr/Zr88Nb40/case-90,0.6875,2.350566148740233,2350.566148740233,0.18829013673986184
/lustre/orion/lrn070/world-shared/mlupopa/RHEAs_HydraGNN/HydraGNN/examples/vasp_solid_solution_alloys/dataset/bcc_NbZr/Nb-Zr/Zr88Nb40/case-91,0.6875,2.348836576474609,2348.836576474609,0.17959187220391196
/lustre/orion/lrn070/world-shared/mlupopa/RHEAs_HydraGNN/HydraGNN/examples/vasp_solid_solution_alloys/dataset/bcc_NbZr/Nb-Zr/Zr88Nb40/case-92,0.6875,2.3515046400683595,2351.5046400683595,0.18821355759119915
/lustre/orion/lrn070/world-shared/mlupopa/RHEAs_HydraGNN/HydraGNN/examples/vasp_solid_solution_alloys/dataset/bcc_NbZr/Nb-Zr/Zr88Nb40/case-93,0.6875,2.350819817099609,2350.819817099609,0.18106345167353521
/lustre/orion/lrn070/world-shared/mlupopa/RHEAs_HydraGNN/HydraGNN/examples/vasp_solid_solution_alloys/dataset/bcc_NbZr/Nb-Zr/Zr88Nb40/case-94,0.6875,2.351546656474609,2351.546656474609,0.1874495651224516
/lustre/orion/lrn070/world-shared/mlupopa/RHEAs_HydraGNN/HydraGNN/examples/vasp_solid_solution_alloys/dataset/bcc_NbZr/Nb-Zr/Zr88Nb40/case-95,0.6875,2.3453653725683594,2345.3653725683594,0.1944299230452845
/lustre/orion/lrn070/world-shared/mlupopa/RHEAs_HydraGNN/HydraGNN/examples/vasp_solid_solution_alloys/dataset/bcc_NbZr/Nb-Zr/Zr88Nb40/case-96,0.6875,2.34914840631836,2349.14840631836,0.19531938832552886
/lustre/orion/lrn070/world-shared/mlupopa/RHEAs_HydraGNN/HydraGNN/examples/vasp_solid_solution_alloys/dataset/bcc_NbZr/Nb-Zr/Zr88Nb40/case-97,0.6875,2.3488759087402347,2348.8759087402345,0.18289519747045627
/lustre/orion/lrn070/world-shared/mlupopa/RHEAs_HydraGNN/HydraGNN/examples/vasp_solid_solution_alloys/dataset/bcc_NbZr/Nb-Zr/Zr88Nb40/case-98,0.6875,2.3506315879589845,2350.6315879589847,0.18161131934219737
/lustre/orion/lrn070/world-shared/mlupopa/RHEAs_HydraGNN/HydraGNN/examples/vasp_solid_solution_alloys/dataset/bcc_NbZr/Nb-Zr/Zr88Nb40/case-99,0.6875,2.3435256103808584,2343.5256103808583,0.20596037727553954
/lustre/orion/lrn070/world-shared/mlupopa/RHEAs_HydraGNN/HydraGNN/examples/vasp_solid_solution_alloys/dataset/bcc_NbZr/Nb-Zr/Zr8Nb120/case-1,0.0625,0.2202225477050792,220.2225477050792,0.046773611424301004
/lustre/orion/lrn070/world-shared/mlupopa/RHEAs_HydraGNN/HydraGNN/examples/vasp_solid_solution_alloys/dataset/bcc_NbZr/Nb-Zr/Zr8Nb120/case-10,0.0625,0.22005978504882862,220.05978504882862,0.04587753712708959
/lustre/orion/lrn070/world-shared/mlupopa/RHEAs_HydraGNN/HydraGNN/examples/vasp_solid_solution_alloys/dataset/bcc_NbZr/Nb-Zr/Zr8Nb120/case-100,0.0625,0.22037716387695383,220.37716387695383,0.046700508994117686
/lustre/orion/lrn070/world-shared/mlupopa/RHEAs_HydraGNN/HydraGNN/examples/vasp_solid_solution_alloys/dataset/bcc_NbZr/Nb-Zr/Zr8Nb120/case-11,0.0625,0.2203118941113278,220.31189411132777,0.045140076743839734
/lustre/orion/lrn070/world-shared/mlupopa/RHEAs_HydraGNN/HydraGNN/examples/vasp_solid_solution_alloys/dataset/bcc_NbZr/Nb-Zr/Zr8Nb120/case-12,0.0625,0.2209387895019539,220.9387895019539,0.04179392656071561
/lustre/orion/lrn070/world-shared/mlupopa/RHEAs_HydraGNN/HydraGNN/examples/vasp_solid_solution_alloys/dataset/bcc_NbZr/Nb-Zr/Zr8Nb120/case-13,0.0625,0.2199463986425787,219.94639864257869,0.04714280212911542
/lustre/orion/lrn070/world-shared/mlupopa/RHEAs_HydraGNN/HydraGNN/examples/vasp_solid_solution_alloys/dataset/bcc_NbZr/Nb-Zr/Zr8Nb120/case-14,0.0625,0.219905229345704,219.90522934570402,0.04971042774312698
/lustre/orion/lrn070/world-shared/mlupopa/RHEAs_HydraGNN/HydraGNN/examples/vasp_solid_solution_alloys/dataset/bcc_NbZr/Nb-Zr/Zr8Nb120/case-15,0.0625,0.21978187926757897,219.78187926757897,0.04738642726585764
/lustre/orion/lrn070/world-shared/mlupopa/RHEAs_HydraGNN/HydraGNN/examples/vasp_solid_solution_alloys/dataset/bcc_NbZr/Nb-Zr/Zr8Nb120/case-16,0.0625,0.2209459717675788,220.94597176757878,0.04191493886209018
/lustre/orion/lrn070/world-shared/mlupopa/RHEAs_HydraGNN/HydraGNN/examples/vasp_solid_solution_alloys/dataset/bcc_NbZr/Nb-Zr/Zr8Nb120/case-17,0.0625,0.22127477106445426,221.27477106445426,0.041262636073222815
/lustre/orion/lrn070/world-shared/mlupopa/RHEAs_HydraGNN/HydraGNN/examples/vasp_solid_solution_alloys/dataset/bcc_NbZr/Nb-Zr/Zr8Nb120/case-18,0.0625,0.22071716903320393,220.71716903320393,0.04109972613021903
/lustre/orion/lrn070/world-shared/mlupopa/RHEAs_HydraGNN/HydraGNN/examples/vasp_solid_solution_alloys/dataset/bcc_NbZr/Nb-Zr/Zr8Nb120/case-19,0.0625,0.221545210205079,221.545210205079,0.0404192460547031
/lustre/orion/lrn070/world-shared/mlupopa/RHEAs_HydraGNN/HydraGNN/examples/vasp_solid_solution_alloys/dataset/bcc_NbZr/Nb-Zr/Zr8Nb120/case-2,0.0625,0.22020967833007887,220.20967833007887,0.04495305405529668
/lustre/orion/lrn070/world-shared/mlupopa/RHEAs_HydraGNN/HydraGNN/examples/vasp_solid_solution_alloys/dataset/bcc_NbZr/Nb-Zr/Zr8Nb120/case-20,0.0625,0.220088851923828,220.08885192382797,0.04932759863381248
/lustre/orion/lrn070/world-shared/mlupopa/RHEAs_HydraGNN/HydraGNN/examples/vasp_solid_solution_alloys/dataset/bcc_NbZr/Nb-Zr/Zr8Nb120/case-21,0.0625,0.21946770442382935,219.46770442382933,0.04919060329322504
/lustre/orion/lrn070/world-shared/mlupopa/RHEAs_HydraGNN/HydraGNN/examples/vasp_solid_solution_alloys/dataset/bcc_NbZr/Nb-Zr/Zr8Nb120/case-22,0.0625,0.22118199348632928,221.18199348632928,0.04238932582201814
/lustre/orion/lrn070/world-shared/mlupopa/RHEAs_HydraGNN/HydraGNN/examples/vasp_solid_solution_alloys/dataset/bcc_NbZr/Nb-Zr/Zr8Nb120/case-23,0.0625,0.22153071309570294,221.53071309570294,0.04081784389989327
/lustre/orion/lrn070/world-shared/mlupopa/RHEAs_HydraGNN/HydraGNN/examples/vasp_solid_solution_alloys/dataset/bcc_NbZr/Nb-Zr/Zr8Nb120/case-24,0.0625,0.22030850161132776,220.30850161132776,0.04563076334532155
/lustre/orion/lrn070/world-shared/mlupopa/RHEAs_HydraGNN/HydraGNN/examples/vasp_solid_solution_alloys/dataset/bcc_NbZr/Nb-Zr/Zr8Nb120/case-25,0.0625,0.22054376637695405,220.54376637695407,0.04445167769017013
/lustre/orion/lrn070/world-shared/mlupopa/RHEAs_HydraGNN/HydraGNN/examples/vasp_solid_solution_alloys/dataset/bcc_NbZr/Nb-Zr/Zr8Nb120/case-26,0.0625,0.2209024995019533,220.9024995019533,0.04465103861522785
/lustre/orion/lrn070/world-shared/mlupopa/RHEAs_HydraGNN/HydraGNN/examples/vasp_solid_solution_alloys/dataset/bcc_NbZr/Nb-Zr/Zr8Nb120/case-27,0.0625,0.220107452392579,220.107452392579,0.04378136511403155
/lustre/orion/lrn070/world-shared/mlupopa/RHEAs_HydraGNN/HydraGNN/examples/vasp_solid_solution_alloys/dataset/bcc_NbZr/Nb-Zr/Zr8Nb120/case-28,0.0625,0.2202746100488291,220.2746100488291,0.04693226479623676
/lustre/orion/lrn070/world-shared/mlupopa/RHEAs_HydraGNN/HydraGNN/examples/vasp_solid_solution_alloys/dataset/bcc_NbZr/Nb-Zr/Zr8Nb120/case-29,0.0625,0.22140959723632925,221.40959723632926,0.04258611136356568
/lustre/orion/lrn070/world-shared/mlupopa/RHEAs_HydraGNN/HydraGNN/examples/vasp_solid_solution_alloys/dataset/bcc_NbZr/Nb-Zr/Zr8Nb120/case-3,0.0625,0.22043285981445315,220.43285981445314,0.04538661128721191
/lustre/orion/lrn070/world-shared/mlupopa/RHEAs_HydraGNN/HydraGNN/examples/vasp_solid_solution_alloys/dataset/bcc_NbZr/Nb-Zr/Zr8Nb120/case-30,0.0625,0.22099320317382798,220.99320317382796,0.04413357652394707
/lustre/orion/lrn070/world-shared/mlupopa/RHEAs_HydraGNN/HydraGNN/examples/vasp_solid_solution_alloys/dataset/bcc_NbZr/Nb-Zr/Zr8Nb120/case-31,0.0625,0.22077012856445322,220.77012856445322,0.04334229338869992
/lustre/orion/lrn070/world-shared/mlupopa/RHEAs_HydraGNN/HydraGNN/examples/vasp_solid_solution_alloys/dataset/bcc_NbZr/Nb-Zr/Zr8Nb120/case-32,0.0625,0.22071051739257896,220.71051739257896,0.04296646944337261
/lustre/orion/lrn070/world-shared/mlupopa/RHEAs_HydraGNN/HydraGNN/examples/vasp_solid_solution_alloys/dataset/bcc_NbZr/Nb-Zr/Zr8Nb120/case-33,0.0625,0.22018976942382906,220.18976942382906,0.044322450816502414
/lustre/orion/lrn070/world-shared/mlupopa/RHEAs_HydraGNN/HydraGNN/examples/vasp_solid_solution_alloys/dataset/bcc_NbZr/Nb-Zr/Zr8Nb120/case-34,0.0625,0.22083490434570408,220.83490434570408,0.042386856237185126
/lustre/orion/lrn070/world-shared/mlupopa/RHEAs_HydraGNN/HydraGNN/examples/vasp_solid_solution_alloys/dataset/bcc_NbZr/Nb-Zr/Zr8Nb120/case-35,0.0625,0.21972044520507872,219.7204452050787,0.04867308970525189
/lustre/orion/lrn070/world-shared/mlupopa/RHEAs_HydraGNN/HydraGNN/examples/vasp_solid_solution_alloys/dataset/bcc_NbZr/Nb-Zr/Zr8Nb120/case-36,0.0625,0.2206287495800794,220.6287495800794,0.04546633826688882
/lustre/orion/lrn070/world-shared/mlupopa/RHEAs_HydraGNN/HydraGNN/examples/vasp_solid_solution_alloys/dataset/bcc_NbZr/Nb-Zr/Zr8Nb120/case-37,0.0625,0.2212409028613287,221.2409028613287,0.04144032885360749
/lustre/orion/lrn070/world-shared/mlupopa/RHEAs_HydraGNN/HydraGNN/examples/vasp_solid_solution_alloys/dataset/bcc_NbZr/Nb-Zr/Zr8Nb120/case-38,0.0625,0.22013800786132798,220.138007861328,0.04643688173612581
/lustre/orion/lrn070/world-shared/mlupopa/RHEAs_HydraGNN/HydraGNN/examples/vasp_solid_solution_alloys/dataset/bcc_NbZr/Nb-Zr/Zr8Nb120/case-39,0.0625,0.22000566434570423,220.00566434570425,0.048827533815667845
/lustre/orion/lrn070/world-shared/mlupopa/RHEAs_HydraGNN/HydraGNN/examples/vasp_solid_solution_alloys/dataset/bcc_NbZr/Nb-Zr/Zr8Nb120/case-4,0.0625,0.22077218762695416,220.77218762695418,0.043360551258770925
/lustre/orion/lrn070/world-shared/mlupopa/RHEAs_HydraGNN/HydraGNN/examples/vasp_solid_solution_alloys/dataset/bcc_NbZr/Nb-Zr/Zr8Nb120/case-40,0.0625,0.22020582614257833,220.20582614257833,0.046152016269368545
/lustre/orion/lrn070/world-shared/mlupopa/RHEAs_HydraGNN/HydraGNN/examples/vasp_solid_solution_alloys/dataset/bcc_NbZr/Nb-Zr/Zr8Nb120/case-41,0.0625,0.22070224583007914,220.70224583007914,0.04391143476150244
/lustre/orion/lrn070/world-shared/mlupopa/RHEAs_HydraGNN/HydraGNN/examples/vasp_solid_solution_alloys/dataset/bcc_NbZr/Nb-Zr/Zr8Nb120/case-42,0.0625,0.22111712083007795,221.11712083007797,0.03983805181300024
/lustre/orion/lrn070/world-shared/mlupopa/RHEAs_HydraGNN/HydraGNN/examples/vasp_solid_solution_alloys/dataset/bcc_NbZr/Nb-Zr/Zr8Nb120/case-43,0.0625,0.22071320575195408,220.7132057519541,0.047569545257287064
/lustre/orion/lrn070/world-shared/mlupopa/RHEAs_HydraGNN/HydraGNN/examples/vasp_solid_solution_alloys/dataset/bcc_NbZr/Nb-Zr/Zr8Nb120/case-44,0.0625,0.22043703903320377,220.43703903320377,0.04446290845172744
/lustre/orion/lrn070/world-shared/mlupopa/RHEAs_HydraGNN/HydraGNN/examples/vasp_solid_solution_alloys/dataset/bcc_NbZr/Nb-Zr/Zr8Nb120/case-45,0.0625,0.22071174208007882,220.7117420800788,0.04387227192589762
/lustre/orion/lrn070/world-shared/mlupopa/RHEAs_HydraGNN/HydraGNN/examples/vasp_solid_solution_alloys/dataset/bcc_NbZr/Nb-Zr/Zr8Nb120/case-46,0.0625,0.221090496376954,221.09049637695398,0.043233205702290056
/lustre/orion/lrn070/world-shared/mlupopa/RHEAs_HydraGNN/HydraGNN/examples/vasp_solid_solution_alloys/dataset/bcc_NbZr/Nb-Zr/Zr8Nb120/case-47,0.0625,0.2195945119238285,219.59451192382852,0.05015967650895273
/lustre/orion/lrn070/world-shared/mlupopa/RHEAs_HydraGNN/HydraGNN/examples/vasp_solid_solution_alloys/dataset/bcc_NbZr/Nb-Zr/Zr8Nb120/case-48,0.0625,0.2206220114550792,220.6220114550792,0.04421970209720126
/lustre/orion/lrn070/world-shared/mlupopa/RHEAs_HydraGNN/HydraGNN/examples/vasp_solid_solution_alloys/dataset/bcc_NbZr/Nb-Zr/Zr8Nb120/case-49,0.0625,0.22034174239257887,220.34174239257885,0.05005000037978741
/lustre/orion/lrn070/world-shared/mlupopa/RHEAs_HydraGNN/HydraGNN/examples/vasp_solid_solution_alloys/dataset/bcc_NbZr/Nb-Zr/Zr8Nb120/case-5,0.0625,0.21991670379882855,219.91670379882856,0.05122318712687053
/lustre/orion/lrn070/world-shared/mlupopa/RHEAs_HydraGNN/HydraGNN/examples/vasp_solid_solution_alloys/dataset/bcc_NbZr/Nb-Zr/Zr8Nb120/case-50,0.0625,0.22104697418945385,221.04697418945386,0.04377490028520847
/lustre/orion/lrn070/world-shared/mlupopa/RHEAs_HydraGNN/HydraGNN/examples/vasp_solid_solution_alloys/dataset/bcc_NbZr/Nb-Zr/Zr8Nb120/case-51,0.0625,0.2198987862988293,219.8987862988293,0.04965443472359459
/lustre/orion/lrn070/world-shared/mlupopa/RHEAs_HydraGNN/HydraGNN/examples/vasp_solid_solution_alloys/dataset/bcc_NbZr/Nb-Zr/Zr8Nb120/case-52,0.0625,0.2207872920019529,220.7872920019529,0.04775542078343364
/lustre/orion/lrn070/world-shared/mlupopa/RHEAs_HydraGNN/HydraGNN/examples/vasp_solid_solution_alloys/dataset/bcc_NbZr/Nb-Zr/Zr8Nb120/case-53,0.0625,0.2198829392675794,219.8829392675794,0.050200469837254236
/lustre/orion/lrn070/world-shared/mlupopa/RHEAs_HydraGNN/HydraGNN/examples/vasp_solid_solution_alloys/dataset/bcc_NbZr/Nb-Zr/Zr8Nb120/case-54,0.0625,0.22124698215820437,221.2469821582044,0.044197907892725985
/lustre/orion/lrn070/world-shared/mlupopa/RHEAs_HydraGNN/HydraGNN/examples/vasp_solid_solution_alloys/dataset/bcc_NbZr/Nb-Zr/Zr8Nb120/case-55,0.0625,0.21975289489257932,219.75289489257932,0.05028273826351287
/lustre/orion/lrn070/world-shared/mlupopa/RHEAs_HydraGNN/HydraGNN/examples/vasp_solid_solution_alloys/dataset/bcc_NbZr/Nb-Zr/Zr8Nb120/case-56,0.0625,0.22039504997070303,220.39504997070304,0.04529540849533208
/lustre/orion/lrn070/world-shared/mlupopa/RHEAs_HydraGNN/HydraGNN/examples/vasp_solid_solution_alloys/dataset/bcc_NbZr/Nb-Zr/Zr8Nb120/case-57,0.0625,0.220945324892579,220.945324892579,0.045860840850986725
/lustre/orion/lrn070/world-shared/mlupopa/RHEAs_HydraGNN/HydraGNN/examples/vasp_solid_solution_alloys/dataset/bcc_NbZr/Nb-Zr/Zr8Nb120/case-58,0.0625,0.2204465343457045,220.4465343457045,0.045839056050615924
/lustre/orion/lrn070/world-shared/mlupopa/RHEAs_HydraGNN/HydraGNN/examples/vasp_solid_solution_alloys/dataset/bcc_NbZr/Nb-Zr/Zr8Nb120/case-59,0.0625,0.22040415168945415,220.40415168945415,0.04567014815808027
/lustre/orion/lrn070/world-shared/mlupopa/RHEAs_HydraGNN/HydraGNN/examples/vasp_solid_solution_alloys/dataset/bcc_NbZr/Nb-Zr/Zr8Nb120/case-6,0.0625,0.22033193379882832,220.33193379882832,0.047904283201674516
/lustre/orion/lrn070/world-shared/mlupopa/RHEAs_HydraGNN/HydraGNN/examples/vasp_solid_solution_alloys/dataset/bcc_NbZr/Nb-Zr/Zr8Nb120/case-60,0.0625,0.22018126997070375,220.18126997070374,0.04691251960927185
/lustre/orion/lrn070/world-shared/mlupopa/RHEAs_HydraGNN/HydraGNN/examples/vasp_solid_solution_alloys/dataset/bcc_NbZr/Nb-Zr/Zr8Nb120/case-61,0.0625,0.22023630434570407,220.23630434570407,0.04766967517447936
/lustre/orion/lrn070/world-shared/mlupopa/RHEAs_HydraGNN/HydraGNN/examples/vasp_solid_solution_alloys/dataset/bcc_NbZr/Nb-Zr/Zr8Nb120/case-62,0.0625,0.2206574480175778,220.6574480175778,0.043020780612603726
/lustre/orion/lrn070/world-shared/mlupopa/RHEAs_HydraGNN/HydraGNN/examples/vasp_solid_solution_alloys/dataset/bcc_NbZr/Nb-Zr/Zr8Nb120/case-63,0.0625,0.22061421559570427,220.61421559570425,0.04468549711944203
/lustre/orion/lrn070/world-shared/mlupopa/RHEAs_HydraGNN/HydraGNN/examples/vasp_solid_solution_alloys/dataset/bcc_NbZr/Nb-Zr/Zr8Nb120/case-64,0.0625,0.22055283715820373,220.55283715820372,0.04660048727795404
/lustre/orion/lrn070/world-shared/mlupopa/RHEAs_HydraGNN/HydraGNN/examples/vasp_solid_solution_alloys/dataset/bcc_NbZr/Nb-Zr/Zr8Nb120/case-65,0.0625,0.22123412489257888,221.23412489257888,0.04203235930902472
/lustre/orion/lrn070/world-shared/mlupopa/RHEAs_HydraGNN/HydraGNN/examples/vasp_solid_solution_alloys/dataset/bcc_NbZr/Nb-Zr/Zr8Nb120/case-66,0.0625,0.22092917606445361,220.9291760644536,0.04343751533437107
/lustre/orion/lrn070/world-shared/mlupopa/RHEAs_HydraGNN/HydraGNN/examples/vasp_solid_solution_alloys/dataset/bcc_NbZr/Nb-Zr/Zr8Nb120/case-67,0.0625,0.22011317895507787,220.11317895507787,0.04950390066180926
/lustre/orion/lrn070/world-shared/mlupopa/RHEAs_HydraGNN/HydraGNN/examples/vasp_solid_solution_alloys/dataset/bcc_NbZr/Nb-Zr/Zr8Nb120/case-68,0.0625,0.2204066555957045,220.40665559570448,0.04761133775193461
/lustre/orion/lrn070/world-shared/mlupopa/RHEAs_HydraGNN/HydraGNN/examples/vasp_solid_solution_alloys/dataset/bcc_NbZr/Nb-Zr/Zr8Nb120/case-69,0.0625,0.22012251801757898,220.12251801757898,0.04674389762457356
/lustre/orion/lrn070/world-shared/mlupopa/RHEAs_HydraGNN/HydraGNN/examples/vasp_solid_solution_alloys/dataset/bcc_NbZr/Nb-Zr/Zr8Nb120/case-7,0.0625,0.22052793450195374,220.52793450195372,0.04709160125425331
/lustre/orion/lrn070/world-shared/mlupopa/RHEAs_HydraGNN/HydraGNN/examples/vasp_solid_solution_alloys/dataset/bcc_NbZr/Nb-Zr/Zr8Nb120/case-70,0.0625,0.22057002934570313,220.57002934570312,0.0442962787089256
/lustre/orion/lrn070/world-shared/mlupopa/RHEAs_HydraGNN/HydraGNN/examples/vasp_solid_solution_alloys/dataset/bcc_NbZr/Nb-Zr/Zr8Nb120/case-71,0.0625,0.2214467513769538,221.44675137695378,0.04196911128169232
/lustre/orion/lrn070/world-shared/mlupopa/RHEAs_HydraGNN/HydraGNN/examples/vasp_solid_solution_alloys/dataset/bcc_NbZr/Nb-Zr/Zr8Nb120/case-72,0.0625,0.2205161748144544,220.51617481445442,0.04496345223418876
/lustre/orion/lrn070/world-shared/mlupopa/RHEAs_HydraGNN/HydraGNN/examples/vasp_solid_solution_alloys/dataset/bcc_NbZr/Nb-Zr/Zr8Nb120/case-73,0.0625,0.21991403176757807,219.91403176757808,0.04721773713634591
/lustre/orion/lrn070/world-shared/mlupopa/RHEAs_HydraGNN/HydraGNN/examples/vasp_solid_solution_alloys/dataset/bcc_NbZr/Nb-Zr/Zr8Nb120/case-74,0.0625,0.22069936543945445,220.69936543945445,0.043367377932922696
/lustre/orion/lrn070/world-shared/mlupopa/RHEAs_HydraGNN/HydraGNN/examples/vasp_solid_solution_alloys/dataset/bcc_NbZr/Nb-Zr/Zr8Nb120/case-75,0.0625,0.220539415439454,220.539415439454,0.04424527272788997
/lustre/orion/lrn070/world-shared/mlupopa/RHEAs_HydraGNN/HydraGNN/examples/vasp_solid_solution_alloys/dataset/bcc_NbZr/Nb-Zr/Zr8Nb120/case-76,0.0625,0.220606596064453,220.606596064453,0.04579429356698909
/lustre/orion/lrn070/world-shared/mlupopa/RHEAs_HydraGNN/HydraGNN/examples/vasp_solid_solution_alloys/dataset/bcc_NbZr/Nb-Zr/Zr8Nb120/case-77,0.0625,0.22043597684570315,220.43597684570315,0.04393620254004223
/lustre/orion/lrn070/world-shared/mlupopa/RHEAs_HydraGNN/HydraGNN/examples/vasp_solid_solution_alloys/dataset/bcc_NbZr/Nb-Zr/Zr8Nb120/case-78,0.0625,0.22168095059570447,221.68095059570447,0.03817634136698355
/lustre/orion/lrn070/world-shared/mlupopa/RHEAs_HydraGNN/HydraGNN/examples/vasp_solid_solution_alloys/dataset/bcc_NbZr/Nb-Zr/Zr8Nb120/case-79,0.0625,0.22071369559570364,220.71369559570365,0.046759365971884084
/lustre/orion/lrn070/world-shared/mlupopa/RHEAs_HydraGNN/HydraGNN/examples/vasp_solid_solution_alloys/dataset/bcc_NbZr/Nb-Zr/Zr8Nb120/case-8,0.0625,0.2201363883300793,220.1363883300793,0.047117169080962466
/lustre/orion/lrn070/world-shared/mlupopa/RHEAs_HydraGNN/HydraGNN/examples/vasp_solid_solution_alloys/dataset/bcc_NbZr/Nb-Zr/Zr8Nb120/case-80,0.0625,0.21991401012695277,219.91401012695277,0.04709816741031085
/lustre/orion/lrn070/world-shared/mlupopa/RHEAs_HydraGNN/HydraGNN/examples/vasp_solid_solution_alloys/dataset/bcc_NbZr/Nb-Zr/Zr8Nb120/case-81,0.0625,0.221754195751954,221.754195751954,0.03973143813126297
/lustre/orion/lrn070/world-shared/mlupopa/RHEAs_HydraGNN/HydraGNN/examples/vasp_solid_solution_alloys/dataset/bcc_NbZr/Nb-Zr/Zr8Nb120/case-82,0.0625,0.21947452090820363,219.47452090820363,0.05081546999719026
/lustre/orion/lrn070/world-shared/mlupopa/RHEAs_HydraGNN/HydraGNN/examples/vasp_solid_solution_alloys/dataset/bcc_NbZr/Nb-Zr/Zr8Nb120/case-83,0.0625,0.22087136293945342,220.87136293945343,0.042985361001604716
/lustre/orion/lrn070/world-shared/mlupopa/RHEAs_HydraGNN/HydraGNN/examples/vasp_solid_solution_alloys/dataset/bcc_NbZr/Nb-Zr/Zr8Nb120/case-84,0.0625,0.22018936981445414,220.18936981445415,0.04773680185323295
/lustre/orion/lrn070/world-shared/mlupopa/RHEAs_HydraGNN/HydraGNN/examples/vasp_solid_solution_alloys/dataset/bcc_NbZr/Nb-Zr/Zr8Nb120/case-85,0.0625,0.2206142943457028,220.61429434570277,0.04679743958480045
/lustre/orion/lrn070/world-shared/mlupopa/RHEAs_HydraGNN/HydraGNN/examples/vasp_solid_solution_alloys/dataset/bcc_NbZr/Nb-Zr/Zr8Nb120/case-86,0.0625,0.2202223312207039,220.2223312207039,0.04701757658171621
/lustre/orion/lrn070/world-shared/mlupopa/RHEAs_HydraGNN/HydraGNN/examples/vasp_solid_solution_alloys/dataset/bcc_NbZr/Nb-Zr/Zr8Nb120/case-87,0.0625,0.2215038313769533,221.5038313769533,0.042875404708865784
/lustre/orion/lrn070/world-shared/mlupopa/RHEAs_HydraGNN/HydraGNN/examples/vasp_solid_solution_alloys/dataset/bcc_NbZr/Nb-Zr/Zr8Nb120/case-88,0.0625,0.2206238152832043,220.6238152832043,0.048525408870536885
/lustre/orion/lrn070/world-shared/mlupopa/RHEAs_HydraGNN/HydraGNN/examples/vasp_solid_solution_alloys/dataset/bcc_NbZr/Nb-Zr/Zr8Nb120/case-89,0.0625,0.21982400504882804,219.82400504882804,0.05192884937152501
/lustre/orion/lrn070/world-shared/mlupopa/RHEAs_HydraGNN/HydraGNN/examples/vasp_solid_solution_alloys/dataset/bcc_NbZr/Nb-Zr/Zr8Nb120/case-9,0.0625,0.21932617590820414,219.32617590820414,0.05326242484499888
/lustre/orion/lrn070/world-shared/mlupopa/RHEAs_HydraGNN/HydraGNN/examples/vasp_solid_solution_alloys/dataset/bcc_NbZr/Nb-Zr/Zr8Nb120/case-90,0.0625,0.2199026837988285,219.9026837988285,0.04943346934975042
/lustre/orion/lrn070/world-shared/mlupopa/RHEAs_HydraGNN/HydraGNN/examples/vasp_solid_solution_alloys/dataset/bcc_NbZr/Nb-Zr/Zr8Nb120/case-91,0.0625,0.22048927911132843,220.48927911132841,0.04594552385307264
/lustre/orion/lrn070/world-shared/mlupopa/RHEAs_HydraGNN/HydraGNN/examples/vasp_solid_solution_alloys/dataset/bcc_NbZr/Nb-Zr/Zr8Nb120/case-92,0.0625,0.21984513934570415,219.84513934570415,0.04894824035961556
/lustre/orion/lrn070/world-shared/mlupopa/RHEAs_HydraGNN/HydraGNN/examples/vasp_solid_solution_alloys/dataset/bcc_NbZr/Nb-Zr/Zr8Nb120/case-93,0.0625,0.22057720809570291,220.57720809570293,0.04688035095247482
/lustre/orion/lrn070/world-shared/mlupopa/RHEAs_HydraGNN/HydraGNN/examples/vasp_solid_solution_alloys/dataset/bcc_NbZr/Nb-Zr/Zr8Nb120/case-94,0.0625,0.22044371036132837,220.44371036132839,0.04493947962486675
/lustre/orion/lrn070/world-shared/mlupopa/RHEAs_HydraGNN/HydraGNN/examples/vasp_solid_solution_alloys/dataset/bcc_NbZr/Nb-Zr/Zr8Nb120/case-95,0.0625,0.22070674489257947,220.70674489257948,0.04534114550531284
/lustre/orion/lrn070/world-shared/mlupopa/RHEAs_HydraGNN/HydraGNN/examples/vasp_solid_solution_alloys/dataset/bcc_NbZr/Nb-Zr/Zr8Nb120/case-96,0.0625,0.220484437470704,220.484437470704,0.04536021314467272
/lustre/orion/lrn070/world-shared/mlupopa/RHEAs_HydraGNN/HydraGNN/examples/vasp_solid_solution_alloys/dataset/bcc_NbZr/Nb-Zr/Zr8Nb120/case-97,0.0625,0.22029581918945418,220.29581918945416,0.04699301671012061
/lustre/orion/lrn070/world-shared/mlupopa/RHEAs_HydraGNN/HydraGNN/examples/vasp_solid_solution_alloys/dataset/bcc_NbZr/Nb-Zr/Zr8Nb120/case-98,0.0625,0.2201777330175787,220.1777330175787,0.047595022605798856
/lustre/orion/lrn070/world-shared/mlupopa/RHEAs_HydraGNN/HydraGNN/examples/vasp_solid_solution_alloys/dataset/bcc_NbZr/Nb-Zr/Zr8Nb120/case-99,0.0625,0.2206356966113283,220.6356966113283,0.04539472644198147
/lustre/orion/lrn070/world-shared/mlupopa/RHEAs_HydraGNN/HydraGNN/examples/vasp_solid_solution_alloys/dataset/bcc_NbZr/Nb-Zr/Zr92Nb36/case-1,0.71875,2.4513591543115236,2451.3591543115235,0.19270963385298914
/lustre/orion/lrn070/world-shared/mlupopa/RHEAs_HydraGNN/HydraGNN/examples/vasp_solid_solution_alloys/dataset/bcc_NbZr/Nb-Zr/Zr92Nb36/case-10,0.71875,2.4543650431396493,2454.3650431396495,0.2004411302865755
/lustre/orion/lrn070/world-shared/mlupopa/RHEAs_HydraGNN/HydraGNN/examples/vasp_solid_solution_alloys/dataset/bcc_NbZr/Nb-Zr/Zr92Nb36/case-100,0.71875,2.4528612078271497,2452.86120782715,0.19819142311787555
/lustre/orion/lrn070/world-shared/mlupopa/RHEAs_HydraGNN/HydraGNN/examples/vasp_solid_solution_alloys/dataset/bcc_NbZr/Nb-Zr/Zr92Nb36/case-11,0.71875,2.4534288218896485,2453.4288218896486,0.1948250033463936
/lustre/orion/lrn070/world-shared/mlupopa/RHEAs_HydraGNN/HydraGNN/examples/vasp_solid_solution_alloys/dataset/bcc_NbZr/Nb-Zr/Zr92Nb36/case-12,0.71875,2.451508750092774,2451.5087500927743,0.19426599420546808
/lustre/orion/lrn070/world-shared/mlupopa/RHEAs_HydraGNN/HydraGNN/examples/vasp_solid_solution_alloys/dataset/bcc_NbZr/Nb-Zr/Zr92Nb36/case-13,0.71875,2.4495451656396483,2449.545165639648,0.18613816910738357
/lustre/orion/lrn070/world-shared/mlupopa/RHEAs_HydraGNN/HydraGNN/examples/vasp_solid_solution_alloys/dataset/bcc_NbZr/Nb-Zr/Zr92Nb36/case-14,0.71875,2.4505116125927735,2450.5116125927734,0.19884633023272386
/lustre/orion/lrn070/world-shared/mlupopa/RHEAs_HydraGNN/HydraGNN/examples/vasp_solid_solution_alloys/dataset/bcc_NbZr/Nb-Zr/Zr92Nb36/case-15,0.71875,2.451380582280274,2451.380582280274,0.19272294724676878
/lustre/orion/lrn070/world-shared/mlupopa/RHEAs_HydraGNN/HydraGNN/examples/vasp_solid_solution_alloys/dataset/bcc_NbZr/Nb-Zr/Zr92Nb36/case-16,0.71875,2.446817280014649,2446.817280014649,0.188611701379542
/lustre/orion/lrn070/world-shared/mlupopa/RHEAs_HydraGNN/HydraGNN/examples/vasp_solid_solution_alloys/dataset/bcc_NbZr/Nb-Zr/Zr92Nb36/case-17,0.71875,2.453356724624024,2453.356724624024,0.19605629752453216
/lustre/orion/lrn070/world-shared/mlupopa/RHEAs_HydraGNN/HydraGNN/examples/vasp_solid_solution_alloys/dataset/bcc_NbZr/Nb-Zr/Zr92Nb36/case-18,0.71875,2.450755929702149,2450.755929702149,0.19102103684138447
/lustre/orion/lrn070/world-shared/mlupopa/RHEAs_HydraGNN/HydraGNN/examples/vasp_solid_solution_alloys/dataset/bcc_NbZr/Nb-Zr/Zr92Nb36/case-19,0.71875,2.45020851313965,2450.2085131396498,0.18797939286922746
/lustre/orion/lrn070/world-shared/mlupopa/RHEAs_HydraGNN/HydraGNN/examples/vasp_solid_solution_alloys/dataset/bcc_NbZr/Nb-Zr/Zr92Nb36/case-2,0.71875,2.452714501811524,2452.7145018115243,0.18388527745187522
/lustre/orion/lrn070/world-shared/mlupopa/RHEAs_HydraGNN/HydraGNN/examples/vasp_solid_solution_alloys/dataset/bcc_NbZr/Nb-Zr/Zr92Nb36/case-20,0.71875,2.448591150092774,2448.591150092774,0.20290723495913496
/lustre/orion/lrn070/world-shared/mlupopa/RHEAs_HydraGNN/HydraGNN/examples/vasp_solid_solution_alloys/dataset/bcc_NbZr/Nb-Zr/Zr92Nb36/case-3,0.71875,2.44881573282715,2448.81573282715,0.19281904582863282
/lustre/orion/lrn070/world-shared/mlupopa/RHEAs_HydraGNN/HydraGNN/examples/vasp_solid_solution_alloys/dataset/bcc_NbZr/Nb-Zr/Zr92Nb36/case-4,0.71875,2.4489984010302734,2448.9984010302733,0.19130853335334683
/lustre/orion/lrn070/world-shared/mlupopa/RHEAs_HydraGNN/HydraGNN/examples/vasp_solid_solution_alloys/dataset/bcc_NbZr/Nb-Zr/Zr92Nb36/case-41,0.71875,2.4502948123583987,2450.2948123583988,0.20011113922954885
/lustre/orion/lrn070/world-shared/mlupopa/RHEAs_HydraGNN/HydraGNN/examples/vasp_solid_solution_alloys/dataset/bcc_NbZr/Nb-Zr/Zr92Nb36/case-42,0.71875,2.4526162482177742,2452.6162482177742,0.2063769737147346
/lustre/orion/lrn070/world-shared/mlupopa/RHEAs_HydraGNN/HydraGNN/examples/vasp_solid_solution_alloys/dataset/bcc_NbZr/Nb-Zr/Zr92Nb36/case-43,0.71875,2.4531661680615233,2453.1661680615234,0.18103043722441617
/lustre/orion/lrn070/world-shared/mlupopa/RHEAs_HydraGNN/HydraGNN/examples/vasp_solid_solution_alloys/dataset/bcc_NbZr/Nb-Zr/Zr92Nb36/case-44,0.71875,2.4500518201708985,2450.0518201708983,0.19680616278048876
/lustre/orion/lrn070/world-shared/mlupopa/RHEAs_HydraGNN/HydraGNN/examples/vasp_solid_solution_alloys/dataset/bcc_NbZr/Nb-Zr/Zr92Nb36/case-45,0.71875,2.4515058080615244,2451.5058080615245,0.19363509980650126
/lustre/orion/lrn070/world-shared/mlupopa/RHEAs_HydraGNN/HydraGNN/examples/vasp_solid_solution_alloys/dataset/bcc_NbZr/Nb-Zr/Zr92Nb36/case-46,0.71875,2.4498770635302733,2449.8770635302735,0.1964770214905451
/lustre/orion/lrn070/world-shared/mlupopa/RHEAs_HydraGNN/HydraGNN/examples/vasp_solid_solution_alloys/dataset/bcc_NbZr/Nb-Zr/Zr92Nb36/case-47,0.71875,2.449874826420899,2449.8748264208994,0.19663652398458561
/lustre/orion/lrn070/world-shared/mlupopa/RHEAs_HydraGNN/HydraGNN/examples/vasp_solid_solution_alloys/dataset/bcc_NbZr/Nb-Zr/Zr92Nb36/case-48,0.71875,2.4491703003271486,2449.1703003271487,0.19533981639363923
/lustre/orion/lrn070/world-shared/mlupopa/RHEAs_HydraGNN/HydraGNN/examples/vasp_solid_solution_alloys/dataset/bcc_NbZr/Nb-Zr/Zr92Nb36/case-49,0.71875,2.446367023452149,2446.367023452149,0.1973843242276752
/lustre/orion/lrn070/world-shared/mlupopa/RHEAs_HydraGNN/HydraGNN/examples/vasp_solid_solution_alloys/dataset/bcc_NbZr/Nb-Zr/Zr92Nb36/case-5,0.71875,2.4505859266552736,2450.585926655274,0.18747168864539726
/lustre/orion/lrn070/world-shared/mlupopa/RHEAs_HydraGNN/HydraGNN/examples/vasp_solid_solution_alloys/dataset/bcc_NbZr/Nb-Zr/Zr92Nb36/case-50,0.71875,2.451664356420899,2451.664356420899,0.2000280019123269
/lustre/orion/lrn070/world-shared/mlupopa/RHEAs_HydraGNN/HydraGNN/examples/vasp_solid_solution_alloys/dataset/bcc_NbZr/Nb-Zr/Zr92Nb36/case-51,0.71875,2.4553035934521485,2455.3035934521486,0.1958326176260469
/lustre/orion/lrn070/world-shared/mlupopa/RHEAs_HydraGNN/HydraGNN/examples/vasp_solid_solution_alloys/dataset/bcc_NbZr/Nb-Zr/Zr92Nb36/case-52,0.71875,2.452827132514649,2452.8271325146493,0.20561586928674036
/lustre/orion/lrn070/world-shared/mlupopa/RHEAs_HydraGNN/HydraGNN/examples/vasp_solid_solution_alloys/dataset/bcc_NbZr/Nb-Zr/Zr92Nb36/case-53,0.71875,2.454256092045899,2454.256092045899,0.19333685893822045
/lustre/orion/lrn070/world-shared/mlupopa/RHEAs_HydraGNN/HydraGNN/examples/vasp_solid_solution_alloys/dataset/bcc_NbZr/Nb-Zr/Zr92Nb36/case-54,0.71875,2.450261633842773,2450.2616338427733,0.1784718555397696
/lustre/orion/lrn070/world-shared/mlupopa/RHEAs_HydraGNN/HydraGNN/examples/vasp_solid_solution_alloys/dataset/bcc_NbZr/Nb-Zr/Zr92Nb36/case-55,0.71875,2.4545466483740235,2454.5466483740233,0.20035914881519853
/lustre/orion/lrn070/world-shared/mlupopa/RHEAs_HydraGNN/HydraGNN/examples/vasp_solid_solution_alloys/dataset/bcc_NbZr/Nb-Zr/Zr92Nb36/case-56,0.71875,2.4466398086865233,2446.6398086865233,0.21196615957724002
/lustre/orion/lrn070/world-shared/mlupopa/RHEAs_HydraGNN/HydraGNN/examples/vasp_solid_solution_alloys/dataset/bcc_NbZr/Nb-Zr/Zr92Nb36/case-57,0.71875,2.4512480162646497,2451.24801626465,0.19263838704956798
/lustre/orion/lrn070/world-shared/mlupopa/RHEAs_HydraGNN/HydraGNN/examples/vasp_solid_solution_alloys/dataset/bcc_NbZr/Nb-Zr/Zr92Nb36/case-58,0.71875,2.4514545595458994,2451.4545595458994,0.19689782185859814
/lustre/orion/lrn070/world-shared/mlupopa/RHEAs_HydraGNN/HydraGNN/examples/vasp_solid_solution_alloys/dataset/bcc_NbZr/Nb-Zr/Zr92Nb36/case-59,0.71875,2.4521220344677737,2452.1220344677736,0.19785256011050686
/lustre/orion/lrn070/world-shared/mlupopa/RHEAs_HydraGNN/HydraGNN/examples/vasp_solid_solution_alloys/dataset/bcc_NbZr/Nb-Zr/Zr92Nb36/case-6,0.71875,2.4489526284521492,2448.9526284521494,0.18608319562689896
/lustre/orion/lrn070/world-shared/mlupopa/RHEAs_HydraGNN/HydraGNN/examples/vasp_solid_solution_alloys/dataset/bcc_NbZr/Nb-Zr/Zr92Nb36/case-60,0.71875,2.453527888999025,2453.527888999025,0.18827986114580117
/lustre/orion/lrn070/world-shared/mlupopa/RHEAs_HydraGNN/HydraGNN/examples/vasp_solid_solution_alloys/dataset/bcc_NbZr/Nb-Zr/Zr92Nb36/case-61,0.71875,2.4441197803271493,2444.1197803271493,0.18592192189776105
/lustre/orion/lrn070/world-shared/mlupopa/RHEAs_HydraGNN/HydraGNN/examples/vasp_solid_solution_alloys/dataset/bcc_NbZr/Nb-Zr/Zr92Nb36/case-62,0.71875,2.447380058686525,2447.380058686525,0.2041439982891043
/lustre/orion/lrn070/world-shared/mlupopa/RHEAs_HydraGNN/HydraGNN/examples/vasp_solid_solution_alloys/dataset/bcc_NbZr/Nb-Zr/Zr92Nb36/case-63,0.71875,2.4496601187646494,2449.6601187646493,0.1927845970232581
/lustre/orion/lrn070/world-shared/mlupopa/RHEAs_HydraGNN/HydraGNN/examples/vasp_solid_solution_alloys/dataset/bcc_NbZr/Nb-Zr/Zr92Nb36/case-64,0.71875,2.4532784214990233,2453.2784214990234,0.19278410235495672
/lustre/orion/lrn070/world-shared/mlupopa/RHEAs_HydraGNN/HydraGNN/examples/vasp_solid_solution_alloys/dataset/bcc_NbZr/Nb-Zr/Zr92Nb36/case-65,0.71875,2.4548931236865243,2454.893123686524,0.1846378124377257
/lustre/orion/lrn070/world-shared/mlupopa/RHEAs_HydraGNN/HydraGNN/examples/vasp_solid_solution_alloys/dataset/bcc_NbZr/Nb-Zr/Zr92Nb36/case-66,0.71875,2.4507984409521484,2450.798440952148,0.1907384803934632
/lustre/orion/lrn070/world-shared/mlupopa/RHEAs_HydraGNN/HydraGNN/examples/vasp_solid_solution_alloys/dataset/bcc_NbZr/Nb-Zr/Zr92Nb36/case-67,0.71875,2.4518171082958986,2451.817108295899,0.18929706290032303
/lustre/orion/lrn070/world-shared/mlupopa/RHEAs_HydraGNN/HydraGNN/examples/vasp_solid_solution_alloys/dataset/bcc_NbZr/Nb-Zr/Zr92Nb36/case-68,0.71875,2.44666289845215,2446.66289845215,0.1923318666600853
/lustre/orion/lrn070/world-shared/mlupopa/RHEAs_HydraGNN/HydraGNN/examples/vasp_solid_solution_alloys/dataset/bcc_NbZr/Nb-Zr/Zr92Nb36/case-69,0.71875,2.4442883647021496,2444.2883647021495,0.19376184663024132
/lustre/orion/lrn070/world-shared/mlupopa/RHEAs_HydraGNN/HydraGNN/examples/vasp_solid_solution_alloys/dataset/bcc_NbZr/Nb-Zr/Zr92Nb36/case-7,0.71875,2.4511468664990232,2451.1468664990234,0.18914335225507042
/lustre/orion/lrn070/world-shared/mlupopa/RHEAs_HydraGNN/HydraGNN/examples/vasp_solid_solution_alloys/dataset/bcc_NbZr/Nb-Zr/Zr92Nb36/case-70,0.71875,2.4528581018896496,2452.85810188965,0.19907951726442294
/lustre/orion/lrn070/world-shared/mlupopa/RHEAs_HydraGNN/HydraGNN/examples/vasp_solid_solution_alloys/dataset/bcc_NbZr/Nb-Zr/Zr92Nb36/case-71,0.71875,2.452148484624024,2452.1484846240237,0.19342341153123496
/lustre/orion/lrn070/world-shared/mlupopa/RHEAs_HydraGNN/HydraGNN/examples/vasp_solid_solution_alloys/dataset/bcc_NbZr/Nb-Zr/Zr92Nb36/case-72,0.71875,2.4498071296240234,2449.807129624023,0.19614797451168006
/lustre/orion/lrn070/world-shared/mlupopa/RHEAs_HydraGNN/HydraGNN/examples/vasp_solid_solution_alloys/dataset/bcc_NbZr/Nb-Zr/Zr92Nb36/case-73,0.71875,2.455109461499024,2455.1094614990243,0.19374805834838038
/lustre/orion/lrn070/world-shared/mlupopa/RHEAs_HydraGNN/HydraGNN/examples/vasp_solid_solution_alloys/dataset/bcc_NbZr/Nb-Zr/Zr92Nb36/case-74,0.71875,2.4557308627490233,2455.7308627490233,0.1882129473154782
/lustre/orion/lrn070/world-shared/mlupopa/RHEAs_HydraGNN/HydraGNN/examples/vasp_solid_solution_alloys/dataset/bcc_NbZr/Nb-Zr/Zr92Nb36/case-75,0.71875,2.453728224311524,2453.7282243115237,0.18695840662877294
/lustre/orion/lrn070/world-shared/mlupopa/RHEAs_HydraGNN/HydraGNN/examples/vasp_solid_solution_alloys/dataset/bcc_NbZr/Nb-Zr/Zr92Nb36/case-76,0.71875,2.45068534970215,2450.68534970215,0.2037227664294828
/lustre/orion/lrn070/world-shared/mlupopa/RHEAs_HydraGNN/HydraGNN/examples/vasp_solid_solution_alloys/dataset/bcc_NbZr/Nb-Zr/Zr92Nb36/case-77,0.71875,2.4492003217333984,2449.2003217333986,0.20662010365331288
/lustre/orion/lrn070/world-shared/mlupopa/RHEAs_HydraGNN/HydraGNN/examples/vasp_solid_solution_alloys/dataset/bcc_NbZr/Nb-Zr/Zr92Nb36/case-78,0.71875,2.4499454661865236,2449.945466186524,0.19639117590438243
/lustre/orion/lrn070/world-shared/mlupopa/RHEAs_HydraGNN/HydraGNN/examples/vasp_solid_solution_alloys/dataset/bcc_NbZr/Nb-Zr/Zr92Nb36/case-79,0.71875,2.448699894545898,2448.699894545898,0.20132366158119142
/lustre/orion/lrn070/world-shared/mlupopa/RHEAs_HydraGNN/HydraGNN/examples/vasp_solid_solution_alloys/dataset/bcc_NbZr/Nb-Zr/Zr92Nb36/case-8,0.71875,2.4517475997802745,2451.7475997802744,0.18934356182865877
/lustre/orion/lrn070/world-shared/mlupopa/RHEAs_HydraGNN/HydraGNN/examples/vasp_solid_solution_alloys/dataset/bcc_NbZr/Nb-Zr/Zr92Nb36/case-80,0.71875,2.4509958972021497,2450.9958972021495,0.18940167557516596
/lustre/orion/lrn070/world-shared/mlupopa/RHEAs_HydraGNN/HydraGNN/examples/vasp_solid_solution_alloys/dataset/bcc_NbZr/Nb-Zr/Zr92Nb36/case-81,0.71875,2.447532367905273,2447.532367905273,0.19110791543627062
/lustre/orion/lrn070/world-shared/mlupopa/RHEAs_HydraGNN/HydraGNN/examples/vasp_solid_solution_alloys/dataset/bcc_NbZr/Nb-Zr/Zr92Nb36/case-82,0.71875,2.4470930034521494,2447.0930034521493,0.19115649583275002
/lustre/orion/lrn070/world-shared/mlupopa/RHEAs_HydraGNN/HydraGNN/examples/vasp_solid_solution_alloys/dataset/bcc_NbZr/Nb-Zr/Zr92Nb36/case-83,0.71875,2.4554421110302744,2455.4421110302746,0.19959964216508871
/lustre/orion/lrn070/world-shared/mlupopa/RHEAs_HydraGNN/HydraGNN/examples/vasp_solid_solution_alloys/dataset/bcc_NbZr/Nb-Zr/Zr92Nb36/case-84,0.71875,2.452706951967775,2452.706951967775,0.20112089228373378
/lustre/orion/lrn070/world-shared/mlupopa/RHEAs_HydraGNN/HydraGNN/examples/vasp_solid_solution_alloys/dataset/bcc_NbZr/Nb-Zr/Zr92Nb36/case-85,0.71875,2.4502680633740237,2450.2680633740238,0.1898233283157704
/lustre/orion/lrn070/world-shared/mlupopa/RHEAs_HydraGNN/HydraGNN/examples/vasp_solid_solution_alloys/dataset/bcc_NbZr/Nb-Zr/Zr92Nb36/case-86,0.71875,2.4493991436865237,2449.3991436865235,0.1961299622595821
/lustre/orion/lrn070/world-shared/mlupopa/RHEAs_HydraGNN/HydraGNN/examples/vasp_solid_solution_alloys/dataset/bcc_NbZr/Nb-Zr/Zr92Nb36/case-87,0.71875,2.4479572497021493,2447.9572497021495,0.1980156547580824
/lustre/orion/lrn070/world-shared/mlupopa/RHEAs_HydraGNN/HydraGNN/examples/vasp_solid_solution_alloys/dataset/bcc_NbZr/Nb-Zr/Zr92Nb36/case-88,0.71875,2.445993819077149,2445.993819077149,0.2106341381832533
/lustre/orion/lrn070/world-shared/mlupopa/RHEAs_HydraGNN/HydraGNN/examples/vasp_solid_solution_alloys/dataset/bcc_NbZr/Nb-Zr/Zr92Nb36/case-89,0.71875,2.4512665100146496,2451.2665100146496,0.19186258969767656
/lustre/orion/lrn070/world-shared/mlupopa/RHEAs_HydraGNN/HydraGNN/examples/vasp_solid_solution_alloys/dataset/bcc_NbZr/Nb-Zr/Zr92Nb36/case-9,0.71875,2.4488318449365245,2448.8318449365247,0.19948826022865487
/lustre/orion/lrn070/world-shared/mlupopa/RHEAs_HydraGNN/HydraGNN/examples/vasp_solid_solution_alloys/dataset/bcc_NbZr/Nb-Zr/Zr92Nb36/case-90,0.71875,2.450479532827149,2450.4795328271493,0.1978416611354713
/lustre/orion/lrn070/world-shared/mlupopa/RHEAs_HydraGNN/HydraGNN/examples/vasp_solid_solution_alloys/dataset/bcc_NbZr/Nb-Zr/Zr92Nb36/case-91,0.71875,2.4500210564990237,2450.021056499024,0.1973777828351492
/lustre/orion/lrn070/world-shared/mlupopa/RHEAs_HydraGNN/HydraGNN/examples/vasp_solid_solution_alloys/dataset/bcc_NbZr/Nb-Zr/Zr92Nb36/case-92,0.71875,2.4553841851708995,2455.3841851708994,0.20025608537299538
/lustre/orion/lrn070/world-shared/mlupopa/RHEAs_HydraGNN/HydraGNN/examples/vasp_solid_solution_alloys/dataset/bcc_NbZr/Nb-Zr/Zr92Nb36/case-93,0.71875,2.4492322091552747,2449.2322091552746,0.19869811754027739
/lustre/orion/lrn070/world-shared/mlupopa/RHEAs_HydraGNN/HydraGNN/examples/vasp_solid_solution_alloys/dataset/bcc_NbZr/Nb-Zr/Zr92Nb36/case-94,0.71875,2.450416804545899,2450.416804545899,0.2017391973956153
/lustre/orion/lrn070/world-shared/mlupopa/RHEAs_HydraGNN/HydraGNN/examples/vasp_solid_solution_alloys/dataset/bcc_NbZr/Nb-Zr/Zr92Nb36/case-95,0.71875,2.4522073024365234,2452.2073024365236,0.18531632014166705
/lustre/orion/lrn070/world-shared/mlupopa/RHEAs_HydraGNN/HydraGNN/examples/vasp_solid_solution_alloys/dataset/bcc_NbZr/Nb-Zr/Zr92Nb36/case-96,0.71875,2.4534628450146485,2453.4628450146483,0.19047083022889005
/lustre/orion/lrn070/world-shared/mlupopa/RHEAs_HydraGNN/HydraGNN/examples/vasp_solid_solution_alloys/dataset/bcc_NbZr/Nb-Zr/Zr92Nb36/case-97,0.71875,2.449075318686525,2449.075318686525,0.20627861527687166
/lustre/orion/lrn070/world-shared/mlupopa/RHEAs_HydraGNN/HydraGNN/examples/vasp_solid_solution_alloys/dataset/bcc_NbZr/Nb-Zr/Zr92Nb36/case-98,0.71875,2.4510422985302736,2451.0422985302735,0.2180517788737709
/lustre/orion/lrn070/world-shared/mlupopa/RHEAs_HydraGNN/HydraGNN/examples/vasp_solid_solution_alloys/dataset/bcc_NbZr/Nb-Zr/Zr92Nb36/case-99,0.71875,2.4497681459521488,2449.7681459521486,0.19310137186753004
/lustre/orion/lrn070/world-shared/mlupopa/RHEAs_HydraGNN/HydraGNN/examples/vasp_solid_solution_alloys/dataset/bcc_NbZr/Nb-Zr/Zr96Nb32/case-1,0.75,2.5514151768359365,2551.4151768359366,0.19841343647180334
/lustre/orion/lrn070/world-shared/mlupopa/RHEAs_HydraGNN/HydraGNN/examples/vasp_solid_solution_alloys/dataset/bcc_NbZr/Nb-Zr/Zr96Nb32/case-10,0.75,2.5510268554296864,2551.0268554296863,0.21457290859304082
/lustre/orion/lrn070/world-shared/mlupopa/RHEAs_HydraGNN/HydraGNN/examples/vasp_solid_solution_alloys/dataset/bcc_NbZr/Nb-Zr/Zr96Nb32/case-100,0.75,2.555828034570313,2555.828034570313,0.19479282396977432
/lustre/orion/lrn070/world-shared/mlupopa/RHEAs_HydraGNN/HydraGNN/examples/vasp_solid_solution_alloys/dataset/bcc_NbZr/Nb-Zr/Zr96Nb32/case-11,0.75,2.5504387098046877,2550.4387098046877,0.20287559064879299
/lustre/orion/lrn070/world-shared/mlupopa/RHEAs_HydraGNN/HydraGNN/examples/vasp_solid_solution_alloys/dataset/bcc_NbZr/Nb-Zr/Zr96Nb32/case-12,0.75,2.550301606601563,2550.301606601563,0.19491909304536573
/lustre/orion/lrn070/world-shared/mlupopa/RHEAs_HydraGNN/HydraGNN/examples/vasp_solid_solution_alloys/dataset/bcc_NbZr/Nb-Zr/Zr96Nb32/case-13,0.75,2.552532305351562,2552.532305351562,0.2046115682636798
/lustre/orion/lrn070/world-shared/mlupopa/RHEAs_HydraGNN/HydraGNN/examples/vasp_solid_solution_alloys/dataset/bcc_NbZr/Nb-Zr/Zr96Nb32/case-14,0.75,2.5560745608203117,2556.0745608203115,0.2081617834366834
/lustre/orion/lrn070/world-shared/mlupopa/RHEAs_HydraGNN/HydraGNN/examples/vasp_solid_solution_alloys/dataset/bcc_NbZr/Nb-Zr/Zr96Nb32/case-15,0.75,2.555036488007813,2555.036488007813,0.21987761416925966
/lustre/orion/lrn070/world-shared/mlupopa/RHEAs_HydraGNN/HydraGNN/examples/vasp_solid_solution_alloys/dataset/bcc_NbZr/Nb-Zr/Zr96Nb32/case-16,0.75,2.554686587617187,2554.6865876171873,0.20689889314554416
/lustre/orion/lrn070/world-shared/mlupopa/RHEAs_HydraGNN/HydraGNN/examples/vasp_solid_solution_alloys/dataset/bcc_NbZr/Nb-Zr/Zr96Nb32/case-17,0.75,2.5563248773828118,2556.324877382812,0.19857850749948397
/lustre/orion/lrn070/world-shared/mlupopa/RHEAs_HydraGNN/HydraGNN/examples/vasp_solid_solution_alloys/dataset/bcc_NbZr/Nb-Zr/Zr96Nb32/case-18,0.75,2.5514244931640615,2551.4244931640615,0.20250722820413125
/lustre/orion/lrn070/world-shared/mlupopa/RHEAs_HydraGNN/HydraGNN/examples/vasp_solid_solution_alloys/dataset/bcc_NbZr/Nb-Zr/Zr96Nb32/case-19,0.75,2.5534091001171877,2553.409100117188,0.21462274167348122
/lustre/orion/lrn070/world-shared/mlupopa/RHEAs_HydraGNN/HydraGNN/examples/vasp_solid_solution_alloys/dataset/bcc_NbZr/Nb-Zr/Zr96Nb32/case-2,0.75,2.5480314105078126,2548.031410507813,0.20286633708226792
/lustre/orion/lrn070/world-shared/mlupopa/RHEAs_HydraGNN/HydraGNN/examples/vasp_solid_solution_alloys/dataset/bcc_NbZr/Nb-Zr/Zr96Nb32/case-20,0.75,2.557077740820313,2557.077740820313,0.19184345768412955
/lustre/orion/lrn070/world-shared/mlupopa/RHEAs_HydraGNN/HydraGNN/examples/vasp_solid_solution_alloys/dataset/bcc_NbZr/Nb-Zr/Zr96Nb32/case-3,0.75,2.5485540451171875,2548.5540451171873,0.19519882238888933
/lustre/orion/lrn070/world-shared/mlupopa/RHEAs_HydraGNN/HydraGNN/examples/vasp_solid_solution_alloys/dataset/bcc_NbZr/Nb-Zr/Zr96Nb32/case-4,0.75,2.5499715535546876,2549.9715535546875,0.21884136030176907
/lustre/orion/lrn070/world-shared/mlupopa/RHEAs_HydraGNN/HydraGNN/examples/vasp_solid_solution_alloys/dataset/bcc_NbZr/Nb-Zr/Zr96Nb32/case-41,0.75,2.5491793405078127,2549.179340507813,0.2353635739033903
/lustre/orion/lrn070/world-shared/mlupopa/RHEAs_HydraGNN/HydraGNN/examples/vasp_solid_solution_alloys/dataset/bcc_NbZr/Nb-Zr/Zr96Nb32/case-42,0.75,2.548222242851562,2548.222242851562,0.20932253211908666
/lustre/orion/lrn070/world-shared/mlupopa/RHEAs_HydraGNN/HydraGNN/examples/vasp_solid_solution_alloys/dataset/bcc_NbZr/Nb-Zr/Zr96Nb32/case-43,0.75,2.5508037752734367,2550.8037752734367,0.19011476266360675
/lustre/orion/lrn070/world-shared/mlupopa/RHEAs_HydraGNN/HydraGNN/examples/vasp_solid_solution_alloys/dataset/bcc_NbZr/Nb-Zr/Zr96Nb32/case-44,0.75,2.555920930664062,2555.920930664062,0.19964400259722995
/lustre/orion/lrn070/world-shared/mlupopa/RHEAs_HydraGNN/HydraGNN/examples/vasp_solid_solution_alloys/dataset/bcc_NbZr/Nb-Zr/Zr96Nb32/case-45,0.75,2.5562237394140617,2556.2237394140616,0.19842984257676605
/lustre/orion/lrn070/world-shared/mlupopa/RHEAs_HydraGNN/HydraGNN/examples/vasp_solid_solution_alloys/dataset/bcc_NbZr/Nb-Zr/Zr96Nb32/case-46,0.75,2.5534579135546878,2553.457913554688,0.19769125354063835
/lustre/orion/lrn070/world-shared/mlupopa/RHEAs_HydraGNN/HydraGNN/examples/vasp_solid_solution_alloys/dataset/bcc_NbZr/Nb-Zr/Zr96Nb32/case-47,0.75,2.5524270355859375,2552.4270355859376,0.19895314102755005
/lustre/orion/lrn070/world-shared/mlupopa/RHEAs_HydraGNN/HydraGNN/examples/vasp_solid_solution_alloys/dataset/bcc_NbZr/Nb-Zr/Zr96Nb32/case-48,0.75,2.5567772286328125,2556.7772286328127,0.20272860668593695
/lustre/orion/lrn070/world-shared/mlupopa/RHEAs_HydraGNN/HydraGNN/examples/vasp_solid_solution_alloys/dataset/bcc_NbZr/Nb-Zr/Zr96Nb32/case-49,0.75,2.5472014853515628,2547.201485351563,0.19385243881385167
/lustre/orion/lrn070/world-shared/mlupopa/RHEAs_HydraGNN/HydraGNN/examples/vasp_solid_solution_alloys/dataset/bcc_NbZr/Nb-Zr/Zr96Nb32/case-5,0.75,2.5535423775390615,2553.5423775390614,0.19329298940226117
/lustre/orion/lrn070/world-shared/mlupopa/RHEAs_HydraGNN/HydraGNN/examples/vasp_solid_solution_alloys/dataset/bcc_NbZr/Nb-Zr/Zr96Nb32/case-50,0.75,2.5515238296484366,2551.5238296484367,0.1903514038533771
/lustre/orion/lrn070/world-shared/mlupopa/RHEAs_HydraGNN/HydraGNN/examples/vasp_solid_solution_alloys/dataset/bcc_NbZr/Nb-Zr/Zr96Nb32/case-51,0.75,2.5498374390234364,2549.837439023436,0.20497831372106343
/lustre/orion/lrn070/world-shared/mlupopa/RHEAs_HydraGNN/HydraGNN/examples/vasp_solid_solution_alloys/dataset/bcc_NbZr/Nb-Zr/Zr96Nb32/case-52,0.75,2.5470312719140615,2547.0312719140616,0.2054314364189708
/lustre/orion/lrn070/world-shared/mlupopa/RHEAs_HydraGNN/HydraGNN/examples/vasp_solid_solution_alloys/dataset/bcc_NbZr/Nb-Zr/Zr96Nb32/case-53,0.75,2.546767342460937,2546.767342460937,0.20462978148079772
/lustre/orion/lrn070/world-shared/mlupopa/RHEAs_HydraGNN/HydraGNN/examples/vasp_solid_solution_alloys/dataset/bcc_NbZr/Nb-Zr/Zr96Nb32/case-54,0.75,2.5520177300390614,2552.0177300390615,0.1989095965223783
/lustre/orion/lrn070/world-shared/mlupopa/RHEAs_HydraGNN/HydraGNN/examples/vasp_solid_solution_alloys/dataset/bcc_NbZr/Nb-Zr/Zr96Nb32/case-55,0.75,2.5522666909765626,2552.2666909765626,0.20052369756258487
/lustre/orion/lrn070/world-shared/mlupopa/RHEAs_HydraGNN/HydraGNN/examples/vasp_solid_solution_alloys/dataset/bcc_NbZr/Nb-Zr/Zr96Nb32/case-56,0.75,2.5510551953515623,2551.0551953515624,0.19327083116596766
/lustre/orion/lrn070/world-shared/mlupopa/RHEAs_HydraGNN/HydraGNN/examples/vasp_solid_solution_alloys/dataset/bcc_NbZr/Nb-Zr/Zr96Nb32/case-57,0.75,2.551793237226562,2551.793237226562,0.20605049064318648
/lustre/orion/lrn070/world-shared/mlupopa/RHEAs_HydraGNN/HydraGNN/examples/vasp_solid_solution_alloys/dataset/bcc_NbZr/Nb-Zr/Zr96Nb32/case-58,0.75,2.5546923072265617,2554.6923072265618,0.19464579268905555
/lustre/orion/lrn070/world-shared/mlupopa/RHEAs_HydraGNN/HydraGNN/examples/vasp_solid_solution_alloys/dataset/bcc_NbZr/Nb-Zr/Zr96Nb32/case-59,0.75,2.551237788554687,2551.2377885546866,0.19708944082363933
/lustre/orion/lrn070/world-shared/mlupopa/RHEAs_HydraGNN/HydraGNN/examples/vasp_solid_solution_alloys/dataset/bcc_NbZr/Nb-Zr/Zr96Nb32/case-6,0.75,2.551245428867187,2551.245428867187,0.1989922449182723
/lustre/orion/lrn070/world-shared/mlupopa/RHEAs_HydraGNN/HydraGNN/examples/vasp_solid_solution_alloys/dataset/bcc_NbZr/Nb-Zr/Zr96Nb32/case-60,0.75,2.550542625898437,2550.542625898437,0.20464986845613342
/lustre/orion/lrn070/world-shared/mlupopa/RHEAs_HydraGNN/HydraGNN/examples/vasp_solid_solution_alloys/dataset/bcc_NbZr/Nb-Zr/Zr96Nb32/case-61,0.75,2.5490482837890625,2549.048283789062,0.1987449636756314
/lustre/orion/lrn070/world-shared/mlupopa/RHEAs_HydraGNN/HydraGNN/examples/vasp_solid_solution_alloys/dataset/bcc_NbZr/Nb-Zr/Zr96Nb32/case-62,0.75,2.5483666601171873,2548.366660117187,0.1966473405756144
/lustre/orion/lrn070/world-shared/mlupopa/RHEAs_HydraGNN/HydraGNN/examples/vasp_solid_solution_alloys/dataset/bcc_NbZr/Nb-Zr/Zr96Nb32/case-63,0.75,2.546666915664062,2546.666915664062,0.20785383347084235
/lustre/orion/lrn070/world-shared/mlupopa/RHEAs_HydraGNN/HydraGNN/examples/vasp_solid_solution_alloys/dataset/bcc_NbZr/Nb-Zr/Zr96Nb32/case-64,0.75,2.556248779179688,2556.248779179688,0.19917683121878538
/lustre/orion/lrn070/world-shared/mlupopa/RHEAs_HydraGNN/HydraGNN/examples/vasp_solid_solution_alloys/dataset/bcc_NbZr/Nb-Zr/Zr96Nb32/case-65,0.75,2.550500252382813,2550.500252382813,0.21950425618802916
/lustre/orion/lrn070/world-shared/mlupopa/RHEAs_HydraGNN/HydraGNN/examples/vasp_solid_solution_alloys/dataset/bcc_NbZr/Nb-Zr/Zr96Nb32/case-66,0.75,2.549168457773437,2549.168457773437,0.20732772153433096
/lustre/orion/lrn070/world-shared/mlupopa/RHEAs_HydraGNN/HydraGNN/examples/vasp_solid_solution_alloys/dataset/bcc_NbZr/Nb-Zr/Zr96Nb32/case-67,0.75,2.553204128476562,2553.204128476562,0.1970138579480435
/lustre/orion/lrn070/world-shared/mlupopa/RHEAs_HydraGNN/HydraGNN/examples/vasp_solid_solution_alloys/dataset/bcc_NbZr/Nb-Zr/Zr96Nb32/case-68,0.75,2.5543936305859365,2554.3936305859365,0.20968146826976486
/lustre/orion/lrn070/world-shared/mlupopa/RHEAs_HydraGNN/HydraGNN/examples/vasp_solid_solution_alloys/dataset/bcc_NbZr/Nb-Zr/Zr96Nb32/case-69,0.75,2.5501711835546867,2550.1711835546866,0.21162499329849582
/lustre/orion/lrn070/world-shared/mlupopa/RHEAs_HydraGNN/HydraGNN/examples/vasp_solid_solution_alloys/dataset/bcc_NbZr/Nb-Zr/Zr96Nb32/case-7,0.75,2.5471418752734376,2547.1418752734376,0.20341770394756511
/lustre/orion/lrn070/world-shared/mlupopa/RHEAs_HydraGNN/HydraGNN/examples/vasp_solid_solution_alloys/dataset/bcc_NbZr/Nb-Zr/Zr96Nb32/case-70,0.75,2.551636659179687,2551.6366591796873,0.1947220244634309
/lustre/orion/lrn070/world-shared/mlupopa/RHEAs_HydraGNN/HydraGNN/examples/vasp_solid_solution_alloys/dataset/bcc_NbZr/Nb-Zr/Zr96Nb32/case-71,0.75,2.554219211914063,2554.219211914063,0.19477618121689524
/lustre/orion/lrn070/world-shared/mlupopa/RHEAs_HydraGNN/HydraGNN/examples/vasp_solid_solution_alloys/dataset/bcc_NbZr/Nb-Zr/Zr96Nb32/case-72,0.75,2.551015574648437,2551.015574648437,0.21407683948822037
/lustre/orion/lrn070/world-shared/mlupopa/RHEAs_HydraGNN/HydraGNN/examples/vasp_solid_solution_alloys/dataset/bcc_NbZr/Nb-Zr/Zr96Nb32/case-73,0.75,2.557583556054688,2557.583556054688,0.20361980690923245
/lustre/orion/lrn070/world-shared/mlupopa/RHEAs_HydraGNN/HydraGNN/examples/vasp_solid_solution_alloys/dataset/bcc_NbZr/Nb-Zr/Zr96Nb32/case-74,0.75,2.5510467548828117,2551.046754882812,0.20389513239294244
/lustre/orion/lrn070/world-shared/mlupopa/RHEAs_HydraGNN/HydraGNN/examples/vasp_solid_solution_alloys/dataset/bcc_NbZr/Nb-Zr/Zr96Nb32/case-75,0.75,2.5553637091796872,2555.3637091796872,0.21254377246547487
/lustre/orion/lrn070/world-shared/mlupopa/RHEAs_HydraGNN/HydraGNN/examples/vasp_solid_solution_alloys/dataset/bcc_NbZr/Nb-Zr/Zr96Nb32/case-76,0.75,2.5512779322265615,2551.2779322265615,0.20583637191078138
/lustre/orion/lrn070/world-shared/mlupopa/RHEAs_HydraGNN/HydraGNN/examples/vasp_solid_solution_alloys/dataset/bcc_NbZr/Nb-Zr/Zr96Nb32/case-77,0.75,2.5485512183203127,2548.5512183203127,0.19304670583945527
/lustre/orion/lrn070/world-shared/mlupopa/RHEAs_HydraGNN/HydraGNN/examples/vasp_solid_solution_alloys/dataset/bcc_NbZr/Nb-Zr/Zr96Nb32/case-78,0.75,2.5519380488671874,2551.9380488671873,0.20997320256476687
/lustre/orion/lrn070/world-shared/mlupopa/RHEAs_HydraGNN/HydraGNN/examples/vasp_solid_solution_alloys/dataset/bcc_NbZr/Nb-Zr/Zr96Nb32/case-79,0.75,2.5494637930078117,2549.4637930078115,0.20320849587477183
/lustre/orion/lrn070/world-shared/mlupopa/RHEAs_HydraGNN/HydraGNN/examples/vasp_solid_solution_alloys/dataset/bcc_NbZr/Nb-Zr/Zr96Nb32/case-8,0.75,2.551697648242188,2551.697648242188,0.20609103160304257
/lustre/orion/lrn070/world-shared/mlupopa/RHEAs_HydraGNN/HydraGNN/examples/vasp_solid_solution_alloys/dataset/bcc_NbZr/Nb-Zr/Zr96Nb32/case-80,0.75,2.552561232070312,2552.561232070312,0.20912502694173785
/lustre/orion/lrn070/world-shared/mlupopa/RHEAs_HydraGNN/HydraGNN/examples/vasp_solid_solution_alloys/dataset/bcc_NbZr/Nb-Zr/Zr96Nb32/case-81,0.75,2.553158296992187,2553.158296992187,0.20775751120421887
/lustre/orion/lrn070/world-shared/mlupopa/RHEAs_HydraGNN/HydraGNN/examples/vasp_solid_solution_alloys/dataset/bcc_NbZr/Nb-Zr/Zr96Nb32/case-82,0.75,2.5487252723828124,2548.7252723828124,0.20061099382616832
/lustre/orion/lrn070/world-shared/mlupopa/RHEAs_HydraGNN/HydraGNN/examples/vasp_solid_solution_alloys/dataset/bcc_NbZr/Nb-Zr/Zr96Nb32/case-83,0.75,2.5516342393359377,2551.6342393359378,0.20383590860011613
/lustre/orion/lrn070/world-shared/mlupopa/RHEAs_HydraGNN/HydraGNN/examples/vasp_solid_solution_alloys/dataset/bcc_NbZr/Nb-Zr/Zr96Nb32/case-84,0.75,2.5468613973046867,2546.8613973046868,0.20968017007414996
/lustre/orion/lrn070/world-shared/mlupopa/RHEAs_HydraGNN/HydraGNN/examples/vasp_solid_solution_alloys/dataset/bcc_NbZr/Nb-Zr/Zr96Nb32/case-85,0.75,2.5550586869140623,2555.0586869140625,0.2057004144345839
/lustre/orion/lrn070/world-shared/mlupopa/RHEAs_HydraGNN/HydraGNN/examples/vasp_solid_solution_alloys/dataset/bcc_NbZr/Nb-Zr/Zr96Nb32/case-86,0.75,2.550068868320313,2550.068868320313,0.2000303161760132
/lustre/orion/lrn070/world-shared/mlupopa/RHEAs_HydraGNN/HydraGNN/examples/vasp_solid_solution_alloys/dataset/bcc_NbZr/Nb-Zr/Zr96Nb32/case-87,0.75,2.5532048992578122,2553.204899257812,0.21293843652652514
/lustre/orion/lrn070/world-shared/mlupopa/RHEAs_HydraGNN/HydraGNN/examples/vasp_solid_solution_alloys/dataset/bcc_NbZr/Nb-Zr/Zr96Nb32/case-88,0.75,2.5508401979296877,2550.8401979296877,0.19355451059252823
/lustre/orion/lrn070/world-shared/mlupopa/RHEAs_HydraGNN/HydraGNN/examples/vasp_solid_solution_alloys/dataset/bcc_NbZr/Nb-Zr/Zr96Nb32/case-89,0.75,2.551920363789062,2551.920363789062,0.19620592568936615
/lustre/orion/lrn070/world-shared/mlupopa/RHEAs_HydraGNN/HydraGNN/examples/vasp_solid_solution_alloys/dataset/bcc_NbZr/Nb-Zr/Zr96Nb32/case-9,0.75,2.5525966481640623,2552.596648164062,0.2019281383362071
/lustre/orion/lrn070/world-shared/mlupopa/RHEAs_HydraGNN/HydraGNN/examples/vasp_solid_solution_alloys/dataset/bcc_NbZr/Nb-Zr/Zr96Nb32/case-90,0.75,2.5544123956640625,2554.4123956640624,0.2162065380767098
/lustre/orion/lrn070/world-shared/mlupopa/RHEAs_HydraGNN/HydraGNN/examples/vasp_solid_solution_alloys/dataset/bcc_NbZr/Nb-Zr/Zr96Nb32/case-91,0.75,2.5540243317578124,2554.0243317578124,0.20942731226338218
/lustre/orion/lrn070/world-shared/mlupopa/RHEAs_HydraGNN/HydraGNN/examples/vasp_solid_solution_alloys/dataset/bcc_NbZr/Nb-Zr/Zr96Nb32/case-92,0.75,2.5520395442578128,2552.039544257813,0.20467245585694133
/lustre/orion/lrn070/world-shared/mlupopa/RHEAs_HydraGNN/HydraGNN/examples/vasp_solid_solution_alloys/dataset/bcc_NbZr/Nb-Zr/Zr96Nb32/case-93,0.75,2.5544383205859376,2554.4383205859376,0.20355136360501885
/lustre/orion/lrn070/world-shared/mlupopa/RHEAs_HydraGNN/HydraGNN/examples/vasp_solid_solution_alloys/dataset/bcc_NbZr/Nb-Zr/Zr96Nb32/case-94,0.75,2.5538723787109365,2553.8723787109366,0.22686364173317686
/lustre/orion/lrn070/world-shared/mlupopa/RHEAs_HydraGNN/HydraGNN/examples/vasp_solid_solution_alloys/dataset/bcc_NbZr/Nb-Zr/Zr96Nb32/case-95,0.75,2.554803889179688,2554.8038891796878,0.19875905361058424
/lustre/orion/lrn070/world-shared/mlupopa/RHEAs_HydraGNN/HydraGNN/examples/vasp_solid_solution_alloys/dataset/bcc_NbZr/Nb-Zr/Zr96Nb32/case-96,0.75,2.5568675825390628,2556.867582539063,0.20121604571399146
/lustre/orion/lrn070/world-shared/mlupopa/RHEAs_HydraGNN/HydraGNN/examples/vasp_solid_solution_alloys/dataset/bcc_NbZr/Nb-Zr/Zr96Nb32/case-97,0.75,2.5509952495703114,2550.9952495703114,0.18994262644658744
/lustre/orion/lrn070/world-shared/mlupopa/RHEAs_HydraGNN/HydraGNN/examples/vasp_solid_solution_alloys/dataset/bcc_NbZr/Nb-Zr/Zr96Nb32/case-98,0.75,2.5517736815234375,2551.7736815234375,0.19571481884169042
/lustre/orion/lrn070/world-shared/mlupopa/RHEAs_HydraGNN/HydraGNN/examples/vasp_solid_solution_alloys/dataset/bcc_NbZr/Nb-Zr/Zr96Nb32/case-99,0.75,2.554166059101563,2554.166059101563,0.2061347366514285
