x_elem2,fe_raw_meVatom,offset_stage1_meVatom,fe_stage1_meVatom,shift_stage2_meVatom,fe_final_meVatom
0.78125000,-48.91061783,-78.49194382,29.58132599,24.68456272,54.26588871
0.78125000,-44.97003555,-78.49194382,33.52190826,24.68456272,58.20647099
0.78125000,-44.27385330,-78.49194382,34.21809052,24.68456272,58.90265324
0.78125000,-44.55232620,-78.49194382,33.93961761,24.68456272,58.62418034
0.78125000,-45.52698135,-78.49194382,32.96496246,24.68456272,57.64952519
0.78125000,-44.18516159,-78.49194382,34.30678223,24.68456272,58.99134495
0.78125000,-42.61159897,-78.49194382,35.88034485,24.68456272,60.56490757
0.78125000,-43.60151291,-78.49194382,34.89043091,24.68456272,59.57499363
0.78125000,-40.01855850,-78.49194382,38.47338532,24.68456272,63.15794804
0.78125000,-43.77222061,-78.49194382,34.71972321,24.68456272,59.40428593
0.78125000,-44.56281662,-78.49194382,33.92912720,24.68456272,58.61368992
0.78125000,-47.86348343,-78.49194382,30.62846039,24.68456272,55.31302311
0.78125000,-45.62425613,-78.49194382,32.86768768,24.68456272,57.55225041
0.78125000,-45.30477524,-78.49194382,33.18716858,24.68456272,57.87173130
0.78125000,-45.82738876,-78.49194382,32.66455505,24.68456272,57.34911778
0.78125000,-43.42985153,-78.49194382,35.06209229,24.68456272,59.74665501
0.78125000,-49.09276962,-78.49194382,29.39917419,24.68456272,54.08373692
0.78125000,-45.66335678,-78.49194382,32.82858704,24.68456272,57.51314976
0.78125000,-43.69211197,-78.49194382,34.79983185,24.68456272,59.48439457
0.78125000,-45.35150528,-78.49194382,33.14043854,24.68456272,57.82500126
0.78125000,-47.56689072,-78.49194382,30.92505310,24.68456272,55.60961583
0.78125000,-47.60026932,-78.49194382,30.89167450,24.68456272,55.57623722
0.78125000,-46.71621323,-78.49194382,31.77573059,24.68456272,56.46029332
0.78125000,-44.83175278,-78.49194382,33.66019104,24.68456272,58.34475376
0.78125000,-44.60096359,-78.49194382,33.89098022,24.68456272,58.57554295
0.78125000,-46.10013962,-78.49194382,32.39180420,24.68456272,57.07636692
0.78125000,-46.60463333,-78.49194382,31.88731049,24.68456272,56.57187321
0.78125000,-44.12984848,-78.49194382,34.36209534,24.68456272,59.04665806
0.78125000,-45.44305801,-78.49194382,33.04888580,24.68456272,57.73344853
0.78125000,-47.79005051,-78.49194382,30.70189331,24.68456272,55.38645604
0.78125000,-42.38271713,-78.49194382,36.10922668,24.68456272,60.79378941
0.78125000,-44.75355148,-78.49194382,33.73839233,24.68456272,58.42295506
0.78125000,-46.34714127,-78.49194382,32.14480255,24.68456272,56.82936528
0.78125000,-43.35451126,-78.49194382,35.13743256,24.68456272,59.82199528
0.78125000,-48.66456985,-78.49194382,29.82737396,24.68456272,54.51193669
0.78125000,-46.44823074,-78.49194382,32.04371307,24.68456272,56.72827580
0.78125000,-45.86362839,-78.49194382,32.62831543,24.68456272,57.31287815
0.78125000,-43.77794266,-78.49194382,34.71400116,24.68456272,59.39856388
0.78125000,-43.55669022,-78.49194382,34.93525360,24.68456272,59.61981633
0.78125000,-45.14360428,-78.49194382,33.34833954,24.68456272,58.03290226
0.78125000,-44.78120804,-78.49194382,33.71073578,24.68456272,58.39529850
0.78125000,-45.20082474,-78.49194382,33.29111908,24.68456272,57.97568180
0.78125000,-41.44716263,-78.49194382,37.04478119,24.68456272,61.72934391
0.78125000,-48.20108414,-78.49194382,30.29085968,24.68456272,54.97542240
0.78125000,-46.64468765,-78.49194382,31.84725616,24.68456272,56.53181889
0.78125000,-47.00899124,-78.49194382,31.48295258,24.68456272,56.16751530
0.78125000,-49.07083511,-78.49194382,29.42110870,24.68456272,54.10567143
0.78125000,-45.89509964,-78.49194382,32.59684418,24.68456272,57.28140690
0.78125000,-47.75094986,-78.49194382,30.74099396,24.68456272,55.42555668
0.78125000,-42.55342484,-78.49194382,35.93851898,24.68456272,60.62308171
0.78125000,-45.79782486,-78.49194382,32.69411896,24.68456272,57.37868168
0.78125000,-42.09947586,-78.49194382,36.39246796,24.68456272,61.07703068
0.78125000,-43.53570938,-78.49194382,34.95623444,24.68456272,59.64079716
0.78125000,-47.79577255,-78.49194382,30.69617126,24.68456272,55.38073399
0.78125000,-48.10953140,-78.49194382,30.38241241,24.68456272,55.06697514
0.78125000,-46.65803909,-78.49194382,31.83390472,24.68456272,56.51846745
0.78125000,-45.44687271,-78.49194382,33.04507111,24.68456272,57.72963383
0.78125000,-40.08913040,-78.49194382,38.40281342,24.68456272,63.08737614
0.78125000,-47.66130447,-78.49194382,30.83063934,24.68456272,55.51520207
0.78125000,-46.68378830,-78.49194382,31.80815552,24.68456272,56.49271824
0.78125000,-41.89825058,-78.49194382,36.59369324,24.68456272,61.27825596
0.78125000,-41.25070572,-78.49194382,37.24123810,24.68456272,61.92580082
0.78125000,-49.49808121,-78.49194382,28.99386261,24.68456272,53.67842533
0.78125000,-46.12207413,-78.49194382,32.36986969,24.68456272,57.05443241
0.78125000,-40.66896439,-78.49194382,37.82297943,24.68456272,62.50754216
0.78125000,-47.33991623,-78.49194382,31.15202759,24.68456272,55.83659031
0.78125000,-41.05329514,-78.49194382,37.43864868,24.68456272,62.12321141
0.78125000,-42.69552231,-78.49194382,35.79642151,24.68456272,60.48098423
0.78125000,-45.73202133,-78.49194382,32.75992249,24.68456272,57.44448521
0.78125000,-43.20764542,-78.49194382,35.28429840,24.68456272,59.96886113
0.78125000,-42.45901108,-78.49194382,36.03293274,24.68456272,60.71749546
0.78125000,-43.22099686,-78.49194382,35.27094696,24.68456272,59.95550969
0.78125000,-45.31908035,-78.49194382,33.17286346,24.68456272,57.85742619
0.78125000,-46.42057419,-78.49194382,32.07136963,24.68456272,56.75593235
0.78125000,-46.39291763,-78.49194382,32.09902618,24.68456272,56.78358891
0.78125000,-47.32465744,-78.49194382,31.16728638,24.68456272,55.85184910
0.78125000,-42.69170761,-78.49194382,35.80023621,24.68456272,60.48479893
0.78125000,-43.96677017,-78.49194382,34.52517365,24.68456272,59.20973637
0.78125000,-43.23530197,-78.49194382,35.25664185,24.68456272,59.94120457
0.78125000,-43.92766953,-78.49194382,34.56427429,24.68456272,59.24883702
0.81250000,-52.33359337,-82.10069398,29.76710061,24.99511820,54.76221881
0.81250000,-52.66165733,-82.10069398,29.43903665,24.99511820,54.43415485
0.81250000,-51.91588402,-82.10069398,30.18480996,24.99511820,55.17992816
0.81250000,-53.43508720,-82.10069398,28.66560678,24.99511820,53.66072497
0.81250000,-50.52447319,-82.10069398,31.57622079,24.99511820,56.57133899
0.81250000,-53.05361748,-82.10069398,29.04707650,24.99511820,54.04219470
0.81250000,-52.32405663,-82.10069398,29.77663735,24.99511820,54.77175555
0.81250000,-54.28957939,-82.10069398,27.81111459,24.99511820,52.80623279
0.81250000,-50.47774315,-82.10069398,31.62295083,24.99511820,56.61806903
0.81250000,-51.24258995,-82.10069398,30.85810403,24.99511820,55.85322223
0.81250000,-54.33154106,-82.10069398,27.76915292,24.99511820,52.76427112
0.81250000,-55.90701103,-82.10069398,26.19368295,24.99511820,51.18880115
0.81250000,-52.25634575,-82.10069398,29.84434823,24.99511820,54.83946643
0.81250000,-52.41847038,-82.10069398,29.68222360,24.99511820,54.67734180
0.81250000,-52.98876762,-82.10069398,29.11192636,24.99511820,54.10704455
0.81250000,-51.66888237,-82.10069398,30.43181161,24.99511820,55.42692981
0.81250000,-54.17609215,-82.10069398,27.92460183,24.99511820,52.91972003
0.81250000,-49.23129082,-82.10069398,32.86940316,24.99511820,57.86452136
0.81250000,-50.77528954,-82.10069398,31.32540444,24.99511820,56.32052264
0.81250000,-54.73685265,-82.10069398,27.36384133,24.99511820,52.35895953
0.81250000,-51.89108849,-82.10069398,30.20960549,24.99511820,55.20472369
0.81250000,-51.68700218,-82.10069398,30.41369180,24.99511820,55.40881000
0.81250000,-50.31561852,-82.10069398,31.78507547,24.99511820,56.78019366
0.81250000,-53.40456963,-82.10069398,28.69612435,24.99511820,53.69124255
0.81250000,-53.30061913,-82.10069398,28.80007485,24.99511820,53.79519305
0.81250000,-54.13413048,-82.10069398,27.96656350,24.99511820,52.96168170
0.81250000,-53.08699608,-82.10069398,29.01369790,24.99511820,54.00881610
0.81250000,-53.11560631,-82.10069398,28.98508767,24.99511820,53.98020587
0.81250000,-49.61562157,-82.10069398,32.48507241,24.99511820,57.48019061
0.81250000,-51.50294304,-82.10069398,30.59775094,24.99511820,55.59286914
0.81250000,-50.78864098,-82.10069398,31.31205300,24.99511820,56.30717120
0.81250000,-48.84028435,-82.10069398,33.26040963,24.99511820,58.25552783
0.81250000,-51.37705803,-82.10069398,30.72363595,24.99511820,55.71875415
0.81250000,-53.00402641,-82.10069398,29.09666757,24.99511820,54.09178577
0.81250000,-51.14150047,-82.10069398,30.95919351,24.99511820,55.95431171
0.81250000,-52.34217644,-82.10069398,29.75851754,24.99511820,54.75363574
0.81250000,-53.96533012,-82.10069398,28.13536386,24.99511820,53.13048205
0.81250000,-49.40485954,-82.10069398,32.69583444,24.99511820,57.69095264
0.81250000,-49.27706718,-82.10069398,32.82362680,24.99511820,57.81874499
0.81250000,-51.22637749,-82.10069398,30.87431649,24.99511820,55.86943469
0.81250000,-53.09271812,-82.10069398,29.00797586,24.99511820,54.00309405
0.81250000,-52.33359337,-82.10069398,29.76710061,24.99511820,54.76221881
0.81250000,-50.53305626,-82.10069398,31.56763772,24.99511820,56.56275592
0.81250000,-48.10595512,-82.10069398,33.99473886,24.99511820,58.98985705
0.81250000,-50.16493797,-82.10069398,31.93575601,24.99511820,56.93087421
0.81250000,-55.23943901,-82.10069398,26.86125497,24.99511820,51.85637317
0.81250000,-54.23903465,-82.10069398,27.86165933,24.99511820,52.85677753
0.81250000,-52.09612846,-82.10069398,30.00456552,24.99511820,54.99968371
0.81250000,-50.44817924,-82.10069398,31.65251474,24.99511820,56.64763293
0.81250000,-48.99668694,-82.10069398,33.10400704,24.99511820,58.09912524
0.81250000,-50.72379112,-82.10069398,31.37690286,24.99511820,56.37202106
0.81250000,-51.57160759,-82.10069398,30.52908639,24.99511820,55.52420459
0.81250000,-49.54504967,-82.10069398,32.55564431,24.99511820,57.55076251
0.81250000,-52.17528343,-82.10069398,29.92541055,24.99511820,54.92052875
0.81250000,-50.34136772,-82.10069398,31.75932626,24.99511820,56.75444446
0.81250000,-53.37786674,-82.10069398,28.72282724,24.99511820,53.71794543
0.81250000,-53.25102806,-82.10069398,28.84966592,24.99511820,53.84478412
0.81250000,-51.06520653,-82.10069398,31.03548745,24.99511820,56.03060565
0.81250000,-49.89504814,-82.10069398,32.20564584,24.99511820,57.20076404
0.81250000,-52.02078819,-82.10069398,30.07990579,24.99511820,55.07502399
0.81250000,-52.85716057,-82.10069398,29.24353341,24.99511820,54.23865161
0.81250000,-53.88236046,-82.10069398,28.21833352,24.99511820,53.21345172
0.81250000,-50.39095879,-82.10069398,31.70973519,24.99511820,56.70485339
0.81250000,-53.46846581,-82.10069398,28.63222818,24.99511820,53.62734637
0.81250000,-52.11901665,-82.10069398,29.98167733,24.99511820,54.97679553
0.81250000,-51.29313469,-82.10069398,30.80755929,24.99511820,55.80267749
0.81250000,-53.18427086,-82.10069398,28.91642312,24.99511820,53.91154132
0.81250000,-48.65527153,-82.10069398,33.44542245,24.99511820,58.44054065
0.81250000,-55.10783195,-82.10069398,26.99286203,24.99511820,51.98798022
0.81250000,-51.41520500,-82.10069398,30.68548898,24.99511820,55.68060718
0.81250000,-50.94027519,-82.10069398,31.16041879,24.99511820,56.15553699
0.81250000,-52.93440819,-82.10069398,29.16628579,24.99511820,54.16140399
0.81250000,-55.32717705,-82.10069398,26.77351693,24.99511820,51.76863513
0.81250000,-49.35526848,-82.10069398,32.74542550,24.99511820,57.74054370
0.81250000,-48.51126671,-82.10069398,33.58942727,24.99511820,58.58454547
0.81250000,-51.54871941,-82.10069398,30.55197457,24.99511820,55.54709277
0.84375000,-61.22303009,-85.70944414,24.48641405,25.30567367,49.79208773
0.84375000,-57.12413788,-85.70944414,28.58530626,25.30567367,53.89097994
0.84375000,-58.09879303,-85.70944414,27.61065111,25.30567367,52.91632479
0.84375000,-59.73815918,-85.70944414,25.97128496,25.30567367,51.27695864
0.84375000,-61.99073792,-85.70944414,23.71870623,25.30567367,49.02437990
0.84375000,-62.39509583,-85.70944414,23.31434832,25.30567367,48.62002199
0.84375000,-59.85641479,-85.70944414,25.85302935,25.30567367,51.15870302
0.84375000,-56.31446838,-85.70944414,29.39497576,25.30567367,54.70064943
0.84375000,-61.73706055,-85.70944414,23.97238360,25.30567367,49.27805727
0.84375000,-59.23080444,-85.70944414,26.47863970,25.30567367,51.78431337
0.84375000,-59.63325500,-85.70944414,26.07618914,25.30567367,51.38186281
0.84375000,-61.96308136,-85.70944414,23.74636278,25.30567367,49.05203646
0.84375000,-59.70287323,-85.70944414,26.00657091,25.30567367,51.31224459
0.84375000,-58.44116211,-85.70944414,27.26828203,25.30567367,52.57395571
0.84375000,-59.67998505,-85.70944414,26.02945910,25.30567367,51.33513277
0.84375000,-56.53285980,-85.70944414,29.17658434,25.30567367,54.48225801
0.84375000,-62.45613098,-85.70944414,23.25331316,25.30567367,48.55898683
0.84375000,-59.15927887,-85.70944414,26.55016527,25.30567367,51.85583895
0.84375000,-56.55956268,-85.70944414,29.14988146,25.30567367,54.45555513
0.84375000,-56.10561371,-85.70944414,29.60383043,25.30567367,54.90950411
0.84375000,-59.27467346,-85.70944414,26.43477068,25.30567367,51.74044435
0.84375000,-60.99224091,-85.70944414,24.71720324,25.30567367,50.02287691
0.84375000,-61.44142151,-85.70944414,24.26802263,25.30567367,49.57369631
0.84375000,-63.35163116,-85.70944414,22.35781298,25.30567367,47.66348665
0.84375000,-57.08694458,-85.70944414,28.62249956,25.30567367,53.92817324
0.84375000,-61.36894226,-85.70944414,24.34050188,25.30567367,49.64617555
0.84375000,-62.18338013,-85.70944414,23.52606402,25.30567367,48.83173769
0.84375000,-56.57482147,-85.70944414,29.13462267,25.30567367,54.44029634
0.84375000,-59.26990509,-85.70944414,26.43953905,25.30567367,51.74521273
0.84375000,-61.36417389,-85.70944414,24.34527025,25.30567367,49.65094393
0.84375000,-61.16199493,-85.70944414,24.54744921,25.30567367,49.85312288
0.84375000,-58.78353119,-85.70944414,26.92591295,25.30567367,52.23158663
0.84375000,-59.14783478,-85.70944414,26.56160937,25.30567367,51.86728304
0.84375000,-59.63802338,-85.70944414,26.07142077,25.30567367,51.37709444
0.84375000,-60.61172485,-85.70944414,25.09771929,25.30567367,50.40339296
0.84375000,-60.45532227,-85.70944414,25.25412188,25.30567367,50.55979555
0.84375000,-56.37264252,-85.70944414,29.33680163,25.30567367,54.64247530
0.84375000,-57.21473694,-85.70944414,28.49470720,25.30567367,53.80038088
0.84375000,-57.69920349,-85.70944414,28.01024065,25.30567367,53.31591432
0.84375000,-57.06787109,-85.70944414,28.64157305,25.30567367,53.94724672
0.84375000,-60.02712250,-85.70944414,25.68232165,25.30567367,50.98799532
0.84375000,-58.48693848,-85.70944414,27.22250567,25.30567367,52.52817934
0.84375000,-59.81731415,-85.70944414,25.89212999,25.30567367,51.19780367
0.84375000,-60.21404266,-85.70944414,25.49540148,25.30567367,50.80107515
0.84375000,-64.83650208,-85.70944414,20.87294207,25.30567367,46.17861574
0.84375000,-61.45954132,-85.70944414,24.24990282,25.30567367,49.55557649
0.84375000,-60.45436859,-85.70944414,25.25507555,25.30567367,50.56074922
0.84375000,-58.55560303,-85.70944414,27.15384112,25.30567367,52.45951479
0.84375000,-58.52317810,-85.70944414,27.18626604,25.30567367,52.49193971
0.84375000,-61.56063080,-85.70944414,24.14881334,25.30567367,49.45448702
0.84375000,-58.88938904,-85.70944414,26.82005510,25.30567367,52.12572878
0.84375000,-60.59455872,-85.70944414,25.11488543,25.30567367,50.42055910
0.84375000,-58.85410309,-85.70944414,26.85534105,25.30567367,52.16101473
0.84375000,-59.81636047,-85.70944414,25.89308367,25.30567367,51.19875734
0.84375000,-61.42807007,-85.70944414,24.28137407,25.30567367,49.58704775
0.84375000,-56.67209625,-85.70944414,29.03734789,25.30567367,54.34302156
0.84375000,-58.36200714,-85.70944414,27.34743700,25.30567367,52.65311067
0.84375000,-58.79211426,-85.70944414,26.91732989,25.30567367,52.22300356
0.84375000,-63.13228607,-85.70944414,22.57715807,25.30567367,47.88283174
0.84375000,-60.77861786,-85.70944414,24.93082628,25.30567367,50.23649996
0.84375000,-57.17658997,-85.70944414,28.53285418,25.30567367,53.83852785
0.84375000,-61.86199188,-85.70944414,23.84745226,25.30567367,49.15312593
0.84375000,-62.42084503,-85.70944414,23.28859911,25.30567367,48.59427278
0.84375000,-59.64469910,-85.70944414,26.06474505,25.30567367,51.37041872
0.84375000,-59.00096893,-85.70944414,26.70847521,25.30567367,52.01414888
0.84375000,-60.95695496,-85.70944414,24.75248919,25.30567367,50.05816286
0.84375000,-59.47208405,-85.70944414,26.23736010,25.30567367,51.54303377
0.87500000,-69.68092918,-89.31819431,19.63726512,25.61622915,45.25349427
0.87500000,-70.11675835,-89.31819431,19.20143596,25.61622915,44.81766511
0.87500000,-68.33338737,-89.31819431,20.98480693,25.61622915,46.60103608
0.87500000,-70.69659233,-89.31819431,18.62160197,25.61622915,44.23783112
0.87500000,-73.02355766,-89.31819431,16.29463664,25.61622915,41.91086579
0.87500000,-69.15926933,-89.31819431,20.15892497,25.61622915,45.77515412
0.87500000,-69.79060173,-89.31819431,19.52759258,25.61622915,45.14382172
0.87500000,-69.08679008,-89.31819431,20.23140422,25.61622915,45.84763337
0.87500000,-67.35110283,-89.31819431,21.96709148,25.61622915,47.58332062
0.87500000,-73.07696342,-89.31819431,16.24123088,25.61622915,41.85746003
0.87500000,-70.77574730,-89.31819431,18.54244701,25.61622915,44.15867615
0.87500000,-66.82562828,-89.31819431,22.49256603,25.61622915,48.10879517
0.87500000,-68.15123558,-89.31819431,21.16695873,25.61622915,46.78318787
0.87500000,-67.56758690,-89.31819431,21.75060741,25.61622915,47.36683655
0.87500000,-67.18993187,-89.31819431,22.12826244,25.61622915,47.74449158
0.87500000,-66.28870964,-89.31819431,23.02948467,25.61622915,48.64571381
0.87500000,-66.60819054,-89.31819431,22.71000377,25.61622915,48.32623292
0.87500000,-72.53432274,-89.31819431,16.78387157,25.61622915,42.40010071
0.87500000,-68.60804558,-89.31819431,20.71014873,25.61622915,46.32637787
0.87500000,-64.75424767,-89.31819431,24.56394664,25.61622915,50.18017579
0.87500000,-64.60452080,-89.31819431,24.71367351,25.61622915,50.32990265
0.87500000,-68.27712059,-89.31819431,21.04107372,25.61622915,46.65730286
0.87500000,-66.14851952,-89.31819431,23.16967479,25.61622915,48.78590394
0.87500000,-67.90614128,-89.31819431,21.41205302,25.61622915,47.02828217
0.87500000,-69.78392601,-89.31819431,19.53426830,25.61622915,45.15049744
0.87500000,-73.63772392,-89.31819431,15.68047038,25.61622915,41.29669953
0.87500000,-68.17030907,-89.31819431,21.14788524,25.61622915,46.76411439
0.87500000,-68.37725639,-89.31819431,20.94093791,25.61622915,46.55716706
0.87500000,-66.55764580,-89.31819431,22.76054851,25.61622915,48.37677765
0.87500000,-67.83843040,-89.31819431,21.47976390,25.61622915,47.09599305
0.87500000,-63.86446953,-89.31819431,25.45372478,25.61622915,51.06995392
0.87500000,-67.50559807,-89.31819431,21.81259624,25.61622915,47.42882538
0.87500000,-65.98067284,-89.31819431,23.33752147,25.61622915,48.95375062
0.87500000,-70.04427910,-89.31819431,19.27391521,25.61622915,44.89014435
0.87500000,-64.91827965,-89.31819431,24.39991466,25.61622915,50.01614380
0.87500000,-65.57726860,-89.31819431,23.74092571,25.61622915,49.35715485
0.87500000,-68.66908073,-89.31819431,20.64911357,25.61622915,46.26534272
0.87500000,-66.76173210,-89.31819431,22.55646220,25.61622915,48.17269135
0.87500000,-68.41826439,-89.31819431,20.89992992,25.61622915,46.51615906
0.87500000,-71.77615166,-89.31819431,17.54204265,25.61622915,43.15827180
0.87500000,-68.10736656,-89.31819431,21.21082774,25.61622915,46.82705689
0.87500000,-70.48487663,-89.31819431,18.83331767,25.61622915,44.44954682
0.87500000,-69.64564323,-89.31819431,19.67255107,25.61622915,45.28878022
0.87500000,-69.92030144,-89.31819431,19.39789287,25.61622915,45.01412201
0.87500000,-68.53556633,-89.31819431,20.78262798,25.61622915,46.39885712
0.87500000,-65.75465202,-89.31819431,23.56354228,25.61622915,49.17977143
0.87500000,-69.12493706,-89.31819431,20.19325725,25.61622915,45.80948639
0.87500000,-68.42207909,-89.31819431,20.89611522,25.61622915,46.51234437
0.87500000,-68.97807121,-89.31819431,20.34012309,25.61622915,45.95635224
0.87500000,-65.86813927,-89.31819431,23.45005504,25.61622915,49.06628419
0.87500000,-69.48637962,-89.31819431,19.83181468,25.61622915,45.44804383
0.87500000,-67.99769402,-89.31819431,21.32050029,25.61622915,46.93672944
0.87500000,-68.18938255,-89.31819431,21.12881175,25.61622915,46.74504090
0.87500000,-66.30587578,-89.31819431,23.01231853,25.61622915,48.62854767
0.87500000,-67.65627861,-89.31819431,21.66191570,25.61622915,47.27814484
0.87500000,-68.81022453,-89.31819431,20.50796977,25.61622915,46.12419892
0.87500000,-68.94946098,-89.31819431,20.36873332,25.61622915,45.98496247
0.87500000,-67.83556938,-89.31819431,21.48262492,25.61622915,47.09885407
0.87500000,-70.57738304,-89.31819431,18.74081126,25.61622915,44.35704041
0.87500000,-67.84415245,-89.31819431,21.47404186,25.61622915,47.09027100
0.87500000,-67.96336174,-89.31819431,21.35483257,25.61622915,46.97106171
0.87500000,-67.18611717,-89.31819431,22.13207713,25.61622915,47.74830628
0.87500000,-67.92712212,-89.31819431,21.39107219,25.61622915,47.00730134
0.87500000,-66.08080864,-89.31819431,23.23738567,25.61622915,48.85361481
0.87500000,-71.65694237,-89.31819431,17.66125194,25.61622915,43.27748108
0.87500000,-68.60613823,-89.31819431,20.71205608,25.61622915,46.32828522
0.87500000,-68.44782829,-89.31819431,20.87036601,25.61622915,46.48659516
0.87500000,-67.80314445,-89.31819431,21.51504985,25.61622915,47.13127900
0.87500000,-68.38679314,-89.31819431,20.93140117,25.61622915,46.54763032
0.87500000,-71.90299034,-89.31819431,17.41520396,25.61622915,43.03143311
0.87500000,-72.22247124,-89.31819431,17.09572307,25.61622915,42.71195222
0.87500000,-72.32928276,-89.31819431,16.98891155,25.61622915,42.60514069
0.87500000,-68.46213341,-89.31819431,20.85606090,25.61622915,46.47229004
0.87500000,-67.03257561,-89.31819431,22.28561870,25.61622915,47.90184784
0.87500000,-65.49811363,-89.31819431,23.82008067,25.61622915,49.43630982
0.87500000,-66.92194939,-89.31819431,22.39624492,25.61622915,48.01247407
0.87500000,-67.17371941,-89.31819431,22.14447490,25.61622915,47.76070405
0.87500000,-68.84169579,-89.31819431,20.47649852,25.61622915,46.09272767
0.90625000,-77.44967937,-92.92694447,15.47726509,25.92678462,41.40404971
0.90625000,-81.28631115,-92.92694447,11.64063332,25.92678462,37.56741794
0.90625000,-79.26738262,-92.92694447,13.65956185,25.92678462,39.58634647
0.90625000,-79.72228527,-92.92694447,13.20465920,25.92678462,39.13144382
0.90625000,-82.24380016,-92.92694447,10.68314431,25.92678462,36.60992893
0.90625000,-82.95619488,-92.92694447,9.97074959,25.92678462,35.89753421
0.90625000,-74.48756695,-92.92694447,18.43937752,25.92678462,44.36616214
0.90625000,-82.83412457,-92.92694447,10.09281990,25.92678462,36.01960452
0.90625000,-73.45759869,-92.92694447,19.46934578,25.92678462,45.39613040
0.90625000,-78.18400860,-92.92694447,14.74293587,25.92678462,40.66972049
0.90625000,-78.36616039,-92.92694447,14.56078408,25.92678462,40.48756870
0.90625000,-76.58278942,-92.92694447,16.34415505,25.92678462,42.27093967
0.90625000,-80.98018169,-92.92694447,11.94676277,25.92678462,37.87354740
0.90625000,-78.86779308,-92.92694447,14.05915139,25.92678462,39.98593601
0.90625000,-80.60061932,-92.92694447,12.32632515,25.92678462,38.25310977
0.90625000,-78.06861401,-92.92694447,14.85833046,25.92678462,40.78511508
0.90625000,-73.59111309,-92.92694447,19.33583138,25.92678462,45.26261600
0.90625000,-81.10797405,-92.92694447,11.81897042,25.92678462,37.74575504
0.90625000,-77.29423046,-92.92694447,15.63271401,25.92678462,41.55949863
0.90625000,-84.04147625,-92.92694447,8.88546822,25.92678462,34.81225284
0.90625000,-85.49487591,-92.92694447,7.43206856,25.92678462,33.35885318
0.90625000,-83.60087872,-92.92694447,9.32606575,25.92678462,35.25285037
0.90625000,-79.78332043,-92.92694447,13.14362404,25.92678462,39.07040866
0.90625000,-85.27648449,-92.92694447,7.65045998,25.92678462,33.57724460
0.90625000,-83.40346813,-92.92694447,9.52347634,25.92678462,35.45026096
0.90625000,-77.44395733,-92.92694447,15.48298714,25.92678462,41.40977176
0.90625000,-82.61001110,-92.92694447,10.31693337,25.92678462,36.24371799
0.90625000,-78.69899273,-92.92694447,14.22795174,25.92678462,40.15473636
0.90625000,-78.48155499,-92.92694447,14.44538948,25.92678462,40.37217410
0.90625000,-79.53441143,-92.92694447,13.39253304,25.92678462,39.31931766
0.90625000,-80.09803295,-92.92694447,12.82891152,25.92678462,38.75569614
0.90625000,-83.07254314,-92.92694447,9.85440132,25.92678462,35.78118594
0.90625000,-84.21218395,-92.92694447,8.71476052,25.92678462,34.64154514
0.90625000,-76.36439800,-92.92694447,16.56254647,25.92678462,42.48933109
0.90625000,-79.77569103,-92.92694447,13.15125344,25.92678462,39.07803806
0.90625000,-78.43577862,-92.92694447,14.49116585,25.92678462,40.41795047
0.90625000,-79.79094982,-92.92694447,13.13599465,25.92678462,39.06277927
0.90625000,-81.03549480,-92.92694447,11.89144966,25.92678462,37.81823428
0.90625000,-75.86181164,-92.92694447,17.06513283,25.92678462,42.99191745
0.90625000,-75.59764385,-92.92694447,17.32930062,25.92678462,43.25608524
0.90625000,-86.42375469,-92.92694447,6.50318978,25.92678462,32.42997440
0.90625000,-74.74219799,-92.92694447,18.18474648,25.92678462,44.11153110
0.90625000,-76.38347149,-92.92694447,16.54347298,25.92678462,42.47025760
0.90625000,-77.13210583,-92.92694447,15.79483864,25.92678462,41.72162326
0.90625000,-77.87692547,-92.92694447,15.05001900,25.92678462,40.97680362
0.90625000,-76.91180706,-92.92694447,16.01513741,25.92678462,41.94192203
0.90625000,-80.23917675,-92.92694447,12.68776772,25.92678462,38.61455234
0.90625000,-79.08236980,-92.92694447,13.84457466,25.92678462,39.77135928
0.90625000,-82.16369152,-92.92694447,10.76325295,25.92678462,36.69003757
0.90625000,-80.76846600,-92.92694447,12.15847847,25.92678462,38.08526309
0.90625000,-79.35702801,-92.92694447,13.56991646,25.92678462,39.49670108
0.90625000,-82.98480511,-92.92694447,9.94213936,25.92678462,35.86892398
0.90625000,-78.29463482,-92.92694447,14.63230965,25.92678462,40.55909427
0.90625000,-77.21602917,-92.92694447,15.71091530,25.92678462,41.63769992
0.90625000,-78.01425457,-92.92694447,14.91268990,25.92678462,40.83947452
0.90625000,-77.80063152,-92.92694447,15.12631295,25.92678462,41.05309757
0.90625000,-84.64133739,-92.92694447,8.28560707,25.92678462,34.21239169
0.90625000,-78.66752148,-92.92694447,14.25942299,25.92678462,40.18620761
0.90625000,-77.54790783,-92.92694447,15.37903664,25.92678462,41.30582126
0.90625000,-84.21313763,-92.92694447,8.71380684,25.92678462,34.64059146
0.90625000,-79.19204235,-92.92694447,13.73490212,25.92678462,39.66168674
0.90625000,-83.20319653,-92.92694447,9.72374794,25.92678462,35.65053256
0.90625000,-83.43970776,-92.92694447,9.48723671,25.92678462,35.41402133
0.90625000,-78.43291759,-92.92694447,14.49402687,25.92678462,40.42081149
0.90625000,-77.11684704,-92.92694447,15.81009743,25.92678462,41.73688205
0.93750000,-97.81181812,-96.53569463,-1.27612349,26.23734009,24.96121660
0.93750000,-95.96645832,-96.53569463,0.56923631,26.23734009,26.80657641
0.93750000,-90.85381031,-96.53569463,5.68188432,26.23734009,31.91922442
0.93750000,-94.03240681,-96.53569463,2.50328782,26.23734009,28.74062792
0.93750000,-95.64793110,-96.53569463,0.88776353,26.23734009,27.12510363
0.93750000,-93.35529804,-96.53569463,3.18039659,26.23734009,29.41773668
0.93750000,-97.44656086,-96.53569463,-0.91086623,26.23734009,25.32647387
0.93750000,-93.36960316,-96.53569463,3.16609147,26.23734009,29.40343157
0.93750000,-95.22926807,-96.53569463,1.30642656,26.23734009,27.54376665
0.93750000,-91.64917469,-96.53569463,4.88651994,26.23734009,31.12386004
0.93750000,-93.56987476,-96.53569463,2.96581987,26.23734009,29.20315996
0.93750000,-93.81783009,-96.53569463,2.71786455,26.23734009,28.95520464
0.93750000,-88.99986744,-96.53569463,7.53582719,26.23734009,33.77316729
0.93750000,-97.54669666,-96.53569463,-1.01100203,26.23734009,25.22633806
0.93750000,-95.44575214,-96.53569463,1.08994249,26.23734009,27.32728258
0.93750000,-95.47150135,-96.53569463,1.06419328,26.23734009,27.30153338
0.93750000,-94.11346912,-96.53569463,2.42222551,26.23734009,28.65956560
0.93750000,-95.18826008,-96.53569463,1.34743455,26.23734009,27.58477465
0.93750000,-94.95556355,-96.53569463,1.58013109,26.23734009,27.81747118
0.93750000,-93.16074848,-96.53569463,3.37494615,26.23734009,29.61228624
0.93750000,-94.56551075,-96.53569463,1.97018388,26.23734009,28.20752398
0.93750000,-93.59943867,-96.53569463,2.93625596,26.23734009,29.17359606
0.93750000,-94.65324879,-96.53569463,1.88244584,26.23734009,28.11978594
0.93750000,-96.97353840,-96.53569463,-0.43784377,26.23734009,25.79949633
0.93750000,-98.05405140,-96.53569463,-1.51835677,26.23734009,24.71898333
0.93750000,-95.39425373,-96.53569463,1.14144090,26.23734009,27.37878100
0.93750000,-96.07803822,-96.53569463,0.45765642,26.23734009,26.69499651
0.93750000,-94.07913685,-96.53569463,2.45655778,26.23734009,28.69389788
0.93750000,-95.31795979,-96.53569463,1.21773485,26.23734009,27.45507494
0.93750000,-94.71714497,-96.53569463,1.81854967,26.23734009,28.05588976
0.93750000,-93.08540821,-96.53569463,3.45028642,26.23734009,29.68762652
0.93750000,-92.75162220,-96.53569463,3.78407243,26.23734009,30.02141253
0.93750000,-85.56187153,-96.53569463,10.97382310,26.23734009,37.21116320
0.93750000,-94.65801716,-96.53569463,1.87767747,26.23734009,28.11501757
0.93750000,-81.83968067,-96.53569463,14.69601396,26.23734009,40.93335405
0.93750000,-97.64969349,-96.53569463,-1.11399886,26.23734009,25.12334124
0.93750000,-95.33512592,-96.53569463,1.20056871,26.23734009,27.43790880
0.93750000,-94.23077106,-96.53569463,2.30492357,26.23734009,28.54226366
0.93750000,-96.08185291,-96.53569463,0.45384172,26.23734009,26.69118181
0.93750000,-99.03156757,-96.53569463,-2.49587294,26.23734009,23.74146715
0.93750000,-95.04997730,-96.53569463,1.48571733,26.23734009,27.72305742
0.93750000,-98.92094135,-96.53569463,-2.38524672,26.23734009,23.85209337
0.93750000,-95.87776661,-96.53569463,0.65792802,26.23734009,26.89526812
0.93750000,-95.46577930,-96.53569463,1.06991533,26.23734009,27.30725542
0.93750000,-97.38934040,-96.53569463,-0.85364577,26.23734009,25.38369433
0.93750000,-98.91998768,-96.53569463,-2.38429305,26.23734009,23.85304705
0.93750000,-95.77286243,-96.53569463,0.76283220,26.23734009,27.00017229
0.93750000,-95.74615955,-96.53569463,0.78953508,26.23734009,27.02687517
0.93750000,-94.44534779,-96.53569463,2.09034685,26.23734009,28.32768694
0.93750000,-88.55259418,-96.53569463,7.98310045,26.23734009,34.22044054
0.93750000,-94.49017048,-96.53569463,2.04552415,26.23734009,28.28286425
0.93750000,-96.46618366,-96.53569463,0.06951097,26.23734009,26.30685106
0.93750000,-94.86973286,-96.53569463,1.66596177,26.23734009,27.90330187
0.93750000,-97.88143635,-96.53569463,-1.34574172,26.23734009,24.89159838
0.93750000,-96.18484974,-96.53569463,0.35084489,26.23734009,26.58818499
0.93750000,-95.24834156,-96.53569463,1.28735307,26.23734009,27.52469317
0.93750000,-94.08199787,-96.53569463,2.45369676,26.23734009,28.69103685
0.93750000,-96.51863575,-96.53569463,0.01705888,26.23734009,26.25439898
0.93750000,-95.93212605,-96.53569463,0.60356859,26.23734009,26.84090868
0.93750000,-98.15227985,-96.53569463,-1.61658522,26.23734009,24.62075487
0.93750000,-91.95625782,-96.53569463,4.57943681,26.23734009,30.81677691
0.93750000,-94.68758106,-96.53569463,1.84811357,26.23734009,28.08545366
0.93750000,-97.90241718,-96.53569463,-1.36672255,26.23734009,24.87061754
0.93750000,-91.02928638,-96.53569463,5.50640825,26.23734009,31.74374834
0.93750000,-92.50080585,-96.53569463,4.03488878,26.23734009,30.27222887
0.93750000,-94.61796284,-96.53569463,1.91773179,26.23734009,28.15507189
0.93750000,-95.36564350,-96.53569463,1.17005113,26.23734009,27.40739122
0.93750000,-97.75650501,-96.53569463,-1.22081038,26.23734009,25.01652971
0.93750000,-94.85828876,-96.53569463,1.67740587,26.23734009,27.91474596
0.93750000,-91.95721149,-96.53569463,4.57848314,26.23734009,30.81582323
0.93750000,-95.16346455,-96.53569463,1.37223009,26.23734009,27.60957018
0.93750000,-94.85638142,-96.53569463,1.67931322,26.23734009,27.91665331
0.93750000,-97.30255604,-96.53569463,-0.76686141,26.23734009,25.47047869
0.93750000,-93.71101856,-96.53569463,2.82467607,26.23734009,29.06201616
0.93750000,-94.41578388,-96.53569463,2.11991075,26.23734009,28.35725084
0.96875000,-113.88951540,-100.14444479,-13.74507061,26.54789557,12.80282496
0.96875000,-111.83720827,-100.14444479,-11.69276348,26.54789557,14.85513209
0.96875000,-117.31702089,-100.14444479,-17.17257610,26.54789557,9.37531947
0.96875000,-106.20480776,-100.14444479,-6.06036296,26.54789557,20.48753260
0.96875000,-104.58260775,-100.14444479,-4.43816295,26.54789557,22.10973262
0.96875000,-117.31988192,-100.14444479,-17.17543712,26.54789557,9.37245845
0.96875000,-117.40094423,-100.14444479,-17.25649944,26.54789557,9.29139613
0.96875000,-89.04153109,-100.14444479,11.10291371,26.54789557,37.65080928
0.96875000,-110.25792360,-100.14444479,-10.11347881,26.54789557,16.43441676
0.96875000,-117.47533083,-100.14444479,-17.33088604,26.54789557,9.21700953
0.96875000,-117.70993471,-100.14444479,-17.56548992,26.54789557,8.98240565
0.96875000,-117.50775576,-100.14444479,-17.36331096,26.54789557,9.18458461
0.96875000,-117.54781008,-100.14444479,-17.40336528,26.54789557,9.14453028
0.96875000,-113.77507448,-100.14444479,-13.63062969,26.54789557,12.91726588
0.96875000,-111.55682802,-100.14444479,-11.41238323,26.54789557,15.13551234
0.96875000,-117.61933565,-100.14444479,-17.47489086,26.54789557,9.07300471
0.96875000,-111.21731997,-100.14444479,-11.07287517,26.54789557,15.47502040
0.96875000,-117.53064394,-100.14444479,-17.38619915,26.54789557,9.16169642
0.96875000,-88.91278505,-100.14444479,11.23165974,26.54789557,37.77955531
0.96875000,-117.25121737,-100.14444479,-17.10677257,26.54789557,9.44112300
0.96875000,-111.61023378,-100.14444479,-11.46578899,26.54789557,15.08210658
0.96875000,-117.81960726,-100.14444479,-17.67516246,26.54789557,8.87273310
0.96875000,-117.30462313,-100.14444479,-17.16017833,26.54789557,9.38771724
0.96875000,-111.15342379,-100.14444479,-11.00897899,26.54789557,15.53891658
0.96875000,-113.53188753,-100.14444479,-13.38744274,26.54789557,13.16045283
0.96875000,-117.51633883,-100.14444479,-17.37189403,26.54789557,9.17600154
0.96875000,-113.40695620,-100.14444479,-13.26251140,26.54789557,13.28538417
0.96875000,-117.42573977,-100.14444479,-17.28129497,26.54789557,9.26660060
0.96875000,-112.20246553,-100.14444479,-12.05802074,26.54789557,14.48987483
0.96875000,-117.37519503,-100.14444479,-17.23075023,26.54789557,9.31714534
0.96875000,-103.93506289,-100.14444479,-3.79061809,26.54789557,22.75727748
0.96875000,-117.62315035,-100.14444479,-17.47870555,26.54789557,9.06919001
0.96875000,-112.30450869,-100.14444479,-12.16006389,26.54789557,14.38783168
0.96875000,-112.21104860,-100.14444479,-12.06660381,26.54789557,14.48129176
0.96875000,-118.43663454,-100.14444479,-18.29218975,26.54789557,8.25570582
0.96875000,-117.83486605,-100.14444479,-17.69042125,26.54789557,8.85747432
0.96875000,-117.50108004,-100.14444479,-17.35663524,26.54789557,9.19126033
0.96875000,-117.57165194,-100.14444479,-17.42720714,26.54789557,9.12068843
0.96875000,-117.55639315,-100.14444479,-17.41194835,26.54789557,9.13594722
0.96875000,-113.39455843,-100.14444479,-13.25011364,26.54789557,13.29778193
0.96875000,-117.55925417,-100.14444479,-17.41480938,26.54789557,9.13308619
0.96875000,-110.09675264,-100.14444479,-9.95230785,26.54789557,16.59558772
0.96875000,-112.28924990,-100.14444479,-12.14480510,26.54789557,14.40309047
0.96875000,-117.49917269,-100.14444479,-17.35472789,26.54789557,9.19316768
0.96875000,-117.64127016,-100.14444479,-17.49682537,26.54789557,9.05107020
0.96875000,-117.41334200,-100.14444479,-17.26889720,26.54789557,9.27899836
0.96875000,-117.65080690,-100.14444479,-17.50636211,26.54789557,9.04153346
0.96875000,-117.73568392,-100.14444479,-17.59123912,26.54789557,8.95665644
0.96875000,-110.91023684,-100.14444479,-10.76579204,26.54789557,15.78210353
0.96875000,-117.42383242,-100.14444479,-17.27938762,26.54789557,9.26850795
0.96875000,-111.60832644,-100.14444479,-11.46388164,26.54789557,15.08401393
0.96875000,-111.65219545,-100.14444479,-11.50775066,26.54789557,15.04014491
0.96875000,-113.30682039,-100.14444479,-13.16237560,26.54789557,13.38551997
0.96875000,-117.39045382,-100.14444479,-17.24600902,26.54789557,9.30188655
0.96875000,-113.18093538,-100.14444479,-13.03649059,26.54789557,13.51140498
0.96875000,-106.71502352,-100.14444479,-6.57057872,26.54789557,19.97731684
0.96875000,-113.68256807,-100.14444479,-13.53812328,26.54789557,13.00977229
0.96875000,-117.70707369,-100.14444479,-17.56262889,26.54789557,8.98526667
0.96875000,-117.56497622,-100.14444479,-17.42053142,26.54789557,9.12736415
0.96875000,-117.37519503,-100.14444479,-17.23075023,26.54789557,9.31714534
0.96875000,-113.63679171,-100.14444479,-13.49234691,26.54789557,13.05554866
0.96875000,-117.77764559,-100.14444479,-17.63320079,26.54789557,8.91469477
0.96875000,-113.27058077,-100.14444479,-13.12613597,26.54789557,13.42175959
0.96875000,-109.90411043,-100.14444479,-9.75966564,26.54789557,16.78822993
0.96875000,-117.37328768,-100.14444479,-17.22884288,26.54789557,9.31905268
0.96875000,-117.75571108,-100.14444479,-17.61126628,26.54789557,8.93662928
0.96875000,-117.56497622,-100.14444479,-17.42053142,26.54789557,9.12736415
0.96875000,-117.53541231,-100.14444479,-17.39096752,26.54789557,9.15692805
0.96875000,-117.32560396,-100.14444479,-17.18115917,26.54789557,9.36673640
0.96875000,-117.67941713,-100.14444479,-17.53497234,26.54789557,9.01292323
0.96875000,-113.64060640,-100.14444479,-13.49616161,26.54789557,13.05173396
0.09375000,10.19191742,0.90055976,9.29135765,17.85234230,27.14369995
0.09375000,9.25636292,0.90055976,8.35580315,17.85234230,26.20814545
0.09375000,8.84342194,0.90055976,7.94286217,17.85234230,25.79520447
0.09375000,8.75282288,0.90055976,7.85226311,17.85234230,25.70460541
0.09375000,9.74750519,0.90055976,8.84694542,17.85234230,26.69928772
0.09375000,9.40132141,0.90055976,8.50076165,17.85234230,26.35310394
0.09375000,9.80663300,0.90055976,8.90607323,17.85234230,26.75841553
0.09375000,8.73184204,0.90055976,7.83128228,17.85234230,25.68362457
0.09375000,8.94832611,0.90055976,8.04776635,17.85234230,25.90010864
0.09375000,8.86440277,0.90055976,7.96384301,17.85234230,25.81618530
0.09375000,9.35649872,0.90055976,8.45593895,17.85234230,26.30828125
0.09375000,8.40950012,0.90055976,7.50894036,17.85234230,25.36128265
0.09375000,10.15758514,0.90055976,9.25702538,17.85234230,27.10936768
0.09375000,8.71849060,0.90055976,7.81793084,17.85234230,25.67027313
0.09375000,10.24055481,0.90055976,9.33999504,17.85234230,27.19233734
0.09375000,9.68170166,0.90055976,8.78114190,17.85234230,26.63348419
0.09375000,8.29982758,0.90055976,7.39926781,17.85234230,25.25161011
0.09375000,9.87911224,0.90055976,8.97855248,17.85234230,26.83089478
0.09375000,9.11998749,0.90055976,8.21942772,17.85234230,26.07177002
0.09375000,9.55295563,0.90055976,8.65239586,17.85234230,26.50473816
0.09375000,9.26971436,0.90055976,8.36915459,17.85234230,26.22149689
0.09375000,9.18865204,0.90055976,8.28809227,17.85234230,26.14043457
0.09375000,8.99696350,0.90055976,8.09640374,17.85234230,25.94874603
0.09375000,8.89110565,0.90055976,7.99054589,17.85234230,25.84288818
0.09375000,9.64641571,0.90055976,8.74585595,17.85234230,26.59819824
0.09375000,9.30595398,0.90055976,8.40539421,17.85234230,26.25773651
0.09375000,9.56821442,0.90055976,8.66765465,17.85234230,26.51999695
0.09375000,9.38987732,0.90055976,8.48931755,17.85234230,26.34165985
0.09375000,9.88483429,0.90055976,8.98427452,17.85234230,26.83661682
0.09375000,9.18769836,0.90055976,8.28713860,17.85234230,26.13948090
0.09375000,9.89055634,0.90055976,8.98999657,17.85234230,26.84233887
0.09375000,10.88047028,0.90055976,9.97991051,17.85234230,27.83225281
0.09375000,9.12952423,0.90055976,8.22896447,17.85234230,26.08130676
0.09375000,9.17243958,0.90055976,8.27187981,17.85234230,26.12422211
0.09375000,9.40132141,0.90055976,8.50076165,17.85234230,26.35310394
0.09375000,9.55104828,0.90055976,8.65048851,17.85234230,26.50283081
0.09375000,9.20391083,0.90055976,8.30335106,17.85234230,26.15569336
0.09375000,9.00745392,0.90055976,8.10689415,17.85234230,25.95923645
0.09375000,9.58919525,0.90055976,8.68863549,17.85234230,26.54097778
0.09375000,9.77516174,0.90055976,8.87460198,17.85234230,26.72694428
0.09375000,10.30158997,0.90055976,9.40103020,17.85234230,27.25337250
0.09375000,8.01181793,0.90055976,7.11125817,17.85234230,24.96360046
0.09375000,8.17203522,0.90055976,7.27147545,17.85234230,25.12381775
0.09375000,8.85677338,0.90055976,7.95621361,17.85234230,25.80855591
0.09375000,9.20009613,0.90055976,8.29953637,17.85234230,26.15187866
0.09375000,7.96604156,0.90055976,7.06548180,17.85234230,24.91782410
0.09375000,9.77134705,0.90055976,8.87078728,17.85234230,26.72312958
0.09375000,8.65173340,0.90055976,7.75117363,17.85234230,25.60351593
0.09375000,10.51998138,0.90055976,9.61942162,17.85234230,27.47176392
0.09375000,8.54778290,0.90055976,7.64722313,17.85234230,25.49956543
0.09375000,8.39614868,0.90055976,7.49558892,17.85234230,25.34793121
0.09375000,8.99219513,0.90055976,8.09163536,17.85234230,25.94397766
0.09375000,8.94069672,0.90055976,8.04013695,17.85234230,25.89247925
0.09375000,7.94792175,0.90055976,7.04736199,17.85234230,24.89970429
0.09375000,9.15908813,0.90055976,8.25852837,17.85234230,26.11087067
0.09375000,8.78810883,0.90055976,7.88754906,17.85234230,25.73989136
0.09375000,8.50582123,0.90055976,7.60526146,17.85234230,25.45760376
0.09375000,9.87243652,0.90055976,8.97187676,17.85234230,26.82421906
0.09375000,11.67488098,0.90055976,10.77432122,17.85234230,28.62666351
0.09375000,9.20677185,0.90055976,8.30621209,17.85234230,26.15855438
0.09375000,8.61072540,0.90055976,7.71016564,17.85234230,25.56250794
0.09375000,8.48007202,0.90055976,7.57951226,17.85234230,25.43185455
0.09375000,9.77516174,0.90055976,8.87460198,17.85234230,26.72694428
0.09375000,8.55827332,0.90055976,7.65771355,17.85234230,25.51005585
0.09375000,9.04464722,0.90055976,8.14408745,17.85234230,25.99642975
0.09375000,9.36222076,0.90055976,8.46166100,17.85234230,26.31400330
0.09375000,8.98075104,0.90055976,8.08019127,17.85234230,25.93253357
0.09375000,8.65268707,0.90055976,7.75212731,17.85234230,25.60446961
0.09375000,9.44423676,0.90055976,8.54367699,17.85234230,26.39601929
0.09375000,8.19587708,0.90055976,7.29531731,17.85234230,25.14765961
0.09375000,11.00635529,0.90055976,10.10579552,17.85234230,27.95813782
0.09375000,10.58387756,0.90055976,9.68331780,17.85234230,27.53566010
0.09375000,8.85391235,0.90055976,7.95335259,17.85234230,25.80569489
0.09375000,8.87489319,0.90055976,7.97433342,17.85234230,25.82667572
0.09375000,9.04464722,0.90055976,8.14408745,17.85234230,25.99642975
0.09375000,8.91017914,0.90055976,8.00961937,17.85234230,25.86196167
0.09375000,9.29832458,0.90055976,8.39776482,17.85234230,26.25010712
0.09375000,10.51998138,0.90055976,9.61942162,17.85234230,27.47176392
0.09375000,10.12897491,0.90055976,9.22841515,17.85234230,27.08075745
0.09375000,9.28592682,0.90055976,8.38536705,17.85234230,26.23770935
0.12500000,13.35620880,-2.70819040,16.06439920,18.16289777,34.22729697
0.12500000,12.63046265,-2.70819040,15.33865304,18.16289777,33.50155082
0.12500000,14.32895660,-2.70819040,17.03714700,18.16289777,35.20004477
0.12500000,12.86315918,-2.70819040,15.57134958,18.16289777,33.73424735
0.12500000,13.33332062,-2.70819040,16.04151102,18.16289777,34.20440879
0.12500000,12.78209686,-2.70819040,15.49028726,18.16289777,33.65318503
0.12500000,14.37473297,-2.70819040,17.08292337,18.16289777,35.24582114
0.12500000,13.77296448,-2.70819040,16.48115488,18.16289777,34.64405265
0.12500000,11.60335541,-2.70819040,14.31154581,18.16289777,32.47444358
0.12500000,14.32895660,-2.70819040,17.03714700,18.16289777,35.20004477
0.12500000,14.20593262,-2.70819040,16.91412302,18.16289777,35.07702079
0.12500000,13.25035095,-2.70819040,15.95854135,18.16289777,34.12143912
0.12500000,13.52024078,-2.70819040,16.22843118,18.16289777,34.39132895
0.12500000,13.35239410,-2.70819040,16.06058450,18.16289777,34.22348227
0.12500000,11.86466217,-2.70819040,14.57285257,18.16289777,32.73575034
0.12500000,14.09912109,-2.70819040,16.80731149,18.16289777,34.97020926
0.12500000,15.44857025,-2.70819040,18.15676065,18.16289777,36.31965842
0.12500000,14.56546783,-2.70819040,17.27365823,18.16289777,35.43655600
0.12500000,13.59272003,-2.70819040,16.30091043,18.16289777,34.46380820
0.12500000,13.59748840,-2.70819040,16.30567880,18.16289777,34.46857657
0.12500000,11.01684570,-2.70819040,13.72503610,18.16289777,31.88793387
0.12500000,14.59121704,-2.70819040,17.29940744,18.16289777,35.46230521
0.12500000,13.04435730,-2.70819040,15.75254770,18.16289777,33.91544547
0.12500000,14.32895660,-2.70819040,17.03714700,18.16289777,35.20004477
0.12500000,12.10117340,-2.70819040,14.80936380,18.16289777,32.97226157
0.12500000,13.28468323,-2.70819040,15.99287363,18.16289777,34.15577140
0.12500000,16.06941223,-2.70819040,18.77760263,18.16289777,36.94050040
0.12500000,12.86125183,-2.70819040,15.56944223,18.16289777,33.73234000
0.12500000,16.18766785,-2.70819040,18.89585824,18.16289777,37.05875602
0.12500000,13.49067688,-2.70819040,16.19886728,18.16289777,34.36176505
0.12500000,13.82255554,-2.70819040,16.53074594,18.16289777,34.69364371
0.12500000,11.76166534,-2.70819040,14.46985574,18.16289777,32.63275351
0.12500000,13.40103149,-2.70819040,16.10922189,18.16289777,34.27211966
0.12500000,17.42649078,-2.70819040,20.13468118,18.16289777,38.29757895
0.12500000,11.61193848,-2.70819040,14.32012887,18.16289777,32.48302665
0.12500000,12.92705536,-2.70819040,15.63524576,18.16289777,33.79814353
0.12500000,13.84735107,-2.70819040,16.55554147,18.16289777,34.71843924
0.12500000,12.89653778,-2.70819040,15.60472818,18.16289777,33.76762595
0.12500000,12.25852966,-2.70819040,14.96672006,18.16289777,33.12961783
0.12500000,12.71247864,-2.70819040,15.42066904,18.16289777,33.58356681
0.12500000,14.78004456,-2.70819040,17.48823495,18.16289777,35.65113273
0.12500000,11.31534576,-2.70819040,14.02353616,18.16289777,32.18643393
0.12500000,13.53168488,-2.70819040,16.23987527,18.16289777,34.40277305
0.12500000,15.67077637,-2.70819040,18.37896677,18.16289777,36.54186454
0.12500000,13.60321045,-2.70819040,16.31140085,18.16289777,34.47429862
0.12500000,14.04094696,-2.70819040,16.74913736,18.16289777,34.91203513
0.12500000,13.87977600,-2.70819040,16.58796640,18.16289777,34.75086417
0.12500000,12.16506958,-2.70819040,14.87325998,18.16289777,33.03615775
0.12500000,12.51029968,-2.70819040,15.21849008,18.16289777,33.38138785
0.12500000,11.16752625,-2.70819040,13.87571664,18.16289777,32.03861441
0.12500000,12.20989227,-2.70819040,14.91808267,18.16289777,33.08098044
0.12500000,16.48235321,-2.70819040,19.19054361,18.16289777,37.35344138
0.12500000,13.60511780,-2.70819040,16.31330820,18.16289777,34.47620597
0.12500000,15.90824127,-2.70819040,18.61643167,18.16289777,36.77932944
0.12500000,12.16411591,-2.70819040,14.87230630,18.16289777,33.03520408
0.12500000,10.98346710,-2.70819040,13.69165750,18.16289777,31.85455527
0.12500000,13.93222809,-2.70819040,16.64041849,18.16289777,34.80331626
0.12500000,11.88945770,-2.70819040,14.59764810,18.16289777,32.76054587
0.12500000,13.43250275,-2.70819040,16.14069314,18.16289777,34.30359092
0.12500000,12.20798492,-2.70819040,14.91617532,18.16289777,33.07907309
0.12500000,13.98563385,-2.70819040,16.69382425,18.16289777,34.85672202
0.12500000,12.43019104,-2.70819040,15.13838144,18.16289777,33.30127921
0.12500000,15.23494720,-2.70819040,17.94313760,18.16289777,36.10603537
0.12500000,12.96234131,-2.70819040,15.67053171,18.16289777,33.83342948
0.12500000,13.20552826,-2.70819040,15.91371866,18.16289777,34.07661643
0.12500000,12.69245148,-2.70819040,15.40064188,18.16289777,33.56353965
0.12500000,12.24708557,-2.70819040,14.95527597,18.16289777,33.11817374
0.12500000,14.91737366,-2.70819040,17.62556406,18.16289777,35.78846183
0.12500000,13.35430145,-2.70819040,16.06249185,18.16289777,34.22538962
0.12500000,16.27445221,-2.70819040,18.98264261,18.16289777,37.14554038
0.12500000,13.56410980,-2.70819040,16.27230020,18.16289777,34.43519797
0.12500000,13.27228546,-2.70819040,15.98047586,18.16289777,34.14337363
0.12500000,14.14489746,-2.70819040,16.85308786,18.16289777,35.01598563
0.12500000,13.90743256,-2.70819040,16.61562295,18.16289777,34.77852073
0.12500000,10.69927216,-2.70819040,13.40746255,18.16289777,31.57036033
0.12500000,13.07487488,-2.70819040,15.78306528,18.16289777,33.94596305
0.12500000,13.18836212,-2.70819040,15.89655252,18.16289777,34.05945029
0.12500000,11.97624207,-2.70819040,14.68443246,18.16289777,32.84733024
0.12500000,12.96329498,-2.70819040,15.67148538,18.16289777,33.83438315
0.12500000,13.74912262,-2.70819040,16.45731302,18.16289777,34.62021079
0.15625000,15.54965973,-6.31694056,21.86660029,18.47345325,40.34005354
0.15625000,18.20087433,-6.31694056,24.51781489,18.47345325,42.99126813
0.15625000,18.20564270,-6.31694056,24.52258326,18.47345325,42.99603651
0.15625000,17.57335663,-6.31694056,23.89029719,18.47345325,42.36375043
0.15625000,15.32173157,-6.31694056,21.63867213,18.47345325,40.11212537
0.15625000,17.65537262,-6.31694056,23.97231318,18.47345325,42.44576643
0.15625000,14.72568512,-6.31694056,21.04262568,18.47345325,39.51607893
0.15625000,17.71831512,-6.31694056,24.03525569,18.47345325,42.50870893
0.15625000,16.37935638,-6.31694056,22.69629695,18.47345325,41.16975019
0.15625000,17.39788055,-6.31694056,23.71482112,18.47345325,42.18827436
0.15625000,16.06655121,-6.31694056,22.38349177,18.47345325,40.85694501
0.15625000,16.44706726,-6.31694056,22.76400782,18.47345325,41.23746107
0.15625000,15.93875885,-6.31694056,22.25569941,18.47345325,40.72915266
0.15625000,16.46995544,-6.31694056,22.78689601,18.47345325,41.26034925
0.15625000,19.74678040,-6.31694056,26.06372096,18.47345325,44.53717420
0.15625000,17.13657379,-6.31694056,23.45351435,18.47345325,41.92696760
0.15625000,13.93508911,-6.31694056,20.25202967,18.47345325,38.72548292
0.15625000,16.51382446,-6.31694056,22.83076502,18.47345325,41.30421827
0.15625000,15.81859589,-6.31694056,22.13553645,18.47345325,40.60898969
0.15625000,15.46764374,-6.31694056,21.78458430,18.47345325,40.25803754
0.15625000,17.45223999,-6.31694056,23.76918055,18.47345325,42.24263380
0.15625000,18.45073700,-6.31694056,24.76767756,18.47345325,43.24113081
0.15625000,19.86694336,-6.31694056,26.18388392,18.47345325,44.65733717
0.15625000,17.56763458,-6.31694056,23.88457514,18.47345325,42.35802839
0.15625000,18.14746857,-6.31694056,24.46440913,18.47345325,42.93786237
0.15625000,18.50509644,-6.31694056,24.82203700,18.47345325,43.29549024
0.15625000,18.23234558,-6.31694056,24.54928614,18.47345325,43.02273939
0.15625000,14.04857635,-6.31694056,20.36551692,18.47345325,38.83897016
0.15625000,17.01641083,-6.31694056,23.33335139,18.47345325,41.80680463
0.15625000,15.75279236,-6.31694056,22.06973292,18.47345325,40.54318616
0.15625000,16.34693146,-6.31694056,22.66387202,18.47345325,41.13732526
0.15625000,15.34175873,-6.31694056,21.65869929,18.47345325,40.13215253
0.15625000,18.44978333,-6.31694056,24.76672389,18.47345325,43.24017713
0.15625000,15.59543610,-6.31694056,21.91237666,18.47345325,40.38582990
0.15625000,15.71369171,-6.31694056,22.03063227,18.47345325,40.50408552
0.15625000,15.66886902,-6.31694056,21.98580958,18.47345325,40.45926282
0.15625000,17.33303070,-6.31694056,23.64997126,18.47345325,42.12342451
0.15625000,17.45986938,-6.31694056,23.77680995,18.47345325,42.25026319
0.15625000,17.11559296,-6.31694056,23.43253352,18.47345325,41.90598676
0.15625000,17.71736145,-6.31694056,24.03430201,18.47345325,42.50775526
0.15625000,15.83480835,-6.31694056,22.15174891,18.47345325,40.62520216
0.15625000,17.29297638,-6.31694056,23.60991694,18.47345325,42.08337019
0.15625000,15.79475403,-6.31694056,22.11169459,18.47345325,40.58514783
0.15625000,16.85810089,-6.31694056,23.17504145,18.47345325,41.64849470
0.15625000,16.79611206,-6.31694056,23.11305262,18.47345325,41.58650587
0.15625000,15.65551758,-6.31694056,21.97245814,18.47345325,40.44591138
0.15625000,14.73808289,-6.31694056,21.05502345,18.47345325,39.52847669
0.15625000,15.48290253,-6.31694056,21.79984309,18.47345325,40.27329633
0.15625000,15.94448090,-6.31694056,22.26142146,18.47345325,40.73487470
0.15625000,15.93208313,-6.31694056,22.24902369,18.47345325,40.72247694
0.15625000,17.61436462,-6.31694056,23.93130518,18.47345325,42.40475843
0.15625000,18.36013794,-6.31694056,24.67707850,18.47345325,43.15053175
0.15625000,18.32866669,-6.31694056,24.64560725,18.47345325,43.11906049
0.15625000,18.41545105,-6.31694056,24.73239161,18.47345325,43.20584486
0.15625000,16.44134521,-6.31694056,22.75828578,18.47345325,41.23173902
0.15625000,15.57826996,-6.31694056,21.89521052,18.47345325,40.36866376
0.15625000,14.46151733,-6.31694056,20.77845789,18.47345325,39.25191114
0.15625000,19.01912689,-6.31694056,25.33606745,18.47345325,43.80952070
0.15625000,18.17321777,-6.31694056,24.49015833,18.47345325,42.96361158
0.15625000,18.22757721,-6.31694056,24.54451777,18.47345325,43.01797102
0.15625000,15.83194733,-6.31694056,22.14888789,18.47345325,40.62234113
0.15625000,16.56436920,-6.31694056,22.88130976,18.47345325,41.35476301
0.15625000,15.24257660,-6.31694056,21.55951716,18.47345325,40.03297041
0.15625000,16.75319672,-6.31694056,23.07013728,18.47345325,41.54359052
0.15625000,16.59202576,-6.31694056,22.90896632,18.47345325,41.38241956
0.15625000,19.66953278,-6.31694056,25.98647334,18.47345325,44.45992658
0.15625000,19.14596558,-6.31694056,25.46290614,18.47345325,43.93635938
0.15625000,19.11640167,-6.31694056,25.43334223,18.47345325,43.90679548
0.15625000,20.21694183,-6.31694056,26.53388239,18.47345325,45.00733564
0.15625000,18.03398132,-6.31694056,24.35092188,18.47345325,42.82437513
0.15625000,17.38071442,-6.31694056,23.69765498,18.47345325,42.17110822
0.15625000,17.82798767,-6.31694056,24.14492823,18.47345325,42.61838148
0.15625000,18.88465881,-6.31694056,25.20159937,18.47345325,43.67505262
0.15625000,18.37158203,-6.31694056,24.68852259,18.47345325,43.16197584
0.15625000,18.88847351,-6.31694056,25.20541407,18.47345325,43.67886732
0.15625000,18.15700531,-6.31694056,24.47394587,18.47345325,42.94739912
0.15625000,13.08059692,-6.31694056,19.39753748,18.47345325,37.87099073
0.15625000,17.73357391,-6.31694056,24.05051447,18.47345325,42.52396772
0.15625000,16.43085480,-6.31694056,22.74779536,18.47345325,41.22124860
0.15625000,17.51232147,-6.31694056,23.82926203,18.47345325,42.30271528
0.18750000,21.34990692,-9.92569072,31.27559765,18.78400872,50.05960636
0.18750000,17.95768738,-9.92569072,27.88337810,18.78400872,46.66738682
0.18750000,19.53029633,-9.92569072,29.45598705,18.78400872,48.23999577
0.18750000,17.64011383,-9.92569072,27.56580455,18.78400872,46.34981327
0.18750000,17.92430878,-9.92569072,27.84999950,18.78400872,46.63400822
0.18750000,17.13752747,-9.92569072,27.06321819,18.78400872,45.84722691
0.18750000,17.16995239,-9.92569072,27.09564312,18.78400872,45.87965184
0.18750000,17.56572723,-9.92569072,27.49141796,18.78400872,46.27542668
0.18750000,20.22361755,-9.92569072,30.14930828,18.78400872,48.93331700
0.18750000,17.84801483,-9.92569072,27.77370556,18.78400872,46.55771427
0.18750000,16.55673981,-9.92569072,26.48243053,18.78400872,45.26643925
0.18750000,18.26381683,-9.92569072,28.18950756,18.78400872,46.97351628
0.18750000,20.15209198,-9.92569072,30.07778270,18.78400872,48.86179142
0.18750000,20.96652985,-9.92569072,30.89222057,18.78400872,49.67622929
0.18750000,19.54364777,-9.92569072,29.46933849,18.78400872,48.25334721
0.18750000,20.74909210,-9.92569072,30.67478283,18.78400872,49.45879155
0.18750000,20.00331879,-9.92569072,29.92900951,18.78400872,48.71301823
0.18750000,18.10359955,-9.92569072,28.02929027,18.78400872,46.81329899
0.18750000,21.83914185,-9.92569072,31.76483257,18.78400872,50.54884129
0.18750000,21.07906342,-9.92569072,31.00475414,18.78400872,49.78876286
0.18750000,16.58535004,-9.92569072,26.51104076,18.78400872,45.29504948
0.18750000,17.22621918,-9.92569072,27.15190990,18.78400872,45.93591862
0.18750000,18.60046387,-9.92569072,28.52615459,18.78400872,47.31016331
0.18750000,20.75386047,-9.92569072,30.67955120,18.78400872,49.46355992
0.18750000,20.21884918,-9.92569072,30.14453991,18.78400872,48.92854863
0.18750000,19.69432831,-9.92569072,29.62001903,18.78400872,48.40402775
0.18750000,21.72756195,-9.92569072,31.65325267,18.78400872,50.43726139
0.18750000,15.06614685,-9.92569072,24.99183757,18.78400872,43.77584629
0.18750000,20.14541626,-9.92569072,30.07110698,18.78400872,48.85511570
0.18750000,19.67525482,-9.92569072,29.60094555,18.78400872,48.38495426
0.18750000,17.95196533,-9.92569072,27.87765606,18.78400872,46.66166478
0.18750000,19.68669891,-9.92569072,29.61238964,18.78400872,48.39639836
0.18750000,19.34051514,-9.92569072,29.26620586,18.78400872,48.05021458
0.18750000,21.66652679,-9.92569072,31.59221752,18.78400872,50.37622624
0.18750000,17.96531677,-9.92569072,27.89100750,18.78400872,46.67501622
0.18750000,19.03533936,-9.92569072,28.96103008,18.78400872,47.74503880
0.18750000,19.90127563,-9.92569072,29.82696636,18.78400872,48.61097508
0.18750000,20.05195618,-9.92569072,29.97764690,18.78400872,48.76165562
0.18750000,22.94063568,-9.92569072,32.86632640,18.78400872,51.65033512
0.18750000,18.43070984,-9.92569072,28.35640056,18.78400872,47.14040928
0.18750000,21.56925201,-9.92569072,31.49494274,18.78400872,50.27895146
0.18750000,17.98915863,-9.92569072,27.91484935,18.78400872,46.69885807
0.18750000,19.40727234,-9.92569072,29.33296306,18.78400872,48.11697178
0.18750000,19.37675476,-9.92569072,29.30244548,18.78400872,48.08645420
0.18750000,16.98493958,-9.92569072,26.91063030,18.78400872,45.69463902
0.18750000,19.48833466,-9.92569072,29.41402538,18.78400872,48.19803410
0.18750000,21.45385742,-9.92569072,31.37954815,18.78400872,50.16355687
0.18750000,17.67539978,-9.92569072,27.60109050,18.78400872,46.38509922
0.18750000,19.51694489,-9.92569072,29.44263561,18.78400872,48.22664433
0.18750000,18.79405975,-9.92569072,28.71975048,18.78400872,47.50375920
0.18750000,21.83818817,-9.92569072,31.76387890,18.78400872,50.54788761
0.18750000,21.52252197,-9.92569072,31.44821270,18.78400872,50.23222142
0.18750000,15.87772369,-9.92569072,25.80341442,18.78400872,44.58742314
0.18750000,20.24173737,-9.92569072,30.16742809,18.78400872,48.95143681
0.18750000,19.76680756,-9.92569072,29.69249828,18.78400872,48.47650700
0.18750000,20.15590668,-9.92569072,30.08159740,18.78400872,48.86560612
0.18750000,19.43302155,-9.92569072,29.35871227,18.78400872,48.14272099
0.18750000,18.64242554,-9.92569072,28.56811626,18.78400872,47.35212498
0.18750000,16.61968231,-9.92569072,26.54537304,18.78400872,45.32938176
0.18750000,16.35265350,-9.92569072,26.27834423,18.78400872,45.06235295
0.18750000,22.41134644,-9.92569072,32.33703716,18.78400872,51.12104588
0.18750000,20.20740509,-9.92569072,30.13309581,18.78400872,48.91710453
0.18750000,20.05004883,-9.92569072,29.97573955,18.78400872,48.75974827
0.18750000,18.75400543,-9.92569072,28.67969616,18.78400872,47.46370488
0.18750000,19.31571960,-9.92569072,29.24141033,18.78400872,48.02541905
0.18750000,19.55318451,-9.92569072,29.47887523,18.78400872,48.26288395
0.18750000,19.42253113,-9.92569072,29.34822185,18.78400872,48.13223057
0.18750000,19.35195923,-9.92569072,29.27764995,18.78400872,48.06165867
0.18750000,19.27375793,-9.92569072,29.19944866,18.78400872,47.98345738
0.18750000,20.53928375,-9.92569072,30.46497448,18.78400872,49.24898320
0.18750000,17.39311218,-9.92569072,27.31880291,18.78400872,46.10281163
0.18750000,18.35632324,-9.92569072,28.28201397,18.78400872,47.06602269
0.18750000,17.95864105,-9.92569072,27.88433178,18.78400872,46.66834050
0.18750000,18.24188232,-9.92569072,28.16757305,18.78400872,46.95158177
0.18750000,17.58480072,-9.92569072,27.51049144,18.78400872,46.29450016
0.18750000,19.27566528,-9.92569072,29.20135601,18.78400872,47.98536473
0.18750000,20.70236206,-9.92569072,30.62805278,18.78400872,49.41206150
0.18750000,20.48873901,-9.92569072,30.41442974,18.78400872,49.19843846
0.18750000,19.55699921,-9.92569072,29.48268993,18.78400872,48.26669865
0.18750000,16.96681976,-9.92569072,26.89251049,18.78400872,45.67651921
0.21875000,20.99514008,-13.53444089,34.52958096,19.09456419,53.62414516
0.21875000,17.58766174,-13.53444089,31.12210263,19.09456419,50.21666682
0.21875000,22.95494080,-13.53444089,36.48938168,19.09456419,55.58394588
0.21875000,20.52593231,-13.53444089,34.06037320,19.09456419,53.15493739
0.21875000,21.42810822,-13.53444089,34.96254910,19.09456419,54.05711330
0.21875000,21.36135101,-13.53444089,34.89579190,19.09456419,53.99035609
0.21875000,21.60072327,-13.53444089,35.13516415,19.09456419,54.22972835
0.21875000,20.10917664,-13.53444089,33.64361752,19.09456419,52.73818172
0.21875000,21.14486694,-13.53444089,34.67930783,19.09456419,53.77387202
0.21875000,20.94554901,-13.53444089,34.47998990,19.09456419,53.57455409
0.21875000,19.18888092,-13.53444089,32.72332181,19.09456419,51.81788600
0.21875000,20.84636688,-13.53444089,34.38080777,19.09456419,53.47537196
0.21875000,20.67279816,-13.53444089,34.20723904,19.09456419,53.30180324
0.21875000,21.16298676,-13.53444089,34.69742764,19.09456419,53.79199184
0.21875000,22.86529541,-13.53444089,36.39973630,19.09456419,55.49430049
0.21875000,24.93762970,-13.53444089,38.47207059,19.09456419,57.56663478
0.21875000,21.42715454,-13.53444089,34.96159543,19.09456419,54.05615962
0.21875000,20.17784119,-13.53444089,33.71228207,19.09456419,52.80684627
0.21875000,21.28791809,-13.53444089,34.82235898,19.09456419,53.91692317
0.21875000,22.19963074,-13.53444089,35.73407162,19.09456419,54.82863582
0.21875000,22.91774750,-13.53444089,36.45218838,19.09456419,55.54675258
0.21875000,19.03820038,-13.53444089,32.57264126,19.09456419,51.66720546
0.21875000,17.68589020,-13.53444089,31.22033108,19.09456419,50.31489528
0.21875000,20.69377899,-13.53444089,34.22821988,19.09456419,53.32278407
0.21875000,19.81163025,-13.53444089,33.34607114,19.09456419,52.44063533
0.21875000,20.64514160,-13.53444089,34.17958249,19.09456419,53.27414668
0.21875000,17.83180237,-13.53444089,31.36624325,19.09456419,50.46080745
0.21875000,22.57061005,-13.53444089,36.10505093,19.09456419,55.19961513
0.21875000,19.24705505,-13.53444089,32.78149594,19.09456419,51.87606013
0.21875000,19.12689209,-13.53444089,32.66133298,19.09456419,51.75589717
0.21875000,17.23957062,-13.53444089,30.77401150,19.09456419,49.86857570
0.21875000,18.96190643,-13.53444089,32.49634732,19.09456419,51.59091151
0.21875000,21.34418488,-13.53444089,34.87862576,19.09456419,53.97318996
0.21875000,19.31858063,-13.53444089,32.85302151,19.09456419,51.94758571
0.21875000,22.45903015,-13.53444089,35.99347104,19.09456419,55.08803523
0.21875000,21.88014984,-13.53444089,35.41459073,19.09456419,54.50915492
0.21875000,21.03900909,-13.53444089,34.57344998,19.09456419,53.66801417
0.21875000,21.82388306,-13.53444089,35.35832394,19.09456419,54.45288814
0.21875000,20.54786682,-13.53444089,34.08230771,19.09456419,53.17687190
0.21875000,20.68233490,-13.53444089,34.21677579,19.09456419,53.31133998
0.21875000,21.12865448,-13.53444089,34.66309537,19.09456419,53.75765956
0.21875000,20.04623413,-13.53444089,33.58067502,19.09456419,52.67523921
0.21875000,18.94950867,-13.53444089,32.48394955,19.09456419,51.57851375
0.21875000,20.96366882,-13.53444089,34.49810971,19.09456419,53.59267390
0.21875000,18.95523071,-13.53444089,32.48967160,19.09456419,51.58423579
0.21875000,18.24855804,-13.53444089,31.78299893,19.09456419,50.87756312
0.21875000,20.78533173,-13.53444089,34.31977261,19.09456419,53.41433681
0.21875000,19.91176605,-13.53444089,33.44620694,19.09456419,52.54077113
0.21875000,23.76079559,-13.53444089,37.29523648,19.09456419,56.38980067
0.21875000,20.19405365,-13.53444089,33.72849454,19.09456419,52.82305873
0.21875000,19.31381226,-13.53444089,32.84825314,19.09456419,51.94281734
0.21875000,19.49501038,-13.53444089,33.02945126,19.09456419,52.12401546
0.21875000,20.90549469,-13.53444089,34.43993558,19.09456419,53.53449977
0.21875000,20.10726929,-13.53444089,33.64171017,19.09456419,52.73627437
0.21875000,20.38097382,-13.53444089,33.91541470,19.09456419,53.00997890
0.21875000,20.96557617,-13.53444089,34.50001706,19.09456419,53.59458125
0.21875000,19.38247681,-13.53444089,32.91691769,19.09456419,52.01148189
0.21875000,24.67727661,-13.53444089,38.21171750,19.09456419,57.30628169
0.21875000,22.93109894,-13.53444089,36.46553982,19.09456419,55.56010402
0.21875000,22.56393433,-13.53444089,36.09837521,19.09456419,55.19293941
0.21875000,18.36967468,-13.53444089,31.90411557,19.09456419,50.99867976
0.21875000,19.64950562,-13.53444089,33.18394650,19.09456419,52.27851070
0.21875000,17.83084869,-13.53444089,31.36528958,19.09456419,50.45985377
0.21875000,22.55058289,-13.53444089,36.08502377,19.09456419,55.17958797
0.21875000,20.16067505,-13.53444089,33.69511594,19.09456419,52.78968013
0.21875000,17.75646210,-13.53444089,31.29090298,19.09456419,50.38546718
0.21875000,20.47729492,-13.53444089,34.01173581,19.09456419,53.10630000
0.21875000,20.27034760,-13.53444089,33.80478848,19.09456419,52.89935268
0.21875000,21.21067047,-13.53444089,34.74511136,19.09456419,53.83967555
0.21875000,20.33138275,-13.53444089,33.86582364,19.09456419,52.96038783
0.21875000,17.96722412,-13.53444089,31.50166501,19.09456419,50.59622920
0.21875000,20.10345459,-13.53444089,33.63789548,19.09456419,52.73245967
0.21875000,20.00617981,-13.53444089,33.54062070,19.09456419,52.63518489
0.21875000,21.42429352,-13.53444089,34.95873440,19.09456419,54.05329860
0.21875000,21.37374878,-13.53444089,34.90818967,19.09456419,54.00275386
0.21875000,21.73137665,-13.53444089,35.26581753,19.09456419,54.36038173
0.21875000,21.46816254,-13.53444089,35.00260342,19.09456419,54.09716762
0.21875000,20.90930939,-13.53444089,34.44375027,19.09456419,53.53831447
0.21875000,25.58326721,-13.53444089,39.11770810,19.09456419,58.21227229
0.21875000,18.41354370,-13.53444089,31.94798459,19.09456419,51.04254878
0.25000000,19.08302307,-17.14319105,36.22621412,19.40511967,55.63133379
0.25000000,19.92511749,-17.14319105,37.06830854,19.40511967,56.47342821
0.25000000,23.51570129,-17.14319105,40.65889234,19.40511967,60.06401201
0.25000000,21.73995972,-17.14319105,38.88315077,19.40511967,58.28827043
0.25000000,20.98083496,-17.14319105,38.12402601,19.40511967,57.52914568
0.25000000,21.45767212,-17.14319105,38.60086317,19.40511967,58.00598284
0.25000000,18.08643341,-17.14319105,35.22962446,19.40511967,54.63474413
0.25000000,22.72510529,-17.14319105,39.86829633,19.40511967,59.27341600
0.25000000,22.09091187,-17.14319105,39.23410291,19.40511967,58.63922258
0.25000000,19.27089691,-17.14319105,36.41408796,19.40511967,55.81920763
0.25000000,20.06816864,-17.14319105,37.21135969,19.40511967,56.61647936
0.25000000,20.82538605,-17.14319105,37.96857710,19.40511967,57.37369676
0.25000000,21.46530151,-17.14319105,38.60849256,19.40511967,58.01361223
0.25000000,18.87321472,-17.14319105,36.01640577,19.40511967,55.42152544
0.25000000,23.07033539,-17.14319105,40.21352644,19.40511967,59.61864610
0.25000000,18.11408997,-17.14319105,35.25728102,19.40511967,54.66240068
0.25000000,21.08669281,-17.14319105,38.22988386,19.40511967,57.63500353
0.25000000,22.03750610,-17.14319105,39.18069715,19.40511967,58.58581682
0.25000000,20.89405060,-17.14319105,38.03724165,19.40511967,57.44236131
0.25000000,19.62280273,-17.14319105,36.76599378,19.40511967,56.17111345
0.25000000,21.02470398,-17.14319105,38.16789503,19.40511967,57.57301470
0.25000000,19.95658875,-17.14319105,37.09977979,19.40511967,56.50489946
0.25000000,21.55685425,-17.14319105,38.70004530,19.40511967,58.10516496
0.25000000,21.39186859,-17.14319105,38.53505964,19.40511967,57.94017931
0.25000000,20.49255371,-17.14319105,37.63574476,19.40511967,57.04086443
0.25000000,19.12117004,-17.14319105,36.26436109,19.40511967,55.66948076
0.25000000,20.90835571,-17.14319105,38.05154676,19.40511967,57.45666643
0.25000000,22.31025696,-17.14319105,39.45344801,19.40511967,58.85856767
0.25000000,20.25222778,-17.14319105,37.39541883,19.40511967,56.80053850
0.25000000,20.87688446,-17.14319105,38.02007551,19.40511967,57.42519518
0.25000000,20.31421661,-17.14319105,37.45740766,19.40511967,56.86252733
0.25000000,20.14255524,-17.14319105,37.28574629,19.40511967,56.69086595
0.25000000,20.19691467,-17.14319105,37.34010572,19.40511967,56.74522539
0.25000000,21.84391022,-17.14319105,38.98710127,19.40511967,58.39222093
0.25000000,20.30658722,-17.14319105,37.44977827,19.40511967,56.85489794
0.25000000,19.76203918,-17.14319105,36.90523023,19.40511967,56.31034990
0.25000000,21.92020416,-17.14319105,39.06339521,19.40511967,58.46851488
0.25000000,22.02224731,-17.14319105,39.16543836,19.40511967,58.57055803
0.25000000,20.87306976,-17.14319105,38.01626081,19.40511967,57.42138048
0.25000000,19.32144165,-17.14319105,36.46463270,19.40511967,55.86975237
0.25000000,16.69788361,-17.14319105,33.84107466,19.40511967,53.24619432
0.25000000,21.24023438,-17.14319105,38.38342542,19.40511967,57.78854509
0.25000000,21.87919617,-17.14319105,39.02238722,19.40511967,58.42750688
0.25000000,18.54515076,-17.14319105,35.68834181,19.40511967,55.09346147
0.25000000,20.05767822,-17.14319105,37.20086927,19.40511967,56.60598894
0.25000000,21.26789093,-17.14319105,38.41108198,19.40511967,57.81620165
0.25000000,23.28968048,-17.14319105,40.43287153,19.40511967,59.83799120
0.25000000,20.84636688,-17.14319105,37.98955793,19.40511967,57.39467760
0.25000000,19.43778992,-17.14319105,36.58098097,19.40511967,55.98610063
0.25000000,23.01883698,-17.14319105,40.16202802,19.40511967,59.56714769
0.25000000,21.87156677,-17.14319105,39.01475782,19.40511967,58.41987749
0.25000000,19.60277557,-17.14319105,36.74596662,19.40511967,56.15108629
0.25000000,19.69051361,-17.14319105,36.83370466,19.40511967,56.23882433
0.25000000,18.16654205,-17.14319105,35.30973310,19.40511967,54.71485277
0.25000000,17.41790771,-17.14319105,34.56109876,19.40511967,53.96621843
0.25000000,20.91312408,-17.14319105,38.05631513,19.40511967,57.46143480
0.25000000,19.74868774,-17.14319105,36.89187879,19.40511967,56.29699846
0.25000000,20.51448822,-17.14319105,37.65767927,19.40511967,57.06279894
0.25000000,22.37033844,-17.14319105,39.51352949,19.40511967,58.91864916
0.25000000,23.96678925,-17.14319105,41.10998029,19.40511967,60.51509996
0.25000000,18.87798309,-17.14319105,36.02117414,19.40511967,55.42629381
0.25000000,22.39227295,-17.14319105,39.53546400,19.40511967,58.94058367
0.25000000,18.31150055,-17.14319105,35.45469160,19.40511967,54.85981127
0.25000000,22.11380005,-17.14319105,39.25699110,19.40511967,58.66211077
0.25000000,19.17171478,-17.14319105,36.31490583,19.40511967,55.72002550
0.25000000,21.97742462,-17.14319105,39.12061567,19.40511967,58.52573534
0.25000000,18.88084412,-17.14319105,36.02403517,19.40511967,55.42915483
0.25000000,21.12674713,-17.14319105,38.26993818,19.40511967,57.67505785
0.25000000,23.94390106,-17.14319105,41.08709211,19.40511967,60.49221178
0.25000000,21.47674561,-17.14319105,38.61993665,19.40511967,58.02505632
0.25000000,19.40631866,-17.14319105,36.54950971,19.40511967,55.95462938
0.25000000,20.44296265,-17.14319105,37.58615370,19.40511967,56.99127336
0.28125000,23.65255356,-20.75194121,44.40449477,19.71567514,64.12016991
0.28125000,21.34561539,-20.75194121,42.09755660,19.71567514,61.81323174
0.28125000,18.41878891,-20.75194121,39.17073012,19.71567514,58.88640526
0.28125000,23.57530594,-20.75194121,44.32724715,19.71567514,64.04292229
0.28125000,21.60024643,-20.75194121,42.35218764,19.71567514,62.06786278
0.28125000,21.70991898,-20.75194121,42.46186019,19.71567514,62.17753533
0.28125000,19.86455917,-20.75194121,40.61650039,19.71567514,60.33217553
0.28125000,19.23227310,-20.75194121,39.98421431,19.71567514,59.69988946
0.28125000,21.82626724,-20.75194121,42.57820845,19.71567514,62.29388360
0.28125000,18.80502701,-20.75194121,39.55696822,19.71567514,59.27264336
0.28125000,20.66850662,-20.75194121,41.42044783,19.71567514,61.13612298
0.28125000,20.13254166,-20.75194121,40.88448287,19.71567514,60.60015801
0.28125000,22.40896225,-20.75194121,43.16090346,19.71567514,62.87657860
0.28125000,20.08581161,-20.75194121,40.83775283,19.71567514,60.55342797
0.28125000,22.30215073,-20.75194121,43.05409194,19.71567514,62.76976708
0.28125000,21.36945724,-20.75194121,42.12139846,19.71567514,61.83707360
0.28125000,21.95596695,-20.75194121,42.70790816,19.71567514,62.42358330
0.28125000,20.71619034,-20.75194121,41.46813155,19.71567514,61.18380669
0.28125000,22.36509323,-20.75194121,43.11703444,19.71567514,62.83270958
0.28125000,18.31865311,-20.75194121,39.07059432,19.71567514,58.78626946
0.28125000,23.08511734,-20.75194121,43.83705855,19.71567514,63.55273369
0.28125000,23.94914627,-20.75194121,44.70108748,19.71567514,64.41676262
0.28125000,21.30937576,-20.75194121,42.06131698,19.71567514,61.77699212
0.28125000,19.49167252,-20.75194121,40.24361373,19.71567514,59.95928887
0.28125000,21.02136612,-20.75194121,41.77330733,19.71567514,61.48898247
0.28125000,22.22013474,-20.75194121,42.97207595,19.71567514,62.68775109
0.28125000,20.07532120,-20.75194121,40.82726241,19.71567514,60.54293755
0.28125000,20.35665512,-20.75194121,41.10859633,19.71567514,60.82427147
0.28125000,19.45638657,-20.75194121,40.20832778,19.71567514,59.92400292
0.28125000,16.24631882,-20.75194121,36.99826003,19.71567514,56.71393517
0.28125000,20.17545700,-20.75194121,40.92739821,19.71567514,60.64307335
0.28125000,24.14751053,-20.75194121,44.89945174,19.71567514,64.61512688
0.28125000,20.07818222,-20.75194121,40.83012343,19.71567514,60.54579857
0.28125000,19.74248886,-20.75194121,40.49443007,19.71567514,60.21010521
0.28125000,20.88403702,-20.75194121,41.63597823,19.71567514,61.35165337
0.28125000,21.72517776,-20.75194121,42.47711898,19.71567514,62.19279412
0.28125000,22.31836319,-20.75194121,43.07030440,19.71567514,62.78597954
0.28125000,25.76398849,-20.75194121,46.51592971,19.71567514,66.23160485
0.28125000,20.22409439,-20.75194121,40.97603560,19.71567514,60.69171074
0.28125000,19.46210861,-20.75194121,40.21404982,19.71567514,59.92972497
0.28125000,19.64521408,-20.75194121,40.39715529,19.71567514,60.11283043
0.28125000,20.47109604,-20.75194121,41.22303725,19.71567514,60.93871239
0.28125000,23.30923080,-20.75194121,44.06117202,19.71567514,63.77684716
0.28125000,21.36659622,-20.75194121,42.11853743,19.71567514,61.83421258
0.28125000,19.29426193,-20.75194121,40.04620314,19.71567514,59.76187829
0.28125000,21.17776871,-20.75194121,41.92970992,19.71567514,61.64538506
0.28125000,22.84383774,-20.75194121,43.59577895,19.71567514,63.31145409
0.28125000,15.77711105,-20.75194121,36.52905227,19.71567514,56.24472741
0.28125000,18.70679855,-20.75194121,39.45873977,19.71567514,59.17441491
0.28125000,20.95365524,-20.75194121,41.70559646,19.71567514,61.42127160
0.28125000,19.66238022,-20.75194121,40.41432143,19.71567514,60.12999657
0.28125000,19.11497116,-20.75194121,39.86691237,19.71567514,59.58258751
0.28125000,18.62192154,-20.75194121,39.37386275,19.71567514,59.08953789
0.28125000,24.27434921,-20.75194121,45.02629042,19.71567514,64.74196557
0.28125000,20.25461197,-20.75194121,41.00655318,19.71567514,60.72222832
0.28125000,19.21606064,-20.75194121,39.96800185,19.71567514,59.68367699
0.28125000,21.46291733,-20.75194121,42.21485854,19.71567514,61.93053368
0.28125000,15.53201675,-20.75194121,36.28395797,19.71567514,55.99963311
0.28125000,21.95119858,-20.75194121,42.70313979,19.71567514,62.41881493
0.28125000,20.88308334,-20.75194121,41.63502456,19.71567514,61.35069970
0.28125000,23.42653275,-20.75194121,44.17847396,19.71567514,63.89414910
0.28125000,19.30379868,-20.75194121,40.05573989,19.71567514,59.77141503
0.28125000,22.10092545,-20.75194121,42.85286666,19.71567514,62.56854180
0.28125000,20.43771744,-20.75194121,41.18965865,19.71567514,60.90533379
0.28125000,18.65148544,-20.75194121,39.40342666,19.71567514,59.11910180
0.28125000,20.72477341,-20.75194121,41.47671462,19.71567514,61.19238976
0.28125000,18.58282089,-20.75194121,39.33476210,19.71567514,59.05043725
0.28125000,18.31579208,-20.75194121,39.06773330,19.71567514,58.78340844
0.28125000,20.02763748,-20.75194121,40.77957869,19.71567514,60.49525384
0.28125000,21.09956741,-20.75194121,41.85150863,19.71567514,61.56718377
0.28125000,21.05283737,-20.75194121,41.80477858,19.71567514,61.52045373
0.28125000,19.69194412,-20.75194121,40.44388533,19.71567514,60.15956048
0.28125000,22.36318588,-20.75194121,43.11512709,19.71567514,62.83080224
0.31250000,21.97074890,-24.36069137,46.33144028,20.02623062,66.35767089
0.31250000,17.83752441,-24.36069137,42.19821579,20.02623062,62.22444640
0.31250000,16.50142670,-24.36069137,40.86211807,20.02623062,60.88834869
0.31250000,20.11203766,-24.36069137,44.47272903,20.02623062,64.49895965
0.31250000,20.03955841,-24.36069137,44.40024979,20.02623062,64.42648040
0.31250000,20.08342743,-24.36069137,44.44411880,20.02623062,64.47034942
0.31250000,17.72117615,-24.36069137,42.08186752,20.02623062,62.10809814
0.31250000,22.83763885,-24.36069137,47.19833023,20.02623062,67.22456085
0.31250000,20.94936371,-24.36069137,45.31005508,20.02623062,65.33628570
0.31250000,22.76706696,-24.36069137,47.12775833,20.02623062,67.15398895
0.31250000,19.54174042,-24.36069137,43.90243179,20.02623062,63.92866241
0.31250000,22.43614197,-24.36069137,46.79683334,20.02623062,66.82306396
0.31250000,19.72198486,-24.36069137,44.08267624,20.02623062,64.10890685
0.31250000,20.56884766,-24.36069137,44.92953903,20.02623062,64.95576965
0.31250000,22.39990234,-24.36069137,46.76059372,20.02623062,66.78682433
0.31250000,21.52252197,-24.36069137,45.88321335,20.02623062,65.90944396
0.31250000,18.60332489,-24.36069137,42.96401627,20.02623062,62.99024688
0.31250000,21.04377747,-24.36069137,45.40446884,20.02623062,65.43069946
0.31250000,23.07891846,-24.36069137,47.43960983,20.02623062,67.46584045
0.31250000,21.99554443,-24.36069137,46.35623581,20.02623062,66.38246642
0.31250000,20.03669739,-24.36069137,44.39738876,20.02623062,64.42361938
0.31250000,21.49009705,-24.36069137,45.85078842,20.02623062,65.87701904
0.31250000,21.19922638,-24.36069137,45.55991775,20.02623062,65.58614837
0.31250000,18.25237274,-24.36069137,42.61306412,20.02623062,62.63929473
0.31250000,15.47718048,-24.36069137,39.83787186,20.02623062,59.86410247
0.31250000,21.42238617,-24.36069137,45.78307754,20.02623062,65.80930816
0.31250000,20.88928223,-24.36069137,45.24997360,20.02623062,65.27620422
0.31250000,21.08669281,-24.36069137,45.44738419,20.02623062,65.47361480
0.31250000,18.63670349,-24.36069137,42.99739487,20.02623062,63.02362548
0.31250000,18.86177063,-24.36069137,43.22246200,20.02623062,63.24869262
0.31250000,19.19078827,-24.36069137,43.55147964,20.02623062,63.57771026
0.31250000,20.43914795,-24.36069137,44.79983932,20.02623062,64.82606994
0.31250000,26.05819702,-24.36069137,50.41888840,20.02623062,70.44511901
0.31250000,20.90167999,-24.36069137,45.26237137,20.02623062,65.28860198
0.31250000,19.82116699,-24.36069137,44.18185837,20.02623062,64.20808898
0.31250000,19.98519897,-24.36069137,44.34589035,20.02623062,64.37212096
0.31250000,21.83341980,-24.36069137,46.19411117,20.02623062,66.22034179
0.31250000,19.33860779,-24.36069137,43.69929916,20.02623062,63.72552978
0.31250000,24.70302582,-24.36069137,49.06371719,20.02623062,69.08994781
0.31250000,24.99771118,-24.36069137,49.35840256,20.02623062,69.38463317
0.31250000,19.93846893,-24.36069137,44.29916031,20.02623062,64.32539092
0.31250000,23.42510223,-24.36069137,47.78579361,20.02623062,67.81202422
0.31250000,20.76053619,-24.36069137,45.12122757,20.02623062,65.14745818
0.31250000,19.52552795,-24.36069137,43.88621933,20.02623062,63.91244994
0.31250000,15.84815979,-24.36069137,40.20885116,20.02623062,60.23508178
0.31250000,20.02143860,-24.36069137,44.38212997,20.02623062,64.40836059
0.31250000,15.11859894,-24.36069137,39.47929031,20.02623062,59.50552093
0.31250000,17.70401001,-24.36069137,42.06470138,20.02623062,62.09093200
0.31250000,18.42975616,-24.36069137,42.79044754,20.02623062,62.81667815
0.31250000,19.75059509,-24.36069137,44.11128647,20.02623062,64.13751708
0.31250000,20.40290833,-24.36069137,44.76359970,20.02623062,64.78983032
0.31250000,21.20494843,-24.36069137,45.56563980,20.02623062,65.59187042
0.31250000,20.75004578,-24.36069137,45.11073715,20.02623062,65.13696777
0.31250000,24.15084839,-24.36069137,48.51153976,20.02623062,68.53777038
0.31250000,18.60332489,-24.36069137,42.96401627,20.02623062,62.99024688
0.31250000,17.97389984,-24.36069137,42.33459122,20.02623062,62.36082183
0.31250000,20.57838440,-24.36069137,44.93907577,20.02623062,64.96530639
0.31250000,20.66516876,-24.36069137,45.02586014,20.02623062,65.05209075
0.31250000,25.83789825,-24.36069137,50.19858963,20.02623062,70.22482024
0.31250000,21.81053162,-24.36069137,46.17122299,20.02623062,66.19745361
0.31250000,21.06380463,-24.36069137,45.42449600,20.02623062,65.45072662
0.31250000,18.14270020,-24.36069137,42.50339157,20.02623062,62.52962219
0.31250000,18.99623871,-24.36069137,43.35693008,20.02623062,63.38316070
0.31250000,15.10524750,-24.36069137,39.46593887,20.02623062,59.49216949
0.31250000,22.46093750,-24.36069137,46.82162887,20.02623062,66.84785949
0.31250000,17.33684540,-24.36069137,41.69753677,20.02623062,61.72376739
0.31250000,17.76313782,-24.36069137,42.12382919,20.02623062,62.15005981
0.31250000,16.96395874,-24.36069137,41.32465012,20.02623062,61.35088073
0.31250000,19.55795288,-24.36069137,43.91864426,20.02623062,63.94487487
0.31250000,19.80018616,-24.36069137,44.16087753,20.02623062,64.18710815
0.31250000,19.54650879,-24.36069137,43.90720016,20.02623062,63.93343078
0.31250000,20.16162872,-24.36069137,44.52232010,20.02623062,64.54855071
0.31250000,19.44160461,-24.36069137,43.80229599,20.02623062,63.82852660
0.31250000,19.74201202,-24.36069137,44.10270340,20.02623062,64.12893401
0.31250000,17.59529114,-24.36069137,41.95598251,20.02623062,61.98221313
0.31250000,19.70100403,-24.36069137,44.06169540,20.02623062,64.08792602
0.31250000,20.33710480,-24.36069137,44.69779617,20.02623062,64.72402679
0.34375000,20.38574219,-27.96944154,48.35518373,20.33678609,68.69196981
0.34375000,16.75796509,-27.96944154,44.72740663,20.33678609,65.06419271
0.34375000,20.94459534,-27.96944154,48.91403687,20.33678609,69.25082296
0.34375000,18.17893982,-27.96944154,46.14838136,20.33678609,66.48516745
0.34375000,22.02606201,-27.96944154,49.99550355,20.33678609,70.33228964
0.34375000,18.59188080,-27.96944154,46.56132234,20.33678609,66.89810843
0.34375000,19.56653595,-27.96944154,47.53597749,20.33678609,67.87276358
0.34375000,20.67279816,-27.96944154,48.64223969,20.33678609,68.97902578
0.34375000,19.17076111,-27.96944154,47.14020265,20.33678609,67.47698874
0.34375000,20.71189880,-27.96944154,48.68134034,20.33678609,69.01812643
0.34375000,17.84420013,-27.96944154,45.81364167,20.33678609,66.15042776
0.34375000,19.66571808,-27.96944154,47.63515962,20.33678609,67.97194571
0.34375000,18.59664917,-27.96944154,46.56609071,20.33678609,66.90287680
0.34375000,18.12934875,-27.96944154,46.09879029,20.33678609,66.43557638
0.34375000,18.59188080,-27.96944154,46.56132234,20.33678609,66.89810843
0.34375000,18.58139038,-27.96944154,46.55083192,20.33678609,66.88761801
0.34375000,17.71545410,-27.96944154,45.68489564,20.33678609,66.02168173
0.34375000,21.24214172,-27.96944154,49.21158326,20.33678609,69.54836935
0.34375000,22.09472656,-27.96944154,50.06416810,20.33678609,70.40095419
0.34375000,17.04788208,-27.96944154,45.01732362,20.33678609,65.35410971
0.34375000,20.27320862,-27.96944154,48.24265016,20.33678609,68.57943625
0.34375000,17.29011536,-27.96944154,45.25955689,20.33678609,65.59634298
0.34375000,19.19364929,-27.96944154,47.16309083,20.33678609,67.49987692
0.34375000,18.99719238,-27.96944154,46.96663392,20.33678609,67.30342001
0.34375000,22.83096313,-27.96944154,50.80040467,20.33678609,71.13719076
0.34375000,16.96395874,-27.96944154,44.93340028,20.33678609,65.27018637
0.34375000,17.21763611,-27.96944154,45.18707765,20.33678609,65.52386374
0.34375000,21.07143402,-27.96944154,49.04087556,20.33678609,69.37766165
0.34375000,20.48969269,-27.96944154,48.45913423,20.33678609,68.79592032
0.34375000,20.89118958,-27.96944154,48.86063111,20.33678609,69.19741720
0.34375000,20.49922943,-27.96944154,48.46867097,20.33678609,68.80545706
0.34375000,18.64719391,-27.96944154,46.61663545,20.33678609,66.95342154
0.34375000,22.25208282,-27.96944154,50.22152436,20.33678609,70.55831045
0.34375000,15.43998718,-27.96944154,43.40942872,20.33678609,63.74621481
0.34375000,16.78466797,-27.96944154,44.75410951,20.33678609,65.09089560
0.34375000,17.91286469,-27.96944154,45.88230622,20.33678609,66.21909231
0.34375000,16.70074463,-27.96944154,44.67018617,20.33678609,65.00697226
0.34375000,22.28832245,-27.96944154,50.25776399,20.33678609,70.59455008
0.34375000,16.48139954,-27.96944154,44.45084107,20.33678609,64.78762716
0.34375000,17.06314087,-27.96944154,45.03258241,20.33678609,65.36936850
0.34375000,16.48616791,-27.96944154,44.45560945,20.33678609,64.79239553
0.34375000,22.87769318,-27.96944154,50.84713471,20.33678609,71.18392080
0.34375000,20.52402496,-27.96944154,48.49346650,20.33678609,68.83025259
0.34375000,18.42880249,-27.96944154,46.39824403,20.33678609,66.73503012
0.34375000,20.39146423,-27.96944154,48.36090577,20.33678609,68.69769186
0.34375000,13.08536530,-27.96944154,41.05480683,20.33678609,61.39159292
0.34375000,19.83547211,-27.96944154,47.80491364,20.33678609,68.14169973
0.34375000,21.75807953,-27.96944154,49.72752107,20.33678609,70.06430716
0.34375000,21.79622650,-27.96944154,49.76566804,20.33678609,70.10245413
0.34375000,15.64598083,-27.96944154,43.61542237,20.33678609,63.95220846
0.34375000,17.17376709,-27.96944154,45.14320863,20.33678609,65.47999472
0.34375000,20.14446259,-27.96944154,48.11390412,20.33678609,68.45069021
0.34375000,16.66259766,-27.96944154,44.63203919,20.33678609,64.96882528
0.34375000,22.21393585,-27.96944154,50.18337739,20.33678609,70.52016348
0.34375000,17.64965057,-27.96944154,45.61909211,20.33678609,65.95587820
0.34375000,20.41530609,-27.96944154,48.38474763,20.33678609,68.72153372
0.34375000,17.26627350,-27.96944154,45.23571504,20.33678609,65.57250113
0.34375000,18.05210114,-27.96944154,46.02154267,20.33678609,66.35832876
0.34375000,17.98057556,-27.96944154,45.95001710,20.33678609,66.28680319
0.34375000,18.17131042,-27.96944154,46.14075196,20.33678609,66.47753805
0.34375000,21.25644684,-27.96944154,49.22588838,20.33678609,69.56267447
0.34375000,19.43778992,-27.96944154,47.40723145,20.33678609,67.74401754
0.34375000,18.34201813,-27.96944154,46.31145967,20.33678609,66.64824575
0.34375000,20.95603943,-27.96944154,48.92548097,20.33678609,69.26226706
0.34375000,17.44937897,-27.96944154,45.41882051,20.33678609,65.75560659
0.34375000,18.15891266,-27.96944154,46.12835420,20.33678609,66.46514029
0.34375000,21.15726471,-27.96944154,49.12670625,20.33678609,69.46349234
0.34375000,19.21749115,-27.96944154,47.18693269,20.33678609,67.52371878
0.34375000,20.03002167,-27.96944154,47.99946321,20.33678609,68.33624929
0.34375000,14.54734802,-27.96944154,42.51678956,20.33678609,62.85357565
0.37500000,21.97456360,-31.57819170,53.55275530,20.64734156,74.20009686
0.37500000,14.76573944,-31.57819170,46.34393114,20.64734156,66.99127270
0.37500000,13.32378387,-31.57819170,44.90197558,20.64734156,65.54931714
0.37500000,18.63098145,-31.57819170,50.20917315,20.64734156,70.85651471
0.37500000,18.65673065,-31.57819170,50.23492235,20.64734156,70.88226392
0.37500000,17.92049408,-31.57819170,49.49868578,20.64734156,70.14602734
0.37500000,17.60673523,-31.57819170,49.18492693,20.64734156,69.83226849
0.37500000,16.47949219,-31.57819170,48.05768389,20.64734156,68.70502545
0.37500000,17.65441895,-31.57819170,49.23261065,20.64734156,69.87995221
0.37500000,20.89786530,-31.57819170,52.47605700,20.64734156,73.12339856
0.37500000,19.57798004,-31.57819170,51.15617174,20.64734156,71.80351331
0.37500000,20.36762238,-31.57819170,51.94581408,20.64734156,72.59315564
0.37500000,17.33016968,-31.57819170,48.90836138,20.64734156,69.55570294
0.37500000,19.39582825,-31.57819170,50.97401995,20.64734156,71.62136151
0.37500000,12.66288757,-31.57819170,44.24107927,20.64734156,64.88842084
0.37500000,18.20945740,-31.57819170,49.78764910,20.64734156,70.43499066
0.37500000,15.01369476,-31.57819170,46.59188646,20.64734156,67.23922803
0.37500000,13.59748840,-31.57819170,45.17568010,20.64734156,65.82302167
0.37500000,14.42337036,-31.57819170,46.00156206,20.64734156,66.64890363
0.37500000,15.32173157,-31.57819170,46.89992327,20.64734156,67.54726483
0.37500000,23.74076843,-31.57819170,55.31896013,20.64734156,75.96630170
0.37500000,18.96667480,-31.57819170,50.54486651,20.64734156,71.19220807
0.37500000,17.44461060,-31.57819170,49.02280230,20.64734156,69.67014386
0.37500000,19.39964294,-31.57819170,50.97783464,20.64734156,71.62517621
0.37500000,17.23957062,-31.57819170,48.81776232,20.64734156,69.46510388
0.37500000,19.49882507,-31.57819170,51.07701677,20.64734156,71.72435834
0.37500000,20.07102966,-31.57819170,51.64922136,20.64734156,72.29656293
0.37500000,18.34869385,-31.57819170,49.92688555,20.64734156,70.57422711
0.37500000,16.10469818,-31.57819170,47.68288988,20.64734156,68.33023144
0.37500000,20.42484283,-31.57819170,52.00303454,20.64734156,72.65037610
0.37500000,17.79365540,-31.57819170,49.37184710,20.64734156,70.01918866
0.37500000,15.36369324,-31.57819170,46.94188494,20.64734156,67.58922650
0.37500000,16.85237885,-31.57819170,48.43057055,20.64734156,69.07791211
0.37500000,13.51070404,-31.57819170,45.08889574,20.64734156,65.73623730
0.37500000,15.85865021,-31.57819170,47.43684191,20.64734156,68.08418347
0.37500000,14.79721069,-31.57819170,46.37540239,20.64734156,67.02274396
0.37500000,17.54093170,-31.57819170,49.11912340,20.64734156,69.76646497
0.37500000,15.81478119,-31.57819170,47.39297289,20.64734156,68.04031445
0.37500000,18.73397827,-31.57819170,50.31216997,20.64734156,70.95951154
0.37500000,18.25237274,-31.57819170,49.83056444,20.64734156,70.47790601
0.37500000,17.32635498,-31.57819170,48.90454668,20.64734156,69.55188824
0.37500000,18.79596710,-31.57819170,50.37415880,20.64734156,71.02150037
0.37500000,17.65346527,-31.57819170,49.23165697,20.64734156,69.87899853
0.37500000,16.85905457,-31.57819170,48.43724627,20.64734156,69.08458783
0.37500000,22.26638794,-31.57819170,53.84457964,20.64734156,74.49192120
0.37500000,19.55890656,-31.57819170,51.13709826,20.64734156,71.78443982
0.37500000,16.28494263,-31.57819170,47.86313433,20.64734156,68.51047589
0.37500000,17.59719849,-31.57819170,49.17539019,20.64734156,69.82273175
0.37500000,14.36901093,-31.57819170,45.94720263,20.64734156,66.59454419
0.37500000,22.63164520,-31.57819170,54.20983690,20.64734156,74.85717847
0.37500000,16.20578766,-31.57819170,47.78397936,20.64734156,68.43132092
0.37500000,15.24257660,-31.57819170,46.82076830,20.64734156,67.46810986
0.37500000,17.46273041,-31.57819170,49.04092211,20.64734156,69.68826367
0.37500000,14.85157013,-31.57819170,46.42976183,20.64734156,67.07710339
0.37500000,12.40062714,-31.57819170,43.97881884,20.64734156,64.62616040
0.37500000,15.09094238,-31.57819170,46.66913408,20.64734156,67.31647565
0.37500000,19.54555511,-31.57819170,51.12374682,20.64734156,71.77108838
0.37500000,23.11897278,-31.57819170,54.69716448,20.64734156,75.34450604
0.37500000,13.62323761,-31.57819170,45.20142931,20.64734156,65.84877087
0.37500000,15.91968536,-31.57819170,47.49787706,20.64734156,68.14521863
0.37500000,18.48983765,-31.57819170,50.06802935,20.64734156,70.71537091
0.37500000,17.49610901,-31.57819170,49.07430071,20.64734156,69.72164227
0.37500000,20.19786835,-31.57819170,51.77606005,20.64734156,72.42340161
0.37500000,16.97444916,-31.57819170,48.55264086,20.64734156,69.19998242
0.37500000,15.65551758,-31.57819170,47.23370928,20.64734156,67.88105084
0.37500000,21.10481262,-31.57819170,52.68300432,20.64734156,73.33034589
0.37500000,13.81778717,-31.57819170,45.39597887,20.64734156,66.04332043
0.37500000,17.80700684,-31.57819170,49.38519854,20.64734156,70.03254010
0.37500000,16.91627502,-31.57819170,48.49446673,20.64734156,69.14180829
0.37500000,20.19405365,-31.57819170,51.77224535,20.64734156,72.41958691
0.37500000,16.40224457,-31.57819170,47.98043627,20.64734156,68.62777783
0.37500000,17.71068573,-31.57819170,49.28887743,20.64734156,69.93621899
0.37500000,18.87798309,-31.57819170,50.45617479,20.64734156,71.10351636
0.37500000,20.68805695,-31.57819170,52.26624865,20.64734156,72.91359021
0.37500000,16.44229889,-31.57819170,48.02049059,20.64734156,68.66783215
0.37500000,14.41955566,-31.57819170,45.99774736,20.64734156,66.64508893
0.37500000,13.95511627,-31.57819170,45.53330797,20.64734156,66.18064954
0.03125000,-0.34713745,8.11806009,-8.46519754,17.23123135,8.76603381
0.03125000,-0.56934357,8.11806009,-8.68740366,17.23123135,8.54382769
0.03125000,-0.89836121,8.11806009,-9.01642130,17.23123135,8.21481005
0.03125000,-0.53405762,8.11806009,-8.65211771,17.23123135,8.57911364
0.03125000,-0.41198730,8.11806009,-8.53004740,17.23123135,8.70118395
0.03125000,4.02355194,8.11806009,-4.09450815,17.23123135,13.13672320
0.03125000,-1.06143951,8.11806009,-9.17949960,17.23123135,8.05173175
0.03125000,-0.70667267,8.11806009,-8.82473276,17.23123135,8.40649859
0.03125000,-0.38719177,8.11806009,-8.50525186,17.23123135,8.72597949
0.03125000,-0.91838837,8.11806009,-9.03644846,17.23123135,8.19478289
0.03125000,-0.62370300,8.11806009,-8.74176309,17.23123135,8.48946826
0.03125000,-0.27751923,8.11806009,-8.39557932,17.23123135,8.83565203
0.03125000,-1.15585327,8.11806009,-9.27391336,17.23123135,7.95731799
0.03125000,-0.60749054,8.11806009,-8.72555063,17.23123135,8.50568072
0.03125000,-0.75340271,8.11806009,-8.87146280,17.23123135,8.35976855
0.03125000,-0.20790100,8.11806009,-8.32596109,17.23123135,8.90527026
0.03125000,-0.43582916,8.11806009,-8.55388925,17.23123135,8.67734210
0.03125000,-0.99945068,8.11806009,-9.11751077,17.23123135,8.11372058
0.03125000,-0.73814392,8.11806009,-8.85620401,17.23123135,8.37502734
0.03125000,-0.48828125,8.11806009,-8.60634134,17.23123135,8.62489001
0.03125000,-0.26226044,8.11806009,-8.38032053,17.23123135,8.85091082
0.03125000,-0.53310394,8.11806009,-8.65116403,17.23123135,8.58006732
0.03125000,-0.91552734,8.11806009,-9.03358743,17.23123135,8.19764392
0.03125000,-0.64086914,8.11806009,-8.75892923,17.23123135,8.47230212
0.03125000,-0.64945221,8.11806009,-8.76751230,17.23123135,8.46371905
0.03125000,-0.72765350,8.11806009,-8.84571359,17.23123135,8.38551776
0.03125000,-1.13487244,8.11806009,-9.25293253,17.23123135,7.97829882
0.03125000,-0.94032288,8.11806009,-9.05838297,17.23123135,8.17284838
0.03125000,-0.64277649,8.11806009,-8.76083658,17.23123135,8.47039477
0.03125000,-0.91362000,8.11806009,-9.03168009,17.23123135,8.19955126
0.03125000,-0.37860870,8.11806009,-8.49666879,17.23123135,8.73456256
0.03125000,-0.35667419,8.11806009,-8.47473428,17.23123135,8.75649706
0.03125000,-0.35190582,8.11806009,-8.46996591,17.23123135,8.76126544
0.03125000,-0.55980682,8.11806009,-8.67786691,17.23123135,8.55336444
0.03125000,-0.84686279,8.11806009,-8.96492288,17.23123135,8.26630847
0.03125000,-0.87928772,8.11806009,-8.99734781,17.23123135,8.23388354
0.03125000,-0.46825409,8.11806009,-8.58631418,17.23123135,8.64491717
0.03125000,-0.42247772,8.11806009,-8.54053781,17.23123135,8.69069354
0.03125000,-0.48255920,8.11806009,-8.60061929,17.23123135,8.63061206
0.03125000,-0.60749054,8.11806009,-8.72555063,17.23123135,8.50568072
0.03125000,-1.17015839,8.11806009,-9.28821848,17.23123135,7.94301287
0.03125000,-0.91075897,8.11806009,-9.02881906,17.23123135,8.20241229
0.03125000,-0.66852570,8.11806009,-8.78658579,17.23123135,8.44464556
0.03125000,-0.41103363,8.11806009,-8.52909372,17.23123135,8.70213763
0.03125000,-0.32997131,8.11806009,-8.44803140,17.23123135,8.78319995
0.03125000,-0.71334839,8.11806009,-8.83140848,17.23123135,8.39982287
0.03125000,-0.60653687,8.11806009,-8.72459696,17.23123135,8.50663439
0.03125000,-0.26512146,8.11806009,-8.38318155,17.23123135,8.84804980
0.03125000,-0.82874298,8.11806009,-8.94680307,17.23123135,8.28442828
0.03125000,-0.66947937,8.11806009,-8.78753946,17.23123135,8.44369189
0.03125000,-0.71620941,8.11806009,-8.83426950,17.23123135,8.39696185
0.03125000,5.77735901,8.11806009,-2.34070108,17.23123135,14.89053027
0.03125000,-0.94318390,8.11806009,-9.06124399,17.23123135,8.16998736
0.03125000,-0.49304962,8.11806009,-8.61110971,17.23123135,8.62012164
0.03125000,-0.49209595,8.11806009,-8.61015604,17.23123135,8.62107531
0.03125000,-0.41484833,8.11806009,-8.53290842,17.23123135,8.69832293
0.03125000,-0.96893311,8.11806009,-9.08699320,17.23123135,8.14423815
0.03125000,-0.74100494,8.11806009,-8.85906503,17.23123135,8.37216632
0.03125000,-0.93746185,8.11806009,-9.05552194,17.23123135,8.17570941
0.03125000,-0.66375732,8.11806009,-8.78181741,17.23123135,8.44941394
0.03125000,-0.40435791,8.11806009,-8.52241800,17.23123135,8.70881335
0.03125000,-0.57888031,8.11806009,-8.69694040,17.23123135,8.53429095
0.03125000,-0.82302094,8.11806009,-8.94108103,17.23123135,8.29015032
0.03125000,-0.67806244,8.11806009,-8.79612253,17.23123135,8.43510882
0.03125000,5.00488281,8.11806009,-3.11317728,17.23123135,14.11805407
0.03125000,-0.94890594,8.11806009,-9.06696604,17.23123135,8.16426531
0.03125000,-0.63705444,8.11806009,-8.75511453,17.23123135,8.47611682
0.03125000,-0.41198730,8.11806009,-8.53004740,17.23123135,8.70118395
0.03125000,-0.41484833,8.11806009,-8.53290842,17.23123135,8.69832293
0.03125000,-0.20217896,8.11806009,-8.32023905,17.23123135,8.91099230
0.03125000,-0.40435791,8.11806009,-8.52241800,17.23123135,8.70881335
0.03125000,-0.50163269,8.11806009,-8.61969278,17.23123135,8.61153857
0.03125000,-0.66375732,8.11806009,-8.78181741,17.23123135,8.44941394
0.03125000,-0.53310394,8.11806009,-8.65116403,17.23123135,8.58006732
0.03125000,-0.53691864,8.11806009,-8.65497873,17.23123135,8.57625262
0.03125000,-0.44059753,8.11806009,-8.55865762,17.23123135,8.67257373
0.03125000,-0.57411194,8.11806009,-8.69217203,17.23123135,8.53905932
0.03125000,-0.80394745,8.11806009,-8.92200754,17.23123135,8.30922381
0.03125000,-1.09863281,8.11806009,-9.21669290,17.23123135,8.01453845
0.03125000,-0.63610077,8.11806009,-8.75416086,17.23123135,8.47707049
0.40625000,13.32092285,-35.18694186,48.50786471,20.95789704,69.46576175
0.40625000,15.49625397,-35.18694186,50.68319583,20.95789704,71.64109287
0.40625000,15.62595367,-35.18694186,50.81289554,20.95789704,71.77079257
0.40625000,12.18509674,-35.18694186,47.37203860,20.95789704,68.32993564
0.40625000,15.36178589,-35.18694186,50.54872775,20.95789704,71.50662479
0.40625000,14.97554779,-35.18694186,50.16248965,20.95789704,71.12038669
0.40625000,17.94338226,-35.18694186,53.13032413,20.95789704,74.08822116
0.40625000,14.18113708,-35.18694186,49.36807895,20.95789704,70.32597599
0.40625000,16.52526855,-35.18694186,51.71221042,20.95789704,72.67010746
0.40625000,16.52622223,-35.18694186,51.71316409,20.95789704,72.67106113
0.40625000,12.77446747,-35.18694186,47.96140933,20.95789704,68.91930637
0.40625000,17.75264740,-35.18694186,52.93958926,20.95789704,73.89748630
0.40625000,11.75403595,-35.18694186,46.94097781,20.95789704,67.89887485
0.40625000,15.32363892,-35.18694186,50.51058078,20.95789704,71.46847782
0.40625000,10.61534882,-35.18694186,45.80229068,20.95789704,66.76018772
0.40625000,11.63673401,-35.18694186,46.82367587,20.95789704,67.78157291
0.40625000,12.55416870,-35.18694186,47.74111056,20.95789704,68.69900760
0.40625000,14.47010040,-35.18694186,49.65704227,20.95789704,70.61493930
0.40625000,16.44039154,-35.18694186,51.62733340,20.95789704,72.58523044
0.40625000,11.36970520,-35.18694186,46.55664706,20.95789704,67.51454410
0.40625000,13.97895813,-35.18694186,49.16589999,20.95789704,70.12379703
0.40625000,17.23861694,-35.18694186,52.42555881,20.95789704,73.38345584
0.40625000,14.66941833,-35.18694186,49.85636020,20.95789704,70.81425724
0.40625000,12.61520386,-35.18694186,47.80214572,20.95789704,68.76004276
0.40625000,12.34245300,-35.18694186,47.52939487,20.95789704,68.48729190
0.40625000,15.72322845,-35.18694186,50.91017032,20.95789704,71.86806736
0.40625000,15.14244080,-35.18694186,50.32938266,20.95789704,71.28727970
0.40625000,13.85784149,-35.18694186,49.04478336,20.95789704,70.00268039
0.40625000,17.50564575,-35.18694186,52.69258762,20.95789704,73.65048465
0.40625000,12.35103607,-35.18694186,47.53797794,20.95789704,68.49587497
0.40625000,15.19203186,-35.18694186,50.37897372,20.95789704,71.33687076
0.40625000,14.50157166,-35.18694186,49.68851352,20.95789704,70.64641056
0.40625000,19.91462708,-35.18694186,55.10156894,20.95789704,76.05946598
0.40625000,15.62690735,-35.18694186,50.81384921,20.95789704,71.77174625
0.40625000,10.92433929,-35.18694186,46.11128116,20.95789704,67.06917820
0.40625000,20.82157135,-35.18694186,56.00851321,20.95789704,76.96641025
0.40625000,14.09912109,-35.18694186,49.28606296,20.95789704,70.24395999
0.40625000,16.84951782,-35.18694186,52.03645969,20.95789704,72.99435672
0.40625000,11.08551025,-35.18694186,46.27245212,20.95789704,67.23034915
0.40625000,17.94338226,-35.18694186,53.13032413,20.95789704,74.08822116
0.40625000,20.42198181,-35.18694186,55.60892367,20.95789704,76.56682071
0.40625000,14.39857483,-35.18694186,49.58551669,20.95789704,70.54341373
0.40625000,13.71765137,-35.18694186,48.90459323,20.95789704,69.86249027
0.40625000,12.36629486,-35.18694186,47.55323672,20.95789704,68.51113376
0.40625000,12.71247864,-35.18694186,47.89942050,20.95789704,68.85731754
0.40625000,15.26451111,-35.18694186,50.45145297,20.95789704,71.40935001
0.40625000,18.55278015,-35.18694186,53.73972201,20.95789704,74.69761905
0.40625000,13.77487183,-35.18694186,48.96181369,20.95789704,69.91971073
0.40625000,14.80960846,-35.18694186,49.99655032,20.95789704,70.95444736
0.40625000,16.14284515,-35.18694186,51.32978702,20.95789704,72.28768405
0.40625000,14.46247101,-35.18694186,49.64941287,20.95789704,70.60730991
0.40625000,15.82717896,-35.18694186,51.01412082,20.95789704,71.97201786
0.40625000,15.84148407,-35.18694186,51.02842593,20.95789704,71.98632297
0.40625000,17.82417297,-35.18694186,53.01111484,20.95789704,73.96901187
0.40625000,12.61806488,-35.18694186,47.80500674,20.95789704,68.76290378
0.40625000,10.97869873,-35.18694186,46.16564059,20.95789704,67.12353763
0.40625000,16.52526855,-35.18694186,51.71221042,20.95789704,72.67010746
0.40625000,15.28453827,-35.18694186,50.47148013,20.95789704,71.42937717
0.40625000,19.20795441,-35.18694186,54.39489627,20.95789704,75.35279331
0.40625000,18.11504364,-35.18694186,53.30198550,20.95789704,74.25988254
0.40625000,14.28031921,-35.18694186,49.46726108,20.95789704,70.42515811
0.40625000,16.37649536,-35.18694186,51.56343722,20.95789704,72.52133426
0.40625000,11.61098480,-35.18694186,46.79792667,20.95789704,67.75582370
0.40625000,16.14093781,-35.18694186,51.32787967,20.95789704,72.28577671
0.40625000,14.16587830,-35.18694186,49.35282016,20.95789704,70.31071720
0.40625000,13.57746124,-35.18694186,48.76440311,20.95789704,69.72230014
0.40625000,15.13767242,-35.18694186,50.32461429,20.95789704,71.28251132
0.40625000,12.20226288,-35.18694186,47.38920474,20.95789704,68.34710178
0.40625000,14.76383209,-35.18694186,49.95077396,20.95789704,70.90867099
0.40625000,16.01886749,-35.18694186,51.20580936,20.95789704,72.16370639
0.40625000,15.00606537,-35.18694186,50.19300723,20.95789704,71.15090427
0.40625000,18.59474182,-35.18694186,53.78168368,20.95789704,74.73958072
0.40625000,13.84162903,-35.18694186,49.02857089,20.95789704,69.98646793
0.40625000,18.16558838,-35.18694186,53.35253024,20.95789704,74.31042728
0.40625000,10.89477539,-35.18694186,46.08171725,20.95789704,67.03961429
0.40625000,13.64231110,-35.18694186,48.82925296,20.95789704,69.78715000
0.40625000,14.53399658,-35.18694186,49.72093845,20.95789704,70.67883548
0.40625000,13.85593414,-35.18694186,49.04287601,20.95789704,70.00077304
0.40625000,16.26682281,-35.18694186,51.45376468,20.95789704,72.41166172
0.40625000,12.89272308,-35.18694186,48.07966495,20.95789704,69.03756198
0.43750000,17.04359055,-38.79569203,55.83928257,21.26845251,77.10773508
0.43750000,19.55175400,-38.79569203,58.34744602,21.26845251,79.61589854
0.43750000,13.02003860,-38.79569203,51.81573063,21.26845251,73.08418314
0.43750000,15.28882980,-38.79569203,54.08452183,21.26845251,75.35297434
0.43750000,17.37642288,-38.79569203,56.17211491,21.26845251,77.44056742
0.43750000,13.94414902,-38.79569203,52.73984104,21.26845251,74.00829355
0.43750000,10.16759872,-38.79569203,48.96329075,21.26845251,70.23174326
0.43750000,11.19279861,-38.79569203,49.98849064,21.26845251,71.25694315
0.43750000,14.45531845,-38.79569203,53.25101048,21.26845251,74.51946299
0.43750000,12.37058640,-38.79569203,51.16627842,21.26845251,72.43473093
0.43750000,8.93354416,-38.79569203,47.72923619,21.26845251,68.99768870
0.43750000,10.91718674,-38.79569203,49.71287876,21.26845251,70.98133127
0.43750000,11.03734970,-38.79569203,49.83304173,21.26845251,71.10149424
0.43750000,9.04035568,-38.79569203,47.83604771,21.26845251,69.10450022
0.43750000,16.25394821,-38.79569203,55.04964024,21.26845251,76.31809275
0.43750000,11.45696640,-38.79569203,50.25265843,21.26845251,71.52111094
0.43750000,10.96773148,-38.79569203,49.76342350,21.26845251,71.03187601
0.43750000,13.14496994,-38.79569203,51.94066197,21.26845251,73.20911448
0.43750000,12.20655441,-38.79569203,51.00224644,21.26845251,72.27069895
0.43750000,14.24264908,-38.79569203,53.03834110,21.26845251,74.30679362
0.43750000,10.11228561,-38.79569203,48.90797764,21.26845251,70.17643015
0.43750000,9.41705704,-38.79569203,48.21274906,21.26845251,69.48120157
0.43750000,12.50123978,-38.79569203,51.29693180,21.26845251,72.56538431
0.43750000,10.82468033,-38.79569203,49.62037235,21.26845251,70.88882487
0.43750000,11.07263565,-38.79569203,49.86832768,21.26845251,71.13678019
0.43750000,11.27099991,-38.79569203,50.06669193,21.26845251,71.33514445
0.43750000,11.59143448,-38.79569203,50.38712651,21.26845251,71.65557902
0.43750000,12.89129257,-38.79569203,51.68698460,21.26845251,72.95543711
0.43750000,9.40465927,-38.79569203,48.20035130,21.26845251,69.46880381
0.43750000,11.96050644,-38.79569203,50.75619847,21.26845251,72.02465098
0.43750000,15.45190811,-38.79569203,54.24760014,21.26845251,75.51605265
0.43750000,14.30463791,-38.79569203,53.10032994,21.26845251,74.36878245
0.43750000,18.32151413,-38.79569203,57.11720616,21.26845251,78.38565867
0.43750000,11.50274277,-38.79569203,50.29843479,21.26845251,71.56688730
0.43750000,15.84196091,-38.79569203,54.63765293,21.26845251,75.90610544
0.43750000,19.55652237,-38.79569203,58.35221440,21.26845251,79.62066691
0.43750000,11.65723801,-38.79569203,50.45293003,21.26845251,71.72138254
0.43750000,12.09497452,-38.79569203,50.89066654,21.26845251,72.15911906
0.43750000,11.31963730,-38.79569203,50.11532932,21.26845251,71.38378184
0.43750000,14.49728012,-38.79569203,53.29297215,21.26845251,74.56142466
0.43750000,14.55736160,-38.79569203,53.35305363,21.26845251,74.62150614
0.43750000,16.96348190,-38.79569203,55.75917393,21.26845251,77.02762644
0.43750000,12.57562637,-38.79569203,51.37131840,21.26845251,72.63977091
0.43750000,13.17167282,-38.79569203,51.96736485,21.26845251,73.23581736
0.43750000,10.35261154,-38.79569203,49.14830357,21.26845251,70.41675608
0.43750000,8.71229172,-38.79569203,47.50798374,21.26845251,68.77643625
0.43750000,13.83256912,-38.79569203,52.62826115,21.26845251,73.89671366
0.43750000,10.92576981,-38.79569203,49.72146183,21.26845251,70.98991434
0.43750000,11.27767563,-38.79569203,50.07336765,21.26845251,71.34182017
0.43750000,9.42182541,-38.79569203,48.21751744,21.26845251,69.48596995
0.43750000,17.84372330,-38.79569203,56.63941532,21.26845251,77.90786783
0.43750000,13.47398758,-38.79569203,52.26967961,21.26845251,73.53813212
0.43750000,16.05653763,-38.79569203,54.85222965,21.26845251,76.12068217
0.43750000,17.26102829,-38.79569203,56.05672032,21.26845251,77.32517283
0.43750000,10.40220261,-38.79569203,49.19789463,21.26845251,70.46634714
0.43750000,14.26649094,-38.79569203,53.06218296,21.26845251,74.33063547
0.43750000,6.98804855,-38.79569203,45.78374058,21.26845251,67.05219309
0.43750000,9.43136215,-38.79569203,48.22705418,21.26845251,69.49550669
0.43750000,15.81811905,-38.79569203,54.61381108,21.26845251,75.88226359
0.43750000,7.93790817,-38.79569203,46.73360020,21.26845251,68.00205271
0.43750000,10.22481918,-38.79569203,49.02051121,21.26845251,70.28896372
0.43750000,8.92877579,-38.79569203,47.72446781,21.26845251,68.99292032
0.43750000,11.58094406,-38.79569203,50.37663609,21.26845251,71.64508860
0.43750000,12.91227341,-38.79569203,51.70796543,21.26845251,72.97641794
0.43750000,12.32576370,-38.79569203,51.12145573,21.26845251,72.38990824
0.43750000,16.09277725,-38.79569203,54.88846928,21.26845251,76.15692179
0.43750000,7.78532028,-38.79569203,46.58101231,21.26845251,67.84946482
0.43750000,12.15600967,-38.79569203,50.95170170,21.26845251,72.22015421
0.43750000,15.97929001,-38.79569203,54.77498203,21.26845251,76.04343455
0.43750000,9.20248032,-38.79569203,47.99817234,21.26845251,69.26662485
0.43750000,13.03911209,-38.79569203,51.83480412,21.26845251,73.10325663
0.43750000,10.73789597,-38.79569203,49.53358799,21.26845251,70.80204050
0.43750000,12.02249527,-38.79569203,50.81818730,21.26845251,72.08663981
0.43750000,14.25504684,-38.79569203,53.05073887,21.26845251,74.31919138
0.43750000,8.36324692,-38.79569203,47.15893894,21.26845251,68.42739146
0.43750000,10.68162918,-38.79569203,49.47732121,21.26845251,70.74577372
0.43750000,11.98053360,-38.79569203,50.77622563,21.26845251,72.04467814
0.43750000,13.44633102,-38.79569203,52.24202305,21.26845251,73.51047556
0.43750000,13.61131668,-38.79569203,52.40700871,21.26845251,73.67546122
0.43750000,11.90042496,-38.79569203,50.69611698,21.26845251,71.96456949
0.46875000,7.03382492,-42.40444219,49.43826711,21.57900799,71.01727509
0.46875000,10.21623611,-42.40444219,52.62067830,21.57900799,74.19968629
0.46875000,7.88068771,-42.40444219,50.28512990,21.57900799,71.86413789
0.46875000,12.12549210,-42.40444219,54.52993429,21.57900799,76.10894227
0.46875000,8.71801376,-42.40444219,51.12245595,21.57900799,72.70146394
0.46875000,8.62646103,-42.40444219,51.03090322,21.57900799,72.60991120
0.46875000,13.07821274,-42.40444219,55.48265493,21.57900799,77.06166291
0.46875000,4.67157364,-42.40444219,47.07601583,21.57900799,68.65502381
0.46875000,6.06107712,-42.40444219,48.46551931,21.57900799,70.04452729
0.46875000,10.39743423,-42.40444219,52.80187642,21.57900799,74.38088441
0.46875000,8.17251205,-42.40444219,50.57695424,21.57900799,72.15596223
0.46875000,9.57822800,-42.40444219,51.98267019,21.57900799,73.56167817
0.46875000,9.22441483,-42.40444219,51.62885701,21.57900799,73.20786500
0.46875000,10.98585129,-42.40444219,53.39029348,21.57900799,74.96930146
0.46875000,9.06038284,-42.40444219,51.46482503,21.57900799,73.04383302
0.46875000,9.63163376,-42.40444219,52.03607595,21.57900799,73.61508393
0.46875000,9.22822952,-42.40444219,51.63267171,21.57900799,73.21167970
0.46875000,5.89418411,-42.40444219,48.29862630,21.57900799,69.87763429
0.46875000,12.01963425,-42.40444219,54.42407644,21.57900799,76.00308442
0.46875000,7.41338730,-42.40444219,49.81782949,21.57900799,71.39683747
0.46875000,13.71049881,-42.40444219,56.11494100,21.57900799,77.69394898
0.46875000,10.13135910,-42.40444219,52.53580129,21.57900799,74.11480927
0.46875000,7.26938248,-42.40444219,49.67382467,21.57900799,71.25283265
0.46875000,10.37168503,-42.40444219,52.77612722,21.57900799,74.35513520
0.46875000,13.35191727,-42.40444219,55.75635946,21.57900799,77.33536744
0.46875000,10.92481613,-42.40444219,53.32925832,21.57900799,74.90826631
0.46875000,11.92426682,-42.40444219,54.32870900,21.57900799,75.90771699
0.46875000,12.87126541,-42.40444219,55.27570760,21.57900799,76.85471559
0.46875000,7.86638260,-42.40444219,50.27082479,21.57900799,71.84983277
0.46875000,8.96692276,-42.40444219,51.37136495,21.57900799,72.95037293
0.46875000,9.81092453,-42.40444219,52.21536672,21.57900799,73.79437470
0.46875000,8.04376602,-42.40444219,50.44820821,21.57900799,72.02721620
0.46875000,8.20970535,-42.40444219,50.61414754,21.57900799,72.19315553
0.46875000,8.59785080,-42.40444219,51.00229299,21.57900799,72.58130097
0.46875000,6.84022903,-42.40444219,49.24467122,21.57900799,70.82367921
0.46875000,7.02524185,-42.40444219,49.42968404,21.57900799,71.00869203
0.46875000,4.74786758,-42.40444219,47.15230977,21.57900799,68.73131776
0.46875000,7.16924667,-42.40444219,49.57368886,21.57900799,71.15269685
0.46875000,6.46448135,-42.40444219,48.86892354,21.57900799,70.44793153
0.46875000,8.77523422,-42.40444219,51.17967641,21.57900799,72.75868440
0.46875000,9.10520554,-42.40444219,51.50964772,21.57900799,73.08865571
0.46875000,11.90137863,-42.40444219,54.30582082,21.57900799,75.88482881
0.46875000,9.89198685,-42.40444219,52.29642904,21.57900799,73.87543702
0.46875000,8.96596909,-42.40444219,51.37041127,21.57900799,72.94941926
0.46875000,10.63489914,-42.40444219,53.03934133,21.57900799,74.61834931
0.46875000,12.25233078,-42.40444219,54.65677297,21.57900799,76.23578095
0.46875000,10.90860367,-42.40444219,53.31304586,21.57900799,74.89205384
0.46875000,3.83996964,-42.40444219,46.24441182,21.57900799,67.82341981
0.46875000,10.45179367,-42.40444219,52.85623586,21.57900799,74.43524384
0.46875000,9.72890854,-42.40444219,52.13335073,21.57900799,73.71235871
0.46875000,8.76188278,-42.40444219,51.16632497,21.57900799,72.74533296
0.46875000,7.19690323,-42.40444219,49.60134542,21.57900799,71.18035340
0.46875000,15.35272598,-42.40444219,57.75716817,21.57900799,79.33617616
0.46875000,10.77699661,-42.40444219,53.18143880,21.57900799,74.76044679
0.46875000,8.18490982,-42.40444219,50.58935201,21.57900799,72.16835999
0.46875000,8.14485550,-42.40444219,50.54929769,21.57900799,72.12830567
0.46875000,11.64007187,-42.40444219,54.04451406,21.57900799,75.62352204
0.46875000,8.82673264,-42.40444219,51.23117482,21.57900799,72.81018281
0.46875000,9.72127914,-42.40444219,52.12572133,21.57900799,73.70472932
0.46875000,11.90996170,-42.40444219,54.31440389,21.57900799,75.89341187
0.46875000,8.24117661,-42.40444219,50.64561879,21.57900799,72.22462678
0.46875000,6.39486313,-42.40444219,48.79930532,21.57900799,70.37831330
0.46875000,6.93082809,-42.40444219,49.33527028,21.57900799,70.91427827
0.46875000,7.59649277,-42.40444219,50.00093496,21.57900799,71.57994294
0.46875000,6.18219376,-42.40444219,48.58663595,21.57900799,70.16564393
0.46875000,8.32319260,-42.40444219,50.72763479,21.57900799,72.30664277
0.46875000,7.00712204,-42.40444219,49.41156423,21.57900799,70.99057221
0.46875000,12.28475571,-42.40444219,54.68919790,21.57900799,76.26820588
0.46875000,8.90111923,-42.40444219,51.30556142,21.57900799,72.88456941
0.46875000,9.06324387,-42.40444219,51.46768606,21.57900799,73.04669404
0.46875000,8.15439224,-42.40444219,50.55883443,21.57900799,72.13784242
0.46875000,7.03573227,-42.40444219,49.44017446,21.57900799,71.01918244
0.46875000,5.69868088,-42.40444219,48.10312307,21.57900799,69.68213105
0.46875000,10.35833359,-42.40444219,52.76277578,21.57900799,74.34178376
0.46875000,12.03489304,-42.40444219,54.43933522,21.57900799,76.01834321
0.46875000,5.46789169,-42.40444219,47.87233388,21.57900799,69.45134187
0.46875000,10.45370102,-42.40444219,52.85814321,21.57900799,74.43715119
0.46875000,10.73026657,-42.40444219,53.13470876,21.57900799,74.71371675
0.46875000,5.83410263,-42.40444219,48.23854482,21.57900799,69.81755280
0.46875000,6.77633286,-42.40444219,49.18077504,21.57900799,70.75978303
0.50000000,4.95004654,-46.01319235,50.96323889,21.88956346,72.85280235
0.50000000,5.82361221,-46.01319235,51.83680457,21.88956346,73.72636802
0.50000000,6.44254684,-46.01319235,52.45573920,21.88956346,74.34530266
0.50000000,2.72130966,-46.01319235,48.73450201,21.88956346,70.62406547
0.50000000,2.76231766,-46.01319235,48.77551001,21.88956346,70.66507347
0.50000000,6.18124008,-46.01319235,52.19443243,21.88956346,74.08399589
0.50000000,5.48028946,-46.01319235,51.49348181,21.88956346,73.38304527
0.50000000,8.56256485,-46.01319235,54.57575720,21.88956346,76.46532066
0.50000000,7.64989853,-46.01319235,53.66309088,21.88956346,75.55265434
0.50000000,3.88574600,-46.01319235,49.89893835,21.88956346,71.78850181
0.50000000,6.02960587,-46.01319235,52.04279822,21.88956346,73.93236168
0.50000000,7.08818436,-46.01319235,53.10137671,21.88956346,74.99094017
0.50000000,6.33096695,-46.01319235,52.34415930,21.88956346,74.23372276
0.50000000,2.95782089,-46.01319235,48.97101324,21.88956346,70.86057670
0.50000000,7.74145126,-46.01319235,53.75464362,21.88956346,75.64420707
0.50000000,3.68642807,-46.01319235,49.69962042,21.88956346,71.58918388
0.50000000,6.85834885,-46.01319235,52.87154120,21.88956346,74.76110466
0.50000000,6.06679916,-46.01319235,52.07999152,21.88956346,73.96955497
0.50000000,8.23354721,-46.01319235,54.24673956,21.88956346,76.13630302
0.50000000,7.46202469,-46.01319235,53.47521704,21.88956346,75.36478050
0.50000000,5.82170486,-46.01319235,51.83489722,21.88956346,73.72446068
0.50000000,8.37850571,-46.01319235,54.39169806,21.88956346,76.28126152
0.50000000,9.35125351,-46.01319235,55.36444586,21.88956346,77.25400932
0.50000000,4.72021103,-46.01319235,50.73340338,21.88956346,72.62296684
0.50000000,6.00957870,-46.01319235,52.02277106,21.88956346,73.91233452
0.50000000,5.09119034,-46.01319235,51.10438269,21.88956346,72.99394615
0.50000000,4.45127487,-46.01319235,50.46446722,21.88956346,72.35403068
0.50000000,4.82988358,-46.01319235,50.84307593,21.88956346,72.73263939
0.50000000,5.77020645,-46.01319235,51.78339880,21.88956346,73.67296226
0.50000000,6.10971451,-46.01319235,52.12290686,21.88956346,74.01247032
0.50000000,4.47893143,-46.01319235,50.49212378,21.88956346,72.38168724
0.50000000,3.33452225,-46.01319235,49.34771460,21.88956346,71.23727806
0.50000000,6.89840317,-46.01319235,52.91159552,21.88956346,74.80115898
0.50000000,3.79514694,-46.01319235,49.80833929,21.88956346,71.69790275
0.50000000,2.15864182,-46.01319235,48.17183417,21.88956346,70.06139763
0.50000000,8.49580765,-46.01319235,54.50900000,21.88956346,76.39856346
0.50000000,5.18751144,-46.01319235,51.20070380,21.88956346,73.09026726
0.50000000,1.91354752,-46.01319235,47.92673987,21.88956346,69.81630333
0.50000000,5.79500198,-46.01319235,51.80819434,21.88956346,73.69775779
0.50000000,5.05495071,-46.01319235,51.06814307,21.88956346,72.95770653
0.50000000,5.92565536,-46.01319235,51.93884772,21.88956346,73.82841118
0.50000000,3.14569473,-46.01319235,49.15888708,21.88956346,71.04845054
0.50000000,7.58409500,-46.01319235,53.59728735,21.88956346,75.48685081
0.50000000,5.95903397,-46.01319235,51.97222632,21.88956346,73.86178978
0.50000000,7.01475143,-46.01319235,53.02794379,21.88956346,74.91750725
0.50000000,1.64556503,-46.01319235,47.65875738,21.88956346,69.54832084
0.50000000,4.70209122,-46.01319235,50.71528357,21.88956346,72.60484703
0.50000000,6.45494461,-46.01319235,52.46813696,21.88956346,74.35770042
0.50000000,4.94909286,-46.01319235,50.96228522,21.88956346,72.85184868
0.50000000,7.65466690,-46.01319235,53.66785925,21.88956346,75.55742271
0.50000000,8.36992264,-46.01319235,54.38311499,21.88956346,76.27267845
0.50000000,5.02920151,-46.01319235,51.04239386,21.88956346,72.93195732
0.50000000,2.53534317,-46.01319235,48.54853552,21.88956346,70.43809898
0.50000000,5.38396835,-46.01319235,51.39716071,21.88956346,73.28672416
0.50000000,5.54609299,-46.01319235,51.55928534,21.88956346,73.44884880
0.50000000,1.70373917,-46.01319235,47.71693152,21.88956346,69.60649498
0.50000000,4.34732437,-46.01319235,50.36051672,21.88956346,72.25008018
0.50000000,7.25889206,-46.01319235,53.27208441,21.88956346,75.16164787
0.50000000,2.25210190,-46.01319235,48.26529425,21.88956346,70.15485771
0.50000000,4.15086746,-46.01319235,50.16405981,21.88956346,72.05362327
0.50000000,3.03316116,-46.01319235,49.04635352,21.88956346,70.93591697
0.50000000,7.32851028,-46.01319235,53.34170264,21.88956346,75.23126610
0.50000000,5.05399704,-46.01319235,51.06718939,21.88956346,72.95675285
0.50000000,6.87932968,-46.01319235,52.89252203,21.88956346,74.78208549
0.50000000,7.33232498,-46.01319235,53.34551733,21.88956346,75.23508079
0.50000000,6.59322739,-46.01319235,52.60641974,21.88956346,74.49598320
0.50000000,8.81052017,-46.01319235,54.82371252,21.88956346,76.71327598
0.50000000,3.66926193,-46.01319235,49.68245428,21.88956346,71.57201774
0.50000000,8.49390030,-46.01319235,54.50709265,21.88956346,76.39665611
0.50000000,6.23369217,-46.01319235,52.24688452,21.88956346,74.13644798
0.50000000,8.61406326,-46.01319235,54.62725561,21.88956346,76.51681907
0.50000000,4.66394424,-46.01319235,50.67713660,21.88956346,72.56670006
0.50000000,6.36529922,-46.01319235,52.37849158,21.88956346,74.26805504
0.50000000,0.51355362,-46.01319235,46.52674597,21.88956346,68.41630943
0.50000000,3.89719009,-46.01319235,49.91038245,21.88956346,71.79994590
0.50000000,8.42905045,-46.01319235,54.44224280,21.88956346,76.33180626
0.50000000,5.99622726,-46.01319235,52.00941962,21.88956346,73.89898308
0.50000000,0.99802017,-46.01319235,47.01121252,21.88956346,68.90077598
0.50000000,5.01680374,-46.01319235,51.02999609,21.88956346,72.91955955
0.53125000,-1.65891647,-49.62194251,47.96302604,22.20011893,70.16314497
0.53125000,0.14066696,-49.62194251,49.76260948,22.20011893,71.96272841
0.53125000,1.58166885,-49.62194251,51.20361137,22.20011893,73.40373030
0.53125000,3.75318527,-49.62194251,53.37512779,22.20011893,75.57524672
0.53125000,5.65862656,-49.62194251,55.28056907,22.20011893,77.48068800
0.53125000,4.92238998,-49.62194251,54.54433250,22.20011893,76.74445143
0.53125000,2.11954117,-49.62194251,51.74148368,22.20011893,73.94160262
0.53125000,3.38983536,-49.62194251,53.01177787,22.20011893,75.21189681
0.53125000,3.50618362,-49.62194251,53.12812614,22.20011893,75.32824507
0.53125000,0.81396103,-49.62194251,50.43590354,22.20011893,72.63602248
0.53125000,2.18915939,-49.62194251,51.81110191,22.20011893,74.01122084
0.53125000,-1.56545639,-49.62194251,48.05648612,22.20011893,70.25660506
0.53125000,-0.44965744,-49.62194251,49.17228507,22.20011893,71.37240401
0.53125000,2.43997574,-49.62194251,52.06191825,22.20011893,74.26203719
0.53125000,3.75318527,-49.62194251,53.37512779,22.20011893,75.57524672
0.53125000,1.62553787,-49.62194251,51.24748039,22.20011893,73.44759932
0.53125000,5.96380234,-49.62194251,55.58574485,22.20011893,77.78586379
0.53125000,2.90441513,-49.62194251,52.52635765,22.20011893,74.72647658
0.53125000,-0.24557114,-49.62194251,49.37637138,22.20011893,71.57649031
0.53125000,2.31313705,-49.62194251,51.93507957,22.20011893,74.13519850
0.53125000,3.31354141,-49.62194251,52.93548393,22.20011893,75.13560286
0.53125000,-1.33371353,-49.62194251,48.28822898,22.20011893,70.48834792
0.53125000,1.62649155,-49.62194251,51.24843406,22.20011893,73.44855299
0.53125000,6.00385666,-49.62194251,55.62579917,22.20011893,77.82591811
0.53125000,1.11627579,-49.62194251,50.73821830,22.20011893,72.93833724
0.53125000,6.37960434,-49.62194251,56.00154685,22.20011893,78.20166579
0.53125000,5.18465042,-49.62194251,54.80659294,22.20011893,77.00671187
0.53125000,7.06624985,-49.62194251,56.68819236,22.20011893,78.88831130
0.53125000,1.82485580,-49.62194251,51.44679832,22.20011893,73.64691725
0.53125000,2.10332870,-49.62194251,51.72527122,22.20011893,73.92539015
0.53125000,-2.65741348,-49.62194251,46.96452903,22.20011893,69.16464797
0.53125000,2.83288956,-49.62194251,52.45483207,22.20011893,74.65495100
0.53125000,1.57594681,-49.62194251,51.19788932,22.20011893,73.39800826
0.53125000,0.76818466,-49.62194251,50.39012718,22.20011893,72.59024611
0.53125000,-0.22745132,-49.62194251,49.39449119,22.20011893,71.59461012
0.53125000,1.15060806,-49.62194251,50.77255058,22.20011893,72.97266951
0.53125000,-0.82731247,-49.62194251,48.79463005,22.20011893,70.99474898
0.53125000,-5.85699081,-49.62194251,43.76495170,22.20011893,65.96507063
0.53125000,1.98221207,-49.62194251,51.60415458,22.20011893,73.80427351
0.53125000,2.46477127,-49.62194251,52.08671379,22.20011893,74.28683272
0.53125000,2.25019455,-49.62194251,51.87213706,22.20011893,74.07225600
0.53125000,-0.25796890,-49.62194251,49.36397361,22.20011893,71.56409255
0.53125000,3.56340408,-49.62194251,53.18534660,22.20011893,75.38546553
0.53125000,2.01654434,-49.62194251,51.63848686,22.20011893,73.83860579
0.53125000,2.20918655,-49.62194251,51.83112907,22.20011893,74.03124800
0.53125000,1.76858902,-49.62194251,51.39053153,22.20011893,73.59065047
0.53125000,2.03943253,-49.62194251,51.66137504,22.20011893,73.86149397
0.53125000,3.06749344,-49.62194251,52.68943595,22.20011893,74.88955489
0.53125000,-0.00524521,-49.62194251,49.61669731,22.20011893,71.81681624
0.53125000,-2.05183029,-49.62194251,47.57011222,22.20011893,69.77023116
0.53125000,1.69897079,-49.62194251,51.32091331,22.20011893,73.52103224
0.53125000,0.91886520,-49.62194251,50.54080772,22.20011893,72.74092665
0.53125000,3.49283218,-49.62194251,53.11477470,22.20011893,75.31489363
0.53125000,0.82635880,-49.62194251,50.44830131,22.20011893,72.64842024
0.53125000,-1.56068802,-49.62194251,48.06125450,22.20011893,70.26137343
0.53125000,-0.31805038,-49.62194251,49.30389213,22.20011893,71.50401106
0.53125000,3.40223312,-49.62194251,53.02417564,22.20011893,75.22429457
0.53125000,1.68085098,-49.62194251,51.30279350,22.20011893,73.50291243
0.53125000,2.19869614,-49.62194251,51.82063865,22.20011893,74.02075758
0.53125000,0.62704086,-49.62194251,50.24898338,22.20011893,72.44910231
0.53125000,1.36995316,-49.62194251,50.99189567,22.20011893,73.19201460
0.53125000,5.04922867,-49.62194251,54.67117118,22.20011893,76.87129012
0.53125000,2.58207321,-49.62194251,52.20401573,22.20011893,74.40413466
0.53125000,3.16572189,-49.62194251,52.78766441,22.20011893,74.98778334
0.53125000,0.71191788,-49.62194251,50.33386039,22.20011893,72.53397932
0.53125000,0.52976608,-49.62194251,50.15170860,22.20011893,72.35182753
0.53125000,2.48670578,-49.62194251,52.10864829,22.20011893,74.30876723
0.53125000,0.73575974,-49.62194251,50.35770225,22.20011893,72.55782118
0.53125000,3.08465958,-49.62194251,52.70660209,22.20011893,74.90672102
0.53125000,-0.58126450,-49.62194251,49.04067802,22.20011893,71.24079695
0.53125000,-2.49528885,-49.62194251,47.12665367,22.20011893,69.32677260
0.53125000,2.36558914,-49.62194251,51.98753166,22.20011893,74.18765059
0.53125000,2.70605087,-49.62194251,52.32799339,22.20011893,74.52811232
0.53125000,0.00619888,-49.62194251,49.62814140,22.20011893,71.82826033
0.53125000,-0.96464157,-49.62194251,48.65730094,22.20011893,70.85741988
0.53125000,6.30331039,-49.62194251,55.92525291,22.20011893,78.12537184
0.53125000,4.12034988,-49.62194251,53.74229240,22.20011893,75.94241133
0.53125000,3.51667404,-49.62194251,53.13861656,22.20011893,75.33873549
0.53125000,7.20453262,-49.62194251,56.82647514,22.20011893,79.02659407
0.53125000,0.64611435,-49.62194251,50.26805686,22.20011893,72.46817580
0.56250000,-1.33562088,-53.23069268,51.89507180,22.51067441,74.40574620
0.56250000,-0.51355362,-53.23069268,52.71713906,22.51067441,75.22781347
0.56250000,0.48112869,-53.23069268,53.71182137,22.51067441,76.22249578
0.56250000,-3.09324265,-53.23069268,50.13745003,22.51067441,72.64812444
0.56250000,-2.36368179,-53.23069268,50.86701088,22.51067441,73.37768529
0.56250000,-4.50754166,-53.23069268,48.72315102,22.51067441,71.23382543
0.56250000,-6.29281998,-53.23069268,46.93787270,22.51067441,69.44854711
0.56250000,-2.40468979,-53.23069268,50.82600289,22.51067441,73.33667730
0.56250000,1.39474869,-53.23069268,54.62544137,22.51067441,77.13611577
0.56250000,-5.01489639,-53.23069268,48.21579628,22.51067441,70.72647069
0.56250000,2.36940384,-53.23069268,55.60009652,22.51067441,78.11077092
0.56250000,-4.96244431,-53.23069268,48.26824837,22.51067441,70.77892278
0.56250000,-2.75564194,-53.23069268,50.47505074,22.51067441,72.98572515
0.56250000,-5.76066971,-53.23069268,47.47002297,22.51067441,69.98069738
0.56250000,-2.77662277,-53.23069268,50.45406991,22.51067441,72.96474431
0.56250000,-2.99882889,-53.23069268,50.23186379,22.51067441,72.74253820
0.56250000,-1.63125992,-53.23069268,51.59943276,22.51067441,74.11010717
0.56250000,-5.91039658,-53.23069268,47.32029610,22.51067441,69.83097051
0.56250000,-5.02347946,-53.23069268,48.20721322,22.51067441,70.71788762
0.56250000,-2.17103958,-53.23069268,51.05965310,22.51067441,73.57032750
0.56250000,-7.66324997,-53.23069268,45.56744271,22.51067441,68.07811711
0.56250000,-4.57525253,-53.23069268,48.65544014,22.51067441,71.16611455
0.56250000,-6.74200058,-53.23069268,46.48869210,22.51067441,68.99936650
0.56250000,-6.30807877,-53.23069268,46.92261391,22.51067441,69.43328832
0.56250000,-3.74555588,-53.23069268,49.48513680,22.51067441,71.99581121
0.56250000,-3.72076035,-53.23069268,49.50993233,22.51067441,72.02060674
0.56250000,0.24652481,-53.23069268,53.47721749,22.51067441,75.98789190
0.56250000,-4.31299210,-53.23069268,48.91770058,22.51067441,71.42837499
0.56250000,-0.01573563,-53.23069268,53.21495705,22.51067441,75.72563146
0.56250000,-8.35275650,-53.23069268,44.87793618,22.51067441,67.38861058
0.56250000,-4.32157516,-53.23069268,48.90911751,22.51067441,71.41979192
0.56250000,-1.85060501,-53.23069268,51.38008767,22.51067441,73.89076207
0.56250000,-1.74093246,-53.23069268,51.48976021,22.51067441,74.00043462
0.56250000,-3.35931778,-53.23069268,49.87137490,22.51067441,72.38204930
0.56250000,-0.43821335,-53.23069268,52.79247933,22.51067441,75.30315374
0.56250000,-3.16762924,-53.23069268,50.06306344,22.51067441,72.57373784
0.56250000,-5.88655472,-53.23069268,47.34413796,22.51067441,69.85481237
0.56250000,-3.19528580,-53.23069268,50.03540688,22.51067441,72.54608129
0.56250000,0.38290024,-53.23069268,53.61359292,22.51067441,76.12426732
0.56250000,-4.99582291,-53.23069268,48.23486977,22.51067441,70.74554418
0.56250000,-1.41382217,-53.23069268,51.81687050,22.51067441,74.32754491
0.56250000,-3.80659103,-53.23069268,49.42410164,22.51067441,71.93477605
0.56250000,-7.59553909,-53.23069268,45.63515358,22.51067441,68.14582799
0.56250000,1.84869766,-53.23069268,55.07939034,22.51067441,77.59006475
0.56250000,-0.88357925,-53.23069268,52.34711342,22.51067441,74.85778783
0.56250000,-3.06367874,-53.23069268,50.16701394,22.51067441,72.67768834
0.56250000,-6.61420822,-53.23069268,46.61648446,22.51067441,69.12715886
0.56250000,-0.13685226,-53.23069268,53.09384041,22.51067441,75.60451482
0.56250000,0.62417984,-53.23069268,53.85487252,22.51067441,76.36554692
0.56250000,-2.12430954,-53.23069268,51.10638314,22.51067441,73.61705754
0.56250000,-1.71422958,-53.23069268,51.51646309,22.51067441,74.02713750
0.56250000,-4.05359268,-53.23069268,49.17710000,22.51067441,71.68777440
0.56250000,-5.02729416,-53.23069268,48.20339852,22.51067441,70.71407293
0.56250000,-0.68330765,-53.23069268,52.54738503,22.51067441,75.05805944
0.56250000,-3.71599197,-53.23069268,49.51470070,22.51067441,72.02537511
0.56250000,-3.42321396,-53.23069268,49.80747872,22.51067441,72.31815313
0.56250000,-0.44012070,-53.23069268,52.79057198,22.51067441,75.30124639
0.56250000,-0.53930283,-53.23069268,52.69138985,22.51067441,75.20206426
0.56250000,-3.17430496,-53.23069268,50.05638772,22.51067441,72.56706212
0.56250000,-0.28657913,-53.23069268,52.94411355,22.51067441,75.45478795
0.56250000,-6.82210922,-53.23069268,46.40858346,22.51067441,68.91925786
0.56250000,-2.38370895,-53.23069268,50.84698372,22.51067441,73.35765813
0.56250000,-1.48439407,-53.23069268,51.74629860,22.51067441,74.25697301
0.56250000,-1.57880783,-53.23069268,51.65188485,22.51067441,74.16255925
0.56250000,-5.75971603,-53.23069268,47.47097664,22.51067441,69.98165105
0.56250000,-0.82635880,-53.23069268,52.40433388,22.51067441,74.91500829
0.56250000,2.91395187,-53.23069268,56.14464455,22.51067441,78.65531896
0.56250000,0.03480911,-53.23069268,53.26550179,22.51067441,75.77617620
0.56250000,-1.56736374,-53.23069268,51.66332894,22.51067441,74.17400335
0.56250000,-5.80358505,-53.23069268,47.42710763,22.51067441,69.93778203
0.56250000,-5.21230698,-53.23069268,48.01838570,22.51067441,70.52906011
0.56250000,-2.12907791,-53.23069268,51.10161477,22.51067441,73.61228917
0.56250000,-3.21245193,-53.23069268,50.01824074,22.51067441,72.52891515
0.56250000,-7.69567490,-53.23069268,45.53501778,22.51067441,68.04569219
0.56250000,-3.38125229,-53.23069268,49.84944039,22.51067441,72.36011480
0.56250000,-2.81858444,-53.23069268,50.41210824,22.51067441,72.92278264
0.56250000,-4.80985641,-53.23069268,48.42083626,22.51067441,70.93151067
0.56250000,-5.49554825,-53.23069268,47.73514443,22.51067441,70.24581884
0.56250000,2.39515305,-53.23069268,55.62584572,22.51067441,78.13652013
0.56250000,-6.51121140,-53.23069268,46.71948128,22.51067441,69.23015569
0.59375000,-8.98885727,-56.83944284,47.85058557,22.82122988,70.67181545
0.59375000,-8.77428055,-56.83944284,48.06516229,22.82122988,70.88639217
0.59375000,-10.91241837,-56.83944284,45.92702447,22.82122988,68.74825436
0.59375000,-6.30140305,-56.83944284,50.53803979,22.82122988,73.35926968
0.59375000,-9.53531265,-56.83944284,47.30413019,22.82122988,70.12536007
0.59375000,-10.50615311,-56.83944284,46.33328973,22.82122988,69.15451961
0.59375000,-11.49988174,-56.83944284,45.33956110,22.82122988,68.16079098
0.59375000,-10.70737839,-56.83944284,46.13206445,22.82122988,68.95329433
0.59375000,-5.41734695,-56.83944284,51.42209589,22.82122988,74.24332577
0.59375000,-5.61380386,-56.83944284,51.22563898,22.82122988,74.04686886
0.59375000,-6.29472733,-56.83944284,50.54471551,22.82122988,73.36594540
0.59375000,-11.94238663,-56.83944284,44.89705621,22.82122988,67.71828609
0.59375000,-7.82728195,-56.83944284,49.01216089,22.82122988,71.83339077
0.59375000,-8.92782211,-56.83944284,47.91162073,22.82122988,70.73285061
0.59375000,-9.60683823,-56.83944284,47.23260461,22.82122988,70.05383449
0.59375000,-0.52118301,-56.83944284,56.31825983,22.82122988,79.13948971
0.59375000,-10.08939743,-56.83944284,46.75004541,22.82122988,69.57127529
0.59375000,-3.55386734,-56.83944284,53.28557550,22.82122988,76.10680538
0.59375000,-9.07278061,-56.83944284,47.76666223,22.82122988,70.58789211
0.59375000,-6.27088547,-56.83944284,50.56855737,22.82122988,73.38978725
0.59375000,-7.03191757,-56.83944284,49.80752527,22.82122988,72.62875515
0.59375000,-4.60481644,-56.83944284,52.23462640,22.82122988,75.05585628
0.59375000,-12.43925095,-56.83944284,44.40019189,22.82122988,67.22142178
0.59375000,-7.30657578,-56.83944284,49.53286707,22.82122988,72.35409695
0.59375000,-10.66255569,-56.83944284,46.17688715,22.82122988,68.99811703
0.59375000,-12.44688034,-56.83944284,44.39256250,22.82122988,67.21379238
0.59375000,-9.61256027,-56.83944284,47.22688257,22.82122988,70.04811245
0.59375000,-10.09035110,-56.83944284,46.74909174,22.82122988,69.57032162
0.59375000,-7.88068771,-56.83944284,48.95875513,22.82122988,71.77998501
0.59375000,-6.86788559,-56.83944284,49.97155725,22.82122988,72.79278713
0.59375000,-8.78286362,-56.83944284,48.05657922,22.82122988,70.87780910
0.59375000,-10.16759872,-56.83944284,46.67184412,22.82122988,69.49307400
0.59375000,-5.96189499,-56.83944284,50.87754785,22.82122988,73.69877773
0.59375000,-8.49580765,-56.83944284,48.34363519,22.82122988,71.16486507
0.59375000,-9.38940048,-56.83944284,47.45004236,22.82122988,70.27127224
0.59375000,-10.57863235,-56.83944284,46.26081049,22.82122988,69.08204037
0.59375000,-5.14173508,-56.83944284,51.69770776,22.82122988,74.51893764
0.59375000,-6.61420822,-56.83944284,50.22523462,22.82122988,73.04646450
0.59375000,-9.95397568,-56.83944284,46.88546716,22.82122988,69.70669704
0.59375000,-9.28163528,-56.83944284,47.55780756,22.82122988,70.37903744
0.59375000,-11.97195053,-56.83944284,44.86749231,22.82122988,67.68872219
0.59375000,-6.79731369,-56.83944284,50.04212915,22.82122988,72.86335903
0.59375000,-7.79867172,-56.83944284,49.04077112,22.82122988,71.86200100
0.59375000,-10.89334488,-56.83944284,45.94609796,22.82122988,68.76732784
0.59375000,-11.01350784,-56.83944284,45.82593500,22.82122988,68.64716488
0.59375000,-10.26391983,-56.83944284,46.57552301,22.82122988,69.39675289
0.59375000,-7.89690018,-56.83944284,48.94254266,22.82122988,71.76377254
0.59375000,-9.69266891,-56.83944284,47.14677393,22.82122988,69.96800381
0.59375000,-8.46052170,-56.83944284,48.37892114,22.82122988,71.20015102
0.59375000,-13.30900192,-56.83944284,43.53044092,22.82122988,66.35167080
0.59375000,-7.39431381,-56.83944284,49.44512903,22.82122988,72.26635891
0.59375000,-7.12060928,-56.83944284,49.71883356,22.82122988,72.54006344
0.59375000,-10.12659073,-56.83944284,46.71285211,22.82122988,69.53408199
0.59375000,-5.30576706,-56.83944284,51.53367578,22.82122988,74.35490566
0.59375000,-7.63559341,-56.83944284,49.20384943,22.82122988,72.02507931
0.59375000,-6.24799728,-56.83944284,50.59144556,22.82122988,73.41267544
0.59375000,-11.98148727,-56.83944284,44.85795557,22.82122988,67.67918545
0.59375000,-10.70642471,-56.83944284,46.13301813,22.82122988,68.95424801
0.59375000,-7.13396072,-56.83944284,49.70548212,22.82122988,72.52671200
0.59375000,-7.73382187,-56.83944284,49.10562097,22.82122988,71.92685085
0.59375000,-5.87415695,-56.83944284,50.96528589,22.82122988,73.78651577
0.59375000,-7.77578354,-56.83944284,49.06365930,22.82122988,71.88488918
0.59375000,-9.06705856,-56.83944284,47.77238428,22.82122988,70.59361416
0.59375000,-11.48271561,-56.83944284,45.35672723,22.82122988,68.17795711
0.59375000,-11.71827316,-56.83944284,45.12116968,22.82122988,67.94239956
0.59375000,-11.93666458,-56.83944284,44.90277826,22.82122988,67.72400814
0.59375000,-8.22973251,-56.83944284,48.60971033,22.82122988,71.43094021
0.59375000,-5.01298904,-56.83944284,51.82645380,22.82122988,74.64768368
0.59375000,-7.28845596,-56.83944284,49.55098688,22.82122988,72.37221676
0.59375000,-10.49757004,-56.83944284,46.34187280,22.82122988,69.16310268
0.59375000,-10.65111160,-56.83944284,46.18833124,22.82122988,69.00956112
0.59375000,-10.00833511,-56.83944284,46.83110773,22.82122988,69.65233761
0.59375000,-4.14609909,-56.83944284,52.69334375,22.82122988,75.51457363
0.59375000,-10.09988785,-56.83944284,46.73955499,22.82122988,69.56078487
0.59375000,-6.58655167,-56.83944284,50.25289117,22.82122988,73.07412105
0.59375000,-11.46078110,-56.83944284,45.37866174,22.82122988,68.19989162
0.59375000,-9.41801071,-56.83944284,47.42143213,22.82122988,70.24266201
0.59375000,-5.37538528,-56.83944284,51.46405756,22.82122988,74.28528744
0.59375000,-11.21664047,-56.83944284,45.62280237,22.82122988,68.44403225
0.62500000,-13.73338699,-60.44819300,46.71480601,23.13178535,69.84659136
0.62500000,-15.26498795,-60.44819300,45.18320506,23.13178535,68.31499041
0.62500000,-13.55409622,-60.44819300,46.89409678,23.13178535,70.02588214
0.62500000,-10.87331772,-60.44819300,49.57487528,23.13178535,72.70666064
0.62500000,-13.90600204,-60.44819300,46.54219096,23.13178535,69.67397631
0.62500000,-14.27602768,-60.44819300,46.17216532,23.13178535,69.30395068
0.62500000,-13.25654984,-60.44819300,47.19164317,23.13178535,70.32342852
0.62500000,-8.72278214,-60.44819300,51.72541087,23.13178535,74.85719622
0.62500000,-20.33281326,-60.44819300,40.11537974,23.13178535,63.24716510
0.62500000,-12.23611832,-60.44819300,48.21207469,23.13178535,71.34386004
0.62500000,-13.69619370,-60.44819300,46.75199931,23.13178535,69.88378466
0.62500000,-16.06893539,-60.44819300,44.37925761,23.13178535,67.51104296
0.62500000,-14.48583603,-60.44819300,45.96235697,23.13178535,69.09414233
0.62500000,-11.72590256,-60.44819300,48.72229045,23.13178535,71.85407580
0.62500000,-13.92602921,-60.44819300,46.52216380,23.13178535,69.65394915
0.62500000,-16.32547379,-60.44819300,44.12271922,23.13178535,67.25450457
0.62500000,-12.95423508,-60.44819300,47.49395793,23.13178535,70.62574328
0.62500000,-17.61102676,-60.44819300,42.83716624,23.13178535,65.96895159
0.62500000,-14.19496536,-60.44819300,46.25322764,23.13178535,69.38501300
0.62500000,-14.87493515,-60.44819300,45.57325785,23.13178535,68.70504321
0.62500000,-13.43870163,-60.44819300,47.00949137,23.13178535,70.14127673
0.62500000,-13.06962967,-60.44819300,47.37856333,23.13178535,70.51034869
0.62500000,-9.63258743,-60.44819300,50.81560557,23.13178535,73.94739093
0.62500000,-13.50927353,-60.44819300,46.93891947,23.13178535,70.07070483
0.62500000,-13.09537888,-60.44819300,47.35281413,23.13178535,70.48459948
0.62500000,-9.49907303,-60.44819300,50.94911997,23.13178535,74.08090533
0.62500000,-14.26267624,-60.44819300,46.18551676,23.13178535,69.31730212
0.62500000,-14.36948776,-60.44819300,46.07870524,23.13178535,69.21049060
0.62500000,-14.66989517,-60.44819300,45.77829783,23.13178535,68.91008319
0.62500000,-15.00940323,-60.44819300,45.43878977,23.13178535,68.57057513
0.62500000,-15.50722122,-60.44819300,44.94097178,23.13178535,68.07275714
0.62500000,-11.47603989,-60.44819300,48.97215312,23.13178535,72.10393847
0.62500000,-11.95383072,-60.44819300,48.49436228,23.13178535,71.62614764
0.62500000,-12.40301132,-60.44819300,48.04518168,23.13178535,71.17696704
0.62500000,-8.06379318,-60.44819300,52.38439982,23.13178535,75.51618518
0.62500000,-10.77890396,-60.44819300,49.66928904,23.13178535,72.80107440
0.62500000,-11.76309586,-60.44819300,48.68509715,23.13178535,71.81688250
0.62500000,-14.24074173,-60.44819300,46.20745127,23.13178535,69.33923663
0.62500000,-15.00272751,-60.44819300,45.44546549,23.13178535,68.57725085
0.62500000,-14.45531845,-60.44819300,45.99287455,23.13178535,69.12465991
0.62500000,-8.87823105,-60.44819300,51.56996195,23.13178535,74.70174731
0.62500000,-12.06254959,-60.44819300,48.38564341,23.13178535,71.51742877
0.62500000,-13.87643814,-60.44819300,46.57175486,23.13178535,69.70354022
0.62500000,-11.52181625,-60.44819300,48.92637675,23.13178535,72.05816210
0.62500000,-10.30206680,-60.44819300,50.14612620,23.13178535,73.27791156
0.62500000,-13.86594772,-60.44819300,46.58224528,23.13178535,69.71403063
0.62500000,-8.18204880,-60.44819300,52.26614421,23.13178535,75.39792956
0.62500000,-12.37058640,-60.44819300,48.07760661,23.13178535,71.20939196
0.62500000,-13.80205154,-60.44819300,46.64614146,23.13178535,69.77792681
0.62500000,-14.29605484,-60.44819300,46.15213816,23.13178535,69.28392352
0.62500000,-14.59169388,-60.44819300,45.85649913,23.13178535,68.98828448
0.62500000,-17.34590530,-60.44819300,43.10228770,23.13178535,66.23407305
0.62500000,-10.96773148,-60.44819300,49.48046153,23.13178535,72.61224688
0.62500000,-13.02194595,-60.44819300,47.42624705,23.13178535,70.55803240
0.62500000,-14.04142380,-60.44819300,46.40676921,23.13178535,69.53855456
0.62500000,-13.85545731,-60.44819300,46.59273570,23.13178535,69.72452105
0.62500000,-10.68544388,-60.44819300,49.76274913,23.13178535,72.89453448
0.62500000,-15.54059982,-60.44819300,44.90759318,23.13178535,68.03937854
0.62500000,-14.80150223,-60.44819300,45.64669078,23.13178535,68.77847613
0.62500000,-9.13572311,-60.44819300,51.31246989,23.13178535,74.44425524
0.62500000,-12.36009598,-60.44819300,48.08809703,23.13178535,71.21988238
0.62500000,-13.96036148,-60.44819300,46.48783152,23.13178535,69.61961688
0.62500000,-14.64128494,-60.44819300,45.80690806,23.13178535,68.93869342
0.62500000,-9.78326797,-60.44819300,50.66492503,23.13178535,73.79671038
0.62500000,-11.24811172,-60.44819300,49.20008128,23.13178535,72.33186663
0.62500000,-15.41662216,-60.44819300,45.03157084,23.13178535,68.16335620
0.62500000,-11.16228104,-60.44819300,49.28591197,23.13178535,72.41769732
0.62500000,15.45572281,-60.44819300,75.90391581,23.13178535,99.03570117
0.65625000,-16.68906212,-64.05694317,47.36788105,23.44234083,70.81022188
0.65625000,-21.48604393,-64.05694317,42.57089924,23.44234083,66.01324006
0.65625000,-19.74749565,-64.05694317,44.30944751,23.44234083,67.75178834
0.65625000,-14.68348503,-64.05694317,49.37345813,23.44234083,72.81579896
0.65625000,-24.66559410,-64.05694317,39.39134907,23.44234083,62.83368989
0.65625000,-16.48688316,-64.05694317,47.57006000,23.44234083,71.01240083
0.65625000,-24.22785759,-64.05694317,39.82908558,23.44234083,63.27142641
0.65625000,-17.26698875,-64.05694317,46.78995441,23.44234083,70.23229524
0.65625000,-20.23863792,-64.05694317,43.81830524,23.44234083,67.26064607
0.65625000,-18.84818077,-64.05694317,45.20876240,23.44234083,68.65110322
0.65625000,-21.55566216,-64.05694317,42.50128101,23.44234083,65.94362184
0.65625000,-19.96874809,-64.05694317,44.08819507,23.44234083,67.53053590
0.65625000,-16.07680321,-64.05694317,47.98013996,23.44234083,71.42248079
0.65625000,-19.94776726,-64.05694317,44.10917591,23.44234083,67.55151674
0.65625000,-20.17951012,-64.05694317,43.87743305,23.44234083,67.31977388
0.65625000,-19.06752586,-64.05694317,44.98941730,23.44234083,68.43175813
0.65625000,-16.41631126,-64.05694317,47.64063190,23.44234083,71.08297273
0.65625000,-19.06180382,-64.05694317,44.99513935,23.44234083,68.43748018
0.65625000,-15.67912102,-64.05694317,48.37782215,23.44234083,71.82016298
0.65625000,-17.06385612,-64.05694317,46.99308704,23.44234083,70.43542787
0.65625000,-15.83361626,-64.05694317,48.22332691,23.44234083,71.66566774
0.65625000,-20.68018913,-64.05694317,43.37675403,23.44234083,66.81909486
0.65625000,-19.70362663,-64.05694317,44.35331653,23.44234083,67.79565736
0.65625000,-18.49055290,-64.05694317,45.56639026,23.44234083,69.00873109
0.65625000,-15.02490044,-64.05694317,49.03204273,23.44234083,72.47438356
0.65625000,-21.85320854,-64.05694317,42.20373462,23.44234083,65.64607545
0.65625000,-20.67065239,-64.05694317,43.38629078,23.44234083,66.82863161
0.65625000,-19.79041100,-64.05694317,44.26653217,23.44234083,67.70887300
0.65625000,-18.64886284,-64.05694317,45.40808033,23.44234083,68.85042116
0.65625000,-19.77705956,-64.05694317,44.27988361,23.44234083,67.72222444
0.65625000,-18.99600029,-64.05694317,45.06094288,23.44234083,68.50328370
0.65625000,-17.74859428,-64.05694317,46.30834888,23.44234083,69.75068971
0.65625000,-23.79107475,-64.05694317,40.26586841,23.44234083,63.70820924
0.65625000,-18.11385155,-64.05694317,45.94309162,23.44234083,69.38543245
0.65625000,-21.41833305,-64.05694317,42.63861011,23.44234083,66.08095094
0.65625000,-23.77200127,-64.05694317,40.28494190,23.44234083,63.72728273
0.65625000,-19.60539818,-64.05694317,44.45154499,23.44234083,67.89388582
0.65625000,-20.29395103,-64.05694317,43.76299213,23.44234083,67.20533296
0.65625000,-17.19832420,-64.05694317,46.85861896,23.44234083,70.30095979
0.65625000,-20.79463005,-64.05694317,43.26231312,23.44234083,66.70465394
0.65625000,-18.74041557,-64.05694317,45.31652759,23.44234083,68.75886842
0.65625000,-19.04559135,-64.05694317,45.01135181,23.44234083,68.45369264
0.65625000,-17.14301109,-64.05694317,46.91393207,23.44234083,70.35627290
0.65625000,-17.52161980,-64.05694317,46.53532337,23.44234083,69.97766420
0.65625000,-14.88375664,-64.05694317,49.17318653,23.44234083,72.61552736
0.65625000,-18.33415031,-64.05694317,45.72279285,23.44234083,69.16513368
0.65625000,-17.90213585,-64.05694317,46.15480732,23.44234083,69.59714815
0.65625000,-20.88236809,-64.05694317,43.17457508,23.44234083,66.61691591
0.65625000,-18.35703850,-64.05694317,45.69990467,23.44234083,69.14224550
0.65625000,-22.69530296,-64.05694317,41.36164020,23.44234083,64.80398103
0.65625000,-15.69724083,-64.05694317,48.35970234,23.44234083,71.80204317
0.65625000,-20.86520195,-64.05694317,43.19174122,23.44234083,66.63408204
0.65625000,-15.86127281,-64.05694317,48.19567035,23.44234083,71.63801118
0.65625000,-18.51153374,-64.05694317,45.54540943,23.44234083,68.98775026
0.65625000,-25.15292168,-64.05694317,38.90402149,23.44234083,62.34636232
0.65625000,-18.10336113,-64.05694317,45.95358204,23.44234083,69.39592287
0.65625000,-21.44503593,-64.05694317,42.61190723,23.44234083,66.05424806
0.65625000,-21.79980278,-64.05694317,42.25714039,23.44234083,65.69948121
0.65625000,-24.62935448,-64.05694317,39.42758869,23.44234083,62.86992952
0.65625000,-18.97692680,-64.05694317,45.08001636,23.44234083,68.52235719
0.65625000,-16.03960991,-64.05694317,48.01733326,23.44234083,71.45967409
0.65625000,-19.88673210,-64.05694317,44.17021106,23.44234083,67.61255189
0.65625000,-22.10402489,-64.05694317,41.95291828,23.44234083,65.39525911
0.68750000,-29.02650833,-67.66569333,38.63918500,23.75289630,62.39208130
0.68750000,-23.83184433,-67.66569333,43.83384900,23.75289630,67.58674530
0.68750000,-21.11673355,-67.66569333,46.54895978,23.75289630,70.30185608
0.68750000,-21.33417130,-67.66569333,46.33152203,23.75289630,70.08441834
0.68750000,-26.75008774,-67.66569333,40.91560559,23.75289630,64.66850189
0.68750000,-23.39696884,-67.66569333,44.26872449,23.75289630,68.02162079
0.68750000,-23.40459824,-67.66569333,44.26109509,23.75289630,68.01399140
0.68750000,-24.25336838,-67.66569333,43.41232495,23.75289630,67.16522125
0.68750000,-20.62368393,-67.66569333,47.04200940,23.75289630,70.79490570
0.68750000,-27.38523483,-67.66569333,40.28045850,23.75289630,64.03335480
0.68750000,-25.59995651,-67.66569333,42.06573682,23.75289630,65.81863312
0.68750000,-18.91660690,-67.66569333,48.74908643,23.75289630,72.50198273
0.68750000,-23.34737778,-67.66569333,44.31831555,23.75289630,68.07121185
0.68750000,-25.33960342,-67.66569333,42.32608990,23.75289630,66.07898621
0.68750000,-22.00555801,-67.66569333,45.66013531,23.75289630,69.41303162
0.68750000,-25.68483353,-67.66569333,41.98085980,23.75289630,65.73375610
0.68750000,-26.43918991,-67.66569333,41.22650342,23.75289630,64.97939972
0.68750000,-25.80308914,-67.66569333,41.86260419,23.75289630,65.61550049
0.68750000,-20.34521103,-67.66569333,47.32048230,23.75289630,71.07337860
0.68750000,-25.75349808,-67.66569333,41.91219525,23.75289630,65.66509155
0.68750000,-21.73852921,-67.66569333,45.92716412,23.75289630,69.68006043
0.68750000,-25.70295334,-67.66569333,41.96273999,23.75289630,65.71563629
0.68750000,-25.06303787,-67.66569333,42.60265546,23.75289630,66.35555176
0.68750000,-23.69260788,-67.66569333,43.97308545,23.75289630,67.72598175
0.68750000,-26.60036087,-67.66569333,41.06533246,23.75289630,64.81822876
0.68750000,-24.13225174,-67.66569333,43.53344159,23.75289630,67.28633789
0.68750000,-22.06277847,-67.66569333,45.60291486,23.75289630,69.35581116
0.68750000,-25.06875992,-67.66569333,42.59693341,23.75289630,66.34982971
0.68750000,-25.32148361,-67.66569333,42.34420972,23.75289630,66.09710602
0.68750000,-26.19791031,-67.66569333,41.46778302,23.75289630,65.22067932
0.68750000,-23.37312698,-67.66569333,44.29256635,23.75289630,68.04546265
0.68750000,-23.43511581,-67.66569333,44.23057751,23.75289630,67.98347382
0.68750000,-22.50528336,-67.66569333,45.16040997,23.75289630,68.91330628
0.68750000,-25.71058273,-67.66569333,41.95511060,23.75289630,65.70800690
0.68750000,-30.27391434,-67.66569333,37.39177899,23.75289630,61.14467529
0.68750000,-26.06439590,-67.66569333,41.60129742,23.75289630,65.35419373
0.68750000,-20.21455765,-67.66569333,47.45113568,23.75289630,71.20403198
0.68750000,-21.87871933,-67.66569333,45.78697400,23.75289630,69.53987030
0.68750000,-21.11673355,-67.66569333,46.54895978,23.75289630,70.30185608
0.68750000,-23.48470688,-67.66569333,44.18098645,23.75289630,67.93388275
0.68750000,-26.89981461,-67.66569333,40.76587872,23.75289630,64.51877503
0.68750000,-26.07202530,-67.66569333,41.59366803,23.75289630,65.34656433
0.68750000,-24.79028702,-67.66569333,42.87540631,23.75289630,66.62830261
0.68750000,-27.40335464,-67.66569333,40.26233868,23.75289630,64.01523499
0.68750000,-24.63483810,-67.66569333,43.03085522,23.75289630,66.78375153
0.68750000,-27.63414383,-67.66569333,40.03154950,23.75289630,63.78444580
0.68750000,-24.81603622,-67.66569333,42.84965710,23.75289630,66.60255341
0.68750000,-27.06003189,-67.66569333,40.60566144,23.75289630,64.35855774
0.68750000,-26.27134323,-67.66569333,41.39435010,23.75289630,65.14724640
0.68750000,-25.00009537,-67.66569333,42.66559796,23.75289630,66.41849426
0.68750000,-26.52502060,-67.66569333,41.14067273,23.75289630,64.89356903
0.68750000,-24.87039566,-67.66569333,42.79529767,23.75289630,66.54819397
0.68750000,-23.86236191,-67.66569333,43.80333142,23.75289630,67.55622772
0.68750000,-20.65515518,-67.66569333,47.01053815,23.75289630,70.76343445
0.68750000,-23.30350876,-67.66569333,44.36218457,23.75289630,68.11508087
0.68750000,-24.70636368,-67.66569333,42.95932965,23.75289630,66.71222595
0.68750000,-24.84178543,-67.66569333,42.82390790,23.75289630,66.57680420
0.68750000,-24.17993546,-67.66569333,43.48575787,23.75289630,67.23865418
0.68750000,-24.51848984,-67.66569333,43.14720349,23.75289630,66.90009979
0.68750000,-26.29709244,-67.66569333,41.36860089,23.75289630,65.12149719
0.68750000,-20.83349228,-67.66569333,46.83220105,23.75289630,70.58509735
0.68750000,-28.19967270,-67.66569333,39.46602063,23.75289630,63.21891693
0.68750000,-24.96099472,-67.66569333,42.70469861,23.75289630,66.45759491
0.68750000,-26.31902695,-67.66569333,41.34666638,23.75289630,65.09956268
0.68750000,-23.15568924,-67.66569333,44.51000409,23.75289630,68.26290039
0.68750000,-22.10760117,-67.66569333,45.55809216,23.75289630,69.31098847
0.68750000,-31.65674210,-67.66569333,36.00895123,23.75289630,59.76184754
0.68750000,-25.73633194,-67.66569333,41.92936139,23.75289630,65.68225769
0.68750000,-24.90758896,-67.66569333,42.75810437,23.75289630,66.51100067
0.68750000,-22.56822586,-67.66569333,45.09746747,23.75289630,68.85036377
0.68750000,-23.25201035,-67.66569333,44.41368298,23.75289630,68.16657929
0.68750000,-24.98197556,-67.66569333,42.68371777,23.75289630,66.43661408
0.68750000,-22.31359482,-67.66569333,45.35209851,23.75289630,69.10499481
0.68750000,-22.99833298,-67.66569333,44.66736035,23.75289630,68.42025665
0.68750000,-22.27163315,-67.66569333,45.39406018,23.75289630,69.14695648
0.68750000,-28.45335007,-67.66569333,39.21234326,23.75289630,62.96523956
0.68750000,-24.67012405,-67.66569333,42.99556927,23.75289630,66.74846558
0.68750000,-24.94287491,-67.66569333,42.72281842,23.75289630,66.47571472
0.68750000,-23.18716049,-67.66569333,44.47853284,23.75289630,68.23142914
0.68750000,-30.29298782,-67.66569333,37.37270551,23.75289630,61.12560181
0.06250000,4.42123413,4.50930993,-0.08807580,17.54178682,17.45371103
0.06250000,4.25815582,4.50930993,-0.25115410,17.54178682,17.29063272
0.06250000,4.57572937,4.50930993,0.06641944,17.54178682,17.60820627
0.06250000,4.51087952,4.50930993,0.00156959,17.54178682,17.54335641
0.06250000,5.13744354,4.50930993,0.62813361,17.54178682,18.16992044
0.06250000,4.14466858,4.50930993,-0.36464135,17.54178682,17.17714548
0.06250000,4.10366058,4.50930993,-0.40564934,17.54178682,17.13613748
0.06250000,3.98063660,4.50930993,-0.52867333,17.54178682,17.01311349
0.06250000,5.14411926,4.50930993,0.63480934,17.54178682,18.17659616
0.06250000,5.47313690,4.50930993,0.96382697,17.54178682,18.50561380
0.06250000,4.91619110,4.50930993,0.40688117,17.54178682,17.94866800
0.06250000,5.74398041,4.50930993,1.23467048,17.54178682,18.77645730
0.06250000,4.40788269,4.50930993,-0.10142724,17.54178682,17.44035959
0.06250000,4.28771973,4.50930993,-0.22159020,17.54178682,17.32019662
0.06250000,4.63104248,4.50930993,0.12173255,17.54178682,17.66351938
0.06250000,4.97055054,4.50930993,0.46124061,17.54178682,18.00302743
0.06250000,4.90093231,4.50930993,0.39162238,17.54178682,17.93340921
0.06250000,5.31578064,4.50930993,0.80647071,17.54178682,18.34825754
0.06250000,4.91142273,4.50930993,0.40211280,17.54178682,17.94389963
0.06250000,4.63581085,4.50930993,0.12650092,17.54178682,17.66828775
0.06250000,4.91046906,4.50930993,0.40115913,17.54178682,17.94294595
0.06250000,5.28907776,4.50930993,0.77976783,17.54178682,18.32155465
0.06250000,3.79276276,4.50930993,-0.71654717,17.54178682,16.82523965
0.06250000,4.82082367,4.50930993,0.31151374,17.54178682,17.85330057
0.06250000,4.54044342,4.50930993,0.03113349,17.54178682,17.57292032
0.06250000,4.11510468,4.50930993,-0.39420525,17.54178682,17.14758157
0.06250000,5.24520874,4.50930993,0.73589881,17.54178682,18.27768564
0.06250000,4.09698486,4.50930993,-0.41232506,17.54178682,17.12946176
0.06250000,4.98580933,4.50930993,0.47649940,17.54178682,18.01828622
0.06250000,4.08172607,4.50930993,-0.42758385,17.54178682,17.11420297
0.06250000,5.44548035,4.50930993,0.93617042,17.54178682,18.47795724
0.06250000,3.95107269,4.50930993,-0.55823723,17.54178682,16.98354959
0.06250000,4.59384918,4.50930993,0.08453925,17.54178682,17.62632608
0.06250000,5.14411926,4.50930993,0.63480934,17.54178682,18.17659616
0.06250000,4.64534760,4.50930993,0.13603767,17.54178682,17.67782449
0.06250000,4.60243225,4.50930993,0.09312232,17.54178682,17.63490915
0.06250000,4.53090668,4.50930993,0.02159675,17.54178682,17.56338357
0.06250000,4.38022614,4.50930993,-0.12908379,17.54178682,17.41270303
0.06250000,4.43458557,4.50930993,-0.07472436,17.54178682,17.46706247
0.06250000,4.85610962,4.50930993,0.34679969,17.54178682,17.88858652
0.06250000,4.81319427,4.50930993,0.30388435,17.54178682,17.84567117
0.06250000,4.75120544,4.50930993,0.24189552,17.54178682,17.78368234
0.06250000,5.43308258,4.50930993,0.92377265,17.54178682,18.46555948
0.06250000,5.12790680,4.50930993,0.61859687,17.54178682,18.16038370
0.06250000,4.31156158,4.50930993,-0.19774834,17.54178682,17.34403848
0.06250000,4.60529327,4.50930993,0.09598335,17.54178682,17.63777017
0.06250000,4.32109833,4.50930993,-0.18821160,17.54178682,17.35357522
0.06250000,4.72640991,4.50930993,0.21709998,17.54178682,17.75888681
0.06250000,4.76837158,4.50930993,0.25906165,17.54178682,17.80084848
0.06250000,5.64575195,4.50930993,1.13644203,17.54178682,18.67822885
0.06250000,4.71496582,4.50930993,0.20565589,17.54178682,17.74744272
0.06250000,4.11224365,4.50930993,-0.39706628,17.54178682,17.14472055
0.06250000,4.89807129,4.50930993,0.38876136,17.54178682,17.93054819
0.06250000,4.73785400,4.50930993,0.22854408,17.54178682,17.77033090
0.06250000,4.80556488,4.50930993,0.29625495,17.54178682,17.83804178
0.06250000,4.63485718,4.50930993,0.12554725,17.54178682,17.66733407
0.06250000,5.87940216,4.50930993,1.37009223,17.54178682,18.91187906
0.06250000,4.91237640,4.50930993,0.40306648,17.54178682,17.94485330
0.06250000,4.33540344,4.50930993,-0.17390649,17.54178682,17.36788034
0.06250000,4.11224365,4.50930993,-0.39706628,17.54178682,17.14472055
0.06250000,5.95283508,4.50930993,1.44352516,17.54178682,18.98531198
0.06250000,3.67355347,4.50930993,-0.83575646,17.54178682,16.70603036
0.06250000,5.06973267,4.50930993,0.56042274,17.54178682,18.10220956
0.06250000,4.38785553,4.50930993,-0.12145440,17.54178682,17.42033243
0.06250000,4.81319427,4.50930993,0.30388435,17.54178682,17.84567117
0.06250000,4.42123413,4.50930993,-0.08807580,17.54178682,17.45371103
0.06250000,5.70201874,4.50930993,1.19270881,17.54178682,18.73449563
0.06250000,4.82273102,4.50930993,0.31342109,17.54178682,17.85520791
0.06250000,4.02259827,4.50930993,-0.48671166,17.54178682,17.05507516
0.06250000,3.52478027,4.50930993,-0.98452965,17.54178682,16.55725717
0.06250000,4.10079956,4.50930993,-0.40851037,17.54178682,17.13327646
0.06250000,4.68826294,4.50930993,0.17895301,17.54178682,17.72073984
0.06250000,4.04357910,4.50930993,-0.46573083,17.54178682,17.07605600
0.06250000,4.77600098,4.50930993,0.26669105,17.54178682,17.80847787
0.06250000,4.64248657,4.50930993,0.13317664,17.54178682,17.67496347
0.06250000,4.90570068,4.50930993,0.39639076,17.54178682,17.93817758
0.06250000,4.68254089,4.50930993,0.17323097,17.54178682,17.71501779
0.06250000,4.49466705,4.50930993,-0.01464287,17.54178682,17.52714395
0.06250000,4.37641144,4.50930993,-0.13289849,17.54178682,17.40888833
0.06250000,4.83417511,4.50930993,0.32486518,17.54178682,17.86665201
0.71875000,-30.35998344,-71.27444349,40.91446005,24.06345178,64.97791182
0.71875000,-27.35400200,-71.27444349,43.92044149,24.06345178,67.98389327
0.71875000,-28.85794640,-71.27444349,42.41649710,24.06345178,66.47994887
0.71875000,-28.29051018,-71.27444349,42.98393331,24.06345178,67.04738509
0.71875000,-30.21025658,-71.27444349,41.06418692,24.06345178,65.12763869
0.71875000,-32.17387199,-71.27444349,39.10057150,24.06345178,63.16402327
0.71875000,-31.20779991,-71.27444349,40.06664358,24.06345178,64.13009536
0.71875000,-30.33900261,-71.27444349,40.93544088,24.06345178,64.99889266
0.71875000,-34.90233421,-71.27444349,36.37210928,24.06345178,60.43556106
0.71875000,-28.36298943,-71.27444349,42.91145407,24.06345178,66.97490584
0.71875000,-30.96365929,-71.27444349,40.31078421,24.06345178,64.37423598
0.71875000,-31.51106834,-71.27444349,39.76337515,24.06345178,63.82682692
0.71875000,-29.00481224,-71.27444349,42.26963125,24.06345178,66.33308303
0.71875000,-33.12849998,-71.27444349,38.14594351,24.06345178,62.20939528
0.71875000,-32.90343285,-71.27444349,38.37101065,24.06345178,62.43446242
0.71875000,-32.72128105,-71.27444349,38.55316244,24.06345178,62.61661422
0.71875000,-31.42428398,-71.27444349,39.85015951,24.06345178,63.91361129
0.71875000,-29.10304070,-71.27444349,42.17140280,24.06345178,66.23485457
0.71875000,-28.55277061,-71.27444349,42.72167288,24.06345178,66.78512465
0.71875000,-31.66747093,-71.27444349,39.60697256,24.06345178,63.67042434
0.71875000,-30.21311760,-71.27444349,41.06132589,24.06345178,65.12477767
0.71875000,-31.84199333,-71.27444349,39.43245016,24.06345178,63.49590194
0.71875000,-31.84485435,-71.27444349,39.42958914,24.06345178,63.49304091
0.71875000,-32.54866600,-71.27444349,38.72577749,24.06345178,62.78922927
0.71875000,-35.35246849,-71.27444349,35.92197500,24.06345178,59.98542678
0.71875000,-31.13341331,-71.27444349,40.14103018,24.06345178,64.20448195
0.71875000,-30.05480766,-71.27444349,41.21963583,24.06345178,65.28308761
0.71875000,-26.41558647,-71.27444349,44.85885702,24.06345178,68.92230880
0.71875000,-28.89227867,-71.27444349,42.38216482,24.06345178,66.44561660
0.71875000,-27.46272087,-71.27444349,43.81172262,24.06345178,67.87517440
0.71875000,-31.45766258,-71.27444349,39.81678091,24.06345178,63.88023269
0.71875000,-27.17280388,-71.27444349,44.10163961,24.06345178,68.16509139
0.71875000,-35.07971764,-71.27444349,36.19472586,24.06345178,60.25817763
0.71875000,-30.47156334,-71.27444349,40.80288015,24.06345178,64.86633193
0.71875000,-30.26461601,-71.27444349,41.00982748,24.06345178,65.07327926
0.71875000,-29.59704399,-71.27444349,41.67739950,24.06345178,65.74085128
0.71875000,-32.76705742,-71.27444349,38.50738607,24.06345178,62.57083785
0.71875000,-28.19132805,-71.27444349,43.08311544,24.06345178,67.14656722
0.71875000,-37.59932518,-71.27444349,33.67511831,24.06345178,57.73857009
0.71875000,-34.33966637,-71.27444349,36.93477713,24.06345178,60.99822890
0.71875000,-32.05943108,-71.27444349,39.21501242,24.06345178,63.27846419
0.71875000,-28.44119072,-71.27444349,42.83325277,24.06345178,66.89670455
0.71875000,-26.82662010,-71.27444349,44.44782339,24.06345178,68.51127517
0.71875000,-30.92074394,-71.27444349,40.35369955,24.06345178,64.41715133
0.71875000,-29.90221977,-71.27444349,41.37222372,24.06345178,65.43567550
0.71875000,-35.05682945,-71.27444349,36.21761404,24.06345178,60.28106582
0.71875000,-37.43052483,-71.27444349,33.84391867,24.06345178,57.90737044
0.71875000,-30.57265282,-71.27444349,40.70179067,24.06345178,64.76524245
0.71875000,-28.86080742,-71.27444349,42.41363607,24.06345178,66.47708785
0.71875000,-29.57034111,-71.27444349,41.70410238,24.06345178,65.76755416
0.71875000,-31.91256523,-71.27444349,39.36187826,24.06345178,63.42533004
0.71875000,-26.61013603,-71.27444349,44.66430746,24.06345178,68.72775924
0.71875000,-25.98834038,-71.27444349,45.28610311,24.06345178,69.34955489
0.71875000,-27.99105644,-71.27444349,43.28338705,24.06345178,67.34683883
0.71875000,-31.03423119,-71.27444349,40.24021231,24.06345178,64.30366408
0.71875000,-32.51910210,-71.27444349,38.75534140,24.06345178,62.81879317
0.71875000,-31.77428246,-71.27444349,39.50016104,24.06345178,63.56361281
0.71875000,-33.01978111,-71.27444349,38.25466238,24.06345178,62.31811416
0.71875000,-29.97183800,-71.27444349,41.30260549,24.06345178,65.36605727
0.71875000,-30.72333336,-71.27444349,40.55111013,24.06345178,64.61456191
0.71875000,-34.18707848,-71.27444349,37.08736502,24.06345178,61.15081679
0.71875000,-34.62672234,-71.27444349,36.64772116,24.06345178,60.71117293
0.71875000,-26.27730370,-71.27444349,44.99713980,24.06345178,69.06059157
0.71875000,-29.01244164,-71.27444349,42.26200186,24.06345178,66.32545363
0.71875000,-31.45098686,-71.27444349,39.82345663,24.06345178,63.88690841
0.71875000,-32.31978416,-71.27444349,38.95465933,24.06345178,63.01811110
0.71875000,-33.76173973,-71.27444349,37.51270376,24.06345178,61.57615554
0.71875000,-35.72535515,-71.27444349,35.54908834,24.06345178,59.61254012
0.71875000,-30.45248985,-71.27444349,40.82195364,24.06345178,64.88540542
0.71875000,-32.88722038,-71.27444349,38.38722311,24.06345178,62.45067489
0.71875000,-31.24022484,-71.27444349,40.03421865,24.06345178,64.09767043
0.71875000,-31.69798851,-71.27444349,39.57645498,24.06345178,63.63990676
0.71875000,-26.33547783,-71.27444349,44.93896566,24.06345178,69.00241744
0.71875000,-32.48667717,-71.27444349,38.78776632,24.06345178,62.85121810
0.71875000,-31.30221367,-71.27444349,39.97222982,24.06345178,64.03568160
0.71875000,-29.51216698,-71.27444349,41.76227651,24.06345178,65.82572829
0.71875000,-28.25617790,-71.27444349,43.01826559,24.06345178,67.08171737
0.71875000,-32.64403343,-71.27444349,38.63041006,24.06345178,62.69386184
0.71875000,-30.67660332,-71.27444349,40.59784017,24.06345178,64.66129195
0.71875000,-31.95071220,-71.27444349,39.32373129,24.06345178,63.38718306
0.75000000,-38.20514679,-74.88319365,36.67804686,24.37400725,61.05205412
0.75000000,-38.59329224,-74.88319365,36.28990142,24.37400725,60.66390867
0.75000000,-33.79154205,-74.88319365,41.09165160,24.37400725,65.46565885
0.75000000,-39.18170929,-74.88319365,35.70148436,24.37400725,60.07549162
0.75000000,-39.31808472,-74.88319365,35.56510894,24.37400725,59.93911619
0.75000000,-37.08744049,-74.88319365,37.79575316,24.37400725,62.16976041
0.75000000,-33.54549408,-74.88319365,41.33769957,24.37400725,65.71170683
0.75000000,-34.58309174,-74.88319365,40.30010192,24.37400725,64.67410917
0.75000000,-34.93309021,-74.88319365,39.95010344,24.37400725,64.32411070
0.75000000,-33.29467773,-74.88319365,41.58851592,24.37400725,65.96252317
0.75000000,-38.19561005,-74.88319365,36.68758361,24.37400725,61.06159086
0.75000000,-36.21101379,-74.88319365,38.67217986,24.37400725,63.04618711
0.75000000,-41.58878326,-74.88319365,33.29441039,24.37400725,57.66841764
0.75000000,-32.54222870,-74.88319365,42.34096496,24.37400725,66.71497221
0.75000000,-41.06616974,-74.88319365,33.81702392,24.37400725,58.19103117
0.75000000,-39.64805603,-74.88319365,35.23513762,24.37400725,59.60914487
0.75000000,-40.44055939,-74.88319365,34.44263427,24.37400725,58.81664152
0.75000000,-41.39804840,-74.88319365,33.48514525,24.37400725,57.85915250
0.75000000,-38.81645203,-74.88319365,36.06674163,24.37400725,60.44074888
0.75000000,-33.69903564,-74.88319365,41.18415801,24.37400725,65.55816526
0.75000000,-33.39672089,-74.88319365,41.48647277,24.37400725,65.86048002
0.75000000,-36.16237640,-74.88319365,38.72081725,24.37400725,63.09482450
0.75000000,-37.19329834,-74.88319365,37.68989531,24.37400725,62.06390257
0.75000000,-32.84263611,-74.88319365,42.04055755,24.37400725,66.41456480
0.75000000,-42.41847992,-74.88319365,32.46471374,24.37400725,56.83872099
0.75000000,-36.07749939,-74.88319365,38.80569426,24.37400725,63.17970152
0.75000000,-38.09642792,-74.88319365,36.78676574,24.37400725,61.16077299
0.75000000,-39.78252411,-74.88319365,35.10066955,24.37400725,59.47467680
0.75000000,-42.58918762,-74.88319365,32.29400603,24.37400725,56.66801328
0.75000000,-42.85240173,-74.88319365,32.03079192,24.37400725,56.40479917
0.75000000,-37.60242462,-74.88319365,37.28076903,24.37400725,61.65477628
0.75000000,-37.35351562,-74.88319365,37.52967803,24.37400725,61.90368528
0.75000000,-38.56468201,-74.88319365,36.31851165,24.37400725,60.69251890
0.75000000,-37.82653809,-74.88319365,37.05665557,24.37400725,61.43066282
0.75000000,-34.92736816,-74.88319365,39.95582549,24.37400725,64.32983274
0.75000000,-38.38253021,-74.88319365,36.50066344,24.37400725,60.87467069
0.75000000,-38.37490082,-74.88319365,36.50829284,24.37400725,60.88230009
0.75000000,-39.07775879,-74.88319365,35.80543487,24.37400725,60.17944212
0.75000000,-40.57216644,-74.88319365,34.31102721,24.37400725,58.68503446
0.75000000,-41.25308990,-74.88319365,33.63010375,24.37400725,58.00411100
0.75000000,-42.95349121,-74.88319365,31.92970244,24.37400725,56.30370969
0.75000000,-33.37097168,-74.88319365,41.51222197,24.37400725,65.88622923
0.75000000,-39.11972046,-74.88319365,35.76347320,24.37400725,60.13748045
0.75000000,-40.45200348,-74.88319365,34.43119018,24.37400725,58.80519743
0.75000000,-36.41605377,-74.88319365,38.46713988,24.37400725,62.84114713
0.75000000,-35.22682190,-74.88319365,39.65637176,24.37400725,64.03037901
0.75000000,-39.44873810,-74.88319365,35.43445556,24.37400725,59.80846281
0.75000000,-42.47856140,-74.88319365,32.40463225,24.37400725,56.77863950
0.75000000,-37.98294067,-74.88319365,36.90025298,24.37400725,61.27426023
0.75000000,-35.40039062,-74.88319365,39.48280303,24.37400725,63.85681028
0.75000000,-38.60473633,-74.88319365,36.27845733,24.37400725,60.65246458
0.75000000,-32.03678131,-74.88319365,42.84641234,24.37400725,67.22041959
0.75000000,-38.57326508,-74.88319365,36.30992858,24.37400725,60.68393583
0.75000000,-34.25598145,-74.88319365,40.62721221,24.37400725,65.00121946
0.75000000,-38.34247589,-74.88319365,36.54071776,24.37400725,60.91472501
0.75000000,-41.06903076,-74.88319365,33.81416289,24.37400725,58.18817014
0.75000000,-37.68157959,-74.88319365,37.20161406,24.37400725,61.57562132
0.75000000,-40.15636444,-74.88319365,34.72682921,24.37400725,59.10083646
0.75000000,-37.92190552,-74.88319365,36.96128814,24.37400725,61.33529539
0.75000000,-37.05883026,-74.88319365,37.82436339,24.37400725,62.19837064
0.75000000,-36.46183014,-74.88319365,38.42136352,24.37400725,62.79537077
0.75000000,-40.89450836,-74.88319365,33.98868529,24.37400725,58.36269254
0.75000000,-37.98580170,-74.88319365,36.89739196,24.37400725,61.27139921
0.75000000,-42.75894165,-74.88319365,32.12425200,24.37400725,56.49825925
0.75000000,-34.56115723,-74.88319365,40.32203643,24.37400725,64.69604368
0.75000000,-39.55078125,-74.88319365,35.33241240,24.37400725,59.70641966
0.75000000,-36.41510010,-74.88319365,38.46809356,24.37400725,62.84210081
0.75000000,-38.78021240,-74.88319365,36.10298125,24.37400725,60.47698850
0.75000000,-37.69969940,-74.88319365,37.18349425,24.37400725,61.55750150
0.75000000,-37.02354431,-74.88319365,37.85964934,24.37400725,62.23365659
0.75000000,-35.20774841,-74.88319365,39.67544524,24.37400725,64.04945249
0.75000000,-35.59589386,-74.88319365,39.28729979,24.37400725,63.66130705
0.75000000,-37.58049011,-74.88319365,37.30270354,24.37400725,61.67671079
0.75000000,-35.18199921,-74.88319365,39.70119445,24.37400725,64.07520170
0.75000000,-35.74752808,-74.88319365,39.13566558,24.37400725,63.50967283
0.75000000,-34.81578827,-74.88319365,40.06740539,24.37400725,64.44141264
0.75000000,-32.75203705,-74.88319365,42.13115661,24.37400725,66.50516386
0.75000000,-38.62476349,-74.88319365,36.25843017,24.37400725,60.63243742
0.75000000,-37.84656525,-74.88319365,37.03662841,24.37400725,61.41063566
0.75000000,-35.45379639,-74.88319365,39.42939727,24.37400725,63.80340452
