x_elem2,fe_raw_meVatom,offset_meVatom,fe_offset_corrected_meVatom
0.78125000,-8.43524933,-82.46701413,74.03176480
0.78125000,-11.65962219,-82.46701413,70.80739194
0.78125000,-24.33204651,-82.46701413,58.13496762
0.78125000,-17.76218414,-82.46701413,64.70482999
0.78125000,-9.88769531,-82.46701413,72.57931882
0.78125000,-10.32257080,-82.46701413,72.14444333
0.78125000,-16.92485809,-82.46701413,65.54215604
0.78125000,-20.33519745,-82.46701413,62.13181668
0.78125000,-14.60838318,-82.46701413,67.85863095
0.78125000,-15.36655426,-82.46701413,67.10045987
0.78125000,-17.16995239,-82.46701413,65.29706174
0.78125000,-16.63970947,-82.46701413,65.82730466
0.78125000,-28.56636047,-82.46701413,53.90065366
0.78125000,-15.20252228,-82.46701413,67.26449185
0.78125000,-22.32742310,-82.46701413,60.13959103
0.78125000,-15.04135132,-82.46701413,67.42566281
0.78125000,-16.97635651,-82.46701413,65.49065762
0.78125000,-19.55509186,-82.46701413,62.91192227
0.78125000,-20.07198334,-82.46701413,62.39503079
0.78125000,-11.35158539,-82.46701413,71.11542874
0.78125000,-20.96080780,-82.46701413,61.50620633
0.78125000,-17.66777039,-82.46701413,64.79924374
0.78125000,-10.49709320,-82.46701413,71.96992093
0.78125000,-20.09105682,-82.46701413,62.37595731
0.78125000,-19.74868774,-82.46701413,62.71832639
0.78125000,-14.76478577,-82.46701413,67.70222836
0.78125000,-22.99308777,-82.46701413,59.47392636
0.78125000,-23.01692963,-82.46701413,59.45008450
0.78125000,-19.02198792,-82.46701413,63.44502622
0.78125000,-14.84298706,-82.46701413,67.62402707
0.78125000,-19.45781708,-82.46701413,63.00919705
0.78125000,-16.14284515,-82.46701413,66.32416898
0.78125000,-15.09857178,-82.46701413,67.36844235
0.78125000,-15.12050629,-82.46701413,67.34650784
0.78125000,-17.05169678,-82.46701413,65.41531735
0.78125000,-16.44802094,-82.46701413,66.01899320
0.78125000,-22.60780334,-82.46701413,59.85921079
0.78125000,-16.44611359,-82.46701413,66.02090054
0.78125000,-18.68629456,-82.46701413,63.78071957
0.78125000,-21.19159698,-82.46701413,61.27541715
0.78125000,-5.29003143,-82.46701413,77.17698270
0.78125000,-16.81900024,-82.46701413,65.64801389
0.78125000,-18.19896698,-82.46701413,64.26804715
0.78125000,-20.60508728,-82.46701413,61.86192685
0.78125000,-17.37308502,-82.46701413,65.09392911
0.78125000,-19.98615265,-82.46701413,62.48086148
0.78125000,-22.22156525,-82.46701413,60.24544888
0.78125000,-9.72557068,-82.46701413,72.74144345
0.78125000,-23.69499207,-82.46701413,58.77202206
0.78125000,-20.45345306,-82.46701413,62.01356107
0.78125000,-16.41750336,-82.46701413,66.04951077
0.78125000,-17.26818085,-82.46701413,65.19883328
0.78125000,-17.91191101,-82.46701413,64.55510312
0.78125000,-25.71964264,-82.46701413,56.74737149
0.78125000,-17.73643494,-82.46701413,64.73057919
0.78125000,-19.69623566,-82.46701413,62.77077847
0.78125000,-16.64543152,-82.46701413,65.82158261
0.78125000,-12.90702820,-82.46701413,69.55998593
0.78125000,-26.56936646,-82.46701413,55.89764768
0.78125000,-8.31604004,-82.46701413,74.15097409
0.78125000,-19.56844330,-82.46701413,62.89857083
0.78125000,-20.72525024,-82.46701413,61.74176389
0.78125000,-11.10839844,-82.46701413,71.35861569
0.78125000,-18.68820190,-82.46701413,63.77881223
0.78125000,-18.74065399,-82.46701413,63.72636014
0.78125000,-16.17813110,-82.46701413,66.28888303
0.78125000,-14.46437836,-82.46701413,68.00263577
0.78125000,-15.32649994,-82.46701413,67.14051419
0.78125000,-19.40822601,-82.46701413,63.05878812
0.78125000,-16.92390442,-82.46701413,65.54310971
0.81250000,-22.80616760,-82.71455820,59.90839059
0.81250000,-23.87142181,-82.71455820,58.84313638
0.81250000,-26.92031860,-82.71455820,55.79423959
0.81250000,-23.68736267,-82.71455820,59.02719553
0.81250000,-26.75628662,-82.71455820,55.95827157
0.81250000,-27.26364136,-82.71455820,55.45091684
0.81250000,-28.03039551,-82.71455820,54.68416269
0.81250000,-25.50029755,-82.71455820,57.21426065
0.81250000,-27.75478363,-82.71455820,54.95977457
0.81250000,-26.87740326,-82.71455820,55.83715494
0.81250000,-27.35614777,-82.71455820,55.35841043
0.81250000,-26.15356445,-82.71455820,56.56099374
0.81250000,-26.37577057,-82.71455820,56.33878763
0.81250000,-31.90517426,-82.71455820,50.80938394
0.81250000,-32.74536133,-82.71455820,49.96919687
0.81250000,-29.27398682,-82.71455820,53.44057138
0.81250000,-31.17752075,-82.71455820,51.53703744
0.81250000,-28.24211121,-82.71455820,54.47244699
0.81250000,-29.54959869,-82.71455820,53.16495950
0.81250000,-31.84127808,-82.71455820,50.87328012
0.81250000,-31.67343140,-82.71455820,51.04112680
0.81250000,-35.12096405,-82.71455820,47.59359415
0.81250000,-23.44989777,-82.71455820,59.26466043
0.81250000,-26.88026428,-82.71455820,55.83429391
0.81250000,-30.48515320,-82.71455820,52.22940500
0.81250000,-37.05310822,-82.71455820,45.66144998
0.81250000,-22.02987671,-82.71455820,60.68468149
0.81250000,-32.63187408,-82.71455820,50.08268411
0.81250000,-28.88584137,-82.71455820,53.82871683
0.81250000,-30.25341034,-82.71455820,52.46114786
0.81250000,-28.41186523,-82.71455820,54.30269296
0.81250000,-27.94075012,-82.71455820,54.77380807
0.81250000,-27.78816223,-82.71455820,54.92639596
0.81250000,-23.56243134,-82.71455820,59.15212686
0.81250000,-30.29155731,-82.71455820,52.42300088
0.81250000,-22.51434326,-82.71455820,60.20021493
0.81250000,-25.87032318,-82.71455820,56.84423501
0.81250000,-28.31745148,-82.71455820,54.39710672
0.81250000,-26.15070343,-82.71455820,56.56385477
0.81250000,-25.69103241,-82.71455820,57.02352579
0.81250000,-25.14457703,-82.71455820,57.56998117
0.81250000,-27.35424042,-82.71455820,55.36031778
0.81250000,-26.58653259,-82.71455820,56.12802560
0.81250000,-27.08530426,-82.71455820,55.62925394
0.81250000,-29.11567688,-82.71455820,53.59888132
0.81250000,-20.44487000,-82.71455820,62.26968820
0.81250000,-20.31421661,-82.71455820,62.40034158
0.81250000,-22.15576172,-82.71455820,60.55879648
0.81250000,-34.40856934,-82.71455820,48.30598886
0.81250000,-30.21717072,-82.71455820,52.49738748
0.81250000,-30.52330017,-82.71455820,52.19125803
0.81250000,-29.88338470,-82.71455820,52.83117349
0.81250000,-30.31921387,-82.71455820,52.39534433
0.81250000,-24.01351929,-82.71455820,58.70103891
0.81250000,-30.12275696,-82.71455820,52.59180124
0.81250000,-22.19200134,-82.71455820,60.52255685
0.81250000,-25.91323853,-82.71455820,56.80131967
0.81250000,-30.94196320,-82.71455820,51.77259500
0.81250000,-24.83272552,-82.71455820,57.88183267
0.81250000,-24.30820465,-82.71455820,58.40635355
0.81250000,-26.80587769,-82.71455820,55.90868051
0.81250000,-34.10720825,-82.71455820,48.60734994
0.81250000,-25.44116974,-82.71455820,57.27338846
0.81250000,-28.85246277,-82.71455820,53.86209543
0.81250000,-23.96488190,-82.71455820,58.74967630
0.81250000,-21.41761780,-82.71455820,61.29694040
0.81250000,-27.67276764,-82.71455820,55.04179056
0.81250000,-25.13790131,-82.71455820,57.57665689
0.81250000,-19.43016052,-82.71455820,63.28439767
0.81250000,-25.89416504,-82.71455820,56.82039316
0.81250000,-29.78038788,-82.71455820,52.93417032
0.81250000,-25.38108826,-82.71455820,57.33346994
0.81250000,-23.94962311,-82.71455820,58.76493509
0.81250000,-19.37389374,-82.71455820,63.34066446
0.81250000,-30.27439117,-82.71455820,52.44016702
0.81250000,-20.97034454,-82.71455820,61.74421365
0.81250000,-30.48419952,-82.71455820,52.23035867
0.84375000,-44.15702820,-82.96210226,38.80507406
0.84375000,-36.88526154,-82.96210226,46.07684073
0.84375000,-36.26823425,-82.96210226,46.69386801
0.84375000,-29.31308746,-82.96210226,53.64901480
0.84375000,-34.77668762,-82.96210226,48.18541464
0.84375000,-40.13919830,-82.96210226,42.82290396
0.84375000,-44.21234131,-82.96210226,38.74976095
0.84375000,-44.04544830,-82.96210226,38.91665396
0.84375000,-37.65678406,-82.96210226,45.30531820
0.84375000,-33.22982788,-82.96210226,49.73227438
0.84375000,-35.98499298,-82.96210226,46.97710928
0.84375000,-38.40255737,-82.96210226,44.55954489
0.84375000,-44.88086700,-82.96210226,38.08123526
0.84375000,-42.81902313,-82.96210226,40.14307913
0.84375000,-43.09558868,-82.96210226,39.86651358
0.84375000,-43.67160797,-82.96210226,39.29049429
0.84375000,-40.15636444,-82.96210226,42.80573782
0.84375000,-39.57748413,-82.96210226,43.38461813
0.84375000,-35.77041626,-82.96210226,47.19168600
0.84375000,-44.21138763,-82.96210226,38.75071463
0.84375000,-41.48960114,-82.96210226,41.47250113
0.84375000,-44.63958740,-82.96210226,38.32251486
0.84375000,-39.80064392,-82.96210226,43.16145834
0.84375000,-38.71154785,-82.96210226,44.25055441
0.84375000,-40.38810730,-82.96210226,42.57399496
0.84375000,-43.62678528,-82.96210226,39.33531698
0.84375000,-38.32530975,-82.96210226,44.63679251
0.84375000,-33.19644928,-82.96210226,49.76565298
0.84375000,-44.27337646,-82.96210226,38.68872580
0.84375000,-41.40949249,-82.96210226,41.55260977
0.84375000,-39.18075562,-82.96210226,43.78134665
0.84375000,-41.14913940,-82.96210226,41.81296286
0.84375000,-42.69790649,-82.96210226,40.26419577
0.84375000,-34.96646881,-82.96210226,47.99563345
0.84375000,-33.92410278,-82.96210226,49.03799948
0.84375000,-33.98132324,-82.96210226,48.98077902
0.84375000,-39.17217255,-82.96210226,43.78992972
0.84375000,-46.09489441,-82.96210226,36.86720785
0.84375000,-32.51552582,-82.96210226,50.44657644
0.84375000,-40.39669037,-82.96210226,42.56541189
0.84375000,-34.34562683,-82.96210226,48.61647543
0.84375000,-37.70923615,-82.96210226,45.25286612
0.84375000,-38.66481781,-82.96210226,44.29728445
0.84375000,-38.40351105,-82.96210226,44.55859121
0.84375000,-40.57216644,-82.96210226,42.38993582
0.84375000,-41.39614105,-82.96210226,41.56596121
0.84375000,-38.39969635,-82.96210226,44.56240591
0.84375000,-46.69094086,-82.96210226,36.27116141
0.84375000,-36.87858582,-82.96210226,46.08351645
0.84375000,-41.84436798,-82.96210226,41.11773428
0.84375000,-44.56520081,-82.96210226,38.39690146
0.84375000,-33.13255310,-82.96210226,49.82954916
0.84375000,-46.49734497,-82.96210226,36.46475729
0.84375000,-37.95528412,-82.96210226,45.00681814
0.84375000,-43.50376129,-82.96210226,39.45834097
0.84375000,-45.72772980,-82.96210226,37.23437246
0.84375000,-41.23878479,-82.96210226,41.72331747
0.84375000,-34.48486328,-82.96210226,48.47723898
0.84375000,-41.86820984,-82.96210226,41.09389242
0.84375000,-41.45431519,-82.96210226,41.50778708
0.84375000,-41.61930084,-82.96210226,41.34280142
0.84375000,-41.08619690,-82.96210226,41.87590536
0.84375000,-44.62051392,-82.96210226,38.34158835
0.84375000,-37.50610352,-82.96210226,45.45599875
0.84375000,-42.54627228,-82.96210226,40.41582998
0.84375000,-39.65568542,-82.96210226,43.30641684
0.84375000,-36.37027740,-82.96210226,46.59182486
0.84375000,-38.56658936,-82.96210226,44.39551291
0.84375000,-39.91699219,-82.96210226,43.04511007
0.84375000,-31.90231323,-82.96210226,51.05978903
0.84375000,-36.34929657,-82.96210226,46.61280569
0.84375000,-40.07530212,-82.96210226,42.88680014
0.84375000,-35.08090973,-82.96210226,47.88119253
0.84375000,-34.73091125,-82.96210226,48.23119101
0.84375000,-40.62652588,-82.96210226,42.33557638
0.84375000,-42.56916046,-82.96210226,40.39294180
0.84375000,-41.43524170,-82.96210226,41.52686056
0.84375000,-45.37963867,-82.96210226,37.58246359
0.84375000,-38.73157501,-82.96210226,44.23052725
0.87500000,-54.35800552,-83.20964633,28.85164080
0.87500000,-54.90541458,-83.20964633,28.30423175
0.87500000,-50.46129227,-83.20964633,32.74835406
0.87500000,-52.18267441,-83.20964633,31.02697192
0.87500000,-52.16360092,-83.20964633,31.04604541
0.87500000,-53.11632156,-83.20964633,30.09332476
0.87500000,-51.40733719,-83.20964633,31.80230914
0.87500000,-52.01196671,-83.20964633,31.19767962
0.87500000,-50.08554459,-83.20964633,33.12410174
0.87500000,-46.32616043,-83.20964633,36.88348590
0.87500000,-56.63633347,-83.20964633,26.57331286
0.87500000,-59.99612808,-83.20964633,23.21351825
0.87500000,-48.27547073,-83.20964633,34.93417559
0.87500000,-48.23350906,-83.20964633,34.97613726
0.87500000,-48.88391495,-83.20964633,34.32573138
0.87500000,-50.80652237,-83.20964633,32.40312396
0.87500000,-51.62000656,-83.20964633,31.58963977
0.87500000,-47.93691635,-83.20964633,35.27272998
0.87500000,-52.27422714,-83.20964633,30.93541919
0.87500000,-50.21524429,-83.20964633,32.99440203
0.87500000,-51.60856247,-83.20964633,31.60108386
0.87500000,-54.48293686,-83.20964633,28.72670947
0.87500000,-48.79999161,-83.20964633,34.40965472
0.87500000,-51.77164078,-83.20964633,31.43800555
0.87500000,-50.35924911,-83.20964633,32.85039721
0.87500000,-50.32587051,-83.20964633,32.88377581
0.87500000,-54.20732498,-83.20964633,29.00232135
0.87500000,-47.64223099,-83.20964633,35.56741534
0.87500000,-48.13051224,-83.20964633,35.07913409
0.87500000,-51.26905441,-83.20964633,31.94059192
0.87500000,-50.98199844,-83.20964633,32.22764788
0.87500000,-53.86114120,-83.20964633,29.34850512
0.87500000,-50.36020279,-83.20964633,32.84944354
0.87500000,-50.12655258,-83.20964633,33.08309375
0.87500000,-51.18322372,-83.20964633,32.02642260
0.87500000,-52.50692368,-83.20964633,30.70272265
0.87500000,-50.14944077,-83.20964633,33.06020556
0.87500000,-48.73037338,-83.20964633,34.47927295
0.87500000,-54.59642410,-83.20964633,28.61322223
0.87500000,-57.09886551,-83.20964633,26.11078082
0.87500000,-53.18212509,-83.20964633,30.02752124
0.87500000,-55.24110794,-83.20964633,27.96853839
0.87500000,-49.92818832,-83.20964633,33.28145800
0.87500000,-50.70161819,-83.20964633,32.50802813
0.87500000,-55.00459671,-83.20964633,28.20504962
0.87500000,-47.78051376,-83.20964633,35.42913256
0.87500000,-52.21033096,-83.20964633,30.99931536
0.87500000,-53.38621140,-83.20964633,29.82343493
0.87500000,-51.08022690,-83.20964633,32.12941943
0.87500000,-48.03514481,-83.20964633,35.17450152
0.87500000,-49.02315140,-83.20964633,34.18649493
0.87500000,-48.09236526,-83.20964633,35.11728106
0.87500000,-50.03213882,-83.20964633,33.17750750
0.87500000,-52.32667923,-83.20964633,30.88296710
0.87500000,-51.31769180,-83.20964633,31.89195452
0.87500000,-47.74808884,-83.20964633,35.46155749
0.87500000,-53.80105972,-83.20964633,29.40858661
0.87500000,-51.78880692,-83.20964633,31.42083941
0.87500000,-49.44372177,-83.20964633,33.76592456
0.87500000,-46.55981064,-83.20964633,36.64983569
0.87500000,-54.68130112,-83.20964633,28.52834521
0.87500000,-48.93541336,-83.20964633,34.27423297
0.87500000,-45.05777359,-83.20964633,38.15187274
0.87500000,-47.60599136,-83.20964633,35.60365496
0.87500000,-57.48701096,-83.20964633,25.72263537
0.87500000,-50.58908463,-83.20964633,32.62056170
0.87500000,-53.66945267,-83.20964633,29.54019366
0.87500000,-52.19411850,-83.20964633,31.01552783
0.87500000,-51.40638351,-83.20964633,31.80326281
0.87500000,-47.69277573,-83.20964633,35.51687060
0.87500000,-49.68881607,-83.20964633,33.52083026
0.87500000,-51.55324936,-83.20964633,31.65639697
0.87500000,-48.42805862,-83.20964633,34.78158770
0.87500000,-51.54085159,-83.20964633,31.66879473
0.87500000,-48.84290695,-83.20964633,34.36673938
0.90625000,-58.35580826,-83.45719039,25.10138214
0.90625000,-64.50700760,-83.45719039,18.95018279
0.90625000,-59.39054489,-83.45719039,24.06664550
0.90625000,-62.94202805,-83.45719039,20.51516235
0.90625000,-66.60032272,-83.45719039,16.85686767
0.90625000,-64.60428238,-83.45719039,18.85290801
0.90625000,-64.47553635,-83.45719039,18.98165405
0.90625000,-61.81192398,-83.45719039,21.64526641
0.90625000,-58.97855759,-83.45719039,24.47863281
0.90625000,-62.97445297,-83.45719039,20.48273742
0.90625000,-68.04132462,-83.45719039,15.41586578
0.90625000,-66.19787216,-83.45719039,17.25931823
0.90625000,-65.24991989,-83.45719039,18.20727050
0.90625000,-63.64488602,-83.45719039,19.81230438
0.90625000,-60.57119370,-83.45719039,22.88599670
0.90625000,-63.92526627,-83.45719039,19.53192413
0.90625000,-64.70727921,-83.45719039,18.74991119
0.90625000,-72.52073288,-83.45719039,10.93645751
0.90625000,-64.37635422,-83.45719039,19.08083618
0.90625000,-65.82021713,-83.45719039,17.63697326
0.90625000,-60.99939346,-83.45719039,22.45779693
0.90625000,-66.46108627,-83.45719039,16.99610412
0.90625000,-68.34745407,-83.45719039,15.10973632
0.90625000,-68.89963150,-83.45719039,14.55755889
0.90625000,-67.85821915,-83.45719039,15.59897125
0.90625000,-68.33505630,-83.45719039,15.12213409
0.90625000,-67.30794907,-83.45719039,16.14924133
0.90625000,-65.66858292,-83.45719039,17.78860748
0.90625000,-61.38849258,-83.45719039,22.06869781
0.90625000,-63.90905380,-83.45719039,19.54813659
0.90625000,-65.10305405,-83.45719039,18.35413635
0.90625000,-66.60032272,-83.45719039,16.85686767
0.90625000,-65.24038315,-83.45719039,18.21680725
0.90625000,-65.60850143,-83.45719039,17.84868896
0.90625000,-64.54515457,-83.45719039,18.91203582
0.90625000,-64.84079361,-83.45719039,18.61639678
0.90625000,-68.25113297,-83.45719039,15.20605743
0.90625000,-61.93399429,-83.45719039,21.52319610
0.90625000,-70.16134262,-83.45719039,13.29584777
0.90625000,-67.01707840,-83.45719039,16.44011199
0.90625000,-67.78860092,-83.45719039,15.66858947
0.90625000,-65.43493271,-83.45719039,18.02225769
0.90625000,-62.65974045,-83.45719039,20.79744995
0.90625000,-60.77337265,-83.45719039,22.68381774
0.90625000,-64.67294693,-83.45719039,18.78424346
0.90625000,-66.96462631,-83.45719039,16.49256408
0.90625000,-61.34748459,-83.45719039,22.10970581
0.90625000,-62.38412857,-83.45719039,21.07306182
0.90625000,-70.31679153,-83.45719039,13.14039886
0.90625000,-65.11545181,-83.45719039,18.34173858
0.90625000,-65.59228897,-83.45719039,17.86490142
0.90625000,-69.81611252,-83.45719039,13.64107788
0.90625000,-60.33754349,-83.45719039,23.11964691
0.90625000,-63.73929977,-83.45719039,19.71789062
0.90625000,-67.81244278,-83.45719039,15.64474761
0.90625000,-68.86529922,-83.45719039,14.59189117
0.90625000,-60.74190140,-83.45719039,22.71528900
0.90625000,-66.63846970,-83.45719039,16.81872070
0.90625000,-58.24136734,-83.45719039,25.21582305
0.90625000,-59.41724777,-83.45719039,24.03994262
0.90625000,-62.58058548,-83.45719039,20.87660491
0.90625000,-65.70577621,-83.45719039,17.75141418
0.90625000,-63.09366226,-83.45719039,20.36352813
0.90625000,-61.90443039,-83.45719039,21.55276000
0.90625000,-65.66381454,-83.45719039,17.79337585
0.90625000,-60.25648117,-83.45719039,23.20070922
0.90625000,-62.87145615,-83.45719039,20.58573425
0.93750000,-80.08909225,-83.70473446,3.61564221
0.93750000,-79.64468002,-83.70473446,4.06005444
0.93750000,-78.56988907,-83.70473446,5.13484539
0.93750000,-84.70392227,-83.70473446,-0.99918781
0.93750000,-82.56387711,-83.70473446,1.14085735
0.93750000,-79.16784286,-83.70473446,4.53689159
0.93750000,-83.77218246,-83.70473446,-0.06744800
0.93750000,-87.57257462,-83.70473446,-3.86784016
0.93750000,-75.68311691,-83.70473446,8.02161755
0.93750000,-87.44859695,-83.70473446,-3.74386249
0.93750000,-75.44469833,-83.70473446,8.26003613
0.93750000,-79.28895950,-83.70473446,4.41577496
0.93750000,-86.06767654,-83.70473446,-2.36294208
0.93750000,-72.25465775,-83.70473446,11.45007671
0.93750000,-84.60855484,-83.70473446,-0.90382038
0.93750000,-83.25052261,-83.70473446,0.45421185
0.93750000,-87.30840683,-83.70473446,-3.60367237
0.93750000,-81.66646957,-83.70473446,2.03826489
0.93750000,-74.94211197,-83.70473446,8.76262249
0.93750000,-79.21838760,-83.70473446,4.48634686
0.93750000,-79.78391647,-83.70473446,3.92081799
0.93750000,-82.76319504,-83.70473446,0.94153942
0.93750000,-78.76634598,-83.70473446,4.93838848
0.93750000,-74.99456406,-83.70473446,8.71017040
0.93750000,-87.55064011,-83.70473446,-3.84590565
0.93750000,-83.08172226,-83.70473446,0.62301220
0.93750000,-84.00678635,-83.70473446,-0.30205189
0.93750000,-79.68187332,-83.70473446,4.02286114
0.93750000,-79.37097549,-83.70473446,4.33375897
0.93750000,-81.38704300,-83.70473446,2.31769146
0.93750000,-81.82859421,-83.70473446,1.87614025
0.93750000,-75.63924789,-83.70473446,8.06548657
0.93750000,-79.08201218,-83.70473446,4.62272228
0.93750000,-86.26508713,-83.70473446,-2.56035267
0.93750000,-85.27612686,-83.70473446,-1.57139240
0.93750000,-82.10706711,-83.70473446,1.59766735
0.93750000,-77.37588882,-83.70473446,6.32884564
0.93750000,-78.45735550,-83.70473446,5.24737896
0.93750000,-80.48295975,-83.70473446,3.22177471
0.93750000,-86.06576920,-83.70473446,-2.36103474
0.93750000,-83.34112167,-83.70473446,0.36361279
0.93750000,-84.56945419,-83.70473446,-0.86471973
0.93750000,-78.75108719,-83.70473446,4.95364727
0.93750000,-79.41770554,-83.70473446,4.28702892
0.93750000,-81.14671707,-83.70473446,2.55801739
0.93750000,-85.34574509,-83.70473446,-1.64101063
0.93750000,-77.93664932,-83.70473446,5.76808514
0.93750000,-78.48596573,-83.70473446,5.21876873
0.93750000,-77.35872269,-83.70473446,6.34601177
0.93750000,-81.72082901,-83.70473446,1.98390545
0.93750000,-79.41102982,-83.70473446,4.29370464
0.93750000,-83.68825912,-83.70473446,0.01647534
0.93750000,-85.45541763,-83.70473446,-1.75068317
0.93750000,-83.19997787,-83.70473446,0.50475659
0.93750000,-75.08325577,-83.70473446,8.62147869
0.93750000,-77.33869553,-83.70473446,6.36603893
0.93750000,-75.35791397,-83.70473446,8.34682049
0.93750000,-82.29112625,-83.70473446,1.41360821
0.93750000,-74.21731949,-83.70473446,9.48741497
0.93750000,-82.65066147,-83.70473446,1.05407299
0.93750000,-88.62829208,-83.70473446,-4.92355762
0.93750000,-79.23078537,-83.70473446,4.47394909
0.93750000,-83.78648758,-83.70473446,-0.08175312
0.93750000,-78.85217667,-83.70473446,4.85255779
0.93750000,-76.93815231,-83.70473446,6.76658215
0.93750000,-74.05900955,-83.70473446,9.64572491
0.93750000,-77.78882980,-83.70473446,5.91590466
0.93750000,-76.90477371,-83.70473446,6.79996075
0.93750000,-79.07915115,-83.70473446,4.62558331
0.93750000,-80.24072647,-83.70473446,3.46400799
0.93750000,-79.22220230,-83.70473446,4.48253216
0.93750000,-78.53841782,-83.70473446,5.16631664
0.93750000,-83.99724960,-83.70473446,-0.29251514
0.93750000,-69.32115555,-83.70473446,14.38357891
0.93750000,-82.77177811,-83.70473446,0.93295635
0.93750000,-82.70406723,-83.70473446,1.00066723
0.93750000,-82.32355118,-83.70473446,1.38118328
0.93750000,-82.27586746,-83.70473446,1.42886700
0.93750000,-77.70776749,-83.70473446,5.99696697
0.96875000,-90.62957764,-83.95227853,-6.67729911
0.96875000,-107.34367371,-83.95227853,-23.39139518
0.96875000,-101.77803040,-83.95227853,-17.82575187
0.96875000,-106.58454895,-83.95227853,-22.63227042
0.96875000,-107.28645325,-83.95227853,-23.33417472
0.96875000,-101.55200958,-83.95227853,-17.59973106
0.96875000,-107.06615448,-83.95227853,-23.11387595
0.96875000,-103.91902924,-83.95227853,-19.96675071
0.96875000,-100.46386719,-83.95227853,-16.51158866
0.96875000,-102.66208649,-83.95227853,-18.70980796
0.96875000,-99.94506836,-83.95227853,-15.99278983
0.96875000,-107.90920258,-83.95227853,-23.95692405
0.96875000,-109.92813110,-83.95227853,-25.97585258
0.96875000,-80.41763306,-83.95227853,3.53464547
0.96875000,-106.77051544,-83.95227853,-22.81823692
0.96875000,-103.37734222,-83.95227853,-19.42506370
0.96875000,-104.70008850,-83.95227853,-20.74780998
0.96875000,-104.77066040,-83.95227853,-20.81838187
0.96875000,-109.27677155,-83.95227853,-25.32449302
0.96875000,-106.58454895,-83.95227853,-22.63227042
0.96875000,-101.93061829,-83.95227853,-17.97833976
0.96875000,-104.00199890,-83.95227853,-20.04972038
0.96875000,-102.81085968,-83.95227853,-18.85858115
0.96875000,-106.76002502,-83.95227853,-22.80774650
0.96875000,-105.80825806,-83.95227853,-21.85597953
0.96875000,-103.37066650,-83.95227853,-19.41838798
0.96875000,-102.30255127,-83.95227853,-18.35027274
0.96875000,-90.36350250,-83.95227853,-6.41122398
0.96875000,-98.73294830,-83.95227853,-14.78066978
0.96875000,-94.09523010,-83.95227853,-10.14295158
0.96875000,-108.49285126,-83.95227853,-24.54057273
0.96875000,-103.99436951,-83.95227853,-20.04209098
0.96875000,-109.55715179,-83.95227853,-25.60487327
0.96875000,-101.48239136,-83.95227853,-17.53011283
0.96875000,-109.73453522,-83.95227853,-25.78225669
0.96875000,-63.57574463,-83.95227853,20.37653390
0.96875000,-99.67327118,-83.95227853,-15.72099265
0.96875000,-109.05170441,-83.95227853,-25.09942588
0.96875000,-104.37774658,-83.95227853,-20.42546806
0.96875000,-106.86683655,-83.95227853,-22.91455802
0.96875000,-106.36901855,-83.95227853,-22.41674003
0.96875000,-102.40173340,-83.95227853,-18.44945487
0.96875000,-107.02991486,-83.95227853,-23.07763633
0.96875000,-109.44080353,-83.95227853,-25.48852500
0.96875000,-106.30798340,-83.95227853,-22.35570487
0.96875000,-101.25255585,-83.95227853,-17.30027732
0.96875000,-94.88296509,-83.95227853,-10.93068656
0.96875000,-106.63604736,-83.95227853,-22.68376884
0.96875000,-101.20868683,-83.95227853,-17.25640830
0.96875000,-107.12814331,-83.95227853,-23.17586478
0.96875000,-103.63769531,-83.95227853,-19.68541679
0.96875000,-105.37052155,-83.95227853,-21.41824302
0.96875000,-94.90489960,-83.95227853,-10.95262107
0.96875000,-110.55946350,-83.95227853,-26.60718498
0.96875000,-106.77719116,-83.95227853,-22.82491264
0.96875000,-101.22013092,-83.95227853,-17.26785239
0.96875000,-100.22544861,-83.95227853,-16.27317008
0.96875000,-103.15418243,-83.95227853,-19.20190391
0.96875000,-99.39098358,-83.95227853,-15.43870506
0.96875000,-106.31752014,-83.95227853,-22.36524162
0.96875000,-102.57911682,-83.95227853,-18.62683830
0.96875000,-105.68809509,-83.95227853,-21.73581657
0.96875000,-109.44080353,-83.95227853,-25.48852500
0.96875000,-101.23157501,-83.95227853,-17.27929649
0.96875000,-100.32749176,-83.95227853,-16.37521323
0.96875000,-101.99451447,-83.95227853,-18.04223594
0.96875000,-98.58512878,-83.95227853,-14.63285026
0.96875000,-106.79244995,-83.95227853,-22.84017143
0.96875000,-106.82201385,-83.95227853,-22.86973533
0.96875000,-102.16712952,-83.95227853,-18.21485099
0.96875000,-105.64422607,-83.95227853,-21.69194755
0.96875000,-110.59570312,-83.95227853,-26.64342460
0.96875000,-106.22882843,-83.95227853,-22.27654990
0.96875000,-102.84709930,-83.95227853,-18.89482078
0.96875000,-111.50169373,-83.95227853,-27.54941520
0.96875000,-104.41207886,-83.95227853,-20.45980033
0.96875000,-108.84284973,-83.95227853,-24.89057121
0.96875000,-105.43823242,-83.95227853,-21.48595390
0.09375000,-49.23003912,-77.02104468,27.79100556
0.09375000,-56.05071783,-77.02104468,20.97032685
0.09375000,-50.11028051,-77.02104468,26.91076417
0.09375000,-47.55252600,-77.02104468,29.46851868
0.09375000,-52.13779211,-77.02104468,24.88325257
0.09375000,-52.52307653,-77.02104468,24.49796815
0.09375000,-41.94015265,-77.02104468,35.08089203
0.09375000,-48.90483618,-77.02104468,28.11620850
0.09375000,-57.11501837,-77.02104468,19.90602631
0.09375000,-50.98289251,-77.02104468,26.03815217
0.09375000,-52.49160528,-77.02104468,24.52943940
0.09375000,-52.24555731,-77.02104468,24.77548737
0.09375000,-50.59379339,-77.02104468,26.42725129
0.09375000,-46.90402746,-77.02104468,30.11701722
0.09375000,-45.05580664,-77.02104468,31.96523804
0.09375000,-46.27174139,-77.02104468,30.74930329
0.09375000,-53.57307196,-77.02104468,23.44797272
0.09375000,-51.14692450,-77.02104468,25.87412018
0.09375000,-52.51449347,-77.02104468,24.50655121
0.09375000,-47.76519537,-77.02104468,29.25584931
0.09375000,-45.63277960,-77.02104468,31.38826508
0.09375000,-50.48030615,-77.02104468,26.54073853
0.09375000,-49.47417974,-77.02104468,27.54686493
0.09375000,-52.82062292,-77.02104468,24.20042176
0.09375000,-46.33277655,-77.02104468,30.68826813
0.09375000,-51.67335272,-77.02104468,25.34769196
0.09375000,-49.31014776,-77.02104468,27.71089692
0.09375000,-51.32812262,-77.02104468,25.69292206
0.09375000,-50.47458410,-77.02104468,26.54646058
0.09375000,-53.09909582,-77.02104468,23.92194886
0.09375000,-49.91286993,-77.02104468,27.10817475
0.09375000,-53.44146490,-77.02104468,23.57957978
0.09375000,-50.89896917,-77.02104468,26.12207551
0.09375000,-49.84802008,-77.02104468,27.17302460
0.09375000,-55.45467138,-77.02104468,21.56637330
0.09375000,-49.80129004,-77.02104468,27.21975464
0.09375000,-49.18330908,-77.02104468,27.83773560
0.09375000,-50.82744360,-77.02104468,26.19360108
0.09375000,-55.86475134,-77.02104468,21.15629334
0.09375000,-52.81871557,-77.02104468,24.20232911
0.09375000,-48.86096716,-77.02104468,28.16007752
0.09375000,-51.06586218,-77.02104468,25.95518250
0.09375000,-49.47990179,-77.02104468,27.54114289
0.09375000,-51.76299810,-77.02104468,25.25804658
0.09375000,-50.20087957,-77.02104468,26.82016511
0.09375000,-47.95688391,-77.02104468,29.06416077
0.09375000,-53.78288031,-77.02104468,23.23816437
0.09375000,-50.28671026,-77.02104468,26.73433442
0.09375000,-49.91954565,-77.02104468,27.10149903
0.09375000,-51.00864172,-77.02104468,26.01240296
0.09375000,-52.27798223,-77.02104468,24.74306244
0.09375000,-52.21313238,-77.02104468,24.80791230
0.09375000,-51.14310980,-77.02104468,25.87793488
0.09375000,-51.56272650,-77.02104468,25.45831818
0.09375000,-48.81995916,-77.02104468,28.20108552
0.09375000,-50.13412237,-77.02104468,26.88692231
0.09375000,-50.19706488,-77.02104468,26.82397980
0.09375000,-54.17674780,-77.02104468,22.84429688
0.09375000,-52.16354132,-77.02104468,24.85750336
0.09375000,-51.48071051,-77.02104468,25.54033417
0.09375000,-46.75143957,-77.02104468,30.26960511
0.09375000,-54.15385962,-77.02104468,22.86718506
0.09375000,-51.50741339,-77.02104468,25.51363129
0.09375000,-49.66586828,-77.02104468,27.35517640
0.09375000,-49.92431402,-77.02104468,27.09673066
0.09375000,-48.57581854,-77.02104468,28.44522614
0.09375000,-49.82131720,-77.02104468,27.19972748
0.09375000,-45.86833715,-77.02104468,31.15270752
0.09375000,-48.09135199,-77.02104468,28.92969269
0.09375000,-48.03222418,-77.02104468,28.98882050
0.09375000,-49.88616705,-77.02104468,27.13487763
0.09375000,-44.19749975,-77.02104468,32.82354493
0.12500000,-33.91325474,-77.26858875,43.35533401
0.12500000,-25.17759800,-77.26858875,52.09099075
0.12500000,-34.82973576,-77.26858875,42.43885299
0.12500000,-27.55606174,-77.26858875,49.71252700
0.12500000,-26.99720860,-77.26858875,50.27138015
0.12500000,-30.75659275,-77.26858875,46.51199599
0.12500000,-33.92374516,-77.26858875,43.34484359
0.12500000,-35.13681889,-77.26858875,42.13176986
0.12500000,-25.87568760,-77.26858875,51.39290115
0.12500000,-26.05879307,-77.26858875,51.20979568
0.12500000,-31.36122227,-77.26858875,45.90736648
0.12500000,-33.27047825,-77.26858875,43.99811050
0.12500000,-36.05520725,-77.26858875,41.21338149
0.12500000,-35.40575504,-77.26858875,41.86283370
0.12500000,-29.23738956,-77.26858875,48.03119918
0.12500000,-31.90386295,-77.26858875,45.36472579
0.12500000,-32.61244297,-77.26858875,44.65614578
0.12500000,-32.74786472,-77.26858875,44.52072402
0.12500000,-34.58654881,-77.26858875,42.68203994
0.12500000,-32.14991093,-77.26858875,45.11867782
0.12500000,-31.75032139,-77.26858875,45.51826736
0.12500000,-27.80783176,-77.26858875,49.46075698
0.12500000,-27.47976780,-77.26858875,49.78882095
0.12500000,-26.81505680,-77.26858875,50.45353194
0.12500000,-32.95862675,-77.26858875,44.30996200
0.12500000,-28.98752689,-77.26858875,48.28106185
0.12500000,-34.30426121,-77.26858875,42.96432754
0.12500000,-30.06422520,-77.26858875,47.20436355
0.12500000,-31.53192997,-77.26858875,45.73665878
0.12500000,-34.83068943,-77.26858875,42.43789932
0.12500000,-36.13436222,-77.26858875,41.13422652
0.12500000,-32.15181828,-77.26858875,45.11677047
0.12500000,-30.98547459,-77.26858875,46.28311416
0.12500000,-32.03260899,-77.26858875,45.23597976
0.12500000,-33.56134892,-77.26858875,43.70723983
0.12500000,-28.66995335,-77.26858875,48.59863540
0.12500000,-29.68561649,-77.26858875,47.58297225
0.12500000,-30.13098240,-77.26858875,47.13760635
0.12500000,-34.43968296,-77.26858875,42.82890578
0.12500000,-29.10959721,-77.26858875,48.15899154
0.12500000,-27.86409855,-77.26858875,49.40449020
0.12500000,-29.38997746,-77.26858875,47.87861129
0.12500000,-27.13167667,-77.26858875,50.13691207
0.12500000,-26.91328526,-77.26858875,50.35530349
0.12500000,-34.36338902,-77.26858875,42.90519973
0.12500000,-33.61952305,-77.26858875,43.64906570
0.12500000,-30.05278111,-77.26858875,47.21580764
0.12500000,-33.89990330,-77.26858875,43.36868545
0.12500000,-29.70182896,-77.26858875,47.56675979
0.12500000,-27.81355381,-77.26858875,49.45503494
0.12500000,-29.34038639,-77.26858875,47.92820235
0.12500000,-33.98668766,-77.26858875,43.28190109
0.12500000,-33.59472752,-77.26858875,43.67386123
0.12500000,-25.36165714,-77.26858875,51.90693160
0.12500000,-34.68573093,-77.26858875,42.58285781
0.12500000,-33.36298466,-77.26858875,43.90560409
0.12500000,-30.89773655,-77.26858875,46.37085220
0.12500000,-33.75303745,-77.26858875,43.51555129
0.12500000,-35.43722630,-77.26858875,41.83136245
0.12500000,-28.46872807,-77.26858875,48.79986068
0.12500000,-30.58302402,-77.26858875,46.68556472
0.15625000,-6.63924217,-77.51613281,70.87689064
0.15625000,-13.35310936,-77.51613281,64.16302345
0.15625000,-14.06836510,-77.51613281,63.44776771
0.15625000,-11.67559624,-77.51613281,65.84053657
0.15625000,-12.49384880,-77.51613281,65.02228401
0.15625000,-9.72342491,-77.51613281,67.79270790
0.15625000,-14.50610161,-77.51613281,63.01003120
0.15625000,-6.99782372,-77.51613281,70.51830910
0.15625000,-10.62369347,-77.51613281,66.89243935
0.15625000,-17.56834984,-77.51613281,59.94778297
0.15625000,-8.59618187,-77.51613281,68.91995094
0.15625000,-6.07657433,-77.51613281,71.43955849
0.15625000,-5.15818596,-77.51613281,72.35794685
0.15625000,-13.41319084,-77.51613281,64.10294197
0.15625000,-9.74726677,-77.51613281,67.76886604
0.15625000,-20.08986473,-77.51613281,57.42626808
0.15625000,-12.02082634,-77.51613281,65.49530647
0.15625000,-14.53280449,-77.51613281,62.98332832
0.15625000,-12.36510277,-77.51613281,65.15103004
0.15625000,-7.47370720,-77.51613281,70.04242561
0.15625000,-6.95776939,-77.51613281,70.55836342
0.15625000,-15.74397087,-77.51613281,61.77216194
0.15625000,-13.11945915,-77.51613281,64.39667366
0.15625000,-16.44682884,-77.51613281,61.06930397
0.15625000,-19.28591728,-77.51613281,58.23021553
0.15625000,-10.86497307,-77.51613281,66.65115974
0.15625000,-9.98377800,-77.51613281,67.53235481
0.15625000,-19.81997490,-77.51613281,57.69615791
0.15625000,-10.21265984,-77.51613281,67.30347298
0.15625000,-12.47859001,-77.51613281,65.03754280
0.15625000,-8.26430321,-77.51613281,69.25182960
0.15625000,-7.61294365,-77.51613281,69.90318916
0.15625000,-12.30406761,-77.51613281,65.21206520
0.15625000,-11.58022881,-77.51613281,65.93590401
0.15625000,-11.28458977,-77.51613281,66.23154304
0.15625000,-11.46388054,-77.51613281,66.05225227
0.15625000,-14.04166222,-77.51613281,63.47447060
0.15625000,-12.51292229,-77.51613281,65.00321052
0.15625000,-16.92938805,-77.51613281,60.58674476
0.15625000,-12.64166832,-77.51613281,64.87446449
0.15625000,-13.98730278,-77.51613281,63.52883003
0.15625000,-21.04735374,-77.51613281,56.46877907
0.15625000,-8.69250298,-77.51613281,68.82362984
0.15625000,-16.81780815,-77.51613281,60.69832466
0.15625000,-14.07217979,-77.51613281,63.44395302
0.15625000,-7.38596916,-77.51613281,70.13016365
0.15625000,-7.52711296,-77.51613281,69.98901985
0.15625000,-6.60490990,-77.51613281,70.91122291
0.15625000,-16.97993279,-77.51613281,60.53620003
0.15625000,-14.97817039,-77.51613281,62.53796242
0.15625000,-19.24300194,-77.51613281,58.27313087
0.15625000,-22.55606651,-77.51613281,54.96006630
0.15625000,-8.50749016,-77.51613281,69.00864265
0.15625000,-12.22777367,-77.51613281,65.28835914
0.15625000,-16.18552208,-77.51613281,61.33061073
0.15625000,-12.87245750,-77.51613281,64.64367531
0.15625000,-19.85716820,-77.51613281,57.65896461
0.15625000,-12.00556755,-77.51613281,65.51056526
0.15625000,-11.74902916,-77.51613281,65.76710365
0.15625000,-14.72926140,-77.51613281,62.78687141
0.15625000,-16.89887047,-77.51613281,60.61726234
0.15625000,-8.20326805,-77.51613281,69.31286476
0.15625000,-20.12419701,-77.51613281,57.39193581
0.15625000,-6.67738914,-77.51613281,70.83874367
0.15625000,-17.06290245,-77.51613281,60.45323036
0.15625000,-23.32949638,-77.51613281,54.18663643
0.15625000,-13.82994652,-77.51613281,63.68618629
0.15625000,-19.91343498,-77.51613281,57.60269783
0.15625000,-14.18852806,-77.51613281,63.32760475
0.15625000,-23.17118645,-77.51613281,54.34494636
0.18750000,0.06783009,-77.76367688,77.83150696
0.18750000,-6.38091564,-77.76367688,71.38276124
0.18750000,2.13825703,-77.76367688,79.90193390
0.18750000,-6.15584850,-77.76367688,71.60782837
0.18750000,2.89738178,-77.76367688,80.66105866
0.18750000,-1.04415417,-77.76367688,76.71952271
0.18750000,3.58688831,-77.76367688,81.35056519
0.18750000,1.30951405,-77.76367688,79.07319092
0.18750000,-0.88298321,-77.76367688,76.88069367
0.18750000,0.85556507,-77.76367688,78.61924195
0.18750000,3.71658802,-77.76367688,81.48026490
0.18750000,10.78712940,-77.76367688,88.55080628
0.18750000,2.11727619,-77.76367688,79.88095307
0.18750000,-5.31280041,-77.76367688,72.45087647
0.18750000,-0.33938885,-77.76367688,77.42428803
0.18750000,2.69138813,-77.76367688,80.45506501
0.18750000,1.29330158,-77.76367688,79.05697846
0.18750000,2.31564045,-77.76367688,80.07931733
0.18750000,0.31197071,-77.76367688,78.07564759
0.18750000,-0.85818768,-77.76367688,76.90548920
0.18750000,7.85839558,-77.76367688,85.62207245
0.18750000,2.20119953,-77.76367688,79.96487641
0.18750000,3.40473652,-77.76367688,81.16841340
0.18750000,1.82831287,-77.76367688,79.59198975
0.18750000,-3.63242626,-77.76367688,74.13125062
0.18750000,5.85758686,-77.76367688,83.62126374
0.18750000,2.13921070,-77.76367688,79.90288758
0.18750000,-4.79590893,-77.76367688,72.96776795
0.18750000,0.61810017,-77.76367688,78.38177704
0.18750000,7.85553455,-77.76367688,85.61921143
0.18750000,-0.14770031,-77.76367688,77.61597657
0.18750000,0.14793873,-77.76367688,77.91161561
0.18750000,-3.32915783,-77.76367688,74.43451905
0.18750000,-7.73990154,-77.76367688,70.02377533
0.18750000,-2.55095959,-77.76367688,75.21271729
0.18750000,1.89793110,-77.76367688,79.66160798
0.18750000,6.70731068,-77.76367688,84.47098755
0.18750000,7.29477406,-77.76367688,85.05845093
0.18750000,6.42311573,-77.76367688,84.18679261
0.18750000,1.26373768,-77.76367688,79.02741456
0.18750000,4.19437885,-77.76367688,81.95805573
0.18750000,6.23238087,-77.76367688,83.99605774
0.18750000,5.61630726,-77.76367688,83.37998414
0.18750000,3.85296345,-77.76367688,81.61664032
0.18750000,2.84111500,-77.76367688,80.60479188
0.18750000,-1.01840496,-77.76367688,76.74527192
0.18750000,-0.68175793,-77.76367688,77.08191895
0.18750000,3.77571583,-77.76367688,81.53939271
0.18750000,4.14097309,-77.76367688,81.90464997
0.18750000,1.72150135,-77.76367688,79.48517823
0.18750000,0.96046925,-77.76367688,78.72414612
0.18750000,7.48360157,-77.76367688,85.24727845
0.18750000,-1.36649609,-77.76367688,76.39718079
0.18750000,-3.48651409,-77.76367688,74.27716279
0.18750000,2.02190876,-77.76367688,79.78558564
0.18750000,3.54397297,-77.76367688,81.30764985
0.18750000,5.27298450,-77.76367688,83.03666138
0.18750000,-2.23147869,-77.76367688,75.53219819
0.18750000,-5.68473339,-77.76367688,72.07894349
0.18750000,0.72014332,-77.76367688,78.48382020
0.18750000,4.94873524,-77.76367688,82.71241211
0.18750000,-9.83893871,-77.76367688,67.92473816
0.18750000,6.74927235,-77.76367688,84.51294922
0.18750000,-6.63936138,-77.76367688,71.12431550
0.18750000,8.13305378,-77.76367688,85.89673066
0.18750000,2.34997272,-77.76367688,80.11364960
0.18750000,4.05895710,-77.76367688,81.82263398
0.18750000,4.20963764,-77.76367688,81.97331452
0.18750000,-0.06854534,-77.76367688,77.69513154
0.21875000,14.66739178,-78.01122094,92.67861272
0.21875000,15.68686962,-78.01122094,93.69809056
0.21875000,6.14440441,-78.01122094,84.15562535
0.21875000,10.71441174,-78.01122094,88.72563268
0.21875000,12.75718212,-78.01122094,90.76840306
0.21875000,15.78700542,-78.01122094,93.79822637
0.21875000,13.97502422,-78.01122094,91.98624517
0.21875000,16.09885693,-78.01122094,94.11007787
0.21875000,15.81370831,-78.01122094,93.82492925
0.21875000,17.57419109,-78.01122094,95.58541204
0.21875000,15.85471630,-78.01122094,93.86593724
0.21875000,16.28959179,-78.01122094,94.30081273
0.21875000,11.71100140,-78.01122094,89.72222234
0.21875000,18.28086376,-78.01122094,96.29208471
0.21875000,10.53130627,-78.01122094,88.54252721
0.21875000,14.91725445,-78.01122094,92.92847539
0.21875000,12.39955425,-78.01122094,90.41077520
0.21875000,17.45975018,-78.01122094,95.47097112
0.21875000,12.90023327,-78.01122094,90.91145421
0.21875000,12.23933697,-78.01122094,90.25055791
0.21875000,18.60797405,-78.01122094,96.61919500
0.21875000,12.41099834,-78.01122094,90.42221929
0.21875000,13.81862164,-78.01122094,91.82984258
0.21875000,11.99805737,-78.01122094,90.00927831
0.21875000,8.67831707,-78.01122094,86.68953801
0.21875000,12.25745678,-78.01122094,90.26867772
0.21875000,15.56766033,-78.01122094,93.57888127
0.21875000,14.42611217,-78.01122094,92.43733312
0.21875000,17.85361767,-78.01122094,95.86483861
0.21875000,11.48784161,-78.01122094,89.49906255
0.21875000,16.48986340,-78.01122094,94.50108434
0.21875000,8.12518597,-78.01122094,86.13640691
0.21875000,19.67990398,-78.01122094,97.69112493
0.21875000,16.59858227,-78.01122094,94.60980321
0.21875000,17.33767986,-78.01122094,95.34890081
0.21875000,15.84994793,-78.01122094,93.86116887
0.21875000,11.03866100,-78.01122094,89.04988195
0.21875000,12.01236248,-78.01122094,90.02358342
0.21875000,9.91904736,-78.01122094,87.93026830
0.21875000,16.48414135,-78.01122094,94.49536229
0.21875000,24.45018291,-78.01122094,102.46140386
0.21875000,17.90702343,-78.01122094,95.91824437
0.21875000,17.26710796,-78.01122094,95.27832891
0.21875000,19.31846142,-78.01122094,97.32968236
0.21875000,14.56630230,-78.01122094,92.57752324
0.21875000,4.77397442,-78.01122094,82.78519536
0.21875000,23.14174175,-78.01122094,101.15296270
0.21875000,24.19269085,-78.01122094,102.20391179
0.21875000,20.01750469,-78.01122094,98.02872564
0.21875000,17.19367504,-78.01122094,95.20489598
0.21875000,18.72813702,-78.01122094,96.73935796
0.21875000,13.95213604,-78.01122094,91.96335698
0.21875000,3.63051891,-78.01122094,81.64173986
0.21875000,17.87745953,-78.01122094,95.88868047
0.21875000,16.31152630,-78.01122094,94.32274724
0.21875000,13.35036755,-78.01122094,91.36158849
0.21875000,10.97476482,-78.01122094,88.98598577
0.21875000,7.80475140,-78.01122094,85.81597234
0.21875000,9.05501842,-78.01122094,87.06623937
0.21875000,17.70675182,-78.01122094,95.71797277
0.21875000,11.64901257,-78.01122094,89.66023351
0.21875000,10.36059856,-78.01122094,88.37181951
0.21875000,14.45186138,-78.01122094,92.46308232
0.21875000,13.62597942,-78.01122094,91.63720037
0.21875000,19.02377605,-78.01122094,97.03499700
0.21875000,9.71496105,-78.01122094,87.72618200
0.21875000,16.88849926,-78.01122094,94.89972020
0.21875000,8.04030895,-78.01122094,86.05152990
0.21875000,23.08166027,-78.01122094,101.09288121
0.25000000,24.80769157,-78.25876501,103.06645658
0.25000000,24.96695518,-78.25876501,103.22572019
0.25000000,24.22499657,-78.25876501,102.48376158
0.25000000,21.03018761,-78.25876501,99.28895262
0.25000000,18.44286919,-78.25876501,96.70163420
0.25000000,23.19216728,-78.25876501,101.45093229
0.25000000,19.04940605,-78.25876501,97.30817106
0.25000000,19.37079430,-78.25876501,97.62955931
0.25000000,32.81188011,-78.25876501,111.07064512
0.25000000,13.32449913,-78.25876501,91.58326414
0.25000000,30.23695946,-78.25876501,108.49572447
0.25000000,28.77783775,-78.25876501,107.03660276
0.25000000,25.49719810,-78.25876501,103.75596311
0.25000000,33.14089775,-78.25876501,111.39966276
0.25000000,20.00403404,-78.25876501,98.26279905
0.25000000,23.50592613,-78.25876501,101.76469114
0.25000000,23.51260185,-78.25876501,101.77136686
0.25000000,28.00440788,-78.25876501,106.26317289
0.25000000,24.50251579,-78.25876501,102.76128080
0.25000000,31.72564507,-78.25876501,109.98441007
0.25000000,27.14991570,-78.25876501,105.40868070
0.25000000,26.08847618,-78.25876501,104.34724119
0.25000000,17.27461815,-78.25876501,95.53338316
0.25000000,22.47309685,-78.25876501,100.73186186
0.25000000,23.80919456,-78.25876501,102.06795957
0.25000000,27.72116661,-78.25876501,105.97993162
0.25000000,20.08223534,-78.25876501,98.34100035
0.25000000,15.68961143,-78.25876501,93.94837644
0.25000000,24.74379539,-78.25876501,103.00256040
0.25000000,25.95019341,-78.25876501,104.20895841
0.25000000,24.55687523,-78.25876501,102.81564024
0.25000000,24.97553825,-78.25876501,103.23430326
0.25000000,33.35547447,-78.25876501,111.61423948
0.25000000,22.39871025,-78.25876501,100.65747526
0.25000000,20.57719231,-78.25876501,98.83595732
0.25000000,32.74416924,-78.25876501,111.00293424
0.25000000,33.02359581,-78.25876501,111.28236082
0.25000000,25.49815178,-78.25876501,103.75691679
0.25000000,32.42850304,-78.25876501,110.68726805
0.25000000,28.49268913,-78.25876501,106.75145414
0.25000000,29.72292900,-78.25876501,107.98169401
0.25000000,24.75905418,-78.25876501,103.01781919
0.25000000,27.51040459,-78.25876501,105.76916960
0.25000000,22.47118950,-78.25876501,100.72995451
0.25000000,19.69599724,-78.25876501,97.95476225
0.25000000,29.66761589,-78.25876501,107.92638090
0.25000000,29.65998650,-78.25876501,107.91875151
0.25000000,28.40971947,-78.25876501,106.66848448
0.25000000,19.56343651,-78.25876501,97.82220152
0.25000000,29.29854393,-78.25876501,107.55730894
0.25000000,20.80225945,-78.25876501,99.06102445
0.25000000,22.94993401,-78.25876501,101.20869901
0.25000000,24.87063408,-78.25876501,103.12939909
0.25000000,23.28085899,-78.25876501,101.53962400
0.25000000,18.35322380,-78.25876501,96.61198881
0.25000000,27.69637108,-78.25876501,105.95513609
0.25000000,22.59039879,-78.25876501,100.84916380
0.25000000,24.81341362,-78.25876501,103.07217863
0.25000000,21.48604393,-78.25876501,99.74480894
0.25000000,25.28071404,-78.25876501,103.53947904
0.25000000,31.22687340,-78.25876501,109.48563841
0.25000000,26.40509605,-78.25876501,104.66386106
0.25000000,35.07876396,-78.25876501,113.33752897
0.25000000,27.60481834,-78.25876501,105.86358335
0.25000000,26.99542046,-78.25876501,105.25418547
0.25000000,25.21967888,-78.25876501,103.47844389
0.25000000,28.78546715,-78.25876501,107.04423216
0.25000000,32.39035606,-78.25876501,110.64912107
0.25000000,23.33045006,-78.25876501,101.58921507
0.25000000,29.36434746,-78.25876501,107.62311247
0.25000000,17.87638664,-78.25876501,96.13515165
0.25000000,24.32036400,-78.25876501,102.57912901
0.25000000,35.44211388,-78.25876501,113.70087889
0.25000000,19.51289177,-78.25876501,97.77165678
0.25000000,23.23126793,-78.25876501,101.49003294
0.25000000,23.59652519,-78.25876501,101.85529020
0.25000000,25.70891380,-78.25876501,103.96767881
0.28125000,25.76422691,-78.50630908,104.27053599
0.28125000,43.76482964,-78.50630908,122.27113871
0.28125000,44.33703423,-78.50630908,122.84334330
0.28125000,43.89262199,-78.50630908,122.39893107
0.28125000,44.62981224,-78.50630908,123.13612132
0.28125000,35.87412834,-78.50630908,114.38043742
0.28125000,35.97331047,-78.50630908,114.47961955
0.28125000,34.19661522,-78.50630908,112.70292429
0.28125000,38.29360008,-78.50630908,116.79990916
0.28125000,32.76801109,-78.50630908,111.27432017
0.28125000,31.05616570,-78.50630908,109.56247477
0.28125000,34.19470787,-78.50630908,112.70101695
0.28125000,30.82919121,-78.50630908,109.33550028
0.28125000,29.52647209,-78.50630908,108.03278117
0.28125000,30.81011772,-78.50630908,109.31642680
0.28125000,34.12222862,-78.50630908,112.62853770
0.28125000,18.78714561,-78.50630908,97.29345469
0.28125000,36.39769554,-78.50630908,114.90400462
0.28125000,27.43411064,-78.50630908,105.94041972
0.28125000,34.61527824,-78.50630908,113.12158732
0.28125000,32.29403496,-78.50630908,110.80034403
0.28125000,36.76009178,-78.50630908,115.26640086
0.28125000,35.06159782,-78.50630908,113.56790690
0.28125000,35.66050529,-78.50630908,114.16681437
0.28125000,33.09321404,-78.50630908,111.59952311
0.28125000,31.54730797,-78.50630908,110.05361704
0.28125000,35.07399559,-78.50630908,113.58030467
0.28125000,38.00559044,-78.50630908,116.51189951
0.28125000,34.30151939,-78.50630908,112.80782847
0.28125000,41.23663902,-78.50630908,119.74294810
0.28125000,40.56811333,-78.50630908,119.07442240
0.28125000,32.99117088,-78.50630908,111.49747996
0.28125000,39.20435905,-78.50630908,117.71066813
0.28125000,28.77306938,-78.50630908,107.27937846
0.28125000,29.64377403,-78.50630908,108.15008311
0.28125000,31.18968010,-78.50630908,109.69598917
0.28125000,34.24239159,-78.50630908,112.74870066
0.28125000,30.81202507,-78.50630908,109.31833415
0.28125000,37.41526604,-78.50630908,115.92157511
0.28125000,30.33328056,-78.50630908,108.83958964
0.28125000,38.24114799,-78.50630908,116.74745707
0.28125000,37.50109673,-78.50630908,116.00740580
0.28125000,32.17196465,-78.50630908,110.67827372
0.28125000,27.62198448,-78.50630908,106.12829356
0.28125000,31.14867210,-78.50630908,109.65498118
0.28125000,29.47306633,-78.50630908,107.97937540
0.28125000,37.55354881,-78.50630908,116.05985789
0.28125000,46.38171196,-78.50630908,124.88802103
0.28125000,36.33093834,-78.50630908,114.83724741
0.28125000,30.66420555,-78.50630908,109.17051463
0.28125000,35.27808189,-78.50630908,113.78439097
0.28125000,36.51976585,-78.50630908,115.02607493
0.28125000,31.56447411,-78.50630908,110.07078318
0.28125000,28.26094627,-78.50630908,106.76725535
0.28125000,35.22753716,-78.50630908,113.73384623
0.28125000,33.02645683,-78.50630908,111.53276591
0.28125000,33.73122215,-78.50630908,112.23753123
0.28125000,37.09959984,-78.50630908,115.60590891
0.28125000,39.53528404,-78.50630908,118.04159312
0.28125000,30.27606010,-78.50630908,108.78236918
0.28125000,27.76408195,-78.50630908,106.27039103
0.28125000,32.12046623,-78.50630908,110.62677531
0.28125000,31.62360191,-78.50630908,110.12991099
0.28125000,47.35445976,-78.50630908,125.86076884
0.28125000,22.54176140,-78.50630908,101.04807047
0.28125000,44.78430748,-78.50630908,123.29061655
0.28125000,29.69908714,-78.50630908,108.20539622
0.28125000,39.82520103,-78.50630908,118.33151011
0.28125000,39.32738304,-78.50630908,117.83369212
0.28125000,42.62232780,-78.50630908,121.12863688
0.31250000,42.01936722,-78.75385314,120.77322036
0.31250000,40.47060013,-78.75385314,119.22445327
0.31250000,30.17473221,-78.75385314,108.92858535
0.31250000,45.68910599,-78.75385314,124.44295913
0.31250000,42.00506210,-78.75385314,120.75891524
0.31250000,39.89362717,-78.75385314,118.64748031
0.31250000,36.37647629,-78.75385314,115.13032943
0.31250000,42.20533371,-78.75385314,120.95918685
0.31250000,45.48406601,-78.75385314,124.23791915
0.31250000,40.73476791,-78.75385314,119.48862105
0.31250000,41.91350937,-78.75385314,120.66736251
0.31250000,38.24758530,-78.75385314,117.00143844
0.31250000,39.81733322,-78.75385314,118.57118636
0.31250000,43.61009598,-78.75385314,122.36394912
0.31250000,42.51432419,-78.75385314,121.26817733
0.31250000,41.55015945,-78.75385314,120.30401260
0.31250000,57.77883530,-78.75385314,136.53268844
0.31250000,44.03066635,-78.75385314,122.78451949
0.31250000,39.66188431,-78.75385314,118.41573745
0.31250000,42.43040085,-78.75385314,121.18425399
0.31250000,40.88354111,-78.75385314,119.63739425
0.31250000,42.76514053,-78.75385314,121.51899367
0.31250000,37.12320328,-78.75385314,115.87705642
0.31250000,37.26148605,-78.75385314,116.01533919
0.31250000,34.60931778,-78.75385314,113.36317092
0.31250000,43.17808151,-78.75385314,121.93193465
0.31250000,42.43993759,-78.75385314,121.19379073
0.31250000,51.54085159,-78.75385314,130.29470473
0.31250000,43.16949844,-78.75385314,121.92335158
0.31250000,41.04566574,-78.75385314,119.79951888
0.31250000,45.01199722,-78.75385314,123.76585036
0.31250000,34.25645828,-78.75385314,113.01031142
0.31250000,50.41551590,-78.75385314,129.16936904
0.31250000,46.93174362,-78.75385314,125.68559676
0.31250000,41.47577286,-78.75385314,120.22962600
0.31250000,44.99483109,-78.75385314,123.74868423
0.31250000,35.15481949,-78.75385314,113.90867263
0.31250000,39.86787796,-78.75385314,118.62173110
0.31250000,41.15819931,-78.75385314,119.91205245
0.31250000,40.86828232,-78.75385314,119.62213546
0.31250000,39.16501999,-78.75385314,117.91887313
0.31250000,42.36078262,-78.75385314,121.11463576
0.31250000,45.04728317,-78.75385314,123.80113631
0.31250000,36.79418564,-78.75385314,115.54803878
0.31250000,28.24449539,-78.75385314,106.99834853
0.31250000,49.32260513,-78.75385314,128.07645827
0.31250000,32.46545792,-78.75385314,111.21931106
0.31250000,34.72852707,-78.75385314,113.48238021
0.31250000,44.79360580,-78.75385314,123.54745895
0.31250000,41.69321060,-78.75385314,120.44706374
0.31250000,46.45490646,-78.75385314,125.20875960
0.31250000,45.45259476,-78.75385314,124.20644790
0.31250000,41.34416580,-78.75385314,120.09801894
0.31250000,36.07130051,-78.75385314,114.82515365
0.31250000,35.77756882,-78.75385314,114.53142196
0.31250000,33.65945816,-78.75385314,112.41331130
0.31250000,36.15427017,-78.75385314,114.90812331
0.31250000,37.65344620,-78.75385314,116.40729934
0.31250000,41.73898697,-78.75385314,120.49284011
0.31250000,38.91611099,-78.75385314,117.66996413
0.31250000,36.46516800,-78.75385314,115.21902114
0.31250000,49.44658279,-78.75385314,128.20043594
0.31250000,37.85181046,-78.75385314,116.60566360
0.31250000,44.03829575,-78.75385314,122.79214889
0.31250000,37.54663467,-78.75385314,116.30048782
0.31250000,37.14895248,-78.75385314,115.90280563
0.31250000,46.63991928,-78.75385314,125.39377242
0.34375000,45.24827003,-79.00139721,124.24966724
0.34375000,48.52890968,-79.00139721,127.53030689
0.34375000,46.62442207,-79.00139721,125.62581928
0.34375000,45.73845863,-79.00139721,124.73985584
0.34375000,38.50865364,-79.00139721,117.51005085
0.34375000,48.36297035,-79.00139721,127.36436756
0.34375000,44.80862617,-79.00139721,123.81002338
0.34375000,37.92405128,-79.00139721,116.92544849
0.34375000,53.07507515,-79.00139721,132.07647236
0.34375000,50.71568489,-79.00139721,129.71708210
0.34375000,44.29745674,-79.00139721,123.29885395
0.34375000,41.38684273,-79.00139721,120.38823993
0.34375000,46.41556740,-79.00139721,125.41696460
0.34375000,55.84359169,-79.00139721,134.84498890
0.34375000,37.36519814,-79.00139721,116.36659534
0.34375000,55.79590797,-79.00139721,134.79730518
0.34375000,39.90006447,-79.00139721,118.90146168
0.34375000,43.68615150,-79.00139721,122.68754871
0.34375000,44.79241371,-79.00139721,123.79381092
0.34375000,43.71857643,-79.00139721,122.71997364
0.34375000,40.26055336,-79.00139721,119.26195057
0.34375000,41.42212868,-79.00139721,120.42352588
0.34375000,44.97838020,-79.00139721,123.97977741
0.34375000,48.74253273,-79.00139721,127.74392994
0.34375000,45.33123970,-79.00139721,124.33263691
0.34375000,47.83940315,-79.00139721,126.84080036
0.34375000,45.97401619,-79.00139721,124.97541340
0.34375000,42.95086861,-79.00139721,121.95226581
0.34375000,55.41920662,-79.00139721,134.42060383
0.34375000,48.00057411,-79.00139721,127.00197132
0.34375000,56.89263344,-79.00139721,135.89403065
0.34375000,50.73571205,-79.00139721,129.73710926
0.34375000,46.48518562,-79.00139721,125.48658283
0.34375000,41.98670387,-79.00139721,120.98810108
0.34375000,47.02115059,-79.00139721,126.02254780
0.34375000,48.15316200,-79.00139721,127.15455921
0.34375000,42.91367531,-79.00139721,121.91507252
0.34375000,47.71161079,-79.00139721,126.71300800
0.34375000,43.46299171,-79.00139721,122.46438892
0.34375000,54.21566963,-79.00139721,133.21706684
0.34375000,38.16437721,-79.00139721,117.16577442
0.34375000,51.09715462,-79.00139721,130.09855182
0.34375000,37.94789314,-79.00139721,116.94929035
0.34375000,41.08929634,-79.00139721,120.09069355
0.34375000,52.70695686,-79.00139721,131.70835407
0.34375000,53.58719826,-79.00139721,132.58859546
0.34375000,35.58754921,-79.00139721,114.58894642
0.34375000,48.61187935,-79.00139721,127.61327656
0.34375000,46.18668556,-79.00139721,125.18808277
0.34375000,39.18099403,-79.00139721,118.18239124
0.34375000,47.68872261,-79.00139721,126.69011982
0.34375000,42.92416573,-79.00139721,121.92556293
0.34375000,39.31260109,-79.00139721,118.31399830
0.34375000,42.25468636,-79.00139721,121.25608356
0.34375000,43.75958443,-79.00139721,122.76098163
0.34375000,35.98141670,-79.00139721,114.98281391
0.34375000,38.05947304,-79.00139721,117.06087024
0.34375000,51.78570747,-79.00139721,130.78710468
0.34375000,59.02791023,-79.00139721,138.02930744
0.34375000,50.75478554,-79.00139721,129.75618274
0.34375000,48.06923866,-79.00139721,127.07063587
0.34375000,45.47238350,-79.00139721,124.47378071
0.34375000,51.26976967,-79.00139721,130.27116688
0.34375000,44.45290565,-79.00139721,123.45430286
0.34375000,36.29803658,-79.00139721,115.29943378
0.34375000,56.93936348,-79.00139721,135.94076069
0.34375000,52.33216286,-79.00139721,131.33356006
0.34375000,44.96121407,-79.00139721,123.96261127
0.34375000,44.69037056,-79.00139721,123.69176777
0.37500000,43.19834709,-79.24894127,122.44728836
0.37500000,55.97949028,-79.24894127,135.22843155
0.37500000,50.45866966,-79.24894127,129.70761094
0.37500000,53.83372307,-79.24894127,133.08266434
0.37500000,55.74774742,-79.24894127,134.99668869
0.37500000,45.38512230,-79.24894127,124.63406357
0.37500000,53.34353447,-79.24894127,132.59247574
0.37500000,54.43835258,-79.24894127,133.68729386
0.37500000,53.05171013,-79.24894127,132.30065140
0.37500000,42.13309288,-79.24894127,121.38203415
0.37500000,47.53088951,-79.24894127,126.77983078
0.37500000,60.97197533,-79.24894127,140.22091660
0.37500000,45.95637321,-79.24894127,125.20531449
0.37500000,54.20279503,-79.24894127,133.45173630
0.37500000,48.12598228,-79.24894127,127.37492356
0.37500000,47.18279839,-79.24894127,126.43173966
0.37500000,53.01737785,-79.24894127,132.26631913
0.37500000,48.67339134,-79.24894127,127.92233262
0.37500000,54.78072166,-79.24894127,134.02966294
0.37500000,59.92960930,-79.24894127,139.17855057
0.37500000,54.29530144,-79.24894127,133.54424271
0.37500000,58.11667442,-79.24894127,137.36561570
0.37500000,45.18103600,-79.24894127,124.42997727
0.37500000,59.86380577,-79.24894127,139.11274704
0.37500000,53.12514305,-79.24894127,132.37408432
0.37500000,47.90377617,-79.24894127,127.15271744
0.37500000,42.03486443,-79.24894127,121.28380570
0.37500000,50.38428307,-79.24894127,129.63322434
0.37500000,55.07826805,-79.24894127,134.32720932
0.37500000,51.61452293,-79.24894127,130.86346421
0.37500000,51.43904686,-79.24894127,130.68798813
0.37500000,45.77422142,-79.24894127,125.02316269
0.37500000,29.15072441,-79.24894127,108.39966568
0.37500000,51.53822899,-79.24894127,130.78717026
0.37500000,50.98128319,-79.24894127,130.23022446
0.37500000,49.96848106,-79.24894127,129.21742234
0.37500000,62.02769279,-79.24894127,141.27663407
0.37500000,47.94955254,-79.24894127,127.19849381
0.37500000,64.21256065,-79.24894127,143.46150193
0.37500000,52.63876915,-79.24894127,131.88771042
0.37500000,51.30171776,-79.24894127,130.55065903
0.37500000,53.30157280,-79.24894127,132.55051407
0.37500000,46.43225670,-79.24894127,125.68119797
0.37500000,51.15008354,-79.24894127,130.39902481
0.37500000,47.34015465,-79.24894127,126.58909592
0.37500000,64.59498405,-79.24894127,143.84392533
0.37500000,50.58646202,-79.24894127,129.83540329
0.37500000,46.80705070,-79.24894127,126.05599198
0.37500000,41.23377800,-79.24894127,120.48271927
0.37500000,45.08948326,-79.24894127,124.33842453
0.37500000,51.30267143,-79.24894127,130.55161271
0.37500000,48.96903038,-79.24894127,128.21797165
0.37500000,46.76508904,-79.24894127,126.01403031
0.37500000,47.80745506,-79.24894127,127.05639634
0.37500000,46.34451866,-79.24894127,125.59345993
0.37500000,49.20077324,-79.24894127,128.44971451
0.37500000,57.67989159,-79.24894127,136.92883286
0.37500000,46.48756981,-79.24894127,125.73651108
0.37500000,49.55267906,-79.24894127,128.80162033
0.37500000,54.41069603,-79.24894127,133.65963730
0.37500000,57.27839470,-79.24894127,136.52733597
0.37500000,51.87296867,-79.24894127,131.12190995
0.37500000,43.86019707,-79.24894127,123.10913834
0.37500000,47.70159721,-79.24894127,126.95053849
0.37500000,37.35423088,-79.24894127,116.60317215
0.03125000,-100.57654977,-76.52595655,-24.05059322
0.03125000,-99.13364053,-76.52595655,-22.60768398
0.03125000,-120.98231912,-76.52595655,-44.45636257
0.03125000,-100.15502572,-76.52595655,-23.62906917
0.03125000,-100.18649697,-76.52595655,-23.66054043
0.03125000,-100.01865029,-76.52595655,-23.49269375
0.03125000,-100.24943948,-76.52595655,-23.72348293
0.03125000,-120.78109384,-76.52595655,-44.25513729
0.03125000,-100.30475259,-76.52595655,-23.77879604
0.03125000,-100.06442666,-76.52595655,-23.53847011
0.03125000,-100.29044747,-76.52595655,-23.76449093
0.03125000,-119.50317025,-76.52595655,-42.97721370
0.03125000,-121.66133523,-76.52595655,-45.13537868
0.03125000,-101.17450356,-76.52595655,-24.64854702
0.03125000,-99.23282266,-76.52595655,-22.70686611
0.03125000,-100.32191873,-76.52595655,-23.79596218
0.03125000,-100.83881021,-76.52595655,-24.31285366
0.03125000,-100.18268228,-76.52595655,-23.65672573
0.03125000,-119.57564950,-76.52595655,-43.04969295
0.03125000,-98.76838326,-76.52595655,-22.24242672
0.03125000,-120.75725198,-76.52595655,-44.23129543
0.03125000,-120.51978707,-76.52595655,-43.99383053
0.03125000,-100.71578622,-76.52595655,-24.18982967
0.03125000,-120.74866891,-76.52595655,-44.22271236
0.03125000,-120.76869607,-76.52595655,-44.24273952
0.03125000,-99.40162301,-76.52595655,-22.87566646
0.03125000,-119.37537789,-76.52595655,-42.84942135
0.03125000,-99.70012307,-76.52595655,-23.17416652
0.03125000,-120.07632852,-76.52595655,-43.55037197
0.03125000,-100.04058480,-76.52595655,-23.51462826
0.03125000,-119.49077249,-76.52595655,-42.96481594
0.03125000,-101.62654519,-76.52595655,-25.10058864
0.03125000,-100.22559762,-76.52595655,-23.69964107
0.03125000,-101.08199716,-76.52595655,-24.55604061
0.03125000,-100.68145394,-76.52595655,-24.15549740
0.03125000,-99.51224923,-76.52595655,-22.98629268
0.03125000,-120.38341165,-76.52595655,-43.85745510
0.03125000,-100.99425912,-76.52595655,-24.46830257
0.03125000,-119.68627572,-76.52595655,-43.16031917
0.03125000,-100.97041726,-76.52595655,-24.44446071
0.03125000,-119.99049783,-76.52595655,-43.46454128
0.03125000,-99.75352883,-76.52595655,-23.22757229
0.03125000,-100.36483407,-76.52595655,-23.83887752
0.03125000,-121.46964669,-76.52595655,-44.94369014
0.03125000,-120.12878060,-76.52595655,-43.60282406
0.03125000,-100.13309121,-76.52595655,-23.60713466
0.03125000,-119.25807595,-76.52595655,-42.73211941
0.03125000,-100.20652413,-76.52595655,-23.68056759
0.03125000,-101.16592050,-76.52595655,-24.63996395
0.03125000,-99.00966287,-76.52595655,-22.48370632
0.03125000,-99.49031472,-76.52595655,-22.96435817
0.03125000,-102.96264291,-76.52595655,-26.43668636
0.03125000,-118.64200234,-76.52595655,-42.11604580
0.03125000,-100.80924630,-76.52595655,-24.28328975
0.03125000,-101.11442208,-76.52595655,-24.58846554
0.03125000,-100.23418069,-76.52595655,-23.70822414
0.03125000,-99.82123971,-76.52595655,-23.29528316
0.03125000,-122.24403024,-76.52595655,-45.71807369
0.03125000,-119.28096414,-76.52595655,-42.75500759
0.03125000,-120.74866891,-76.52595655,-44.22271236
0.03125000,-119.59186196,-76.52595655,-43.06590542
0.03125000,-99.44453835,-76.52595655,-22.91858181
0.03125000,-100.94752908,-76.52595655,-24.42157253
0.03125000,-100.81878304,-76.52595655,-24.29282650
0.03125000,-98.77792001,-76.52595655,-22.25196346
0.03125000,-120.44921517,-76.52595655,-43.92325863
0.03125000,-120.16502023,-76.52595655,-43.63906368
0.03125000,-101.33567452,-76.52595655,-24.80971798
0.03125000,-100.09494424,-76.52595655,-23.56898769
0.03125000,-119.74826455,-76.52595655,-43.22230800
0.03125000,-100.25992990,-76.52595655,-23.73397335
0.40625000,48.32696915,-79.49648534,127.82345449
0.40625000,48.16675186,-79.49648534,127.66323720
0.40625000,60.75048447,-79.49648534,140.24696981
0.40625000,59.85784531,-79.49648534,139.35433065
0.40625000,42.14811325,-79.49648534,121.64459859
0.40625000,61.72704697,-79.49648534,141.22353231
0.40625000,64.71776962,-79.49648534,144.21425496
0.40625000,45.88747025,-79.49648534,125.38395558
0.40625000,56.99968338,-79.49648534,136.49616872
0.40625000,46.99945450,-79.49648534,126.49593984
0.40625000,47.83296585,-79.49648534,127.32945119
0.40625000,49.74412918,-79.49648534,129.24061452
0.40625000,49.98064041,-79.49648534,129.47712575
0.40625000,54.54111099,-79.49648534,134.03759633
0.40625000,53.64179611,-79.49648534,133.13828145
0.40625000,46.69332504,-79.49648534,126.18981038
0.40625000,59.63087082,-79.49648534,139.12735616
0.40625000,50.32110214,-79.49648534,129.81758748
0.40625000,45.84360123,-79.49648534,125.34008657
0.40625000,53.64084244,-79.49648534,133.13732778
0.40625000,48.24686050,-79.49648534,127.74334584
0.40625000,56.09178543,-79.49648534,135.58827077
0.40625000,55.31167984,-79.49648534,134.80816518
0.40625000,40.58218002,-79.49648534,120.07866536
0.40625000,54.47435379,-79.49648534,133.97083913
0.40625000,57.35254288,-79.49648534,136.84902822
0.40625000,52.56986618,-79.49648534,132.06635152
0.40625000,50.16088486,-79.49648534,129.65737020
0.40625000,49.78895187,-79.49648534,129.28543721
0.40625000,56.23865128,-79.49648534,135.73513661
0.40625000,48.13909531,-79.49648534,127.63558065
0.40625000,65.73915482,-79.49648534,145.23564015
0.40625000,49.04890060,-79.49648534,128.54538594
0.40625000,52.96373367,-79.49648534,132.46021901
0.40625000,52.10256577,-79.49648534,131.59905110
0.40625000,55.17148972,-79.49648534,134.66797505
0.40625000,63.39502335,-79.49648534,142.89150868
0.40625000,54.97980118,-79.49648534,134.47628652
0.40625000,52.96754837,-79.49648534,132.46403371
0.40625000,38.30194473,-79.49648534,117.79843007
0.40625000,53.89642715,-79.49648534,133.39291249
0.40625000,49.22819138,-79.49648534,128.72467671
0.40625000,49.42369461,-79.49648534,128.92017995
0.40625000,51.63335800,-79.49648534,131.12984334
0.40625000,57.16753006,-79.49648534,136.66401540
0.40625000,50.03499985,-79.49648534,129.53148519
0.40625000,49.37219620,-79.49648534,128.86868154
0.40625000,52.18648911,-79.49648534,131.68297444
0.40625000,49.31974411,-79.49648534,128.81622945
0.40625000,51.79357529,-79.49648534,131.29006063
0.40625000,55.20486832,-79.49648534,134.70135366
0.40625000,42.59252548,-79.49648534,122.08901082
0.40625000,58.50744247,-79.49648534,138.00392781
0.40625000,54.64601517,-79.49648534,134.14250051
0.40625000,37.77742386,-79.49648534,117.27390920
0.40625000,55.80759048,-79.49648534,135.30407582
0.40625000,43.89524460,-79.49648534,123.39172994
0.40625000,47.63078690,-79.49648534,127.12727223
0.40625000,49.97777939,-79.49648534,129.47426473
0.40625000,60.27555466,-79.49648534,139.77204000
0.40625000,48.68555069,-79.49648534,128.18203603
0.40625000,43.43938828,-79.49648534,122.93587361
0.40625000,57.34395981,-79.49648534,136.84044515
0.40625000,53.85541916,-79.49648534,133.35190450
0.40625000,49.12328720,-79.49648534,128.61977254
0.40625000,43.30682755,-79.49648534,122.80331288
0.40625000,43.19810867,-79.49648534,122.69459401
0.40625000,50.99439621,-79.49648534,130.49088155
0.43750000,51.72562599,-79.74402940,131.46965540
0.43750000,54.68106270,-79.74402940,134.42509210
0.43750000,50.97317696,-79.74402940,130.71720636
0.43750000,44.43860054,-79.74402940,124.18262994
0.43750000,41.32390022,-79.74402940,121.06792963
0.43750000,56.87069893,-79.74402940,136.61472833
0.43750000,40.16613960,-79.74402940,119.91016901
0.43750000,42.59419441,-79.74402940,122.33822382
0.43750000,47.16992378,-79.74402940,126.91395319
0.43750000,45.10235786,-79.74402940,124.84638727
0.43750000,46.55194283,-79.74402940,126.29597223
0.43750000,42.26422310,-79.74402940,122.00825250
0.43750000,49.75152016,-79.74402940,129.49554956
0.43750000,44.23737526,-79.74402940,123.98140466
0.43750000,38.21969032,-79.74402940,117.96371973
0.43750000,50.28939247,-79.74402940,130.03342188
0.43750000,55.06825447,-79.74402940,134.81228388
0.43750000,52.23011971,-79.74402940,131.97414911
0.43750000,51.01132393,-79.74402940,130.75535333
0.43750000,53.68542671,-79.74402940,133.42945612
0.43750000,65.16385078,-79.74402940,144.90788019
0.43750000,45.58777809,-79.74402940,125.33180750
0.43750000,48.94375801,-79.74402940,128.68778742
0.43750000,45.67360878,-79.74402940,125.41763818
0.43750000,60.52517891,-79.74402940,140.26920831
0.43750000,50.84156990,-79.74402940,130.58559931
0.43750000,48.42400551,-79.74402940,128.16803491
0.43750000,47.18232155,-79.74402940,126.92635095
0.43750000,53.17425728,-79.74402940,132.91828668
0.43750000,51.84006691,-79.74402940,131.58409631
0.43750000,48.69294167,-79.74402940,128.43697107
0.43750000,43.96367073,-79.74402940,123.70770014
0.43750000,51.80478096,-79.74402940,131.54881036
0.43750000,37.15634346,-79.74402940,116.90037286
0.43750000,46.81897163,-79.74402940,126.56300104
0.43750000,52.83284187,-79.74402940,132.57687128
0.43750000,48.92563820,-79.74402940,128.66966760
0.43750000,52.76799202,-79.74402940,132.51202142
0.43750000,53.99346352,-79.74402940,133.73749292
0.43750000,49.64280128,-79.74402940,129.38683069
0.43750000,62.17789650,-79.74402940,141.92192590
0.43750000,60.20569801,-79.74402940,139.94972742
0.43750000,48.07114601,-79.74402940,127.81517542
0.43750000,50.28176308,-79.74402940,130.02579248
0.43750000,59.43894386,-79.74402940,139.18297327
0.43750000,51.65410042,-79.74402940,131.39812982
0.43750000,49.29947853,-79.74402940,129.04350794
0.43750000,49.49116707,-79.74402940,129.23519647
0.43750000,61.23185158,-79.74402940,140.97588098
0.43750000,60.29152870,-79.74402940,140.03555811
0.43750000,49.23653603,-79.74402940,128.98056543
0.43750000,42.94705391,-79.74402940,122.69108331
0.43750000,55.88650703,-79.74402940,135.63053644
0.43750000,62.38865852,-79.74402940,142.13268793
0.43750000,47.64866829,-79.74402940,127.39269769
0.43750000,50.28080940,-79.74402940,130.02483881
0.43750000,46.90766335,-79.74402940,126.65169275
0.43750000,47.95479774,-79.74402940,127.69882715
0.43750000,43.55263710,-79.74402940,123.29666650
0.43750000,59.54957008,-79.74402940,139.29359949
0.43750000,63.61126900,-79.74402940,143.35529840
0.43750000,45.37892342,-79.74402940,125.12295282
0.43750000,49.40438271,-79.74402940,129.14841211
0.43750000,62.32571602,-79.74402940,142.06974542
0.43750000,31.97693825,-79.74402940,111.72096765
0.43750000,55.92179298,-79.74402940,135.66582239
0.43750000,60.30106544,-79.74402940,140.04509485
0.43750000,53.75981331,-79.74402940,133.50384271
0.43750000,41.52131081,-79.74402940,121.26534021
0.43750000,57.03473091,-79.74402940,136.77876032
0.43750000,53.96485329,-79.74402940,133.70888269
0.43750000,63.24791908,-79.74402940,142.99194849
0.43750000,47.95861244,-79.74402940,127.70264185
0.46875000,37.24598885,-79.99157347,117.23756232
0.46875000,44.57688332,-79.99157347,124.56845679
0.46875000,50.22549629,-79.99157347,130.21706976
0.46875000,48.63858223,-79.99157347,128.63015570
0.46875000,47.85180092,-79.99157347,127.84337439
0.46875000,47.08409309,-79.99157347,127.07566656
0.46875000,54.63910103,-79.99157347,134.63067450
0.46875000,47.40643501,-79.99157347,127.39800848
0.46875000,62.83402443,-79.99157347,142.82559790
0.46875000,53.22861671,-79.99157347,133.22019019
0.46875000,47.84512520,-79.99157347,127.83669867
0.46875000,48.01964760,-79.99157347,128.01122107
0.46875000,56.55312538,-79.99157347,136.54469885
0.46875000,44.56543922,-79.99157347,124.55701269
0.46875000,51.16772652,-79.99157347,131.15929999
0.46875000,50.94647408,-79.99157347,130.93804755
0.46875000,53.27916145,-79.99157347,133.27073492
0.46875000,57.18636513,-79.99157347,137.17793860
0.46875000,50.60505867,-79.99157347,130.59663214
0.46875000,53.65777016,-79.99157347,133.64934363
0.46875000,51.49483681,-79.99157347,131.48641028
0.46875000,47.10793495,-79.99157347,127.09950842
0.46875000,50.34852028,-79.99157347,130.34009375
0.46875000,53.64060402,-79.99157347,133.63217749
0.46875000,54.03447151,-79.99157347,134.02604498
0.46875000,58.51197243,-79.99157347,138.50354590
0.46875000,46.92101479,-79.99157347,126.91258826
0.46875000,57.05761909,-79.99157347,137.04919257
0.46875000,44.44336891,-79.99157347,124.43494238
0.46875000,54.01825905,-79.99157347,134.00983252
0.46875000,49.06773567,-79.99157347,129.05930914
0.46875000,50.01378059,-79.99157347,130.00535406
0.46875000,60.76455116,-79.99157347,140.75612463
0.46875000,49.12972450,-79.99157347,129.12129797
0.46875000,51.75042152,-79.99157347,131.74199499
0.46875000,44.81625557,-79.99157347,124.80782904
0.46875000,61.92040443,-79.99157347,141.91197790
0.46875000,47.75071144,-79.99157347,127.74228491
0.46875000,49.51977730,-79.99157347,129.51135077
0.46875000,47.84703255,-79.99157347,127.83860602
0.46875000,44.43669319,-79.99157347,124.42826666
0.46875000,58.67886543,-79.99157347,138.67043890
0.46875000,49.34811592,-79.99157347,129.33968939
0.46875000,48.10070992,-79.99157347,128.09228339
0.46875000,42.60754585,-79.99157347,122.59911932
0.46875000,37.73236275,-79.99157347,117.72393622
0.46875000,46.12565041,-79.99157347,126.11722388
0.46875000,45.86434364,-79.99157347,125.85591711
0.46875000,49.48639870,-79.99157347,129.47797217
0.50000000,37.59355344,-80.23911754,117.83267097
0.50000000,47.10726898,-80.23911754,127.34638652
0.50000000,54.96610398,-80.23911754,135.20522152
0.50000000,46.20091047,-80.23911754,126.44002801
0.50000000,55.21601156,-80.23911754,135.45512910
0.50000000,46.46362000,-80.23911754,126.70273754
0.50000000,47.86637102,-80.23911754,128.10548855
0.50000000,45.70906445,-80.23911754,125.94818199
0.50000000,45.63163531,-80.23911754,125.87075285
0.50000000,57.00693180,-80.23911754,137.24604933
0.50000000,53.30780164,-80.23911754,133.54691918
0.50000000,48.71388031,-80.23911754,128.95299785
0.50000000,46.87767008,-80.23911754,127.11678761
0.50000000,51.47638281,-80.23911754,131.71550035
0.50000000,46.52759641,-80.23911754,126.76671394
0.50000000,45.48096437,-80.23911754,125.72008191
0.50000000,37.93461078,-80.23911754,118.17372832
0.50000000,49.78762703,-80.23911754,130.02674457
0.50000000,51.94875969,-80.23911754,132.18787722
0.50000000,47.49651297,-80.23911754,127.73563051
0.50000000,46.21100852,-80.23911754,126.45012605
0.50000000,48.08921227,-80.23911754,128.32832980
0.50000000,45.85970008,-80.23911754,126.09881761
0.50000000,45.85284922,-80.23911754,126.09196676
0.50000000,56.16088680,-80.23911754,136.40000433
0.50000000,46.71243789,-80.23911754,126.95155543
0.50000000,47.38588789,-80.23911754,127.62500543
0.50000000,40.95047594,-80.23911754,121.18959347
0.50000000,42.40039883,-80.23911754,122.63951636
0.50000000,40.44268398,-80.23911754,120.68180152
0.50000000,47.12028477,-80.23911754,127.35940230
0.50000000,38.32787258,-80.23911754,118.56699011
0.50000000,37.44436023,-80.23911754,117.68347777
0.50000000,53.98957125,-80.23911754,134.22868879
0.50000000,46.65011266,-80.23911754,126.88923019
0.50000000,43.59328570,-80.23911754,123.83240324
0.50000000,55.74527750,-80.23911754,135.98439504
0.50000000,46.84409461,-80.23911754,127.08321215
0.50000000,45.00534086,-80.23911754,125.24445840
0.50000000,39.76866750,-80.23911754,120.00778504
0.50000000,58.52756258,-80.23911754,138.76668011
0.50000000,40.56843508,-80.23911754,120.80755261
0.50000000,51.14858289,-80.23911754,131.38770043
0.50000000,50.85455187,-80.23911754,131.09366941
0.50000000,53.99834547,-80.23911754,134.23746301
0.50000000,39.36880961,-80.23911754,119.60792715
0.50000000,43.01671930,-80.23911754,123.25583683
0.50000000,45.23220109,-80.23911754,125.47131863
0.50000000,53.90864484,-80.23911754,134.14776238
0.50000000,49.75479617,-80.23911754,129.99391371
0.50000000,48.37101344,-80.23911754,128.61013097
0.50000000,44.69983055,-80.23911754,124.93894808
0.50000000,42.43918328,-80.23911754,122.67830082
0.50000000,49.77937125,-80.23911754,130.01848879
0.50000000,38.40898930,-80.23911754,118.64810683
0.50000000,44.96863508,-80.23911754,125.20775261
0.50000000,50.88119164,-80.23911754,131.12030918
0.50000000,50.19333461,-80.23911754,130.43245215
0.50000000,45.87434766,-80.23911754,126.11346519
0.50000000,44.98617883,-80.23911754,125.22529636
0.50000000,54.70647352,-80.23911754,134.94559105
0.50000000,59.97971383,-80.23911754,140.21883136
0.50000000,45.07063367,-80.23911754,125.30975121
0.50000000,46.97855102,-80.23911754,127.21766855
0.50000000,51.94792250,-80.23911754,132.18704004
0.50000000,51.57587945,-80.23911754,131.81499699
0.50000000,44.78229148,-80.23911754,125.02140902
0.50000000,43.85389977,-80.23911754,124.09301730
0.50000000,49.26130797,-80.23911754,129.50042551
0.50000000,40.16717539,-80.23911754,120.40629293
0.50000000,50.17710883,-80.23911754,130.41622636
0.50000000,48.46094062,-80.23911754,128.70005816
0.50000000,47.86750742,-80.23911754,128.10662496
0.50000000,48.83383336,-80.23911754,129.07295090
0.50000000,45.63364937,-80.23911754,125.87276691
0.50000000,42.95663711,-80.23911754,123.19575465
0.50000000,56.21948320,-80.23911754,136.45860074
0.50000000,53.99889422,-80.23911754,134.23801176
0.50000000,55.83247922,-80.23911754,136.07159676
0.50000000,39.85999656,-80.23911754,120.09911410
0.50000000,52.90715000,-80.23911754,133.14626754
0.50000000,44.94340070,-80.23911754,125.18251824
0.50000000,34.52288625,-80.23911754,114.76200379
0.50000000,49.37136734,-80.23911754,129.61048488
0.50000000,51.19773445,-80.23911754,131.43685199
0.50000000,43.86411789,-80.23911754,124.10323543
0.50000000,46.96127164,-80.23911754,127.20038918
0.50000000,40.19279750,-80.23911754,120.43191504
0.50000000,54.00692758,-80.23911754,134.24604511
0.50000000,49.70616281,-80.23911754,129.94528035
0.50000000,49.65345727,-80.23911754,129.89257480
0.50000000,43.80941922,-80.23911754,124.04853676
0.50000000,57.93517508,-80.23911754,138.17429261
0.50000000,54.99124711,-80.23911754,135.23036465
0.50000000,42.45499875,-80.23911754,122.69411629
0.50000000,57.84204547,-80.23911754,138.08116301
0.50000000,38.60338898,-80.23911754,118.84250652
0.50000000,52.49341727,-80.23911754,132.73253480
0.50000000,53.08902672,-80.23911754,133.32814426
0.50000000,44.50430180,-80.23911754,124.74341933
0.53125000,47.39370578,-80.48666160,127.88036738
0.53125000,44.16653992,-80.48666160,124.65320152
0.53125000,39.01445742,-80.48666160,119.50111902
0.53125000,45.78021227,-80.48666160,126.26687387
0.53125000,48.53131891,-80.48666160,129.01798051
0.53125000,52.50990727,-80.48666160,132.99656887
0.53125000,47.56886828,-80.48666160,128.05552988
0.53125000,39.65914594,-80.48666160,120.14580754
0.53125000,44.73792430,-80.48666160,125.22458590
0.53125000,46.36964242,-80.48666160,126.85630402
0.53125000,43.26328320,-80.48666160,123.74994481
0.53125000,53.01583242,-80.48666160,133.50249402
0.53125000,48.16407461,-80.48666160,128.65073621
0.53125000,43.14725102,-80.48666160,123.63391262
0.53125000,39.73033016,-80.48666160,120.21699176
0.53125000,36.24925211,-80.48666160,116.73591371
0.53125000,51.57301086,-80.48666160,132.05967246
0.53125000,45.80087430,-80.48666160,126.28753590
0.53125000,45.09871719,-80.48666160,125.58537879
0.53125000,49.46907836,-80.48666160,129.95573996
0.53125000,50.70160695,-80.48666160,131.18826856
0.53125000,51.55167281,-80.48666160,132.03833442
0.53125000,53.32177703,-80.48666160,133.80843863
0.53125000,38.18708641,-80.48666160,118.67374801
0.53125000,40.12832414,-80.48666160,120.61498574
0.53125000,43.45299289,-80.48666160,123.93965449
0.53125000,41.11237008,-80.48666160,121.59903168
0.53125000,53.56240422,-80.48666160,134.04906582
0.53125000,40.50396664,-80.48666160,120.99062824
0.53125000,52.69337289,-80.48666160,133.18003449
0.53125000,38.30908469,-80.48666160,118.79574629
0.53125000,44.54000102,-80.48666160,125.02666262
0.53125000,45.98927656,-80.48666160,126.47593817
0.53125000,37.64197906,-80.48666160,118.12864067
0.53125000,46.75943969,-80.48666160,127.24610129
0.53125000,45.68451484,-80.48666160,126.17117645
0.53125000,43.83064469,-80.48666160,124.31730629
0.53125000,56.46624047,-80.48666160,136.95290207
0.53125000,52.33715359,-80.48666160,132.82381520
0.53125000,46.91292078,-80.48666160,127.39958238
0.53125000,50.83569039,-80.48666160,131.32235199
0.53125000,34.28861773,-80.48666160,114.77527934
0.53125000,44.10894570,-80.48666160,124.59560731
0.53125000,47.26753352,-80.48666160,127.75419512
0.53125000,39.57626945,-80.48666160,120.06293106
0.53125000,42.79231844,-80.48666160,123.27898004
0.53125000,56.76204742,-80.48666160,137.24870902
0.53125000,47.76625859,-80.48666160,128.25292020
0.53125000,43.39698672,-80.48666160,123.88364832
0.53125000,43.65770094,-80.48666160,124.14436254
0.53125000,44.61887195,-80.48666160,125.10553356
0.53125000,44.34661437,-80.48666160,124.83327598
0.53125000,46.96904094,-80.48666160,127.45570254
0.53125000,54.01001078,-80.48666160,134.49667238
0.53125000,45.99201859,-80.48666160,126.47868020
0.53125000,38.62073391,-80.48666160,119.10739551
0.53125000,37.80284133,-80.48666160,118.28950293
0.53125000,48.19190438,-80.48666160,128.67856598
0.53125000,34.42795672,-80.48666160,114.91461832
0.53125000,40.32259617,-80.48666160,120.80925777
0.53125000,49.31209797,-80.48666160,129.79875957
0.53125000,41.70407367,-80.48666160,122.19073527
0.53125000,45.11264937,-80.48666160,125.59931098
0.53125000,37.18256977,-80.48666160,117.66923137
0.53125000,43.21582820,-80.48666160,123.70248981
0.53125000,43.57534039,-80.48666160,124.06200199
0.53125000,42.63476227,-80.48666160,123.12142387
0.53125000,48.86946352,-80.48666160,129.35612512
0.53125000,54.68247578,-80.48666160,135.16913738
0.53125000,51.14263469,-80.48666160,131.62929629
0.53125000,47.10614875,-80.48666160,127.59281035
0.53125000,43.48296398,-80.48666160,123.96962559
0.53125000,44.07696031,-80.48666160,124.56362192
0.53125000,46.70387453,-80.48666160,127.19053613
0.53125000,36.24381680,-80.48666160,116.73047840
0.53125000,52.35980242,-80.48666160,132.84646402
0.53125000,50.23590352,-80.48666160,130.72256512
0.53125000,45.73718664,-80.48666160,126.22384824
0.53125000,41.95472156,-80.48666160,122.44138317
0.53125000,47.95867633,-80.48666160,128.44533793
0.53125000,37.84480836,-80.48666160,118.33146996
0.53125000,45.25301992,-80.48666160,125.73968152
0.53125000,49.88198812,-80.48666160,130.36864973
0.53125000,44.12272586,-80.48666160,124.60938746
0.53125000,49.54443898,-80.48666160,130.03110059
0.53125000,34.12685656,-80.48666160,114.61351817
0.53125000,43.17037656,-80.48666160,123.65703817
0.53125000,42.75752344,-80.48666160,123.24418504
0.53125000,50.82757211,-80.48666160,131.31423371
0.53125000,33.49951781,-80.48666160,113.98617942
0.53125000,48.41000391,-80.48666160,128.89666551
0.53125000,42.55197555,-80.48666160,123.03863715
0.53125000,46.13533523,-80.48666160,126.62199684
0.53125000,42.14175180,-80.48666160,122.62841340
0.53125000,57.91563141,-80.48666160,138.40229301
0.53125000,44.41910242,-80.48666160,124.90576402
0.53125000,45.15116086,-80.48666160,125.63782246
0.53125000,47.45661383,-80.48666160,127.94327543
0.53125000,43.07276680,-80.48666160,123.55942840
0.53125000,43.33285953,-80.48666160,123.81952113
0.56250000,36.54342609,-80.73420567,117.27763176
0.56250000,41.79961813,-80.73420567,122.53382379
0.56250000,33.72045641,-80.73420567,114.45466207
0.56250000,43.76869711,-80.73420567,124.50290278
0.56250000,38.98006344,-80.73420567,119.71426911
0.56250000,38.62970148,-80.73420567,119.36390715
0.56250000,27.69719430,-80.73420567,108.43139997
0.56250000,39.75763906,-80.73420567,120.49184473
0.56250000,47.82308125,-80.73420567,128.55728692
0.56250000,33.64650937,-80.73420567,114.38071504
0.56250000,25.93486055,-80.73420567,106.66906622
0.56250000,36.23197148,-80.73420567,116.96617715
0.56250000,32.40553594,-80.73420567,113.13974161
0.56250000,30.03416672,-80.73420567,110.76837239
0.56250000,41.40408227,-80.73420567,122.13828793
0.56250000,45.33890875,-80.73420567,126.07311442
0.56250000,39.36969922,-80.73420567,120.10390489
0.56250000,35.22213672,-80.73420567,115.95634239
0.56250000,35.11796422,-80.73420567,115.85216989
0.56250000,37.41830445,-80.73420567,118.15251012
0.56250000,47.06881164,-80.73420567,127.80301731
0.56250000,31.07341258,-80.73420567,111.80761825
0.56250000,36.02390828,-80.73420567,116.75811395
0.56250000,44.29800453,-80.73420567,125.03221020
0.56250000,35.37112187,-80.73420567,116.10532754
0.56250000,45.79640141,-80.73420567,126.53060707
0.56250000,45.40877945,-80.73420567,126.14298512
0.56250000,44.38823937,-80.73420567,125.12244504
0.56250000,29.67755039,-80.73420567,110.41175606
0.56250000,42.34217016,-80.73420567,123.07637582
0.56250000,48.07972008,-80.73420567,128.81392575
0.56250000,36.63395961,-80.73420567,117.36816528
0.56250000,39.82137734,-80.73420567,120.55558301
0.56250000,43.87284930,-80.73420567,124.60705497
0.56250000,52.24288648,-80.73420567,132.97709215
0.56250000,36.44655234,-80.73420567,117.18075801
0.56250000,41.84722711,-80.73420567,122.58143278
0.56250000,45.36117813,-80.73420567,126.09538379
0.56250000,41.59625555,-80.73420567,122.33046122
0.56250000,32.55784609,-80.73420567,113.29205176
0.56250000,35.48139844,-80.73420567,116.21560411
0.56250000,32.40864883,-80.73420567,113.14285450
0.56250000,41.10011891,-80.73420567,121.83432457
0.56250000,46.05655914,-80.73420567,126.79076481
0.56250000,42.64080406,-80.73420567,123.37500973
0.56250000,42.07827047,-80.73420567,122.81247614
0.56250000,38.63660383,-80.73420567,119.37080950
0.56250000,55.38510469,-80.73420567,136.11931036
0.56250000,45.58999945,-80.73420567,126.32420512
0.56250000,46.71940172,-80.73420567,127.45360739
0.56250000,45.74285734,-80.73420567,126.47706301
0.56250000,37.03200188,-80.73420567,117.76620754
0.56250000,35.10743914,-80.73420567,115.84164481
0.56250000,48.09610477,-80.73420567,128.83031043
0.56250000,45.83092367,-80.73420567,126.56512934
0.56250000,54.70676164,-80.73420567,135.44096731
0.56250000,39.66250859,-80.73420567,120.39671426
0.56250000,39.59959258,-80.73420567,120.33379825
0.56250000,48.71627383,-80.73420567,129.45047950
0.56250000,48.37668219,-80.73420567,129.11088786
0.56250000,42.75831156,-80.73420567,123.49251723
0.56250000,35.26268367,-80.73420567,115.99688934
0.56250000,46.70222437,-80.73420567,127.43643004
0.56250000,46.71909164,-80.73420567,127.45329731
0.56250000,31.70192500,-80.73420567,112.43613067
0.56250000,36.52583219,-80.73420567,117.26003786
0.56250000,33.01383805,-80.73420567,113.74804372
0.56250000,46.30781656,-80.73420567,127.04202223
0.56250000,34.02919727,-80.73420567,114.76340293
0.56250000,39.19532609,-80.73420567,119.92953176
0.56250000,37.79976430,-80.73420567,118.53396997
0.56250000,33.61373422,-80.73420567,114.34793989
0.56250000,38.57402969,-80.73420567,119.30823536
0.56250000,31.80957977,-80.73420567,112.54378543
0.56250000,43.95920906,-80.73420567,124.69341473
0.56250000,47.94558266,-80.73420567,128.67978832
0.56250000,45.55547734,-80.73420567,126.28968301
0.56250000,35.82538531,-80.73420567,116.55959098
0.56250000,44.92097859,-80.73420567,125.65518426
0.56250000,39.23696453,-80.73420567,119.97117020
0.56250000,39.26156563,-80.73420567,119.99577129
0.56250000,40.64209398,-80.73420567,121.37629965
0.56250000,34.58489125,-80.73420567,115.31909692
0.56250000,43.96057797,-80.73420567,124.69478364
0.56250000,39.34678281,-80.73420567,120.08098848
0.56250000,31.37386547,-80.73420567,112.10807114
0.56250000,32.45448945,-80.73420567,113.18869512
0.56250000,39.87707437,-80.73420567,120.61128004
0.56250000,43.60424039,-80.73420567,124.33844606
0.56250000,32.96680492,-80.73420567,113.70101059
0.56250000,40.19909672,-80.73420567,120.93330239
0.56250000,43.12112781,-80.73420567,123.85533348
0.56250000,40.83417320,-80.73420567,121.56837887
0.56250000,32.12341242,-80.73420567,112.85761809
0.56250000,46.70327477,-80.73420567,127.43748043
0.56250000,42.73414742,-80.73420567,123.46835309
0.56250000,42.14917383,-80.73420567,122.88337950
0.56250000,39.70116570,-80.73420567,120.43537137
0.56250000,40.56108187,-80.73420567,121.29528754
0.56250000,39.61479945,-80.73420567,120.34900512
0.59375000,32.86303609,-80.98174973,113.84478583
0.59375000,34.90091047,-80.98174973,115.88266020
0.59375000,34.19337336,-80.98174973,115.17512309
0.59375000,30.04326430,-80.98174973,111.02501403
0.59375000,31.09788031,-80.98174973,112.07963005
0.59375000,43.17004328,-80.98174973,124.15179302
0.59375000,37.36686547,-80.98174973,118.34861520
0.59375000,28.68090078,-80.98174973,109.66265052
0.59375000,32.51644281,-80.98174973,113.49819255
0.59375000,34.25459672,-80.98174973,115.23634645
0.59375000,30.32152070,-80.98174973,111.30327044
0.59375000,30.60451141,-80.98174973,111.58626114
0.59375000,33.10709703,-80.98174973,114.08884677
0.59375000,39.26610898,-80.98174973,120.24785872
0.59375000,34.12733062,-80.98174973,115.10908036
0.59375000,40.86848297,-80.98174973,121.85023270
0.59375000,36.60584852,-80.98174973,117.58759825
0.59375000,30.23125492,-80.98174973,111.21300466
0.59375000,28.06009172,-80.98174973,109.04184145
0.59375000,36.35029578,-80.98174973,117.33204552
0.59375000,41.92004633,-80.98174973,122.90179606
0.59375000,35.40903703,-80.98174973,116.39078677
0.59375000,33.64635062,-80.98174973,114.62810036
0.59375000,35.55871875,-80.98174973,116.54046848
0.59375000,30.89272297,-80.98174973,111.87447270
0.59375000,35.01187555,-80.98174973,115.99362528
0.59375000,36.09933234,-80.98174973,117.08108208
0.59375000,30.35301977,-80.98174973,111.33476950
0.59375000,20.20072102,-80.98174973,101.18247075
0.59375000,40.68414047,-80.98174973,121.66589020
0.59375000,31.56961555,-80.98174973,112.55136528
0.59375000,40.85006984,-80.98174973,121.83181958
0.59375000,27.40270406,-80.98174973,108.38445380
0.59375000,36.83436766,-80.98174973,117.81611739
0.59375000,28.90006227,-80.98174973,109.88181200
0.59375000,27.89274742,-80.98174973,108.87449716
0.59375000,36.99539320,-80.98174973,117.97714294
0.59375000,35.16890172,-80.98174973,116.15065145
0.59375000,41.29012461,-80.98174973,122.27187434
0.59375000,35.62459187,-80.98174973,116.60634161
0.59375000,35.83942500,-80.98174973,116.82117473
0.59375000,25.62611984,-80.98174973,106.60786958
0.59375000,29.59348211,-80.98174973,110.57523184
0.59375000,32.59009773,-80.98174973,113.57184747
0.59375000,39.02361281,-80.98174973,120.00536255
0.59375000,38.67885164,-80.98174973,119.66060138
0.59375000,31.11004406,-80.98174973,112.09179380
0.59375000,32.99165500,-80.98174973,113.97340473
0.59375000,33.81487898,-80.98174973,114.79662872
0.59375000,41.72190359,-80.98174973,122.70365333
0.59375000,31.79516750,-80.98174973,112.77691723
0.59375000,35.93962070,-80.98174973,116.92137044
0.59375000,40.54553469,-80.98174973,121.52728442
0.59375000,26.37272859,-80.98174973,107.35447833
0.59375000,39.87988898,-80.98174973,120.86163872
0.59375000,38.11298195,-80.98174973,119.09473169
0.59375000,35.07766414,-80.98174973,116.05941388
0.59375000,36.25544047,-80.98174973,117.23719020
0.59375000,37.67366258,-80.98174973,118.65541231
0.59375000,29.35010023,-80.98174973,110.33184997
0.59375000,29.42703492,-80.98174973,110.40878466
0.59375000,34.29230359,-80.98174973,115.27405333
0.59375000,45.30028930,-80.98174973,126.28203903
0.59375000,30.67651758,-80.98174973,111.65826731
0.59375000,38.04352656,-80.98174973,119.02527630
0.59375000,29.02739125,-80.98174973,110.00914098
0.59375000,32.55311172,-80.98174973,113.53486145
0.59375000,35.62099242,-80.98174973,116.60274216
0.59375000,35.56726320,-80.98174973,116.54901294
0.59375000,40.28346227,-80.98174973,121.26521200
0.59375000,44.30833898,-80.98174973,125.29008872
0.59375000,38.51729508,-80.98174973,119.49904481
0.59375000,35.64091828,-80.98174973,116.62266802
0.59375000,27.38551242,-80.98174973,108.36726216
0.59375000,26.58100844,-80.98174973,107.56275817
0.59375000,40.27100727,-80.98174973,121.25275700
0.59375000,34.53914094,-80.98174973,115.52089067
0.59375000,33.60379703,-80.98174973,114.58554677
0.59375000,27.69424187,-80.98174973,108.67599161
0.59375000,33.29508289,-80.98174973,114.27683263
0.59375000,33.53157391,-80.98174973,114.51332364
0.59375000,34.34197602,-80.98174973,115.32372575
0.59375000,26.35810734,-80.98174973,107.33985708
0.59375000,38.12340492,-80.98174973,119.10515466
0.59375000,33.37739086,-80.98174973,114.35914059
0.59375000,30.54341242,-80.98174973,111.52516216
0.59375000,30.85512609,-80.98174973,111.83687583
0.59375000,28.04104633,-80.98174973,109.02279606
0.59375000,37.82509484,-80.98174973,118.80684458
0.59375000,41.52892453,-80.98174973,122.51067427
0.59375000,40.61309180,-80.98174973,121.59484153
0.59375000,40.56942859,-80.98174973,121.55117833
0.59375000,27.66030727,-80.98174973,108.64205700
0.59375000,35.90177078,-80.98174973,116.88352052
0.59375000,32.07543094,-80.98174973,113.05718067
0.59375000,33.73956812,-80.98174973,114.72131786
0.59375000,39.39337375,-80.98174973,120.37512348
0.59375000,31.47562617,-80.98174973,112.45737591
0.59375000,40.33343156,-80.98174973,121.31518130
0.62500000,19.72810164,-81.22929380,100.95739544
0.62500000,21.75145047,-81.22929380,102.98074427
0.62500000,22.20435789,-81.22929380,103.43365169
0.62500000,34.60566062,-81.22929380,115.83495443
0.62500000,25.13803547,-81.22929380,106.36732927
0.62500000,18.31824148,-81.22929380,99.54753528
0.62500000,27.33543305,-81.22929380,108.56472685
0.62500000,34.71286328,-81.22929380,115.94215708
0.62500000,25.41457703,-81.22929380,106.64387083
0.62500000,28.92946516,-81.22929380,110.15875896
0.62500000,35.86234492,-81.22929380,117.09163872
0.62500000,34.12881281,-81.22929380,115.35810661
0.62500000,35.17722055,-81.22929380,116.40651435
0.62500000,24.59791828,-81.22929380,105.82721208
0.62500000,29.70860828,-81.22929380,110.93790208
0.62500000,28.28408437,-81.22929380,109.51337818
0.62500000,20.88802047,-81.22929380,102.11731427
0.62500000,30.26653930,-81.22929380,111.49583310
0.62500000,42.82506953,-81.22929380,124.05436333
0.62500000,37.92897336,-81.22929380,119.15826716
0.62500000,27.35484570,-81.22929380,108.58413950
0.62500000,37.48375922,-81.22929380,118.71305302
0.62500000,24.03738867,-81.22929380,105.26668247
0.62500000,22.68396078,-81.22929380,103.91325458
0.62500000,26.86103398,-81.22929380,108.09032778
0.62500000,27.75232563,-81.22929380,108.98161943
0.62500000,33.98870016,-81.22929380,115.21799396
0.62500000,32.26862000,-81.22929380,113.49791380
0.62500000,34.38529953,-81.22929380,115.61459333
0.62500000,31.37610602,-81.22929380,112.60539982
0.62500000,30.76564258,-81.22929380,111.99493638
0.62500000,28.64528781,-81.22929380,109.87458161
0.62500000,33.54400836,-81.22929380,114.77330216
0.62500000,25.93106945,-81.22929380,107.16036325
0.62500000,24.32687641,-81.22929380,105.55617021
0.62500000,26.15433711,-81.22929380,107.38363091
0.62500000,25.88198523,-81.22929380,107.11127903
0.62500000,24.43287047,-81.22929380,105.66216427
0.62500000,27.81739422,-81.22929380,109.04668802
0.62500000,24.51094937,-81.22929380,105.74024318
0.62500000,23.35016180,-81.22929380,104.57945560
0.62500000,24.59167906,-81.22929380,105.82097286
0.62500000,29.26357500,-81.22929380,110.49286880
0.62500000,28.97051492,-81.22929380,110.19980872
0.62500000,24.22326844,-81.22929380,105.45256224
0.62500000,31.17378148,-81.22929380,112.40307528
0.62500000,31.42982195,-81.22929380,112.65911575
0.62500000,29.30966727,-81.22929380,110.53896107
0.62500000,29.79453250,-81.22929380,111.02382630
0.62500000,26.03112484,-81.22929380,107.26041864
0.62500000,28.42168766,-81.22929380,109.65098146
0.62500000,21.86986266,-81.22929380,103.09915646
0.62500000,29.26951391,-81.22929380,110.49880771
0.62500000,38.98253469,-81.22929380,120.21182849
0.62500000,31.22892133,-81.22929380,112.45821513
0.62500000,26.22955617,-81.22929380,107.45884997
0.62500000,17.72410703,-81.22929380,98.95340083
0.62500000,34.06164156,-81.22929380,115.29093536
0.62500000,27.71855344,-81.22929380,108.94784724
0.62500000,16.55269727,-81.22929380,97.78199107
0.62500000,31.43065102,-81.22929380,112.65994482
0.62500000,23.99447703,-81.22929380,105.22377083
0.62500000,23.68976258,-81.22929380,104.91905638
0.62500000,25.46828289,-81.22929380,106.69757669
0.62500000,33.24001516,-81.22929380,114.46930896
0.62500000,29.76731320,-81.22929380,110.99660700
0.62500000,30.07677844,-81.22929380,111.30607224
0.62500000,31.20843555,-81.22929380,112.43772935
0.62500000,24.63875117,-81.22929380,105.86804497
0.62500000,27.11700414,-81.22929380,108.34629794
0.62500000,20.61380266,-81.22929380,101.84309646
0.62500000,24.05466945,-81.22929380,105.28396325
0.62500000,21.46368750,-81.22929380,102.69298130
0.62500000,17.18000141,-81.22929380,98.40929521
0.62500000,30.68803281,-81.22929380,111.91732661
0.62500000,29.57258648,-81.22929380,110.80188028
0.62500000,30.14703352,-81.22929380,111.37632732
0.62500000,27.61108648,-81.22929380,108.84038028
0.62500000,22.16477180,-81.22929380,103.39406560
0.62500000,28.98392305,-81.22929380,110.21321685
0.62500000,22.36090914,-81.22929380,103.59020294
0.62500000,29.82564266,-81.22929380,111.05493646
0.62500000,26.95555437,-81.22929380,108.18484818
0.62500000,32.89726625,-81.22929380,114.12656005
0.62500000,38.65846695,-81.22929380,119.88776075
0.62500000,18.62581648,-81.22929380,99.85511028
0.62500000,24.14246953,-81.22929380,105.37176333
0.62500000,31.85739633,-81.22929380,113.08669013
0.62500000,23.61979617,-81.22929380,104.84908997
0.62500000,25.47499273,-81.22929380,106.70428653
0.62500000,31.48426648,-81.22929380,112.71356028
0.62500000,23.53243430,-81.22929380,104.76172810
0.62500000,23.58076117,-81.22929380,104.81005497
0.62500000,30.29365070,-81.22929380,111.52294450
0.62500000,20.42210836,-81.22929380,101.65140216
0.62500000,35.72167273,-81.22929380,116.95096653
0.62500000,25.02528148,-81.22929380,106.25457528
0.62500000,32.15339008,-81.22929380,113.38268388
0.62500000,26.18302961,-81.22929380,107.41232341
0.62500000,24.65676336,-81.22929380,105.88605716
0.65625000,18.41354906,-81.47683787,99.89038693
0.65625000,22.24218562,-81.47683787,103.71902349
0.65625000,24.86891195,-81.47683787,106.34574982
0.65625000,21.78261227,-81.47683787,103.25945013
0.65625000,19.03599656,-81.47683787,100.51283443
0.65625000,21.94897453,-81.47683787,103.42581240
0.65625000,19.57388484,-81.47683787,101.05072271
0.65625000,23.38401852,-81.47683787,104.86085638
0.65625000,16.83031398,-81.47683787,98.30715185
0.65625000,17.61593047,-81.47683787,99.09276834
0.65625000,26.01822641,-81.47683787,107.49506427
0.65625000,23.01497500,-81.47683787,104.49181287
0.65625000,23.51214305,-81.47683787,104.98898091
0.65625000,7.62631086,-81.47683787,89.10314873
0.65625000,28.69522766,-81.47683787,110.17206552
0.65625000,19.14750898,-81.47683787,100.62434685
0.65625000,20.16667031,-81.47683787,101.64350818
0.65625000,10.60651391,-81.47683787,92.08335177
0.65625000,11.58607078,-81.47683787,93.06290865
0.65625000,17.77538367,-81.47683787,99.25222154
0.65625000,24.52128937,-81.47683787,105.99812724
0.65625000,13.49013984,-81.47683787,94.96697771
0.65625000,25.41198922,-81.47683787,106.88882709
0.65625000,28.42022203,-81.47683787,109.89705990
0.65625000,20.27383375,-81.47683787,101.75067162
0.65625000,15.11262289,-81.47683787,96.58946076
0.65625000,17.85640023,-81.47683787,99.33323810
0.65625000,28.59959398,-81.47683787,110.07643185
0.65625000,26.76379750,-81.47683787,108.24063537
0.65625000,18.54137273,-81.47683787,100.01821060
0.65625000,25.80831766,-81.47683787,107.28515552
0.65625000,23.39328328,-81.47683787,104.87012115
0.65625000,19.42959148,-81.47683787,100.90642935
0.65625000,27.27655844,-81.47683787,108.75339630
0.65625000,26.86147680,-81.47683787,108.33831466
0.65625000,25.96100406,-81.47683787,107.43784193
0.65625000,18.75543375,-81.47683787,100.23227162
0.65625000,23.59790719,-81.47683787,105.07474505
0.65625000,14.27827711,-81.47683787,95.75511498
0.65625000,19.17731297,-81.47683787,100.65415084
0.65625000,10.40937508,-81.47683787,91.88621294
0.65625000,22.08965906,-81.47683787,103.56649693
0.65625000,22.40300156,-81.47683787,103.87983943
0.65625000,15.50414109,-81.47683787,96.98097896
0.65625000,18.40279555,-81.47683787,99.87963341
0.65625000,19.86822102,-81.47683787,101.34505888
0.65625000,24.93825391,-81.47683787,106.41509177
0.65625000,20.86888859,-81.47683787,102.34572646
0.65625000,19.95062750,-81.47683787,101.42746537
0.65625000,15.82416375,-81.47683787,97.30100162
0.65625000,15.37035648,-81.47683787,96.84719435
0.65625000,17.40256836,-81.47683787,98.87940623
0.65625000,20.90342227,-81.47683787,102.38026013
0.65625000,19.42303500,-81.47683787,100.89987287
0.65625000,20.82769336,-81.47683787,102.30453123
0.65625000,21.11548703,-81.47683787,102.59232490
0.65625000,14.85210953,-81.47683787,96.32894740
0.65625000,23.74841828,-81.47683787,105.22525615
0.65625000,18.13388289,-81.47683787,99.61072076
0.65625000,29.29091094,-81.47683787,110.76774880
0.65625000,25.66960219,-81.47683787,107.14644005
0.65625000,23.44271406,-81.47683787,104.91955193
0.65625000,18.75274898,-81.47683787,100.22958685
0.65625000,18.70449547,-81.47683787,100.18133334
0.65625000,20.02110234,-81.47683787,101.49794021
0.65625000,27.16801000,-81.47683787,108.64484787
0.65625000,19.85249727,-81.47683787,101.32933513
0.65625000,23.84055609,-81.47683787,105.31739396
0.65625000,23.08789484,-81.47683787,104.56473271
0.65625000,21.54457656,-81.47683787,103.02141443
0.65625000,22.40219719,-81.47683787,103.87903505
0.65625000,36.41232023,-81.47683787,117.88915810
0.65625000,21.02510953,-81.47683787,102.50194740
0.65625000,20.85415742,-81.47683787,102.33099529
0.65625000,20.76563797,-81.47683787,102.24247584
0.65625000,27.16790961,-81.47683787,108.64474748
0.65625000,18.34752891,-81.47683787,99.82436677
0.65625000,21.65965953,-81.47683787,103.13649740
0.65625000,15.47376547,-81.47683787,96.95060334
0.65625000,13.19001641,-81.47683787,94.66685427
0.65625000,14.82369789,-81.47683787,96.30053576
0.65625000,12.28672500,-81.47683787,93.76356287
0.65625000,12.51125539,-81.47683787,93.98809326
0.65625000,16.84955859,-81.47683787,98.32639646
0.65625000,21.03809391,-81.47683787,102.51493177
0.65625000,24.45949141,-81.47683787,105.93632927
0.65625000,23.94131766,-81.47683787,105.41815552
0.65625000,29.06183781,-81.47683787,110.53867568
0.65625000,20.22753070,-81.47683787,101.70436857
0.65625000,27.65206359,-81.47683787,109.12890146
0.65625000,19.17522367,-81.47683787,100.65206154
0.65625000,19.31734062,-81.47683787,100.79417849
0.65625000,22.96165234,-81.47683787,104.43849021
0.65625000,19.12200719,-81.47683787,100.59884505
0.65625000,24.04777000,-81.47683787,105.52460787
0.65625000,14.62335703,-81.47683787,96.10019490
0.65625000,26.73541062,-81.47683787,108.21224849
0.65625000,24.54698062,-81.47683787,106.02381849
0.65625000,30.29751898,-81.47683787,111.77435685
0.65625000,22.90212109,-81.47683787,104.37895896
0.68750000,9.21044531,-81.72438193,90.93482724
0.68750000,12.64116328,-81.72438193,94.36554521
0.68750000,10.40766531,-81.72438193,92.13204724
0.68750000,8.64530156,-81.72438193,90.36968349
0.68750000,15.88693727,-81.72438193,97.61131920
0.68750000,13.07215367,-81.72438193,94.79653560
0.68750000,21.73271047,-81.72438193,103.45709240
0.68750000,14.14472953,-81.72438193,95.86911146
0.68750000,10.05203594,-81.72438193,91.77641787
0.68750000,15.28035273,-81.72438193,97.00473467
0.68750000,14.62584109,-81.72438193,96.35022303
0.68750000,13.08516227,-81.72438193,94.80954420
0.68750000,16.45883789,-81.72438193,98.18321982
0.68750000,11.93367578,-81.72438193,93.65805771
0.68750000,12.01140234,-81.72438193,93.73578428
0.68750000,16.60868594,-81.72438193,98.33306787
0.68750000,5.01311453,-81.72438193,86.73749646
0.68750000,18.16671141,-81.72438193,99.89109334
0.68750000,17.79191891,-81.72438193,99.51630084
0.68750000,13.67715148,-81.72438193,95.40153342
0.68750000,13.66195250,-81.72438193,95.38633443
0.68750000,8.32831703,-81.72438193,90.05269896
0.68750000,-2.37399930,-81.72438193,79.35038264
0.68750000,5.39430266,-81.72438193,87.11868459
0.68750000,18.17772672,-81.72438193,99.90210865
0.68750000,13.30086023,-81.72438193,95.02524217
0.68750000,8.13285742,-81.72438193,89.85723935
0.68750000,15.90089992,-81.72438193,97.62528185
0.68750000,9.64423969,-81.72438193,91.36862162
0.68750000,21.77230852,-81.72438193,103.49669045
0.68750000,10.62536742,-81.72438193,92.34974935
0.68750000,13.44390328,-81.72438193,95.16828521
0.68750000,4.82141969,-81.72438193,86.54580162
0.68750000,9.32558031,-81.72438193,91.04996224
0.68750000,6.47125414,-81.72438193,88.19563607
0.68750000,12.82020461,-81.72438193,94.54458654
0.68750000,15.46278906,-81.72438193,97.18717099
0.68750000,18.22777344,-81.72438193,99.95215537
0.68750000,9.62777539,-81.72438193,91.35215732
0.68750000,14.02617836,-81.72438193,95.75056029
0.68750000,26.01872867,-81.72438193,107.74311060
0.68750000,15.24245023,-81.72438193,96.96683217
0.68750000,11.89780742,-81.72438193,93.62218935
0.68750000,8.15280219,-81.72438193,89.87718412
0.68750000,17.20092984,-81.72438193,98.92531178
0.68750000,9.94341148,-81.72438193,91.66779342
0.68750000,16.10841609,-81.72438193,97.83279803
0.68750000,7.58194750,-81.72438193,89.30632943
0.68750000,18.43783313,-81.72438193,100.16221506
0.68750000,4.95171055,-81.72438193,86.67609248
0.68750000,6.54966266,-81.72438193,88.27404459
0.68750000,16.00314859,-81.72438193,97.72753053
0.68750000,4.89403406,-81.72438193,86.61841599
0.68750000,7.12513969,-81.72438193,88.84952162
0.68750000,15.71576898,-81.72438193,97.44015092
0.68750000,10.35711812,-81.72438193,92.08150006
0.68750000,6.54197484,-81.72438193,88.26635678
0.68750000,9.15359609,-81.72438193,90.87797803
0.68750000,7.04460312,-81.72438193,88.76898506
0.68750000,20.91717117,-81.72438193,102.64155310
0.68750000,22.88971312,-81.72438193,104.61409506
0.68750000,14.86410922,-81.72438193,96.58849115
0.68750000,21.78041711,-81.72438193,103.50479904
0.68750000,19.80634023,-81.72438193,101.53072217
0.68750000,17.34315250,-81.72438193,99.06753443
0.68750000,13.00002789,-81.72438193,94.72440982
0.68750000,6.83047469,-81.72438193,88.55485662
0.68750000,8.51699711,-81.72438193,90.24137904
0.68750000,15.12870781,-81.72438193,96.85308974
0.68750000,15.54435133,-81.72438193,97.26873326
0.68750000,1.44880461,-81.72438193,83.17318654
0.68750000,22.09823187,-81.72438193,103.82261381
0.68750000,8.34570180,-81.72438193,90.07008373
0.68750000,16.16491492,-81.72438193,97.88929685
0.68750000,10.77617539,-81.72438193,92.50055732
0.68750000,10.99816789,-81.72438193,92.72254982
0.68750000,10.11531414,-81.72438193,91.83969607
0.68750000,15.16770984,-81.72438193,96.89209178
0.68750000,12.67382078,-81.72438193,94.39820271
0.68750000,3.49546094,-81.72438193,85.21984287
0.68750000,20.82074062,-81.72438193,102.54512256
0.68750000,16.09712961,-81.72438193,97.82151154
0.68750000,13.27188414,-81.72438193,94.99626607
0.68750000,16.90976102,-81.72438193,98.63414295
0.68750000,6.59699914,-81.72438193,88.32138107
0.68750000,14.08680898,-81.72438193,95.81119092
0.68750000,17.35723164,-81.72438193,99.08161357
0.68750000,13.88271672,-81.72438193,95.60709865
0.68750000,16.80074430,-81.72438193,98.52512623
0.68750000,11.72638000,-81.72438193,93.45076193
0.68750000,9.79954133,-81.72438193,91.52392326
0.68750000,22.12156883,-81.72438193,103.84595076
0.68750000,4.59769852,-81.72438193,86.32208045
0.68750000,16.50396133,-81.72438193,98.22834326
0.68750000,8.18595023,-81.72438193,89.91033217
0.68750000,16.95365898,-81.72438193,98.67804092
0.68750000,11.93121969,-81.72438193,93.65560162
0.68750000,11.21567992,-81.72438193,92.94006185
0.68750000,18.26641250,-81.72438193,99.99079443
0.68750000,16.72352312,-81.72438193,98.44790506
0.06250000,-72.34663992,-76.77350061,4.42686069
0.06250000,-71.17552297,-76.77350061,5.59797764
0.06250000,-75.78502664,-76.77350061,0.98847397
0.06250000,-76.37172688,-76.77350061,0.40177374
0.06250000,-74.30639734,-76.77350061,2.46710327
0.06250000,-73.48223531,-76.77350061,3.29126530
0.06250000,-75.89273180,-76.77350061,0.88076882
0.06250000,-75.74935898,-76.77350061,1.02414163
0.06250000,-74.42780570,-76.77350061,2.34569491
0.06250000,-74.70919727,-76.77350061,2.06430335
0.06250000,-75.18024648,-76.77350061,1.59325413
0.06250000,-73.60914070,-76.77350061,3.16435991
0.06250000,-77.22589328,-76.77350061,-0.45239267
0.06250000,-72.98235703,-76.77350061,3.79114358
0.06250000,-73.30613930,-76.77350061,3.46736132
0.06250000,-78.55711664,-76.77350061,-1.78361603
0.06250000,-76.81589656,-76.77350061,-0.04239595
0.06250000,-73.39098570,-76.77350061,3.38251491
0.06250000,-71.44003344,-76.77350061,5.33346718
0.06250000,-75.27405570,-76.77350061,1.49944491
0.06250000,-71.35873109,-76.77350061,5.41476952
0.06250000,-71.71498188,-76.77350061,5.05851874
0.06250000,-73.20302422,-76.77350061,3.57047639
0.06250000,-76.57923031,-76.77350061,0.19427030
0.06250000,-75.71220484,-76.77350061,1.06129577
0.06250000,-76.97073992,-76.77350061,-0.19723931
0.06250000,-72.13688844,-76.77350061,4.63661218
0.06250000,-76.33261148,-76.77350061,0.44088913
0.06250000,-70.50353094,-76.77350061,6.26996968
0.06250000,-76.55683359,-76.77350061,0.21666702
0.06250000,-71.04826367,-76.77350061,5.72523694
0.06250000,-73.82500234,-76.77350061,2.94849827
0.06250000,-73.10837328,-76.77350061,3.66512733
0.06250000,-73.49102344,-76.77350061,3.28247718
0.06250000,-74.87107227,-76.77350061,1.90242835
0.06250000,-76.44712898,-76.77350061,0.32637163
0.06250000,-70.93045430,-76.77350061,5.84304632
0.06250000,-72.33422328,-76.77350061,4.43927733
0.06250000,-71.09936500,-76.77350061,5.67413561
0.06250000,-72.10556758,-76.77350061,4.66793304
0.06250000,-77.47445875,-76.77350061,-0.70095814
0.06250000,-72.98577758,-76.77350061,3.78772304
0.06250000,-76.41711047,-76.77350061,0.35639014
0.06250000,-68.20069320,-76.77350061,8.57280741
0.06250000,-75.26425641,-76.77350061,1.50924421
0.06250000,-71.43141523,-76.77350061,5.34208538
0.06250000,-73.90882852,-76.77350061,2.86467210
0.06250000,-73.04949320,-76.77350061,3.72400741
0.06250000,-73.26146633,-76.77350061,3.51203429
0.06250000,-73.81415906,-76.77350061,2.95934155
0.06250000,-71.61017508,-76.77350061,5.16332554
0.06250000,-75.87978250,-76.77350061,0.89371811
0.06250000,-75.00521312,-76.77350061,1.76828749
0.06250000,-75.50700672,-76.77350061,1.26649389
0.06250000,-71.25444070,-76.77350061,5.51905991
0.06250000,-74.58090516,-76.77350061,2.19259546
0.06250000,-74.75073758,-76.77350061,2.02276304
0.06250000,-72.27460648,-76.77350061,4.49889413
0.06250000,-71.52758508,-76.77350061,5.24591554
0.06250000,-73.41962914,-76.77350061,3.35387147
0.06250000,-70.99308000,-76.77350061,5.78042061
0.06250000,-71.45061172,-76.77350061,5.32288889
0.06250000,-82.39104500,-76.77350061,-5.61754439
0.06250000,-73.52620570,-76.77350061,3.24729491
0.06250000,-73.13367898,-76.77350061,3.63982163
0.06250000,-72.13359000,-76.77350061,4.63991061
0.06250000,-77.88825672,-76.77350061,-1.11475611
0.06250000,-77.43341000,-76.77350061,-0.65990939
0.06250000,-73.58521656,-76.77350061,3.18828405
0.06250000,-72.96475922,-76.77350061,3.80874139
0.06250000,-73.63410805,-76.77350061,3.13939257
0.06250000,-68.95353414,-76.77350061,7.81996647
0.06250000,-73.71592625,-76.77350061,3.05757436
0.06250000,-76.47262156,-76.77350061,0.30087905
0.06250000,-72.64916492,-76.77350061,4.12433569
0.06250000,-73.10637820,-76.77350061,3.66712241
0.06250000,-75.73518000,-76.77350061,1.03832061
0.06250000,-70.28155328,-76.77350061,6.49194733
0.06250000,-73.95950711,-76.77350061,2.81399350
0.06250000,-72.05499203,-76.77350061,4.71850858
0.06250000,-72.97664930,-76.77350061,3.79685132
0.06250000,-71.78686258,-76.77350061,4.98663804
0.06250000,-73.52394398,-76.77350061,3.24955663
0.06250000,-69.64719125,-76.77350061,7.12630936
0.06250000,-72.81217047,-76.77350061,3.96133014
0.06250000,-71.88377695,-76.77350061,4.88972366
0.06250000,-75.00740195,-76.77350061,1.76609866
0.06250000,-75.56319000,-76.77350061,1.21031061
0.06250000,-73.44634383,-76.77350061,3.32715679
0.06250000,-77.48100852,-76.77350061,-0.70750790
0.06250000,-77.04385812,-76.77350061,-0.27035751
0.06250000,-72.42933000,-76.77350061,4.34417061
0.06250000,-77.82633859,-76.77350061,-1.05283798
0.06250000,-73.62146586,-76.77350061,3.15203475
0.06250000,-75.59333070,-76.77350061,1.18016991
0.06250000,-69.64785375,-76.77350061,7.12564686
0.06250000,-76.01485297,-76.77350061,0.75864764
0.06250000,-73.36672414,-76.77350061,3.40677647
0.06250000,-74.54883219,-76.77350061,2.22466843
0.06250000,-73.97046891,-76.77350061,2.80303171
0.71875000,13.27879680,-81.97192600,95.25072280
0.71875000,0.81720289,-81.97192600,82.78912889
0.71875000,-7.73501000,-81.97192600,74.23691600
0.71875000,-3.21664797,-81.97192600,78.75527803
0.71875000,12.17335992,-81.97192600,94.14528592
0.71875000,2.47886375,-81.97192600,84.45078975
0.71875000,9.08594617,-81.97192600,91.05787217
0.71875000,2.89315695,-81.97192600,84.86508295
0.71875000,1.25999383,-81.97192600,83.23191983
0.71875000,0.98501305,-81.97192600,82.95693905
0.71875000,-3.49673406,-81.97192600,78.47519194
0.71875000,9.08735703,-81.97192600,91.05928303
0.71875000,5.52048336,-81.97192600,87.49240936
0.71875000,14.53714000,-81.97192600,96.50906600
0.71875000,-0.19199422,-81.97192600,81.77993178
0.71875000,0.31958828,-81.97192600,82.29151428
0.71875000,4.18450211,-81.97192600,86.15642811
0.71875000,-0.91202242,-81.97192600,81.05990358
0.71875000,0.23045016,-81.97192600,82.20237615
0.71875000,-0.46878367,-81.97192600,81.50314233
0.71875000,5.21498609,-81.97192600,87.18691209
0.71875000,0.17034609,-81.97192600,82.14227209
0.71875000,14.08495508,-81.97192600,96.05688108
0.71875000,4.04074422,-81.97192600,86.01267022
0.71875000,5.20713117,-81.97192600,87.17905717
0.71875000,4.81303391,-81.97192600,86.78495990
0.71875000,12.00836906,-81.97192600,93.98029506
0.71875000,0.63665492,-81.97192600,82.60858092
0.71875000,8.47517828,-81.97192600,90.44710428
0.71875000,-4.19364086,-81.97192600,77.77828514
0.71875000,9.76938344,-81.97192600,91.74130944
0.71875000,2.72114336,-81.97192600,84.69306936
0.71875000,5.32573258,-81.97192600,87.29765858
0.71875000,8.46836398,-81.97192600,90.44028998
0.71875000,10.66299797,-81.97192600,92.63492397
0.71875000,-4.41726844,-81.97192600,77.55465756
0.71875000,-4.60081852,-81.97192600,77.37110748
0.71875000,0.40549234,-81.97192600,82.37741834
0.71875000,-6.34569180,-81.97192600,75.62623420
0.71875000,1.73719523,-81.97192600,83.70912123
0.71875000,9.13354320,-81.97192600,91.10546920
0.71875000,8.42696672,-81.97192600,90.39889272
0.71875000,5.65003687,-81.97192600,87.62196287
0.71875000,0.81413008,-81.97192600,82.78605608
0.71875000,0.27114266,-81.97192600,82.24306865
0.71875000,2.85050859,-81.97192600,84.82243459
0.71875000,4.61856547,-81.97192600,86.59049147
0.71875000,-1.15720797,-81.97192600,80.81471803
0.71875000,3.49865875,-81.97192600,85.47058475
0.71875000,-2.67255805,-81.97192600,79.29936795
0.71875000,2.06433172,-81.97192600,84.03625772
0.71875000,0.66377219,-81.97192600,82.63569819
0.71875000,-2.46730258,-81.97192600,79.50462342
0.71875000,13.24157766,-81.97192600,95.21350365
0.71875000,4.42057688,-81.97192600,86.39250287
0.71875000,15.83960555,-81.97192600,97.81153155
0.71875000,7.86099437,-81.97192600,89.83292037
0.71875000,3.53833141,-81.97192600,85.51025740
0.71875000,8.58422305,-81.97192600,90.55614905
0.71875000,0.90516969,-81.97192600,82.87709569
0.71875000,0.99120750,-81.97192600,82.96313350
0.71875000,3.16585203,-81.97192600,85.13777803
0.71875000,2.32445180,-81.97192600,84.29637780
0.71875000,2.92837461,-81.97192600,84.90030061
0.71875000,7.89543867,-81.97192600,89.86736467
0.71875000,6.46348633,-81.97192600,88.43541233
0.71875000,6.76220812,-81.97192600,88.73413412
0.71875000,2.05151422,-81.97192600,84.02344022
0.71875000,12.55404250,-81.97192600,94.52596850
0.71875000,2.70058844,-81.97192600,84.67251444
0.71875000,2.49470734,-81.97192600,84.46663334
0.71875000,-2.71193852,-81.97192600,79.25998748
0.71875000,1.26831461,-81.97192600,83.24024061
0.71875000,-3.29045922,-81.97192600,78.68146678
0.71875000,1.21326977,-81.97192600,83.18519576
0.71875000,5.51465352,-81.97192600,87.48657951
0.71875000,-8.21228773,-81.97192600,73.75963826
0.71875000,-0.03911648,-81.97192600,81.93280951
0.71875000,4.51148711,-81.97192600,86.48341311
0.71875000,-4.63178898,-81.97192600,77.34013701
0.71875000,7.19915352,-81.97192600,89.17107951
0.71875000,-4.85976211,-81.97192600,77.11216389
0.71875000,-10.01997227,-81.97192600,71.95195373
0.71875000,3.20667195,-81.97192600,85.17859795
0.71875000,-4.59598250,-81.97192600,77.37594350
0.71875000,14.50719188,-81.97192600,96.47911787
0.71875000,1.82598391,-81.97192600,83.79790990
0.71875000,4.25394555,-81.97192600,86.22587155
0.71875000,-3.40218070,-81.97192600,78.56974530
0.71875000,1.67711703,-81.97192600,83.64904303
0.71875000,8.76553242,-81.97192600,90.73745842
0.71875000,3.75716641,-81.97192600,85.72909240
0.71875000,4.51145844,-81.97192600,86.48338444
0.71875000,8.69788961,-81.97192600,90.66981561
0.71875000,9.04909117,-81.97192600,91.02101717
0.71875000,9.12725141,-81.97192600,91.09917740
0.71875000,-0.65237531,-81.97192600,81.31955069
0.71875000,4.08413781,-81.97192600,86.05606381
0.71875000,6.78409336,-81.97192600,88.75601936
0.71875000,1.93663539,-81.97192600,83.90856139
0.75000000,-5.94980227,-82.21947006,76.26966780
0.75000000,-14.24422727,-82.21947006,67.97524280
0.75000000,-11.99510773,-82.21947006,70.22436233
0.75000000,-9.55561195,-82.21947006,72.66385811
0.75000000,-2.47157742,-82.21947006,79.74789264
0.75000000,-10.27493016,-82.21947006,71.94453991
0.75000000,-6.91026578,-82.21947006,75.30920428
0.75000000,-5.76886305,-82.21947006,76.45060702
0.75000000,-0.33121930,-82.21947006,81.88825077
0.75000000,4.29569727,-82.21947006,86.51516733
0.75000000,2.96571523,-82.21947006,85.18518530
0.75000000,-0.82549930,-82.21947006,81.39397077
0.75000000,-6.44665688,-82.21947006,75.77281319
0.75000000,-1.87919133,-82.21947006,80.34027874
0.75000000,-13.96907688,-82.21947006,68.25039319
0.75000000,-2.94585672,-82.21947006,79.27361335
0.75000000,-13.86280000,-82.21947006,68.35667006
0.75000000,-11.00659125,-82.21947006,71.21287881
0.75000000,-8.46328492,-82.21947006,73.75618514
0.75000000,0.48746391,-82.21947006,82.70693397
0.75000000,-13.62409258,-82.21947006,68.59537749
0.75000000,-0.84869828,-82.21947006,81.37077178
0.75000000,-4.25120328,-82.21947006,77.96826678
0.75000000,-4.62308578,-82.21947006,77.59638428
0.75000000,-13.86697242,-82.21947006,68.35249764
0.75000000,-13.64319586,-82.21947006,68.57627420
0.75000000,-2.93662023,-82.21947006,79.28284983
0.75000000,-5.79483719,-82.21947006,76.42463288
0.75000000,-1.40198484,-82.21947006,80.81748522
0.75000000,-6.76579969,-82.21947006,75.45367038
0.75000000,-16.39250266,-82.21947006,65.82696741
0.75000000,-5.60356953,-82.21947006,76.61590053
0.75000000,-3.00996500,-82.21947006,79.20950506
0.75000000,-3.88997687,-82.21947006,78.32949319
0.75000000,-7.03525430,-82.21947006,75.18421577
0.75000000,-2.87579281,-82.21947006,79.34367725
0.75000000,-5.62158281,-82.21947006,76.59788725
0.75000000,-5.57783125,-82.21947006,76.64163881
0.75000000,-2.55890875,-82.21947006,79.66056131
0.75000000,-12.65475148,-82.21947006,69.56471858
0.75000000,-4.73212633,-82.21947006,77.48734374
0.75000000,-2.92457844,-82.21947006,79.29489163
0.75000000,-12.11694234,-82.21947006,70.10252772
0.75000000,-3.62833875,-82.21947006,78.59113131
0.75000000,-3.86006672,-82.21947006,78.35940335
0.75000000,-5.23687688,-82.21947006,76.98259319
0.75000000,-8.75379883,-82.21947006,73.46567124
0.75000000,-4.73594836,-82.21947006,77.48352170
0.75000000,-8.58555500,-82.21947006,73.63391506
0.75000000,-5.76312500,-82.21947006,76.45634506
0.75000000,-12.43065133,-82.21947006,69.78881874
0.75000000,-1.85875391,-82.21947006,80.36071616
0.75000000,-2.83224062,-82.21947006,79.38722944
0.75000000,-5.95575148,-82.21947006,76.26371858
0.75000000,-1.23110289,-82.21947006,80.98836717
0.75000000,-11.27047922,-82.21947006,70.94899085
0.75000000,-12.89049719,-82.21947006,69.32897288
0.75000000,-7.44214070,-82.21947006,74.77732936
0.75000000,-11.67851203,-82.21947006,70.54095803
0.75000000,-8.49953773,-82.21947006,73.71993233
0.75000000,-10.21504969,-82.21947006,72.00442038
0.75000000,-2.59956023,-82.21947006,79.61990983
0.75000000,-17.55313047,-82.21947006,64.66633960
0.75000000,-7.62187828,-82.21947006,74.59759178
0.75000000,-1.19709234,-82.21947006,81.02237772
0.75000000,-4.85000086,-82.21947006,77.36946920
0.75000000,-7.70724898,-82.21947006,74.51222108
0.75000000,-4.41591164,-82.21947006,77.80355842
0.75000000,-0.54956727,-82.21947006,81.66990280
0.75000000,-1.51810258,-82.21947006,80.70136749
0.75000000,-6.02373055,-82.21947006,76.19573952
0.75000000,-8.69587961,-82.21947006,73.52359045
0.75000000,-6.95656234,-82.21947006,75.26290772
0.75000000,-6.68313758,-82.21947006,75.53633249
0.75000000,-3.73855094,-82.21947006,78.48091913
0.75000000,-7.07461719,-82.21947006,75.14485288
0.75000000,-7.03665773,-82.21947006,75.18281233
0.75000000,1.46687594,-82.21947006,83.68634600
0.75000000,-2.64936094,-82.21947006,79.57010913
0.75000000,-2.21001359,-82.21947006,80.00945647
0.75000000,-5.90817930,-82.21947006,76.31129077
0.75000000,-9.90009094,-82.21947006,72.31937913
0.75000000,-4.14373828,-82.21947006,78.07573178
0.75000000,-7.32977555,-82.21947006,74.88969452
0.75000000,-5.48006469,-82.21947006,76.73940538
0.75000000,-5.09429602,-82.21947006,77.12517405
0.75000000,-0.28101844,-82.21947006,81.93845163
0.75000000,-6.77398531,-82.21947006,75.44548475
0.75000000,-4.15865844,-82.21947006,78.06081163
0.75000000,-6.07052867,-82.21947006,76.14894139
0.75000000,1.17735828,-82.21947006,83.39682835
0.75000000,-7.29919445,-82.21947006,74.92027561
0.75000000,0.52788188,-82.21947006,82.74735194
0.75000000,-7.01195102,-82.21947006,75.20751905
0.75000000,-4.82377352,-82.21947006,77.39569655
0.75000000,1.39288953,-82.21947006,83.61235960
0.75000000,-1.64944500,-82.21947006,80.57002506
0.75000000,-9.95849836,-82.21947006,72.26097170
0.75000000,-6.16716531,-82.21947006,76.05230475
0.75000000,-8.35714727,-82.21947006,73.86232280
