x_elem2,fe_raw_meVatom,offset_stage1_meVatom,fe_stage1_meVatom,shift_stage2_meVatom,fe_final_meVatom
0.78125000,-8.43524933,-82.46701413,74.03176480,41.86971664,115.90148144
0.78125000,-11.65962219,-82.46701413,70.80739194,41.86971664,112.67710858
0.78125000,-24.33204651,-82.46701413,58.13496762,41.86971664,100.00468426
0.78125000,-17.76218414,-82.46701413,64.70482999,41.86971664,106.57454663
0.78125000,-9.88769531,-82.46701413,72.57931882,41.86971664,114.44903546
0.78125000,-10.32257080,-82.46701413,72.14444333,41.86971664,114.01415997
0.78125000,-16.92485809,-82.46701413,65.54215604,41.86971664,107.41187268
0.78125000,-20.33519745,-82.46701413,62.13181668,41.86971664,104.00153332
0.78125000,-14.60838318,-82.46701413,67.85863095,41.86971664,109.72834759
0.78125000,-15.36655426,-82.46701413,67.10045987,41.86971664,108.97017651
0.78125000,-17.16995239,-82.46701413,65.29706174,41.86971664,107.16677838
0.78125000,-16.63970947,-82.46701413,65.82730466,41.86971664,107.69702130
0.78125000,-28.56636047,-82.46701413,53.90065366,41.86971664,95.77037029
0.78125000,-15.20252228,-82.46701413,67.26449185,41.86971664,109.13420849
0.78125000,-22.32742310,-82.46701413,60.13959103,41.86971664,102.00930767
0.78125000,-15.04135132,-82.46701413,67.42566281,41.86971664,109.29537945
0.78125000,-16.97635651,-82.46701413,65.49065762,41.86971664,107.36037426
0.78125000,-19.55509186,-82.46701413,62.91192227,41.86971664,104.78163891
0.78125000,-20.07198334,-82.46701413,62.39503079,41.86971664,104.26474743
0.78125000,-11.35158539,-82.46701413,71.11542874,41.86971664,112.98514538
0.78125000,-20.96080780,-82.46701413,61.50620633,41.86971664,103.37592297
0.78125000,-17.66777039,-82.46701413,64.79924374,41.86971664,106.66896038
0.78125000,-10.49709320,-82.46701413,71.96992093,41.86971664,113.83963757
0.78125000,-20.09105682,-82.46701413,62.37595731,41.86971664,104.24567394
0.78125000,-19.74868774,-82.46701413,62.71832639,41.86971664,104.58804302
0.78125000,-14.76478577,-82.46701413,67.70222836,41.86971664,109.57194500
0.78125000,-22.99308777,-82.46701413,59.47392636,41.86971664,101.34364300
0.78125000,-23.01692963,-82.46701413,59.45008450,41.86971664,101.31980114
0.78125000,-19.02198792,-82.46701413,63.44502622,41.86971664,105.31474285
0.78125000,-14.84298706,-82.46701413,67.62402707,41.86971664,109.49374371
0.78125000,-19.45781708,-82.46701413,63.00919705,41.86971664,104.87891369
0.78125000,-16.14284515,-82.46701413,66.32416898,41.86971664,108.19388561
0.78125000,-15.09857178,-82.46701413,67.36844235,41.86971664,109.23815899
0.78125000,-15.12050629,-82.46701413,67.34650784,41.86971664,109.21622448
0.78125000,-17.05169678,-82.46701413,65.41531735,41.86971664,107.28503399
0.78125000,-16.44802094,-82.46701413,66.01899320,41.86971664,107.88870983
0.78125000,-22.60780334,-82.46701413,59.85921079,41.86971664,101.72892742
0.78125000,-16.44611359,-82.46701413,66.02090054,41.86971664,107.89061718
0.78125000,-18.68629456,-82.46701413,63.78071957,41.86971664,105.65043621
0.78125000,-21.19159698,-82.46701413,61.27541715,41.86971664,103.14513378
0.78125000,-5.29003143,-82.46701413,77.17698270,41.86971664,119.04669934
0.78125000,-16.81900024,-82.46701413,65.64801389,41.86971664,107.51773052
0.78125000,-18.19896698,-82.46701413,64.26804715,41.86971664,106.13776379
0.78125000,-20.60508728,-82.46701413,61.86192685,41.86971664,103.73164349
0.78125000,-17.37308502,-82.46701413,65.09392911,41.86971664,106.96364575
0.78125000,-19.98615265,-82.46701413,62.48086148,41.86971664,104.35057812
0.78125000,-22.22156525,-82.46701413,60.24544888,41.86971664,102.11516552
0.78125000,-9.72557068,-82.46701413,72.74144345,41.86971664,114.61116009
0.78125000,-23.69499207,-82.46701413,58.77202206,41.86971664,100.64173870
0.78125000,-20.45345306,-82.46701413,62.01356107,41.86971664,103.88327770
0.78125000,-16.41750336,-82.46701413,66.04951077,41.86971664,107.91922741
0.78125000,-17.26818085,-82.46701413,65.19883328,41.86971664,107.06854992
0.78125000,-17.91191101,-82.46701413,64.55510312,41.86971664,106.42481976
0.78125000,-25.71964264,-82.46701413,56.74737149,41.86971664,98.61708813
0.78125000,-17.73643494,-82.46701413,64.73057919,41.86971664,106.60029583
0.78125000,-19.69623566,-82.46701413,62.77077847,41.86971664,104.64049511
0.78125000,-16.64543152,-82.46701413,65.82158261,41.86971664,107.69129925
0.78125000,-12.90702820,-82.46701413,69.55998593,41.86971664,111.42970257
0.78125000,-26.56936646,-82.46701413,55.89764768,41.86971664,97.76736431
0.78125000,-8.31604004,-82.46701413,74.15097409,41.86971664,116.02069073
0.78125000,-19.56844330,-82.46701413,62.89857083,41.86971664,104.76828747
0.78125000,-20.72525024,-82.46701413,61.74176389,41.86971664,103.61148052
0.78125000,-11.10839844,-82.46701413,71.35861569,41.86971664,113.22833233
0.78125000,-18.68820190,-82.46701413,63.77881223,41.86971664,105.64852886
0.78125000,-18.74065399,-82.46701413,63.72636014,41.86971664,105.59607678
0.78125000,-16.17813110,-82.46701413,66.28888303,41.86971664,108.15859966
0.78125000,-14.46437836,-82.46701413,68.00263577,41.86971664,109.87235241
0.78125000,-15.32649994,-82.46701413,67.14051419,41.86971664,109.01023083
0.78125000,-19.40822601,-82.46701413,63.05878812,41.86971664,104.92850476
0.78125000,-16.92390442,-82.46701413,65.54310971,41.86971664,107.41282635
0.81250000,-22.80616760,-82.71455820,59.90839059,41.21614618,101.12453678
0.81250000,-23.87142181,-82.71455820,58.84313638,41.21614618,100.05928256
0.81250000,-26.92031860,-82.71455820,55.79423959,41.21614618,97.01038577
0.81250000,-23.68736267,-82.71455820,59.02719553,41.21614618,100.24334171
0.81250000,-26.75628662,-82.71455820,55.95827157,41.21614618,97.17441776
0.81250000,-27.26364136,-82.71455820,55.45091684,41.21614618,96.66706302
0.81250000,-28.03039551,-82.71455820,54.68416269,41.21614618,95.90030887
0.81250000,-25.50029755,-82.71455820,57.21426065,41.21614618,98.43040683
0.81250000,-27.75478363,-82.71455820,54.95977457,41.21614618,96.17592075
0.81250000,-26.87740326,-82.71455820,55.83715494,41.21614618,97.05330112
0.81250000,-27.35614777,-82.71455820,55.35841043,41.21614618,96.57455661
0.81250000,-26.15356445,-82.71455820,56.56099374,41.21614618,97.77713993
0.81250000,-26.37577057,-82.71455820,56.33878763,41.21614618,97.55493381
0.81250000,-31.90517426,-82.71455820,50.80938394,41.21614618,92.02553012
0.81250000,-32.74536133,-82.71455820,49.96919687,41.21614618,91.18534305
0.81250000,-29.27398682,-82.71455820,53.44057138,41.21614618,94.65671756
0.81250000,-31.17752075,-82.71455820,51.53703744,41.21614618,92.75318363
0.81250000,-28.24211121,-82.71455820,54.47244699,41.21614618,95.68859317
0.81250000,-29.54959869,-82.71455820,53.16495950,41.21614618,94.38110568
0.81250000,-31.84127808,-82.71455820,50.87328012,41.21614618,92.08942630
0.81250000,-31.67343140,-82.71455820,51.04112680,41.21614618,92.25727298
0.81250000,-35.12096405,-82.71455820,47.59359415,41.21614618,88.80974033
0.81250000,-23.44989777,-82.71455820,59.26466043,41.21614618,100.48080661
0.81250000,-26.88026428,-82.71455820,55.83429391,41.21614618,97.05044010
0.81250000,-30.48515320,-82.71455820,52.22940500,41.21614618,93.44555118
0.81250000,-37.05310822,-82.71455820,45.66144998,41.21614618,86.87759616
0.81250000,-22.02987671,-82.71455820,60.68468149,41.21614618,101.90082767
0.81250000,-32.63187408,-82.71455820,50.08268411,41.21614618,91.29883029
0.81250000,-28.88584137,-82.71455820,53.82871683,41.21614618,95.04486301
0.81250000,-30.25341034,-82.71455820,52.46114786,41.21614618,93.67729404
0.81250000,-28.41186523,-82.71455820,54.30269296,41.21614618,95.51883914
0.81250000,-27.94075012,-82.71455820,54.77380807,41.21614618,95.98995426
0.81250000,-27.78816223,-82.71455820,54.92639596,41.21614618,96.14254215
0.81250000,-23.56243134,-82.71455820,59.15212686,41.21614618,100.36827304
0.81250000,-30.29155731,-82.71455820,52.42300088,41.21614618,93.63914707
0.81250000,-22.51434326,-82.71455820,60.20021493,41.21614618,101.41636112
0.81250000,-25.87032318,-82.71455820,56.84423501,41.21614618,98.06038120
0.81250000,-28.31745148,-82.71455820,54.39710672,41.21614618,95.61325290
0.81250000,-26.15070343,-82.71455820,56.56385477,41.21614618,97.78000095
0.81250000,-25.69103241,-82.71455820,57.02352579,41.21614618,98.23967197
0.81250000,-25.14457703,-82.71455820,57.56998117,41.21614618,98.78612735
0.81250000,-27.35424042,-82.71455820,55.36031778,41.21614618,96.57646396
0.81250000,-26.58653259,-82.71455820,56.12802560,41.21614618,97.34417179
0.81250000,-27.08530426,-82.71455820,55.62925394,41.21614618,96.84540012
0.81250000,-29.11567688,-82.71455820,53.59888132,41.21614618,94.81502750
0.81250000,-20.44487000,-82.71455820,62.26968820,41.21614618,103.48583438
0.81250000,-20.31421661,-82.71455820,62.40034158,41.21614618,103.61648776
0.81250000,-22.15576172,-82.71455820,60.55879648,41.21614618,101.77494266
0.81250000,-34.40856934,-82.71455820,48.30598886,41.21614618,89.52213504
0.81250000,-30.21717072,-82.71455820,52.49738748,41.21614618,93.71353366
0.81250000,-30.52330017,-82.71455820,52.19125803,41.21614618,93.40740421
0.81250000,-29.88338470,-82.71455820,52.83117349,41.21614618,94.04731967
0.81250000,-30.31921387,-82.71455820,52.39534433,41.21614618,93.61149051
0.81250000,-24.01351929,-82.71455820,58.70103891,41.21614618,99.91718509
0.81250000,-30.12275696,-82.71455820,52.59180124,41.21614618,93.80794742
0.81250000,-22.19200134,-82.71455820,60.52255685,41.21614618,101.73870304
0.81250000,-25.91323853,-82.71455820,56.80131967,41.21614618,98.01746585
0.81250000,-30.94196320,-82.71455820,51.77259500,41.21614618,92.98874118
0.81250000,-24.83272552,-82.71455820,57.88183267,41.21614618,99.09797885
0.81250000,-24.30820465,-82.71455820,58.40635355,41.21614618,99.62249973
0.81250000,-26.80587769,-82.71455820,55.90868051,41.21614618,97.12482669
0.81250000,-34.10720825,-82.71455820,48.60734994,41.21614618,89.82349613
0.81250000,-25.44116974,-82.71455820,57.27338846,41.21614618,98.48953464
0.81250000,-28.85246277,-82.71455820,53.86209543,41.21614618,95.07824161
0.81250000,-23.96488190,-82.71455820,58.74967630,41.21614618,99.96582248
0.81250000,-21.41761780,-82.71455820,61.29694040,41.21614618,102.51308658
0.81250000,-27.67276764,-82.71455820,55.04179056,41.21614618,96.25793674
0.81250000,-25.13790131,-82.71455820,57.57665689,41.21614618,98.79280307
0.81250000,-19.43016052,-82.71455820,63.28439767,41.21614618,104.50054386
0.81250000,-25.89416504,-82.71455820,56.82039316,41.21614618,98.03653934
0.81250000,-29.78038788,-82.71455820,52.93417032,41.21614618,94.15031650
0.81250000,-25.38108826,-82.71455820,57.33346994,41.21614618,98.54961612
0.81250000,-23.94962311,-82.71455820,58.76493509,41.21614618,99.98108127
0.81250000,-19.37389374,-82.71455820,63.34066446,41.21614618,104.55681064
0.81250000,-30.27439117,-82.71455820,52.44016702,41.21614618,93.65631320
0.81250000,-20.97034454,-82.71455820,61.74421365,41.21614618,102.96035983
0.81250000,-30.48419952,-82.71455820,52.23035867,41.21614618,93.44650485
0.84375000,-44.15702820,-82.96210226,38.80507406,40.56257573,79.36764979
0.84375000,-36.88526154,-82.96210226,46.07684073,40.56257573,86.63941645
0.84375000,-36.26823425,-82.96210226,46.69386801,40.56257573,87.25644373
0.84375000,-29.31308746,-82.96210226,53.64901480,40.56257573,94.21159052
0.84375000,-34.77668762,-82.96210226,48.18541464,40.56257573,88.74799037
0.84375000,-40.13919830,-82.96210226,42.82290396,40.56257573,83.38547968
0.84375000,-44.21234131,-82.96210226,38.74976095,40.56257573,79.31233668
0.84375000,-44.04544830,-82.96210226,38.91665396,40.56257573,79.47922968
0.84375000,-37.65678406,-82.96210226,45.30531820,40.56257573,85.86789393
0.84375000,-33.22982788,-82.96210226,49.73227438,40.56257573,90.29485011
0.84375000,-35.98499298,-82.96210226,46.97710928,40.56257573,87.53968501
0.84375000,-38.40255737,-82.96210226,44.55954489,40.56257573,85.12212061
0.84375000,-44.88086700,-82.96210226,38.08123526,40.56257573,78.64381098
0.84375000,-42.81902313,-82.96210226,40.14307913,40.56257573,80.70565486
0.84375000,-43.09558868,-82.96210226,39.86651358,40.56257573,80.42908930
0.84375000,-43.67160797,-82.96210226,39.29049429,40.56257573,79.85307002
0.84375000,-40.15636444,-82.96210226,42.80573782,40.56257573,83.36831355
0.84375000,-39.57748413,-82.96210226,43.38461813,40.56257573,83.94719386
0.84375000,-35.77041626,-82.96210226,47.19168600,40.56257573,87.75426173
0.84375000,-44.21138763,-82.96210226,38.75071463,40.56257573,79.31329035
0.84375000,-41.48960114,-82.96210226,41.47250113,40.56257573,82.03507685
0.84375000,-44.63958740,-82.96210226,38.32251486,40.56257573,78.88509059
0.84375000,-39.80064392,-82.96210226,43.16145834,40.56257573,83.72403407
0.84375000,-38.71154785,-82.96210226,44.25055441,40.56257573,84.81313014
0.84375000,-40.38810730,-82.96210226,42.57399496,40.56257573,83.13657069
0.84375000,-43.62678528,-82.96210226,39.33531698,40.56257573,79.89789271
0.84375000,-38.32530975,-82.96210226,44.63679251,40.56257573,85.19936823
0.84375000,-33.19644928,-82.96210226,49.76565298,40.56257573,90.32822871
0.84375000,-44.27337646,-82.96210226,38.68872580,40.56257573,79.25130152
0.84375000,-41.40949249,-82.96210226,41.55260977,40.56257573,82.11518550
0.84375000,-39.18075562,-82.96210226,43.78134665,40.56257573,84.34392237
0.84375000,-41.14913940,-82.96210226,41.81296286,40.56257573,82.37553858
0.84375000,-42.69790649,-82.96210226,40.26419577,40.56257573,80.82677149
0.84375000,-34.96646881,-82.96210226,47.99563345,40.56257573,88.55820918
0.84375000,-33.92410278,-82.96210226,49.03799948,40.56257573,89.60057520
0.84375000,-33.98132324,-82.96210226,48.98077902,40.56257573,89.54335475
0.84375000,-39.17217255,-82.96210226,43.78992972,40.56257573,84.35250544
0.84375000,-46.09489441,-82.96210226,36.86720785,40.56257573,77.42978358
0.84375000,-32.51552582,-82.96210226,50.44657644,40.56257573,91.00915217
0.84375000,-40.39669037,-82.96210226,42.56541189,40.56257573,83.12798762
0.84375000,-34.34562683,-82.96210226,48.61647543,40.56257573,89.17905116
0.84375000,-37.70923615,-82.96210226,45.25286612,40.56257573,85.81544184
0.84375000,-38.66481781,-82.96210226,44.29728445,40.56257573,84.85986018
0.84375000,-38.40351105,-82.96210226,44.55859121,40.56257573,85.12116694
0.84375000,-40.57216644,-82.96210226,42.38993582,40.56257573,82.95251155
0.84375000,-41.39614105,-82.96210226,41.56596121,40.56257573,82.12853694
0.84375000,-38.39969635,-82.96210226,44.56240591,40.56257573,85.12498164
0.84375000,-46.69094086,-82.96210226,36.27116141,40.56257573,76.83373713
0.84375000,-36.87858582,-82.96210226,46.08351645,40.56257573,86.64609217
0.84375000,-41.84436798,-82.96210226,41.11773428,40.56257573,81.68031001
0.84375000,-44.56520081,-82.96210226,38.39690146,40.56257573,78.95947718
0.84375000,-33.13255310,-82.96210226,49.82954916,40.56257573,90.39212489
0.84375000,-46.49734497,-82.96210226,36.46475729,40.56257573,77.02733302
0.84375000,-37.95528412,-82.96210226,45.00681814,40.56257573,85.56939387
0.84375000,-43.50376129,-82.96210226,39.45834097,40.56257573,80.02091670
0.84375000,-45.72772980,-82.96210226,37.23437246,40.56257573,77.79694819
0.84375000,-41.23878479,-82.96210226,41.72331747,40.56257573,82.28589320
0.84375000,-34.48486328,-82.96210226,48.47723898,40.56257573,89.03981471
0.84375000,-41.86820984,-82.96210226,41.09389242,40.56257573,81.65646815
0.84375000,-41.45431519,-82.96210226,41.50778708,40.56257573,82.07036280
0.84375000,-41.61930084,-82.96210226,41.34280142,40.56257573,81.90537715
0.84375000,-41.08619690,-82.96210226,41.87590536,40.56257573,82.43848109
0.84375000,-44.62051392,-82.96210226,38.34158835,40.56257573,78.90416407
0.84375000,-37.50610352,-82.96210226,45.45599875,40.56257573,86.01857447
0.84375000,-42.54627228,-82.96210226,40.41582998,40.56257573,80.97840571
0.84375000,-39.65568542,-82.96210226,43.30641684,40.56257573,83.86899256
0.84375000,-36.37027740,-82.96210226,46.59182486,40.56257573,87.15440058
0.84375000,-38.56658936,-82.96210226,44.39551291,40.56257573,84.95808863
0.84375000,-39.91699219,-82.96210226,43.04511007,40.56257573,83.60768580
0.84375000,-31.90231323,-82.96210226,51.05978903,40.56257573,91.62236476
0.84375000,-36.34929657,-82.96210226,46.61280569,40.56257573,87.17538142
0.84375000,-40.07530212,-82.96210226,42.88680014,40.56257573,83.44937586
0.84375000,-35.08090973,-82.96210226,47.88119253,40.56257573,88.44376826
0.84375000,-34.73091125,-82.96210226,48.23119101,40.56257573,88.79376673
0.84375000,-40.62652588,-82.96210226,42.33557638,40.56257573,82.89815211
0.84375000,-42.56916046,-82.96210226,40.39294180,40.56257573,80.95551753
0.84375000,-41.43524170,-82.96210226,41.52686056,40.56257573,82.08943629
0.84375000,-45.37963867,-82.96210226,37.58246359,40.56257573,78.14503932
0.84375000,-38.73157501,-82.96210226,44.23052725,40.56257573,84.79310298
0.87500000,-54.35800552,-83.20964633,28.85164080,39.90900527,68.76064607
0.87500000,-54.90541458,-83.20964633,28.30423175,39.90900527,68.21323702
0.87500000,-50.46129227,-83.20964633,32.74835406,39.90900527,72.65735933
0.87500000,-52.18267441,-83.20964633,31.02697192,39.90900527,70.93597719
0.87500000,-52.16360092,-83.20964633,31.04604541,39.90900527,70.95505068
0.87500000,-53.11632156,-83.20964633,30.09332476,39.90900527,70.00233003
0.87500000,-51.40733719,-83.20964633,31.80230914,39.90900527,71.71131441
0.87500000,-52.01196671,-83.20964633,31.19767962,39.90900527,71.10668489
0.87500000,-50.08554459,-83.20964633,33.12410174,39.90900527,73.03310701
0.87500000,-46.32616043,-83.20964633,36.88348590,39.90900527,76.79249117
0.87500000,-56.63633347,-83.20964633,26.57331286,39.90900527,66.48231813
0.87500000,-59.99612808,-83.20964633,23.21351825,39.90900527,63.12252352
0.87500000,-48.27547073,-83.20964633,34.93417559,39.90900527,74.84318086
0.87500000,-48.23350906,-83.20964633,34.97613726,39.90900527,74.88514253
0.87500000,-48.88391495,-83.20964633,34.32573138,39.90900527,74.23473665
0.87500000,-50.80652237,-83.20964633,32.40312396,39.90900527,72.31212923
0.87500000,-51.62000656,-83.20964633,31.58963977,39.90900527,71.49864504
0.87500000,-47.93691635,-83.20964633,35.27272998,39.90900527,75.18173525
0.87500000,-52.27422714,-83.20964633,30.93541919,39.90900527,70.84442446
0.87500000,-50.21524429,-83.20964633,32.99440203,39.90900527,72.90340730
0.87500000,-51.60856247,-83.20964633,31.60108386,39.90900527,71.51008913
0.87500000,-54.48293686,-83.20964633,28.72670947,39.90900527,68.63571474
0.87500000,-48.79999161,-83.20964633,34.40965472,39.90900527,74.31865999
0.87500000,-51.77164078,-83.20964633,31.43800555,39.90900527,71.34701082
0.87500000,-50.35924911,-83.20964633,32.85039721,39.90900527,72.75940248
0.87500000,-50.32587051,-83.20964633,32.88377581,39.90900527,72.79278108
0.87500000,-54.20732498,-83.20964633,29.00232135,39.90900527,68.91132662
0.87500000,-47.64223099,-83.20964633,35.56741534,39.90900527,75.47642061
0.87500000,-48.13051224,-83.20964633,35.07913409,39.90900527,74.98813936
0.87500000,-51.26905441,-83.20964633,31.94059192,39.90900527,71.84959718
0.87500000,-50.98199844,-83.20964633,32.22764788,39.90900527,72.13665315
0.87500000,-53.86114120,-83.20964633,29.34850512,39.90900527,69.25751039
0.87500000,-50.36020279,-83.20964633,32.84944354,39.90900527,72.75844881
0.87500000,-50.12655258,-83.20964633,33.08309375,39.90900527,72.99209902
0.87500000,-51.18322372,-83.20964633,32.02642260,39.90900527,71.93542787
0.87500000,-52.50692368,-83.20964633,30.70272265,39.90900527,70.61172792
0.87500000,-50.14944077,-83.20964633,33.06020556,39.90900527,72.96921083
0.87500000,-48.73037338,-83.20964633,34.47927295,39.90900527,74.38827822
0.87500000,-54.59642410,-83.20964633,28.61322223,39.90900527,68.52222749
0.87500000,-57.09886551,-83.20964633,26.11078082,39.90900527,66.01978609
0.87500000,-53.18212509,-83.20964633,30.02752124,39.90900527,69.93652651
0.87500000,-55.24110794,-83.20964633,27.96853839,39.90900527,67.87754366
0.87500000,-49.92818832,-83.20964633,33.28145800,39.90900527,73.19046327
0.87500000,-50.70161819,-83.20964633,32.50802813,39.90900527,72.41703340
0.87500000,-55.00459671,-83.20964633,28.20504962,39.90900527,68.11405489
0.87500000,-47.78051376,-83.20964633,35.42913256,39.90900527,75.33813783
0.87500000,-52.21033096,-83.20964633,30.99931536,39.90900527,70.90832063
0.87500000,-53.38621140,-83.20964633,29.82343493,39.90900527,69.73244020
0.87500000,-51.08022690,-83.20964633,32.12941943,39.90900527,72.03842470
0.87500000,-48.03514481,-83.20964633,35.17450152,39.90900527,75.08350679
0.87500000,-49.02315140,-83.20964633,34.18649493,39.90900527,74.09550020
0.87500000,-48.09236526,-83.20964633,35.11728106,39.90900527,75.02628633
0.87500000,-50.03213882,-83.20964633,33.17750750,39.90900527,73.08651277
0.87500000,-52.32667923,-83.20964633,30.88296710,39.90900527,70.79197237
0.87500000,-51.31769180,-83.20964633,31.89195452,39.90900527,71.80095979
0.87500000,-47.74808884,-83.20964633,35.46155749,39.90900527,75.37056276
0.87500000,-53.80105972,-83.20964633,29.40858661,39.90900527,69.31759187
0.87500000,-51.78880692,-83.20964633,31.42083941,39.90900527,71.32984468
0.87500000,-49.44372177,-83.20964633,33.76592456,39.90900527,73.67492983
0.87500000,-46.55981064,-83.20964633,36.64983569,39.90900527,76.55884096
0.87500000,-54.68130112,-83.20964633,28.52834521,39.90900527,68.43735048
0.87500000,-48.93541336,-83.20964633,34.27423297,39.90900527,74.18323824
0.87500000,-45.05777359,-83.20964633,38.15187274,39.90900527,78.06087801
0.87500000,-47.60599136,-83.20964633,35.60365496,39.90900527,75.51266023
0.87500000,-57.48701096,-83.20964633,25.72263537,39.90900527,65.63164064
0.87500000,-50.58908463,-83.20964633,32.62056170,39.90900527,72.52956697
0.87500000,-53.66945267,-83.20964633,29.54019366,39.90900527,69.44919893
0.87500000,-52.19411850,-83.20964633,31.01552783,39.90900527,70.92453310
0.87500000,-51.40638351,-83.20964633,31.80326281,39.90900527,71.71226808
0.87500000,-47.69277573,-83.20964633,35.51687060,39.90900527,75.42587587
0.87500000,-49.68881607,-83.20964633,33.52083026,39.90900527,73.42983553
0.87500000,-51.55324936,-83.20964633,31.65639697,39.90900527,71.56540224
0.87500000,-48.42805862,-83.20964633,34.78158770,39.90900527,74.69059297
0.87500000,-51.54085159,-83.20964633,31.66879473,39.90900527,71.57780000
0.87500000,-48.84290695,-83.20964633,34.36673938,39.90900527,74.27574465
0.90625000,-58.35580826,-83.45719039,25.10138214,39.25543481,64.35681695
0.90625000,-64.50700760,-83.45719039,18.95018279,39.25543481,58.20561761
0.90625000,-59.39054489,-83.45719039,24.06664550,39.25543481,63.32208032
0.90625000,-62.94202805,-83.45719039,20.51516235,39.25543481,59.77059716
0.90625000,-66.60032272,-83.45719039,16.85686767,39.25543481,56.11230248
0.90625000,-64.60428238,-83.45719039,18.85290801,39.25543481,58.10834283
0.90625000,-64.47553635,-83.45719039,18.98165405,39.25543481,58.23708886
0.90625000,-61.81192398,-83.45719039,21.64526641,39.25543481,60.90070123
0.90625000,-58.97855759,-83.45719039,24.47863281,39.25543481,63.73406762
0.90625000,-62.97445297,-83.45719039,20.48273742,39.25543481,59.73817223
0.90625000,-68.04132462,-83.45719039,15.41586578,39.25543481,54.67130059
0.90625000,-66.19787216,-83.45719039,17.25931823,39.25543481,56.51475305
0.90625000,-65.24991989,-83.45719039,18.20727050,39.25543481,57.46270532
0.90625000,-63.64488602,-83.45719039,19.81230438,39.25543481,59.06773919
0.90625000,-60.57119370,-83.45719039,22.88599670,39.25543481,62.14143151
0.90625000,-63.92526627,-83.45719039,19.53192413,39.25543481,58.78735894
0.90625000,-64.70727921,-83.45719039,18.74991119,39.25543481,58.00534600
0.90625000,-72.52073288,-83.45719039,10.93645751,39.25543481,50.19189233
0.90625000,-64.37635422,-83.45719039,19.08083618,39.25543481,58.33627099
0.90625000,-65.82021713,-83.45719039,17.63697326,39.25543481,56.89240807
0.90625000,-60.99939346,-83.45719039,22.45779693,39.25543481,61.71323174
0.90625000,-66.46108627,-83.45719039,16.99610412,39.25543481,56.25153893
0.90625000,-68.34745407,-83.45719039,15.10973632,39.25543481,54.36517114
0.90625000,-68.89963150,-83.45719039,14.55755889,39.25543481,53.81299371
0.90625000,-67.85821915,-83.45719039,15.59897125,39.25543481,54.85440606
0.90625000,-68.33505630,-83.45719039,15.12213409,39.25543481,54.37756890
0.90625000,-67.30794907,-83.45719039,16.14924133,39.25543481,55.40467614
0.90625000,-65.66858292,-83.45719039,17.78860748,39.25543481,57.04404229
0.90625000,-61.38849258,-83.45719039,22.06869781,39.25543481,61.32413262
0.90625000,-63.90905380,-83.45719039,19.54813659,39.25543481,58.80357140
0.90625000,-65.10305405,-83.45719039,18.35413635,39.25543481,57.60957116
0.90625000,-66.60032272,-83.45719039,16.85686767,39.25543481,56.11230248
0.90625000,-65.24038315,-83.45719039,18.21680725,39.25543481,57.47224206
0.90625000,-65.60850143,-83.45719039,17.84868896,39.25543481,57.10412377
0.90625000,-64.54515457,-83.45719039,18.91203582,39.25543481,58.16747064
0.90625000,-64.84079361,-83.45719039,18.61639678,39.25543481,57.87183160
0.90625000,-68.25113297,-83.45719039,15.20605743,39.25543481,54.46149224
0.90625000,-61.93399429,-83.45719039,21.52319610,39.25543481,60.77863091
0.90625000,-70.16134262,-83.45719039,13.29584777,39.25543481,52.55128259
0.90625000,-67.01707840,-83.45719039,16.44011199,39.25543481,55.69554681
0.90625000,-67.78860092,-83.45719039,15.66858947,39.25543481,54.92402429
0.90625000,-65.43493271,-83.45719039,18.02225769,39.25543481,57.27769250
0.90625000,-62.65974045,-83.45719039,20.79744995,39.25543481,60.05288476
0.90625000,-60.77337265,-83.45719039,22.68381774,39.25543481,61.93925256
0.90625000,-64.67294693,-83.45719039,18.78424346,39.25543481,58.03967828
0.90625000,-66.96462631,-83.45719039,16.49256408,39.25543481,55.74799890
0.90625000,-61.34748459,-83.45719039,22.10970581,39.25543481,61.36514062
0.90625000,-62.38412857,-83.45719039,21.07306182,39.25543481,60.32849664
0.90625000,-70.31679153,-83.45719039,13.14039886,39.25543481,52.39583367
0.90625000,-65.11545181,-83.45719039,18.34173858,39.25543481,57.59717339
0.90625000,-65.59228897,-83.45719039,17.86490142,39.25543481,57.12033624
0.90625000,-69.81611252,-83.45719039,13.64107788,39.25543481,52.89651269
0.90625000,-60.33754349,-83.45719039,23.11964691,39.25543481,62.37508172
0.90625000,-63.73929977,-83.45719039,19.71789062,39.25543481,58.97332543
0.90625000,-67.81244278,-83.45719039,15.64474761,39.25543481,54.90018243
0.90625000,-68.86529922,-83.45719039,14.59189117,39.25543481,53.84732598
0.90625000,-60.74190140,-83.45719039,22.71528900,39.25543481,61.97072381
0.90625000,-66.63846970,-83.45719039,16.81872070,39.25543481,56.07415551
0.90625000,-58.24136734,-83.45719039,25.21582305,39.25543481,64.47125787
0.90625000,-59.41724777,-83.45719039,24.03994262,39.25543481,63.29537744
0.90625000,-62.58058548,-83.45719039,20.87660491,39.25543481,60.13203973
0.90625000,-65.70577621,-83.45719039,17.75141418,39.25543481,57.00684899
0.90625000,-63.09366226,-83.45719039,20.36352813,39.25543481,59.61896295
0.90625000,-61.90443039,-83.45719039,21.55276000,39.25543481,60.80819482
0.90625000,-65.66381454,-83.45719039,17.79337585,39.25543481,57.04881066
0.90625000,-60.25648117,-83.45719039,23.20070922,39.25543481,62.45614404
0.90625000,-62.87145615,-83.45719039,20.58573425,39.25543481,59.84116906
0.93750000,-80.08909225,-83.70473446,3.61564221,38.60186436,42.21750656
0.93750000,-79.64468002,-83.70473446,4.06005444,38.60186436,42.66191879
0.93750000,-78.56988907,-83.70473446,5.13484539,38.60186436,43.73670975
0.93750000,-84.70392227,-83.70473446,-0.99918781,38.60186436,37.60267655
0.93750000,-82.56387711,-83.70473446,1.14085735,38.60186436,39.74272171
0.93750000,-79.16784286,-83.70473446,4.53689159,38.60186436,43.13875595
0.93750000,-83.77218246,-83.70473446,-0.06744800,38.60186436,38.53441635
0.93750000,-87.57257462,-83.70473446,-3.86784016,38.60186436,34.73402420
0.93750000,-75.68311691,-83.70473446,8.02161755,38.60186436,46.62348190
0.93750000,-87.44859695,-83.70473446,-3.74386249,38.60186436,34.85800186
0.93750000,-75.44469833,-83.70473446,8.26003613,38.60186436,46.86190048
0.93750000,-79.28895950,-83.70473446,4.41577496,38.60186436,43.01763931
0.93750000,-86.06767654,-83.70473446,-2.36294208,38.60186436,36.23892227
0.93750000,-72.25465775,-83.70473446,11.45007671,38.60186436,50.05194107
0.93750000,-84.60855484,-83.70473446,-0.90382038,38.60186436,37.69804398
0.93750000,-83.25052261,-83.70473446,0.45421185,38.60186436,39.05607620
0.93750000,-87.30840683,-83.70473446,-3.60367237,38.60186436,34.99819199
0.93750000,-81.66646957,-83.70473446,2.03826489,38.60186436,40.64012924
0.93750000,-74.94211197,-83.70473446,8.76262249,38.60186436,47.36448685
0.93750000,-79.21838760,-83.70473446,4.48634686,38.60186436,43.08821121
0.93750000,-79.78391647,-83.70473446,3.92081799,38.60186436,42.52268234
0.93750000,-82.76319504,-83.70473446,0.94153942,38.60186436,39.54340378
0.93750000,-78.76634598,-83.70473446,4.93838848,38.60186436,43.54025284
0.93750000,-74.99456406,-83.70473446,8.71017040,38.60186436,47.31203476
0.93750000,-87.55064011,-83.70473446,-3.84590565,38.60186436,34.75595871
0.93750000,-83.08172226,-83.70473446,0.62301220,38.60186436,39.22487656
0.93750000,-84.00678635,-83.70473446,-0.30205189,38.60186436,38.29981247
0.93750000,-79.68187332,-83.70473446,4.02286114,38.60186436,42.62472550
0.93750000,-79.37097549,-83.70473446,4.33375897,38.60186436,42.93562332
0.93750000,-81.38704300,-83.70473446,2.31769146,38.60186436,40.91955582
0.93750000,-81.82859421,-83.70473446,1.87614025,38.60186436,40.47800461
0.93750000,-75.63924789,-83.70473446,8.06548657,38.60186436,46.66735092
0.93750000,-79.08201218,-83.70473446,4.62272228,38.60186436,43.22458664
0.93750000,-86.26508713,-83.70473446,-2.56035267,38.60186436,36.04151169
0.93750000,-85.27612686,-83.70473446,-1.57139240,38.60186436,37.03047196
0.93750000,-82.10706711,-83.70473446,1.59766735,38.60186436,40.19953171
0.93750000,-77.37588882,-83.70473446,6.32884564,38.60186436,44.93070999
0.93750000,-78.45735550,-83.70473446,5.24737896,38.60186436,43.84924332
0.93750000,-80.48295975,-83.70473446,3.22177471,38.60186436,41.82363907
0.93750000,-86.06576920,-83.70473446,-2.36103474,38.60186436,36.24082962
0.93750000,-83.34112167,-83.70473446,0.36361279,38.60186436,38.96547714
0.93750000,-84.56945419,-83.70473446,-0.86471973,38.60186436,37.73714462
0.93750000,-78.75108719,-83.70473446,4.95364727,38.60186436,43.55551163
0.93750000,-79.41770554,-83.70473446,4.28702892,38.60186436,42.88889328
0.93750000,-81.14671707,-83.70473446,2.55801739,38.60186436,41.15988175
0.93750000,-85.34574509,-83.70473446,-1.64101063,38.60186436,36.96085373
0.93750000,-77.93664932,-83.70473446,5.76808514,38.60186436,44.36994949
0.93750000,-78.48596573,-83.70473446,5.21876873,38.60186436,43.82063309
0.93750000,-77.35872269,-83.70473446,6.34601177,38.60186436,44.94787613
0.93750000,-81.72082901,-83.70473446,1.98390545,38.60186436,40.58576981
0.93750000,-79.41102982,-83.70473446,4.29370464,38.60186436,42.89556900
0.93750000,-83.68825912,-83.70473446,0.01647534,38.60186436,38.61833969
0.93750000,-85.45541763,-83.70473446,-1.75068317,38.60186436,36.85118118
0.93750000,-83.19997787,-83.70473446,0.50475659,38.60186436,39.10662094
0.93750000,-75.08325577,-83.70473446,8.62147869,38.60186436,47.22334305
0.93750000,-77.33869553,-83.70473446,6.36603893,38.60186436,44.96790329
0.93750000,-75.35791397,-83.70473446,8.34682049,38.60186436,46.94868485
0.93750000,-82.29112625,-83.70473446,1.41360821,38.60186436,40.01547257
0.93750000,-74.21731949,-83.70473446,9.48741497,38.60186436,48.08927933
0.93750000,-82.65066147,-83.70473446,1.05407299,38.60186436,39.65593735
0.93750000,-88.62829208,-83.70473446,-4.92355762,38.60186436,33.67830673
0.93750000,-79.23078537,-83.70473446,4.47394909,38.60186436,43.07581345
0.93750000,-83.78648758,-83.70473446,-0.08175312,38.60186436,38.52011124
0.93750000,-78.85217667,-83.70473446,4.85255779,38.60186436,43.45442215
0.93750000,-76.93815231,-83.70473446,6.76658215,38.60186436,45.36844650
0.93750000,-74.05900955,-83.70473446,9.64572491,38.60186436,48.24758927
0.93750000,-77.78882980,-83.70473446,5.91590466,38.60186436,44.51776901
0.93750000,-76.90477371,-83.70473446,6.79996075,38.60186436,45.40182510
0.93750000,-79.07915115,-83.70473446,4.62558331,38.60186436,43.22744766
0.93750000,-80.24072647,-83.70473446,3.46400799,38.60186436,42.06587235
0.93750000,-79.22220230,-83.70473446,4.48253216,38.60186436,43.08439652
0.93750000,-78.53841782,-83.70473446,5.16631664,38.60186436,43.76818100
0.93750000,-83.99724960,-83.70473446,-0.29251514,38.60186436,38.30934921
0.93750000,-69.32115555,-83.70473446,14.38357891,38.60186436,52.98544327
0.93750000,-82.77177811,-83.70473446,0.93295635,38.60186436,39.53482071
0.93750000,-82.70406723,-83.70473446,1.00066723,38.60186436,39.60253159
0.93750000,-82.32355118,-83.70473446,1.38118328,38.60186436,39.98304764
0.93750000,-82.27586746,-83.70473446,1.42886700,38.60186436,40.03073135
0.93750000,-77.70776749,-83.70473446,5.99696697,38.60186436,44.59883133
0.96875000,-90.62957764,-83.95227853,-6.67729911,37.94829390,31.27099479
0.96875000,-107.34367371,-83.95227853,-23.39139518,37.94829390,14.55689872
0.96875000,-101.77803040,-83.95227853,-17.82575187,37.94829390,20.12254203
0.96875000,-106.58454895,-83.95227853,-22.63227042,37.94829390,15.31602348
0.96875000,-107.28645325,-83.95227853,-23.33417472,37.94829390,14.61411918
0.96875000,-101.55200958,-83.95227853,-17.59973106,37.94829390,20.34856284
0.96875000,-107.06615448,-83.95227853,-23.11387595,37.94829390,14.83441795
0.96875000,-103.91902924,-83.95227853,-19.96675071,37.94829390,17.98154319
0.96875000,-100.46386719,-83.95227853,-16.51158866,37.94829390,21.43670524
0.96875000,-102.66208649,-83.95227853,-18.70980796,37.94829390,19.23848594
0.96875000,-99.94506836,-83.95227853,-15.99278983,37.94829390,21.95550407
0.96875000,-107.90920258,-83.95227853,-23.95692405,37.94829390,13.99136985
0.96875000,-109.92813110,-83.95227853,-25.97585258,37.94829390,11.97244132
0.96875000,-80.41763306,-83.95227853,3.53464547,37.94829390,41.48293937
0.96875000,-106.77051544,-83.95227853,-22.81823692,37.94829390,15.13005699
0.96875000,-103.37734222,-83.95227853,-19.42506370,37.94829390,18.52323020
0.96875000,-104.70008850,-83.95227853,-20.74780998,37.94829390,17.20048393
0.96875000,-104.77066040,-83.95227853,-20.81838187,37.94829390,17.12991203
0.96875000,-109.27677155,-83.95227853,-25.32449302,37.94829390,12.62380088
0.96875000,-106.58454895,-83.95227853,-22.63227042,37.94829390,15.31602348
0.96875000,-101.93061829,-83.95227853,-17.97833976,37.94829390,19.96995414
0.96875000,-104.00199890,-83.95227853,-20.04972038,37.94829390,17.89857353
0.96875000,-102.81085968,-83.95227853,-18.85858115,37.94829390,19.08971275
0.96875000,-106.76002502,-83.95227853,-22.80774650,37.94829390,15.14054740
0.96875000,-105.80825806,-83.95227853,-21.85597953,37.94829390,16.09231437
0.96875000,-103.37066650,-83.95227853,-19.41838798,37.94829390,18.52990592
0.96875000,-102.30255127,-83.95227853,-18.35027274,37.94829390,19.59802116
0.96875000,-90.36350250,-83.95227853,-6.41122398,37.94829390,31.53706992
0.96875000,-98.73294830,-83.95227853,-14.78066978,37.94829390,23.16762412
0.96875000,-94.09523010,-83.95227853,-10.14295158,37.94829390,27.80534232
0.96875000,-108.49285126,-83.95227853,-24.54057273,37.94829390,13.40772117
0.96875000,-103.99436951,-83.95227853,-20.04209098,37.94829390,17.90620292
0.96875000,-109.55715179,-83.95227853,-25.60487327,37.94829390,12.34342063
0.96875000,-101.48239136,-83.95227853,-17.53011283,37.94829390,20.41818107
0.96875000,-109.73453522,-83.95227853,-25.78225669,37.94829390,12.16603721
0.96875000,-63.57574463,-83.95227853,20.37653390,37.94829390,58.32482780
0.96875000,-99.67327118,-83.95227853,-15.72099265,37.94829390,22.22730125
0.96875000,-109.05170441,-83.95227853,-25.09942588,37.94829390,12.84886802
0.96875000,-104.37774658,-83.95227853,-20.42546806,37.94829390,17.52282584
0.96875000,-106.86683655,-83.95227853,-22.91455802,37.94829390,15.03373588
0.96875000,-106.36901855,-83.95227853,-22.41674003,37.94829390,15.53155387
0.96875000,-102.40173340,-83.95227853,-18.44945487,37.94829390,19.49883903
0.96875000,-107.02991486,-83.95227853,-23.07763633,37.94829390,14.87065757
0.96875000,-109.44080353,-83.95227853,-25.48852500,37.94829390,12.45976890
0.96875000,-106.30798340,-83.95227853,-22.35570487,37.94829390,15.59258903
0.96875000,-101.25255585,-83.95227853,-17.30027732,37.94829390,20.64801658
0.96875000,-94.88296509,-83.95227853,-10.93068656,37.94829390,27.01760734
0.96875000,-106.63604736,-83.95227853,-22.68376884,37.94829390,15.26452506
0.96875000,-101.20868683,-83.95227853,-17.25640830,37.94829390,20.69188560
0.96875000,-107.12814331,-83.95227853,-23.17586478,37.94829390,14.77242912
0.96875000,-103.63769531,-83.95227853,-19.68541679,37.94829390,18.26287711
0.96875000,-105.37052155,-83.95227853,-21.41824302,37.94829390,16.53005088
0.96875000,-94.90489960,-83.95227853,-10.95262107,37.94829390,26.99567283
0.96875000,-110.55946350,-83.95227853,-26.60718498,37.94829390,11.34110893
0.96875000,-106.77719116,-83.95227853,-22.82491264,37.94829390,15.12338126
0.96875000,-101.22013092,-83.95227853,-17.26785239,37.94829390,20.68044151
0.96875000,-100.22544861,-83.95227853,-16.27317008,37.94829390,21.67512382
0.96875000,-103.15418243,-83.95227853,-19.20190391,37.94829390,18.74638999
0.96875000,-99.39098358,-83.95227853,-15.43870506,37.94829390,22.50958885
0.96875000,-106.31752014,-83.95227853,-22.36524162,37.94829390,15.58305229
0.96875000,-102.57911682,-83.95227853,-18.62683830,37.94829390,19.32145561
0.96875000,-105.68809509,-83.95227853,-21.73581657,37.94829390,16.21247733
0.96875000,-109.44080353,-83.95227853,-25.48852500,37.94829390,12.45976890
0.96875000,-101.23157501,-83.95227853,-17.27929649,37.94829390,20.66899741
0.96875000,-100.32749176,-83.95227853,-16.37521323,37.94829390,21.57308067
0.96875000,-101.99451447,-83.95227853,-18.04223594,37.94829390,19.90605796
0.96875000,-98.58512878,-83.95227853,-14.63285026,37.94829390,23.31544364
0.96875000,-106.79244995,-83.95227853,-22.84017143,37.94829390,15.10812248
0.96875000,-106.82201385,-83.95227853,-22.86973533,37.94829390,15.07855857
0.96875000,-102.16712952,-83.95227853,-18.21485099,37.94829390,19.73344291
0.96875000,-105.64422607,-83.95227853,-21.69194755,37.94829390,16.25634635
0.96875000,-110.59570312,-83.95227853,-26.64342460,37.94829390,11.30486930
0.96875000,-106.22882843,-83.95227853,-22.27654990,37.94829390,15.67174400
0.96875000,-102.84709930,-83.95227853,-18.89482078,37.94829390,19.05347312
0.96875000,-111.50169373,-83.95227853,-27.54941520,37.94829390,10.39887870
0.96875000,-104.41207886,-83.95227853,-20.45980033,37.94829390,17.48849357
0.96875000,-108.84284973,-83.95227853,-24.89057121,37.94829390,13.05772270
0.96875000,-105.43823242,-83.95227853,-21.48595390,37.94829390,16.46234001
0.09375000,-49.23003912,-77.02104468,27.79100556,56.24826667,84.03927223
0.09375000,-56.05071783,-77.02104468,20.97032685,56.24826667,77.21859352
0.09375000,-50.11028051,-77.02104468,26.91076417,56.24826667,83.15903084
0.09375000,-47.55252600,-77.02104468,29.46851868,56.24826667,85.71678536
0.09375000,-52.13779211,-77.02104468,24.88325257,56.24826667,81.13151924
0.09375000,-52.52307653,-77.02104468,24.49796815,56.24826667,80.74623482
0.09375000,-41.94015265,-77.02104468,35.08089203,56.24826667,91.32915871
0.09375000,-48.90483618,-77.02104468,28.11620850,56.24826667,84.36447518
0.09375000,-57.11501837,-77.02104468,19.90602631,56.24826667,76.15429299
0.09375000,-50.98289251,-77.02104468,26.03815217,56.24826667,82.28641884
0.09375000,-52.49160528,-77.02104468,24.52943940,56.24826667,80.77770607
0.09375000,-52.24555731,-77.02104468,24.77548737,56.24826667,81.02375405
0.09375000,-50.59379339,-77.02104468,26.42725129,56.24826667,82.67551796
0.09375000,-46.90402746,-77.02104468,30.11701722,56.24826667,86.36528389
0.09375000,-45.05580664,-77.02104468,31.96523804,56.24826667,88.21350472
0.09375000,-46.27174139,-77.02104468,30.74930329,56.24826667,86.99756996
0.09375000,-53.57307196,-77.02104468,23.44797272,56.24826667,79.69623940
0.09375000,-51.14692450,-77.02104468,25.87412018,56.24826667,82.12238686
0.09375000,-52.51449347,-77.02104468,24.50655121,56.24826667,80.75481789
0.09375000,-47.76519537,-77.02104468,29.25584931,56.24826667,85.50411598
0.09375000,-45.63277960,-77.02104468,31.38826508,56.24826667,87.63653176
0.09375000,-50.48030615,-77.02104468,26.54073853,56.24826667,82.78900521
0.09375000,-49.47417974,-77.02104468,27.54686493,56.24826667,83.79513161
0.09375000,-52.82062292,-77.02104468,24.20042176,56.24826667,80.44868843
0.09375000,-46.33277655,-77.02104468,30.68826813,56.24826667,86.93653481
0.09375000,-51.67335272,-77.02104468,25.34769196,56.24826667,81.59595864
0.09375000,-49.31014776,-77.02104468,27.71089692,56.24826667,83.95916359
0.09375000,-51.32812262,-77.02104468,25.69292206,56.24826667,81.94118874
0.09375000,-50.47458410,-77.02104468,26.54646058,56.24826667,82.79472725
0.09375000,-53.09909582,-77.02104468,23.92194886,56.24826667,80.17021553
0.09375000,-49.91286993,-77.02104468,27.10817475,56.24826667,83.35644142
0.09375000,-53.44146490,-77.02104468,23.57957978,56.24826667,79.82784645
0.09375000,-50.89896917,-77.02104468,26.12207551,56.24826667,82.37034218
0.09375000,-49.84802008,-77.02104468,27.17302460,56.24826667,83.42129128
0.09375000,-55.45467138,-77.02104468,21.56637330,56.24826667,77.81463997
0.09375000,-49.80129004,-77.02104468,27.21975464,56.24826667,83.46802132
0.09375000,-49.18330908,-77.02104468,27.83773560,56.24826667,84.08600228
0.09375000,-50.82744360,-77.02104468,26.19360108,56.24826667,82.44186775
0.09375000,-55.86475134,-77.02104468,21.15629334,56.24826667,77.40456001
0.09375000,-52.81871557,-77.02104468,24.20232911,56.24826667,80.45059578
0.09375000,-48.86096716,-77.02104468,28.16007752,56.24826667,84.40834419
0.09375000,-51.06586218,-77.02104468,25.95518250,56.24826667,82.20344917
0.09375000,-49.47990179,-77.02104468,27.54114289,56.24826667,83.78940956
0.09375000,-51.76299810,-77.02104468,25.25804658,56.24826667,81.50631325
0.09375000,-50.20087957,-77.02104468,26.82016511,56.24826667,83.06843178
0.09375000,-47.95688391,-77.02104468,29.06416077,56.24826667,85.31242745
0.09375000,-53.78288031,-77.02104468,23.23816437,56.24826667,79.48643105
0.09375000,-50.28671026,-77.02104468,26.73433442,56.24826667,82.98260109
0.09375000,-49.91954565,-77.02104468,27.10149903,56.24826667,83.34976570
0.09375000,-51.00864172,-77.02104468,26.01240296,56.24826667,82.26066963
0.09375000,-52.27798223,-77.02104468,24.74306244,56.24826667,80.99132912
0.09375000,-52.21313238,-77.02104468,24.80791230,56.24826667,81.05617897
0.09375000,-51.14310980,-77.02104468,25.87793488,56.24826667,82.12620156
0.09375000,-51.56272650,-77.02104468,25.45831818,56.24826667,81.70658486
0.09375000,-48.81995916,-77.02104468,28.20108552,56.24826667,84.44935219
0.09375000,-50.13412237,-77.02104468,26.88692231,56.24826667,83.13518898
0.09375000,-50.19706488,-77.02104468,26.82397980,56.24826667,83.07224648
0.09375000,-54.17674780,-77.02104468,22.84429688,56.24826667,79.09256355
0.09375000,-52.16354132,-77.02104468,24.85750336,56.24826667,81.10577004
0.09375000,-51.48071051,-77.02104468,25.54033417,56.24826667,81.78860085
0.09375000,-46.75143957,-77.02104468,30.26960511,56.24826667,86.51787178
0.09375000,-54.15385962,-77.02104468,22.86718506,56.24826667,79.11545174
0.09375000,-51.50741339,-77.02104468,25.51363129,56.24826667,81.76189797
0.09375000,-49.66586828,-77.02104468,27.35517640,56.24826667,83.60344307
0.09375000,-49.92431402,-77.02104468,27.09673066,56.24826667,83.34499733
0.09375000,-48.57581854,-77.02104468,28.44522614,56.24826667,84.69349282
0.09375000,-49.82131720,-77.02104468,27.19972748,56.24826667,83.44799416
0.09375000,-45.86833715,-77.02104468,31.15270752,56.24826667,87.40097420
0.09375000,-48.09135199,-77.02104468,28.92969269,56.24826667,85.17795937
0.09375000,-48.03222418,-77.02104468,28.98882050,56.24826667,85.23708718
0.09375000,-49.88616705,-77.02104468,27.13487763,56.24826667,83.38314430
0.09375000,-44.19749975,-77.02104468,32.82354493,56.24826667,89.07181160
0.12500000,-33.91325474,-77.26858875,43.35533401,55.59469622,98.95003023
0.12500000,-25.17759800,-77.26858875,52.09099075,55.59469622,107.68568696
0.12500000,-34.82973576,-77.26858875,42.43885299,55.59469622,98.03354921
0.12500000,-27.55606174,-77.26858875,49.71252700,55.59469622,105.30722322
0.12500000,-26.99720860,-77.26858875,50.27138015,55.59469622,105.86607637
0.12500000,-30.75659275,-77.26858875,46.51199599,55.59469622,102.10669221
0.12500000,-33.92374516,-77.26858875,43.34484359,55.59469622,98.93953981
0.12500000,-35.13681889,-77.26858875,42.13176986,55.59469622,97.72646608
0.12500000,-25.87568760,-77.26858875,51.39290115,55.59469622,106.98759736
0.12500000,-26.05879307,-77.26858875,51.20979568,55.59469622,106.80449190
0.12500000,-31.36122227,-77.26858875,45.90736648,55.59469622,101.50206270
0.12500000,-33.27047825,-77.26858875,43.99811050,55.59469622,99.59280671
0.12500000,-36.05520725,-77.26858875,41.21338149,55.59469622,96.80807771
0.12500000,-35.40575504,-77.26858875,41.86283370,55.59469622,97.45752992
0.12500000,-29.23738956,-77.26858875,48.03119918,55.59469622,103.62589540
0.12500000,-31.90386295,-77.26858875,45.36472579,55.59469622,100.95942201
0.12500000,-32.61244297,-77.26858875,44.65614578,55.59469622,100.25084199
0.12500000,-32.74786472,-77.26858875,44.52072402,55.59469622,100.11542024
0.12500000,-34.58654881,-77.26858875,42.68203994,55.59469622,98.27673616
0.12500000,-32.14991093,-77.26858875,45.11867782,55.59469622,100.71337404
0.12500000,-31.75032139,-77.26858875,45.51826736,55.59469622,101.11296358
0.12500000,-27.80783176,-77.26858875,49.46075698,55.59469622,105.05545320
0.12500000,-27.47976780,-77.26858875,49.78882095,55.59469622,105.38351716
0.12500000,-26.81505680,-77.26858875,50.45353194,55.59469622,106.04822816
0.12500000,-32.95862675,-77.26858875,44.30996200,55.59469622,99.90465822
0.12500000,-28.98752689,-77.26858875,48.28106185,55.59469622,103.87575807
0.12500000,-34.30426121,-77.26858875,42.96432754,55.59469622,98.55902376
0.12500000,-30.06422520,-77.26858875,47.20436355,55.59469622,102.79905977
0.12500000,-31.53192997,-77.26858875,45.73665878,55.59469622,101.33135499
0.12500000,-34.83068943,-77.26858875,42.43789932,55.59469622,98.03259553
0.12500000,-36.13436222,-77.26858875,41.13422652,55.59469622,96.72892274
0.12500000,-32.15181828,-77.26858875,45.11677047,55.59469622,100.71146669
0.12500000,-30.98547459,-77.26858875,46.28311416,55.59469622,101.87781038
0.12500000,-32.03260899,-77.26858875,45.23597976,55.59469622,100.83067598
0.12500000,-33.56134892,-77.26858875,43.70723983,55.59469622,99.30193605
0.12500000,-28.66995335,-77.26858875,48.59863540,55.59469622,104.19333162
0.12500000,-29.68561649,-77.26858875,47.58297225,55.59469622,103.17766847
0.12500000,-30.13098240,-77.26858875,47.13760635,55.59469622,102.73230256
0.12500000,-34.43968296,-77.26858875,42.82890578,55.59469622,98.42360200
0.12500000,-29.10959721,-77.26858875,48.15899154,55.59469622,103.75368776
0.12500000,-27.86409855,-77.26858875,49.40449020,55.59469622,104.99918641
0.12500000,-29.38997746,-77.26858875,47.87861129,55.59469622,103.47330751
0.12500000,-27.13167667,-77.26858875,50.13691207,55.59469622,105.73160829
0.12500000,-26.91328526,-77.26858875,50.35530349,55.59469622,105.94999971
0.12500000,-34.36338902,-77.26858875,42.90519973,55.59469622,98.49989595
0.12500000,-33.61952305,-77.26858875,43.64906570,55.59469622,99.24376192
0.12500000,-30.05278111,-77.26858875,47.21580764,55.59469622,102.81050386
0.12500000,-33.89990330,-77.26858875,43.36868545,55.59469622,98.96338167
0.12500000,-29.70182896,-77.26858875,47.56675979,55.59469622,103.16145601
0.12500000,-27.81355381,-77.26858875,49.45503494,55.59469622,105.04973115
0.12500000,-29.34038639,-77.26858875,47.92820235,55.59469622,103.52289857
0.12500000,-33.98668766,-77.26858875,43.28190109,55.59469622,98.87659730
0.12500000,-33.59472752,-77.26858875,43.67386123,55.59469622,99.26855745
0.12500000,-25.36165714,-77.26858875,51.90693160,55.59469622,107.50162782
0.12500000,-34.68573093,-77.26858875,42.58285781,55.59469622,98.17755403
0.12500000,-33.36298466,-77.26858875,43.90560409,55.59469622,99.50030031
0.12500000,-30.89773655,-77.26858875,46.37085220,55.59469622,101.96554841
0.12500000,-33.75303745,-77.26858875,43.51555129,55.59469622,99.11024751
0.12500000,-35.43722630,-77.26858875,41.83136245,55.59469622,97.42605867
0.12500000,-28.46872807,-77.26858875,48.79986068,55.59469622,104.39455690
0.12500000,-30.58302402,-77.26858875,46.68556472,55.59469622,102.28026094
0.15625000,-6.63924217,-77.51613281,70.87689064,54.94112576,125.81801640
0.15625000,-13.35310936,-77.51613281,64.16302345,54.94112576,119.10414921
0.15625000,-14.06836510,-77.51613281,63.44776771,54.94112576,118.38889348
0.15625000,-11.67559624,-77.51613281,65.84053657,54.94112576,120.78166234
0.15625000,-12.49384880,-77.51613281,65.02228401,54.94112576,119.96340977
0.15625000,-9.72342491,-77.51613281,67.79270790,54.94112576,122.73383366
0.15625000,-14.50610161,-77.51613281,63.01003120,54.94112576,117.95115696
0.15625000,-6.99782372,-77.51613281,70.51830910,54.94112576,125.45943486
0.15625000,-10.62369347,-77.51613281,66.89243935,54.94112576,121.83356511
0.15625000,-17.56834984,-77.51613281,59.94778297,54.94112576,114.88890873
0.15625000,-8.59618187,-77.51613281,68.91995094,54.94112576,123.86107670
0.15625000,-6.07657433,-77.51613281,71.43955849,54.94112576,126.38068425
0.15625000,-5.15818596,-77.51613281,72.35794685,54.94112576,127.29907261
0.15625000,-13.41319084,-77.51613281,64.10294197,54.94112576,119.04406773
0.15625000,-9.74726677,-77.51613281,67.76886604,54.94112576,122.70999180
0.15625000,-20.08986473,-77.51613281,57.42626808,54.94112576,112.36739384
0.15625000,-12.02082634,-77.51613281,65.49530647,54.94112576,120.43643223
0.15625000,-14.53280449,-77.51613281,62.98332832,54.94112576,117.92445408
0.15625000,-12.36510277,-77.51613281,65.15103004,54.94112576,120.09215581
0.15625000,-7.47370720,-77.51613281,70.04242561,54.94112576,124.98355137
0.15625000,-6.95776939,-77.51613281,70.55836342,54.94112576,125.49948918
0.15625000,-15.74397087,-77.51613281,61.77216194,54.94112576,116.71328770
0.15625000,-13.11945915,-77.51613281,64.39667366,54.94112576,119.33779942
0.15625000,-16.44682884,-77.51613281,61.06930397,54.94112576,116.01042973
0.15625000,-19.28591728,-77.51613281,58.23021553,54.94112576,113.17134129
0.15625000,-10.86497307,-77.51613281,66.65115974,54.94112576,121.59228551
0.15625000,-9.98377800,-77.51613281,67.53235481,54.94112576,122.47348057
0.15625000,-19.81997490,-77.51613281,57.69615791,54.94112576,112.63728367
0.15625000,-10.21265984,-77.51613281,67.30347298,54.94112576,122.24459874
0.15625000,-12.47859001,-77.51613281,65.03754280,54.94112576,119.97866856
0.15625000,-8.26430321,-77.51613281,69.25182960,54.94112576,124.19295537
0.15625000,-7.61294365,-77.51613281,69.90318916,54.94112576,124.84431492
0.15625000,-12.30406761,-77.51613281,65.21206520,54.94112576,120.15319096
0.15625000,-11.58022881,-77.51613281,65.93590401,54.94112576,120.87702977
0.15625000,-11.28458977,-77.51613281,66.23154304,54.94112576,121.17266881
0.15625000,-11.46388054,-77.51613281,66.05225227,54.94112576,120.99337803
0.15625000,-14.04166222,-77.51613281,63.47447060,54.94112576,118.41559636
0.15625000,-12.51292229,-77.51613281,65.00321052,54.94112576,119.94433629
0.15625000,-16.92938805,-77.51613281,60.58674476,54.94112576,115.52787053
0.15625000,-12.64166832,-77.51613281,64.87446449,54.94112576,119.81559025
0.15625000,-13.98730278,-77.51613281,63.52883003,54.94112576,118.46995579
0.15625000,-21.04735374,-77.51613281,56.46877907,54.94112576,111.40990483
0.15625000,-8.69250298,-77.51613281,68.82362984,54.94112576,123.76475560
0.15625000,-16.81780815,-77.51613281,60.69832466,54.94112576,115.63945042
0.15625000,-14.07217979,-77.51613281,63.44395302,54.94112576,118.38507878
0.15625000,-7.38596916,-77.51613281,70.13016365,54.94112576,125.07128941
0.15625000,-7.52711296,-77.51613281,69.98901985,54.94112576,124.93014561
0.15625000,-6.60490990,-77.51613281,70.91122291,54.94112576,125.85234868
0.15625000,-16.97993279,-77.51613281,60.53620003,54.94112576,115.47732579
0.15625000,-14.97817039,-77.51613281,62.53796242,54.94112576,117.47908818
0.15625000,-19.24300194,-77.51613281,58.27313087,54.94112576,113.21425664
0.15625000,-22.55606651,-77.51613281,54.96006630,54.94112576,109.90119206
0.15625000,-8.50749016,-77.51613281,69.00864265,54.94112576,123.94976842
0.15625000,-12.22777367,-77.51613281,65.28835914,54.94112576,120.22948491
0.15625000,-16.18552208,-77.51613281,61.33061073,54.94112576,116.27173649
0.15625000,-12.87245750,-77.51613281,64.64367531,54.94112576,119.58480107
0.15625000,-19.85716820,-77.51613281,57.65896461,54.94112576,112.60009038
0.15625000,-12.00556755,-77.51613281,65.51056526,54.94112576,120.45169102
0.15625000,-11.74902916,-77.51613281,65.76710365,54.94112576,120.70822941
0.15625000,-14.72926140,-77.51613281,62.78687141,54.94112576,117.72799717
0.15625000,-16.89887047,-77.51613281,60.61726234,54.94112576,115.55838811
0.15625000,-8.20326805,-77.51613281,69.31286476,54.94112576,124.25399052
0.15625000,-20.12419701,-77.51613281,57.39193581,54.94112576,112.33306157
0.15625000,-6.67738914,-77.51613281,70.83874367,54.94112576,125.77986943
0.15625000,-17.06290245,-77.51613281,60.45323036,54.94112576,115.39435612
0.15625000,-23.32949638,-77.51613281,54.18663643,54.94112576,109.12776219
0.15625000,-13.82994652,-77.51613281,63.68618629,54.94112576,118.62731206
0.15625000,-19.91343498,-77.51613281,57.60269783,54.94112576,112.54382359
0.15625000,-14.18852806,-77.51613281,63.32760475,54.94112576,118.26873051
0.15625000,-23.17118645,-77.51613281,54.34494636,54.94112576,109.28607213
0.18750000,0.06783009,-77.76367688,77.83150696,54.28755531,132.11906227
0.18750000,-6.38091564,-77.76367688,71.38276124,54.28755531,125.67031654
0.18750000,2.13825703,-77.76367688,79.90193390,54.28755531,134.18948921
0.18750000,-6.15584850,-77.76367688,71.60782837,54.28755531,125.89538368
0.18750000,2.89738178,-77.76367688,80.66105866,54.28755531,134.94861397
0.18750000,-1.04415417,-77.76367688,76.71952271,54.28755531,131.00707802
0.18750000,3.58688831,-77.76367688,81.35056519,54.28755531,135.63812050
0.18750000,1.30951405,-77.76367688,79.07319092,54.28755531,133.36074623
0.18750000,-0.88298321,-77.76367688,76.88069367,54.28755531,131.16824898
0.18750000,0.85556507,-77.76367688,78.61924195,54.28755531,132.90679725
0.18750000,3.71658802,-77.76367688,81.48026490,54.28755531,135.76782020
0.18750000,10.78712940,-77.76367688,88.55080628,54.28755531,142.83836159
0.18750000,2.11727619,-77.76367688,79.88095307,54.28755531,134.16850837
0.18750000,-5.31280041,-77.76367688,72.45087647,54.28755531,126.73843178
0.18750000,-0.33938885,-77.76367688,77.42428803,54.28755531,131.71184334
0.18750000,2.69138813,-77.76367688,80.45506501,54.28755531,134.74262031
0.18750000,1.29330158,-77.76367688,79.05697846,54.28755531,133.34453377
0.18750000,2.31564045,-77.76367688,80.07931733,54.28755531,134.36687263
0.18750000,0.31197071,-77.76367688,78.07564759,54.28755531,132.36320289
0.18750000,-0.85818768,-77.76367688,76.90548920,54.28755531,131.19304451
0.18750000,7.85839558,-77.76367688,85.62207245,54.28755531,139.90962776
0.18750000,2.20119953,-77.76367688,79.96487641,54.28755531,134.25243171
0.18750000,3.40473652,-77.76367688,81.16841340,54.28755531,135.45596870
0.18750000,1.82831287,-77.76367688,79.59198975,54.28755531,133.87954506
0.18750000,-3.63242626,-77.76367688,74.13125062,54.28755531,128.41880592
0.18750000,5.85758686,-77.76367688,83.62126374,54.28755531,137.90881904
0.18750000,2.13921070,-77.76367688,79.90288758,54.28755531,134.19044288
0.18750000,-4.79590893,-77.76367688,72.96776795,54.28755531,127.25532326
0.18750000,0.61810017,-77.76367688,78.38177704,54.28755531,132.66933235
0.18750000,7.85553455,-77.76367688,85.61921143,54.28755531,139.90676674
0.18750000,-0.14770031,-77.76367688,77.61597657,54.28755531,131.90353187
0.18750000,0.14793873,-77.76367688,77.91161561,54.28755531,132.19917091
0.18750000,-3.32915783,-77.76367688,74.43451905,54.28755531,128.72207435
0.18750000,-7.73990154,-77.76367688,70.02377533,54.28755531,124.31133064
0.18750000,-2.55095959,-77.76367688,75.21271729,54.28755531,129.50027260
0.18750000,1.89793110,-77.76367688,79.66160798,54.28755531,133.94916328
0.18750000,6.70731068,-77.76367688,84.47098755,54.28755531,138.75854286
0.18750000,7.29477406,-77.76367688,85.05845093,54.28755531,139.34600624
0.18750000,6.42311573,-77.76367688,84.18679261,54.28755531,138.47434791
0.18750000,1.26373768,-77.76367688,79.02741456,54.28755531,133.31496986
0.18750000,4.19437885,-77.76367688,81.95805573,54.28755531,136.24561104
0.18750000,6.23238087,-77.76367688,83.99605774,54.28755531,138.28361305
0.18750000,5.61630726,-77.76367688,83.37998414,54.28755531,137.66753944
0.18750000,3.85296345,-77.76367688,81.61664032,54.28755531,135.90419563
0.18750000,2.84111500,-77.76367688,80.60479188,54.28755531,134.89234718
0.18750000,-1.01840496,-77.76367688,76.74527192,54.28755531,131.03282722
0.18750000,-0.68175793,-77.76367688,77.08191895,54.28755531,131.36947426
0.18750000,3.77571583,-77.76367688,81.53939271,54.28755531,135.82694801
0.18750000,4.14097309,-77.76367688,81.90464997,54.28755531,136.19220527
0.18750000,1.72150135,-77.76367688,79.48517823,54.28755531,133.77273353
0.18750000,0.96046925,-77.76367688,78.72414612,54.28755531,133.01170143
0.18750000,7.48360157,-77.76367688,85.24727845,54.28755531,139.53483375
0.18750000,-1.36649609,-77.76367688,76.39718079,54.28755531,130.68473610
0.18750000,-3.48651409,-77.76367688,74.27716279,54.28755531,128.56471809
0.18750000,2.02190876,-77.76367688,79.78558564,54.28755531,134.07314094
0.18750000,3.54397297,-77.76367688,81.30764985,54.28755531,135.59520515
0.18750000,5.27298450,-77.76367688,83.03666138,54.28755531,137.32421669
0.18750000,-2.23147869,-77.76367688,75.53219819,54.28755531,129.81975349
0.18750000,-5.68473339,-77.76367688,72.07894349,54.28755531,126.36649879
0.18750000,0.72014332,-77.76367688,78.48382020,54.28755531,132.77137550
0.18750000,4.94873524,-77.76367688,82.71241211,54.28755531,136.99996742
0.18750000,-9.83893871,-77.76367688,67.92473816,54.28755531,122.21229347
0.18750000,6.74927235,-77.76367688,84.51294922,54.28755531,138.80050453
0.18750000,-6.63936138,-77.76367688,71.12431550,54.28755531,125.41187080
0.18750000,8.13305378,-77.76367688,85.89673066,54.28755531,140.18428596
0.18750000,2.34997272,-77.76367688,80.11364960,54.28755531,134.40120491
0.18750000,4.05895710,-77.76367688,81.82263398,54.28755531,136.11018928
0.18750000,4.20963764,-77.76367688,81.97331452,54.28755531,136.26086982
0.18750000,-0.06854534,-77.76367688,77.69513154,54.28755531,131.98268684
0.21875000,14.66739178,-78.01122094,92.67861272,53.63398485,146.31259757
0.21875000,15.68686962,-78.01122094,93.69809056,53.63398485,147.33207541
0.21875000,6.14440441,-78.01122094,84.15562535,53.63398485,137.78961020
0.21875000,10.71441174,-78.01122094,88.72563268,53.63398485,142.35961753
0.21875000,12.75718212,-78.01122094,90.76840306,53.63398485,144.40238791
0.21875000,15.78700542,-78.01122094,93.79822637,53.63398485,147.43221122
0.21875000,13.97502422,-78.01122094,91.98624517,53.63398485,145.62023002
0.21875000,16.09885693,-78.01122094,94.11007787,53.63398485,147.74406272
0.21875000,15.81370831,-78.01122094,93.82492925,53.63398485,147.45891410
0.21875000,17.57419109,-78.01122094,95.58541204,53.63398485,149.21939689
0.21875000,15.85471630,-78.01122094,93.86593724,53.63398485,147.49992209
0.21875000,16.28959179,-78.01122094,94.30081273,53.63398485,147.93479758
0.21875000,11.71100140,-78.01122094,89.72222234,53.63398485,143.35620719
0.21875000,18.28086376,-78.01122094,96.29208471,53.63398485,149.92606955
0.21875000,10.53130627,-78.01122094,88.54252721,53.63398485,142.17651206
0.21875000,14.91725445,-78.01122094,92.92847539,53.63398485,146.56246024
0.21875000,12.39955425,-78.01122094,90.41077520,53.63398485,144.04476005
0.21875000,17.45975018,-78.01122094,95.47097112,53.63398485,149.10495597
0.21875000,12.90023327,-78.01122094,90.91145421,53.63398485,144.54543906
0.21875000,12.23933697,-78.01122094,90.25055791,53.63398485,143.88454276
0.21875000,18.60797405,-78.01122094,96.61919500,53.63398485,150.25317985
0.21875000,12.41099834,-78.01122094,90.42221929,53.63398485,144.05620414
0.21875000,13.81862164,-78.01122094,91.82984258,53.63398485,145.46382743
0.21875000,11.99805737,-78.01122094,90.00927831,53.63398485,143.64326316
0.21875000,8.67831707,-78.01122094,86.68953801,53.63398485,140.32352286
0.21875000,12.25745678,-78.01122094,90.26867772,53.63398485,143.90266257
0.21875000,15.56766033,-78.01122094,93.57888127,53.63398485,147.21286612
0.21875000,14.42611217,-78.01122094,92.43733312,53.63398485,146.07131797
0.21875000,17.85361767,-78.01122094,95.86483861,53.63398485,149.49882346
0.21875000,11.48784161,-78.01122094,89.49906255,53.63398485,143.13304740
0.21875000,16.48986340,-78.01122094,94.50108434,53.63398485,148.13506919
0.21875000,8.12518597,-78.01122094,86.13640691,53.63398485,139.77039176
0.21875000,19.67990398,-78.01122094,97.69112493,53.63398485,151.32510978
0.21875000,16.59858227,-78.01122094,94.60980321,53.63398485,148.24378806
0.21875000,17.33767986,-78.01122094,95.34890081,53.63398485,148.98288566
0.21875000,15.84994793,-78.01122094,93.86116887,53.63398485,147.49515372
0.21875000,11.03866100,-78.01122094,89.04988195,53.63398485,142.68386680
0.21875000,12.01236248,-78.01122094,90.02358342,53.63398485,143.65756827
0.21875000,9.91904736,-78.01122094,87.93026830,53.63398485,141.56425315
0.21875000,16.48414135,-78.01122094,94.49536229,53.63398485,148.12934714
0.21875000,24.45018291,-78.01122094,102.46140386,53.63398485,156.09538871
0.21875000,17.90702343,-78.01122094,95.91824437,53.63398485,149.55222922
0.21875000,17.26710796,-78.01122094,95.27832891,53.63398485,148.91231376
0.21875000,19.31846142,-78.01122094,97.32968236,53.63398485,150.96366721
0.21875000,14.56630230,-78.01122094,92.57752324,53.63398485,146.21150809
0.21875000,4.77397442,-78.01122094,82.78519536,53.63398485,136.41918021
0.21875000,23.14174175,-78.01122094,101.15296270,53.63398485,154.78694755
0.21875000,24.19269085,-78.01122094,102.20391179,53.63398485,155.83789664
0.21875000,20.01750469,-78.01122094,98.02872564,53.63398485,151.66271048
0.21875000,17.19367504,-78.01122094,95.20489598,53.63398485,148.83888083
0.21875000,18.72813702,-78.01122094,96.73935796,53.63398485,150.37334281
0.21875000,13.95213604,-78.01122094,91.96335698,53.63398485,145.59734183
0.21875000,3.63051891,-78.01122094,81.64173986,53.63398485,135.27572471
0.21875000,17.87745953,-78.01122094,95.88868047,53.63398485,149.52266532
0.21875000,16.31152630,-78.01122094,94.32274724,53.63398485,147.95673209
0.21875000,13.35036755,-78.01122094,91.36158849,53.63398485,144.99557334
0.21875000,10.97476482,-78.01122094,88.98598577,53.63398485,142.61997062
0.21875000,7.80475140,-78.01122094,85.81597234,53.63398485,139.44995719
0.21875000,9.05501842,-78.01122094,87.06623937,53.63398485,140.70022422
0.21875000,17.70675182,-78.01122094,95.71797277,53.63398485,149.35195762
0.21875000,11.64901257,-78.01122094,89.66023351,53.63398485,143.29421836
0.21875000,10.36059856,-78.01122094,88.37181951,53.63398485,142.00580436
0.21875000,14.45186138,-78.01122094,92.46308232,53.63398485,146.09706717
0.21875000,13.62597942,-78.01122094,91.63720037,53.63398485,145.27118522
0.21875000,19.02377605,-78.01122094,97.03499700,53.63398485,150.66898185
0.21875000,9.71496105,-78.01122094,87.72618200,53.63398485,141.36016684
0.21875000,16.88849926,-78.01122094,94.89972020,53.63398485,148.53370505
0.21875000,8.04030895,-78.01122094,86.05152990,53.63398485,139.68551475
0.21875000,23.08166027,-78.01122094,101.09288121,53.63398485,154.72686606
0.25000000,24.80769157,-78.25876501,103.06645658,52.98041439,156.04687098
0.25000000,24.96695518,-78.25876501,103.22572019,52.98041439,156.20613459
0.25000000,24.22499657,-78.25876501,102.48376158,52.98041439,155.46417597
0.25000000,21.03018761,-78.25876501,99.28895262,52.98041439,152.26936701
0.25000000,18.44286919,-78.25876501,96.70163420,52.98041439,149.68204859
0.25000000,23.19216728,-78.25876501,101.45093229,52.98041439,154.43134668
0.25000000,19.04940605,-78.25876501,97.30817106,52.98041439,150.28858545
0.25000000,19.37079430,-78.25876501,97.62955931,52.98041439,150.60997370
0.25000000,32.81188011,-78.25876501,111.07064512,52.98041439,164.05105951
0.25000000,13.32449913,-78.25876501,91.58326414,52.98041439,144.56367853
0.25000000,30.23695946,-78.25876501,108.49572447,52.98041439,161.47613886
0.25000000,28.77783775,-78.25876501,107.03660276,52.98041439,160.01701716
0.25000000,25.49719810,-78.25876501,103.75596311,52.98041439,156.73637751
0.25000000,33.14089775,-78.25876501,111.39966276,52.98041439,164.38007715
0.25000000,20.00403404,-78.25876501,98.26279905,52.98041439,151.24321344
0.25000000,23.50592613,-78.25876501,101.76469114,52.98041439,154.74510553
0.25000000,23.51260185,-78.25876501,101.77136686,52.98041439,154.75178125
0.25000000,28.00440788,-78.25876501,106.26317289,52.98041439,159.24358729
0.25000000,24.50251579,-78.25876501,102.76128080,52.98041439,155.74169520
0.25000000,31.72564507,-78.25876501,109.98441007,52.98041439,162.96482447
0.25000000,27.14991570,-78.25876501,105.40868070,52.98041439,158.38909510
0.25000000,26.08847618,-78.25876501,104.34724119,52.98041439,157.32765558
0.25000000,17.27461815,-78.25876501,95.53338316,52.98041439,148.51379755
0.25000000,22.47309685,-78.25876501,100.73186186,52.98041439,153.71227625
0.25000000,23.80919456,-78.25876501,102.06795957,52.98041439,155.04837397
0.25000000,27.72116661,-78.25876501,105.97993162,52.98041439,158.96034601
0.25000000,20.08223534,-78.25876501,98.34100035,52.98041439,151.32141474
0.25000000,15.68961143,-78.25876501,93.94837644,52.98041439,146.92879084
0.25000000,24.74379539,-78.25876501,103.00256040,52.98041439,155.98297480
0.25000000,25.95019341,-78.25876501,104.20895841,52.98041439,157.18937281
0.25000000,24.55687523,-78.25876501,102.81564024,52.98041439,155.79605463
0.25000000,24.97553825,-78.25876501,103.23430326,52.98041439,156.21471766
0.25000000,33.35547447,-78.25876501,111.61423948,52.98041439,164.59465387
0.25000000,22.39871025,-78.25876501,100.65747526,52.98041439,153.63788965
0.25000000,20.57719231,-78.25876501,98.83595732,52.98041439,151.81637171
0.25000000,32.74416924,-78.25876501,111.00293424,52.98041439,163.98334864
0.25000000,33.02359581,-78.25876501,111.28236082,52.98041439,164.26277521
0.25000000,25.49815178,-78.25876501,103.75691679,52.98041439,156.73733118
0.25000000,32.42850304,-78.25876501,110.68726805,52.98041439,163.66768244
0.25000000,28.49268913,-78.25876501,106.75145414,52.98041439,159.73186854
0.25000000,29.72292900,-78.25876501,107.98169401,52.98041439,160.96210840
0.25000000,24.75905418,-78.25876501,103.01781919,52.98041439,155.99823359
0.25000000,27.51040459,-78.25876501,105.76916960,52.98041439,158.74958399
0.25000000,22.47118950,-78.25876501,100.72995451,52.98041439,153.71036890
0.25000000,19.69599724,-78.25876501,97.95476225,52.98041439,150.93517664
0.25000000,29.66761589,-78.25876501,107.92638090,52.98041439,160.90679529
0.25000000,29.65998650,-78.25876501,107.91875151,52.98041439,160.89916590
0.25000000,28.40971947,-78.25876501,106.66848448,52.98041439,159.64889887
0.25000000,19.56343651,-78.25876501,97.82220152,52.98041439,150.80261591
0.25000000,29.29854393,-78.25876501,107.55730894,52.98041439,160.53772333
0.25000000,20.80225945,-78.25876501,99.06102445,52.98041439,152.04143885
0.25000000,22.94993401,-78.25876501,101.20869901,52.98041439,154.18911341
0.25000000,24.87063408,-78.25876501,103.12939909,52.98041439,156.10981348
0.25000000,23.28085899,-78.25876501,101.53962400,52.98041439,154.52003840
0.25000000,18.35322380,-78.25876501,96.61198881,52.98041439,149.59240320
0.25000000,27.69637108,-78.25876501,105.95513609,52.98041439,158.93555048
0.25000000,22.59039879,-78.25876501,100.84916380,52.98041439,153.82957819
0.25000000,24.81341362,-78.25876501,103.07217863,52.98041439,156.05259302
0.25000000,21.48604393,-78.25876501,99.74480894,52.98041439,152.72522333
0.25000000,25.28071404,-78.25876501,103.53947904,52.98041439,156.51989344
0.25000000,31.22687340,-78.25876501,109.48563841,52.98041439,162.46605280
0.25000000,26.40509605,-78.25876501,104.66386106,52.98041439,157.64427546
0.25000000,35.07876396,-78.25876501,113.33752897,52.98041439,166.31794336
0.25000000,27.60481834,-78.25876501,105.86358335,52.98041439,158.84399775
0.25000000,26.99542046,-78.25876501,105.25418547,52.98041439,158.23459986
0.25000000,25.21967888,-78.25876501,103.47844389,52.98041439,156.45885828
0.25000000,28.78546715,-78.25876501,107.04423216,52.98041439,160.02464655
0.25000000,32.39035606,-78.25876501,110.64912107,52.98041439,163.62953547
0.25000000,23.33045006,-78.25876501,101.58921507,52.98041439,154.56962946
0.25000000,29.36434746,-78.25876501,107.62311247,52.98041439,160.60352686
0.25000000,17.87638664,-78.25876501,96.13515165,52.98041439,149.11556604
0.25000000,24.32036400,-78.25876501,102.57912901,52.98041439,155.55954340
0.25000000,35.44211388,-78.25876501,113.70087889,52.98041439,166.68129328
0.25000000,19.51289177,-78.25876501,97.77165678,52.98041439,150.75207117
0.25000000,23.23126793,-78.25876501,101.49003294,52.98041439,154.47044733
0.25000000,23.59652519,-78.25876501,101.85529020,52.98041439,154.83570459
0.25000000,25.70891380,-78.25876501,103.96767881,52.98041439,156.94809321
0.28125000,25.76422691,-78.50630908,104.27053599,52.32684394,156.59737993
0.28125000,43.76482964,-78.50630908,122.27113871,52.32684394,174.59798265
0.28125000,44.33703423,-78.50630908,122.84334330,52.32684394,175.17018724
0.28125000,43.89262199,-78.50630908,122.39893107,52.32684394,174.72577501
0.28125000,44.62981224,-78.50630908,123.13612132,52.32684394,175.46296525
0.28125000,35.87412834,-78.50630908,114.38043742,52.32684394,166.70728135
0.28125000,35.97331047,-78.50630908,114.47961955,52.32684394,166.80646348
0.28125000,34.19661522,-78.50630908,112.70292429,52.32684394,165.02976823
0.28125000,38.29360008,-78.50630908,116.79990916,52.32684394,169.12675309
0.28125000,32.76801109,-78.50630908,111.27432017,52.32684394,163.60116411
0.28125000,31.05616570,-78.50630908,109.56247477,52.32684394,161.88931871
0.28125000,34.19470787,-78.50630908,112.70101695,52.32684394,165.02786088
0.28125000,30.82919121,-78.50630908,109.33550028,52.32684394,161.66234422
0.28125000,29.52647209,-78.50630908,108.03278117,52.32684394,160.35962510
0.28125000,30.81011772,-78.50630908,109.31642680,52.32684394,161.64327073
0.28125000,34.12222862,-78.50630908,112.62853770,52.32684394,164.95538163
0.28125000,18.78714561,-78.50630908,97.29345469,52.32684394,149.62029863
0.28125000,36.39769554,-78.50630908,114.90400462,52.32684394,167.23084855
0.28125000,27.43411064,-78.50630908,105.94041972,52.32684394,158.26726365
0.28125000,34.61527824,-78.50630908,113.12158732,52.32684394,165.44843126
0.28125000,32.29403496,-78.50630908,110.80034403,52.32684394,163.12718797
0.28125000,36.76009178,-78.50630908,115.26640086,52.32684394,167.59324479
0.28125000,35.06159782,-78.50630908,113.56790690,52.32684394,165.89475084
0.28125000,35.66050529,-78.50630908,114.16681437,52.32684394,166.49365831
0.28125000,33.09321404,-78.50630908,111.59952311,52.32684394,163.92636705
0.28125000,31.54730797,-78.50630908,110.05361704,52.32684394,162.38046098
0.28125000,35.07399559,-78.50630908,113.58030467,52.32684394,165.90714860
0.28125000,38.00559044,-78.50630908,116.51189951,52.32684394,168.83874345
0.28125000,34.30151939,-78.50630908,112.80782847,52.32684394,165.13467241
0.28125000,41.23663902,-78.50630908,119.74294810,52.32684394,172.06979204
0.28125000,40.56811333,-78.50630908,119.07442240,52.32684394,171.40126634
0.28125000,32.99117088,-78.50630908,111.49747996,52.32684394,163.82432390
0.28125000,39.20435905,-78.50630908,117.71066813,52.32684394,170.03751207
0.28125000,28.77306938,-78.50630908,107.27937846,52.32684394,159.60622239
0.28125000,29.64377403,-78.50630908,108.15008311,52.32684394,160.47692704
0.28125000,31.18968010,-78.50630908,109.69598917,52.32684394,162.02283311
0.28125000,34.24239159,-78.50630908,112.74870066,52.32684394,165.07554460
0.28125000,30.81202507,-78.50630908,109.31833415,52.32684394,161.64517808
0.28125000,37.41526604,-78.50630908,115.92157511,52.32684394,168.24841905
0.28125000,30.33328056,-78.50630908,108.83958964,52.32684394,161.16643358
0.28125000,38.24114799,-78.50630908,116.74745707,52.32684394,169.07430101
0.28125000,37.50109673,-78.50630908,116.00740580,52.32684394,168.33424974
0.28125000,32.17196465,-78.50630908,110.67827372,52.32684394,163.00511766
0.28125000,27.62198448,-78.50630908,106.12829356,52.32684394,158.45513749
0.28125000,31.14867210,-78.50630908,109.65498118,52.32684394,161.98182512
0.28125000,29.47306633,-78.50630908,107.97937540,52.32684394,160.30621934
0.28125000,37.55354881,-78.50630908,116.05985789,52.32684394,168.38670183
0.28125000,46.38171196,-78.50630908,124.88802103,52.32684394,177.21486497
0.28125000,36.33093834,-78.50630908,114.83724741,52.32684394,167.16409135
0.28125000,30.66420555,-78.50630908,109.17051463,52.32684394,161.49735856
0.28125000,35.27808189,-78.50630908,113.78439097,52.32684394,166.11123491
0.28125000,36.51976585,-78.50630908,115.02607493,52.32684394,167.35291887
0.28125000,31.56447411,-78.50630908,110.07078318,52.32684394,162.39762712
0.28125000,28.26094627,-78.50630908,106.76725535,52.32684394,159.09409929
0.28125000,35.22753716,-78.50630908,113.73384623,52.32684394,166.06069017
0.28125000,33.02645683,-78.50630908,111.53276591,52.32684394,163.85960985
0.28125000,33.73122215,-78.50630908,112.23753123,52.32684394,164.56437516
0.28125000,37.09959984,-78.50630908,115.60590891,52.32684394,167.93275285
0.28125000,39.53528404,-78.50630908,118.04159312,52.32684394,170.36843705
0.28125000,30.27606010,-78.50630908,108.78236918,52.32684394,161.10921312
0.28125000,27.76408195,-78.50630908,106.27039103,52.32684394,158.59723497
0.28125000,32.12046623,-78.50630908,110.62677531,52.32684394,162.95361924
0.28125000,31.62360191,-78.50630908,110.12991099,52.32684394,162.45675493
0.28125000,47.35445976,-78.50630908,125.86076884,52.32684394,178.18761277
0.28125000,22.54176140,-78.50630908,101.04807047,52.32684394,153.37491441
0.28125000,44.78430748,-78.50630908,123.29061655,52.32684394,175.61746049
0.28125000,29.69908714,-78.50630908,108.20539622,52.32684394,160.53224016
0.28125000,39.82520103,-78.50630908,118.33151011,52.32684394,170.65835405
0.28125000,39.32738304,-78.50630908,117.83369212,52.32684394,170.16053605
0.28125000,42.62232780,-78.50630908,121.12863688,52.32684394,173.45548082
0.31250000,42.01936722,-78.75385314,120.77322036,51.67327348,172.44649384
0.31250000,40.47060013,-78.75385314,119.22445327,51.67327348,170.89772675
0.31250000,30.17473221,-78.75385314,108.92858535,51.67327348,160.60185883
0.31250000,45.68910599,-78.75385314,124.44295913,51.67327348,176.11623261
0.31250000,42.00506210,-78.75385314,120.75891524,51.67327348,172.43218873
0.31250000,39.89362717,-78.75385314,118.64748031,51.67327348,170.32075379
0.31250000,36.37647629,-78.75385314,115.13032943,51.67327348,166.80360291
0.31250000,42.20533371,-78.75385314,120.95918685,51.67327348,172.63246033
0.31250000,45.48406601,-78.75385314,124.23791915,51.67327348,175.91119263
0.31250000,40.73476791,-78.75385314,119.48862105,51.67327348,171.16189454
0.31250000,41.91350937,-78.75385314,120.66736251,51.67327348,172.34063599
0.31250000,38.24758530,-78.75385314,117.00143844,51.67327348,168.67471192
0.31250000,39.81733322,-78.75385314,118.57118636,51.67327348,170.24445984
0.31250000,43.61009598,-78.75385314,122.36394912,51.67327348,174.03722260
0.31250000,42.51432419,-78.75385314,121.26817733,51.67327348,172.94145081
0.31250000,41.55015945,-78.75385314,120.30401260,51.67327348,171.97728608
0.31250000,57.77883530,-78.75385314,136.53268844,51.67327348,188.20596192
0.31250000,44.03066635,-78.75385314,122.78451949,51.67327348,174.45779297
0.31250000,39.66188431,-78.75385314,118.41573745,51.67327348,170.08901093
0.31250000,42.43040085,-78.75385314,121.18425399,51.67327348,172.85752747
0.31250000,40.88354111,-78.75385314,119.63739425,51.67327348,171.31066773
0.31250000,42.76514053,-78.75385314,121.51899367,51.67327348,173.19226716
0.31250000,37.12320328,-78.75385314,115.87705642,51.67327348,167.55032990
0.31250000,37.26148605,-78.75385314,116.01533919,51.67327348,167.68861268
0.31250000,34.60931778,-78.75385314,113.36317092,51.67327348,165.03644440
0.31250000,43.17808151,-78.75385314,121.93193465,51.67327348,173.60520813
0.31250000,42.43993759,-78.75385314,121.19379073,51.67327348,172.86706421
0.31250000,51.54085159,-78.75385314,130.29470473,51.67327348,181.96797822
0.31250000,43.16949844,-78.75385314,121.92335158,51.67327348,173.59662507
0.31250000,41.04566574,-78.75385314,119.79951888,51.67327348,171.47279236
0.31250000,45.01199722,-78.75385314,123.76585036,51.67327348,175.43912384
0.31250000,34.25645828,-78.75385314,113.01031142,51.67327348,164.68358490
0.31250000,50.41551590,-78.75385314,129.16936904,51.67327348,180.84264252
0.31250000,46.93174362,-78.75385314,125.68559676,51.67327348,177.35887024
0.31250000,41.47577286,-78.75385314,120.22962600,51.67327348,171.90289948
0.31250000,44.99483109,-78.75385314,123.74868423,51.67327348,175.42195771
0.31250000,35.15481949,-78.75385314,113.90867263,51.67327348,165.58194611
0.31250000,39.86787796,-78.75385314,118.62173110,51.67327348,170.29500458
0.31250000,41.15819931,-78.75385314,119.91205245,51.67327348,171.58532593
0.31250000,40.86828232,-78.75385314,119.62213546,51.67327348,171.29540894
0.31250000,39.16501999,-78.75385314,117.91887313,51.67327348,169.59214661
0.31250000,42.36078262,-78.75385314,121.11463576,51.67327348,172.78790925
0.31250000,45.04728317,-78.75385314,123.80113631,51.67327348,175.47440979
0.31250000,36.79418564,-78.75385314,115.54803878,51.67327348,167.22131226
0.31250000,28.24449539,-78.75385314,106.99834853,51.67327348,158.67162201
0.31250000,49.32260513,-78.75385314,128.07645827,51.67327348,179.74973176
0.31250000,32.46545792,-78.75385314,111.21931106,51.67327348,162.89258454
0.31250000,34.72852707,-78.75385314,113.48238021,51.67327348,165.15565369
0.31250000,44.79360580,-78.75385314,123.54745895,51.67327348,175.22073243
0.31250000,41.69321060,-78.75385314,120.44706374,51.67327348,172.12033722
0.31250000,46.45490646,-78.75385314,125.20875960,51.67327348,176.88203309
0.31250000,45.45259476,-78.75385314,124.20644790,51.67327348,175.87972138
0.31250000,41.34416580,-78.75385314,120.09801894,51.67327348,171.77129242
0.31250000,36.07130051,-78.75385314,114.82515365,51.67327348,166.49842713
0.31250000,35.77756882,-78.75385314,114.53142196,51.67327348,166.20469544
0.31250000,33.65945816,-78.75385314,112.41331130,51.67327348,164.08658478
0.31250000,36.15427017,-78.75385314,114.90812331,51.67327348,166.58139679
0.31250000,37.65344620,-78.75385314,116.40729934,51.67327348,168.08057282
0.31250000,41.73898697,-78.75385314,120.49284011,51.67327348,172.16611359
0.31250000,38.91611099,-78.75385314,117.66996413,51.67327348,169.34323761
0.31250000,36.46516800,-78.75385314,115.21902114,51.67327348,166.89229462
0.31250000,49.44658279,-78.75385314,128.20043594,51.67327348,179.87370942
0.31250000,37.85181046,-78.75385314,116.60566360,51.67327348,168.27893708
0.31250000,44.03829575,-78.75385314,122.79214889,51.67327348,174.46542237
0.31250000,37.54663467,-78.75385314,116.30048782,51.67327348,167.97376130
0.31250000,37.14895248,-78.75385314,115.90280563,51.67327348,167.57607911
0.31250000,46.63991928,-78.75385314,125.39377242,51.67327348,177.06704590
0.34375000,45.24827003,-79.00139721,124.24966724,51.01970302,175.26937027
0.34375000,48.52890968,-79.00139721,127.53030689,51.01970302,178.55000992
0.34375000,46.62442207,-79.00139721,125.62581928,51.01970302,176.64552231
0.34375000,45.73845863,-79.00139721,124.73985584,51.01970302,175.75955887
0.34375000,38.50865364,-79.00139721,117.51005085,51.01970302,168.52975387
0.34375000,48.36297035,-79.00139721,127.36436756,51.01970302,178.38407058
0.34375000,44.80862617,-79.00139721,123.81002338,51.01970302,174.82972641
0.34375000,37.92405128,-79.00139721,116.92544849,51.01970302,167.94515152
0.34375000,53.07507515,-79.00139721,132.07647236,51.01970302,183.09617538
0.34375000,50.71568489,-79.00139721,129.71708210,51.01970302,180.73678512
0.34375000,44.29745674,-79.00139721,123.29885395,51.01970302,174.31855697
0.34375000,41.38684273,-79.00139721,120.38823993,51.01970302,171.40794296
0.34375000,46.41556740,-79.00139721,125.41696460,51.01970302,176.43666763
0.34375000,55.84359169,-79.00139721,134.84498890,51.01970302,185.86469192
0.34375000,37.36519814,-79.00139721,116.36659534,51.01970302,167.38629837
0.34375000,55.79590797,-79.00139721,134.79730518,51.01970302,185.81700821
0.34375000,39.90006447,-79.00139721,118.90146168,51.01970302,169.92116470
0.34375000,43.68615150,-79.00139721,122.68754871,51.01970302,173.70725174
0.34375000,44.79241371,-79.00139721,123.79381092,51.01970302,174.81351394
0.34375000,43.71857643,-79.00139721,122.71997364,51.01970302,173.73967666
0.34375000,40.26055336,-79.00139721,119.26195057,51.01970302,170.28165359
0.34375000,41.42212868,-79.00139721,120.42352588,51.01970302,171.44322891
0.34375000,44.97838020,-79.00139721,123.97977741,51.01970302,174.99948044
0.34375000,48.74253273,-79.00139721,127.74392994,51.01970302,178.76363296
0.34375000,45.33123970,-79.00139721,124.33263691,51.01970302,175.35233993
0.34375000,47.83940315,-79.00139721,126.84080036,51.01970302,177.86050338
0.34375000,45.97401619,-79.00139721,124.97541340,51.01970302,175.99511642
0.34375000,42.95086861,-79.00139721,121.95226581,51.01970302,172.97196884
0.34375000,55.41920662,-79.00139721,134.42060383,51.01970302,185.44030685
0.34375000,48.00057411,-79.00139721,127.00197132,51.01970302,178.02167434
0.34375000,56.89263344,-79.00139721,135.89403065,51.01970302,186.91373367
0.34375000,50.73571205,-79.00139721,129.73710926,51.01970302,180.75681228
0.34375000,46.48518562,-79.00139721,125.48658283,51.01970302,176.50628585
0.34375000,41.98670387,-79.00139721,120.98810108,51.01970302,172.00780410
0.34375000,47.02115059,-79.00139721,126.02254780,51.01970302,177.04225082
0.34375000,48.15316200,-79.00139721,127.15455921,51.01970302,178.17426223
0.34375000,42.91367531,-79.00139721,121.91507252,51.01970302,172.93477554
0.34375000,47.71161079,-79.00139721,126.71300800,51.01970302,177.73271103
0.34375000,43.46299171,-79.00139721,122.46438892,51.01970302,173.48409195
0.34375000,54.21566963,-79.00139721,133.21706684,51.01970302,184.23676986
0.34375000,38.16437721,-79.00139721,117.16577442,51.01970302,168.18547744
0.34375000,51.09715462,-79.00139721,130.09855182,51.01970302,181.11825485
0.34375000,37.94789314,-79.00139721,116.94929035,51.01970302,167.96899337
0.34375000,41.08929634,-79.00139721,120.09069355,51.01970302,171.11039657
0.34375000,52.70695686,-79.00139721,131.70835407,51.01970302,182.72805710
0.34375000,53.58719826,-79.00139721,132.58859546,51.01970302,183.60829849
0.34375000,35.58754921,-79.00139721,114.58894642,51.01970302,165.60864944
0.34375000,48.61187935,-79.00139721,127.61327656,51.01970302,178.63297958
0.34375000,46.18668556,-79.00139721,125.18808277,51.01970302,176.20778579
0.34375000,39.18099403,-79.00139721,118.18239124,51.01970302,169.20209427
0.34375000,47.68872261,-79.00139721,126.69011982,51.01970302,177.70982284
0.34375000,42.92416573,-79.00139721,121.92556293,51.01970302,172.94526596
0.34375000,39.31260109,-79.00139721,118.31399830,51.01970302,169.33370132
0.34375000,42.25468636,-79.00139721,121.25608356,51.01970302,172.27578659
0.34375000,43.75958443,-79.00139721,122.76098163,51.01970302,173.78068466
0.34375000,35.98141670,-79.00139721,114.98281391,51.01970302,166.00251693
0.34375000,38.05947304,-79.00139721,117.06087024,51.01970302,168.08057327
0.34375000,51.78570747,-79.00139721,130.78710468,51.01970302,181.80680771
0.34375000,59.02791023,-79.00139721,138.02930744,51.01970302,189.04901046
0.34375000,50.75478554,-79.00139721,129.75618274,51.01970302,180.77588577
0.34375000,48.06923866,-79.00139721,127.07063587,51.01970302,178.09033889
0.34375000,45.47238350,-79.00139721,124.47378071,51.01970302,175.49348373
0.34375000,51.26976967,-79.00139721,130.27116688,51.01970302,181.29086990
0.34375000,44.45290565,-79.00139721,123.45430286,51.01970302,174.47400589
0.34375000,36.29803658,-79.00139721,115.29943378,51.01970302,166.31913681
0.34375000,56.93936348,-79.00139721,135.94076069,51.01970302,186.96046371
0.34375000,52.33216286,-79.00139721,131.33356006,51.01970302,182.35326309
0.34375000,44.96121407,-79.00139721,123.96261127,51.01970302,174.98231430
0.34375000,44.69037056,-79.00139721,123.69176777,51.01970302,174.71147079
0.37500000,43.19834709,-79.24894127,122.44728836,50.36613257,172.81342093
0.37500000,55.97949028,-79.24894127,135.22843155,50.36613257,185.59456412
0.37500000,50.45866966,-79.24894127,129.70761094,50.36613257,180.07374350
0.37500000,53.83372307,-79.24894127,133.08266434,50.36613257,183.44879691
0.37500000,55.74774742,-79.24894127,134.99668869,50.36613257,185.36282126
0.37500000,45.38512230,-79.24894127,124.63406357,50.36613257,175.00019614
0.37500000,53.34353447,-79.24894127,132.59247574,50.36613257,182.95860831
0.37500000,54.43835258,-79.24894127,133.68729386,50.36613257,184.05342643
0.37500000,53.05171013,-79.24894127,132.30065140,50.36613257,182.66678397
0.37500000,42.13309288,-79.24894127,121.38203415,50.36613257,171.74816672
0.37500000,47.53088951,-79.24894127,126.77983078,50.36613257,177.14596335
0.37500000,60.97197533,-79.24894127,140.22091660,50.36613257,190.58704917
0.37500000,45.95637321,-79.24894127,125.20531449,50.36613257,175.57144706
0.37500000,54.20279503,-79.24894127,133.45173630,50.36613257,183.81786887
0.37500000,48.12598228,-79.24894127,127.37492356,50.36613257,177.74105613
0.37500000,47.18279839,-79.24894127,126.43173966,50.36613257,176.79787223
0.37500000,53.01737785,-79.24894127,132.26631913,50.36613257,182.63245169
0.37500000,48.67339134,-79.24894127,127.92233262,50.36613257,178.28846518
0.37500000,54.78072166,-79.24894127,134.02966294,50.36613257,184.39579551
0.37500000,59.92960930,-79.24894127,139.17855057,50.36613257,189.54468314
0.37500000,54.29530144,-79.24894127,133.54424271,50.36613257,183.91037528
0.37500000,58.11667442,-79.24894127,137.36561570,50.36613257,187.73174826
0.37500000,45.18103600,-79.24894127,124.42997727,50.36613257,174.79610984
0.37500000,59.86380577,-79.24894127,139.11274704,50.36613257,189.47887961
0.37500000,53.12514305,-79.24894127,132.37408432,50.36613257,182.74021689
0.37500000,47.90377617,-79.24894127,127.15271744,50.36613257,177.51885001
0.37500000,42.03486443,-79.24894127,121.28380570,50.36613257,171.64993827
0.37500000,50.38428307,-79.24894127,129.63322434,50.36613257,179.99935691
0.37500000,55.07826805,-79.24894127,134.32720932,50.36613257,184.69334189
0.37500000,51.61452293,-79.24894127,130.86346421,50.36613257,181.22959678
0.37500000,51.43904686,-79.24894127,130.68798813,50.36613257,181.05412070
0.37500000,45.77422142,-79.24894127,125.02316269,50.36613257,175.38929526
0.37500000,29.15072441,-79.24894127,108.39966568,50.36613257,158.76579825
0.37500000,51.53822899,-79.24894127,130.78717026,50.36613257,181.15330283
0.37500000,50.98128319,-79.24894127,130.23022446,50.36613257,180.59635703
0.37500000,49.96848106,-79.24894127,129.21742234,50.36613257,179.58355491
0.37500000,62.02769279,-79.24894127,141.27663407,50.36613257,191.64276664
0.37500000,47.94955254,-79.24894127,127.19849381,50.36613257,177.56462638
0.37500000,64.21256065,-79.24894127,143.46150193,50.36613257,193.82763450
0.37500000,52.63876915,-79.24894127,131.88771042,50.36613257,182.25384299
0.37500000,51.30171776,-79.24894127,130.55065903,50.36613257,180.91679160
0.37500000,53.30157280,-79.24894127,132.55051407,50.36613257,182.91664664
0.37500000,46.43225670,-79.24894127,125.68119797,50.36613257,176.04733054
0.37500000,51.15008354,-79.24894127,130.39902481,50.36613257,180.76515738
0.37500000,47.34015465,-79.24894127,126.58909592,50.36613257,176.95522849
0.37500000,64.59498405,-79.24894127,143.84392533,50.36613257,194.21005790
0.37500000,50.58646202,-79.24894127,129.83540329,50.36613257,180.20153586
0.37500000,46.80705070,-79.24894127,126.05599198,50.36613257,176.42212455
0.37500000,41.23377800,-79.24894127,120.48271927,50.36613257,170.84885184
0.37500000,45.08948326,-79.24894127,124.33842453,50.36613257,174.70455710
0.37500000,51.30267143,-79.24894127,130.55161271,50.36613257,180.91774527
0.37500000,48.96903038,-79.24894127,128.21797165,50.36613257,178.58410422
0.37500000,46.76508904,-79.24894127,126.01403031,50.36613257,176.38016288
0.37500000,47.80745506,-79.24894127,127.05639634,50.36613257,177.42252890
0.37500000,46.34451866,-79.24894127,125.59345993,50.36613257,175.95959250
0.37500000,49.20077324,-79.24894127,128.44971451,50.36613257,178.81584708
0.37500000,57.67989159,-79.24894127,136.92883286,50.36613257,187.29496543
0.37500000,46.48756981,-79.24894127,125.73651108,50.36613257,176.10264365
0.37500000,49.55267906,-79.24894127,128.80162033,50.36613257,179.16775290
0.37500000,54.41069603,-79.24894127,133.65963730,50.36613257,184.02576987
0.37500000,57.27839470,-79.24894127,136.52733597,50.36613257,186.89346854
0.37500000,51.87296867,-79.24894127,131.12190995,50.36613257,181.48804252
0.37500000,43.86019707,-79.24894127,123.10913834,50.36613257,173.47527091
0.37500000,47.70159721,-79.24894127,126.95053849,50.36613257,177.31667106
0.37500000,37.35423088,-79.24894127,116.60317215,50.36613257,166.96930472
0.03125000,-100.57654977,-76.52595655,-24.05059322,57.55540759,33.50481437
0.03125000,-99.13364053,-76.52595655,-22.60768398,57.55540759,34.94772361
0.03125000,-120.98231912,-76.52595655,-44.45636257,57.55540759,13.09904502
0.03125000,-100.15502572,-76.52595655,-23.62906917,57.55540759,33.92633841
0.03125000,-100.18649697,-76.52595655,-23.66054043,57.55540759,33.89486716
0.03125000,-100.01865029,-76.52595655,-23.49269375,57.55540759,34.06271384
0.03125000,-100.24943948,-76.52595655,-23.72348293,57.55540759,33.83192466
0.03125000,-120.78109384,-76.52595655,-44.25513729,57.55540759,13.30027030
0.03125000,-100.30475259,-76.52595655,-23.77879604,57.55540759,33.77661155
0.03125000,-100.06442666,-76.52595655,-23.53847011,57.55540759,34.01693747
0.03125000,-100.29044747,-76.52595655,-23.76449093,57.55540759,33.79091666
0.03125000,-119.50317025,-76.52595655,-42.97721370,57.55540759,14.57819388
0.03125000,-121.66133523,-76.52595655,-45.13537868,57.55540759,12.42002890
0.03125000,-101.17450356,-76.52595655,-24.64854702,57.55540759,32.90686057
0.03125000,-99.23282266,-76.52595655,-22.70686611,57.55540759,34.84854148
0.03125000,-100.32191873,-76.52595655,-23.79596218,57.55540759,33.75944541
0.03125000,-100.83881021,-76.52595655,-24.31285366,57.55540759,33.24255393
0.03125000,-100.18268228,-76.52595655,-23.65672573,57.55540759,33.89868186
0.03125000,-119.57564950,-76.52595655,-43.04969295,57.55540759,14.50571463
0.03125000,-98.76838326,-76.52595655,-22.24242672,57.55540759,35.31298087
0.03125000,-120.75725198,-76.52595655,-44.23129543,57.55540759,13.32411216
0.03125000,-120.51978707,-76.52595655,-43.99383053,57.55540759,13.56157706
0.03125000,-100.71578622,-76.52595655,-24.18982967,57.55540759,33.36557792
0.03125000,-120.74866891,-76.52595655,-44.22271236,57.55540759,13.33269523
0.03125000,-120.76869607,-76.52595655,-44.24273952,57.55540759,13.31266806
0.03125000,-99.40162301,-76.52595655,-22.87566646,57.55540759,34.67974112
0.03125000,-119.37537789,-76.52595655,-42.84942135,57.55540759,14.70598624
0.03125000,-99.70012307,-76.52595655,-23.17416652,57.55540759,34.38124106
0.03125000,-120.07632852,-76.52595655,-43.55037197,57.55540759,14.00503562
0.03125000,-100.04058480,-76.52595655,-23.51462826,57.55540759,34.04077933
0.03125000,-119.49077249,-76.52595655,-42.96481594,57.55540759,14.59059165
0.03125000,-101.62654519,-76.52595655,-25.10058864,57.55540759,32.45481894
0.03125000,-100.22559762,-76.52595655,-23.69964107,57.55540759,33.85576651
0.03125000,-101.08199716,-76.52595655,-24.55604061,57.55540759,32.99936698
0.03125000,-100.68145394,-76.52595655,-24.15549740,57.55540759,33.39991019
0.03125000,-99.51224923,-76.52595655,-22.98629268,57.55540759,34.56911490
0.03125000,-120.38341165,-76.52595655,-43.85745510,57.55540759,13.69795249
0.03125000,-100.99425912,-76.52595655,-24.46830257,57.55540759,33.08710502
0.03125000,-119.68627572,-76.52595655,-43.16031917,57.55540759,14.39508841
0.03125000,-100.97041726,-76.52595655,-24.44446071,57.55540759,33.11094687
0.03125000,-119.99049783,-76.52595655,-43.46454128,57.55540759,14.09086631
0.03125000,-99.75352883,-76.52595655,-23.22757229,57.55540759,34.32783530
0.03125000,-100.36483407,-76.52595655,-23.83887752,57.55540759,33.71653006
0.03125000,-121.46964669,-76.52595655,-44.94369014,57.55540759,12.61171744
0.03125000,-120.12878060,-76.52595655,-43.60282406,57.55540759,13.95258353
0.03125000,-100.13309121,-76.52595655,-23.60713466,57.55540759,33.94827292
0.03125000,-119.25807595,-76.52595655,-42.73211941,57.55540759,14.82328818
0.03125000,-100.20652413,-76.52595655,-23.68056759,57.55540759,33.87484000
0.03125000,-101.16592050,-76.52595655,-24.63996395,57.55540759,32.91544364
0.03125000,-99.00966287,-76.52595655,-22.48370632,57.55540759,35.07170127
0.03125000,-99.49031472,-76.52595655,-22.96435817,57.55540759,34.59104941
0.03125000,-102.96264291,-76.52595655,-26.43668636,57.55540759,31.11872123
0.03125000,-118.64200234,-76.52595655,-42.11604580,57.55540759,15.43936179
0.03125000,-100.80924630,-76.52595655,-24.28328975,57.55540759,33.27211783
0.03125000,-101.11442208,-76.52595655,-24.58846554,57.55540759,32.96694205
0.03125000,-100.23418069,-76.52595655,-23.70822414,57.55540759,33.84718345
0.03125000,-99.82123971,-76.52595655,-23.29528316,57.55540759,34.26012442
0.03125000,-122.24403024,-76.52595655,-45.71807369,57.55540759,11.83733390
0.03125000,-119.28096414,-76.52595655,-42.75500759,57.55540759,14.80040000
0.03125000,-120.74866891,-76.52595655,-44.22271236,57.55540759,13.33269523
0.03125000,-119.59186196,-76.52595655,-43.06590542,57.55540759,14.48950217
0.03125000,-99.44453835,-76.52595655,-22.91858181,57.55540759,34.63682578
0.03125000,-100.94752908,-76.52595655,-24.42157253,57.55540759,33.13383506
0.03125000,-100.81878304,-76.52595655,-24.29282650,57.55540759,33.26258109
0.03125000,-98.77792001,-76.52595655,-22.25196346,57.55540759,35.30344413
0.03125000,-120.44921517,-76.52595655,-43.92325863,57.55540759,13.63214896
0.03125000,-120.16502023,-76.52595655,-43.63906368,57.55540759,13.91634391
0.03125000,-101.33567452,-76.52595655,-24.80971798,57.55540759,32.74568961
0.03125000,-100.09494424,-76.52595655,-23.56898769,57.55540759,33.98641990
0.03125000,-119.74826455,-76.52595655,-43.22230800,57.55540759,14.33309958
0.03125000,-100.25992990,-76.52595655,-23.73397335,57.55540759,33.82143424
0.40625000,48.32696915,-79.49648534,127.82345449,49.71256211,177.53601660
0.40625000,48.16675186,-79.49648534,127.66323720,49.71256211,177.37579931
0.40625000,60.75048447,-79.49648534,140.24696981,49.71256211,189.95953192
0.40625000,59.85784531,-79.49648534,139.35433065,49.71256211,189.06689276
0.40625000,42.14811325,-79.49648534,121.64459859,49.71256211,171.35716070
0.40625000,61.72704697,-79.49648534,141.22353231,49.71256211,190.93609442
0.40625000,64.71776962,-79.49648534,144.21425496,49.71256211,193.92681707
0.40625000,45.88747025,-79.49648534,125.38395558,49.71256211,175.09651770
0.40625000,56.99968338,-79.49648534,136.49616872,49.71256211,186.20873083
0.40625000,46.99945450,-79.49648534,126.49593984,49.71256211,176.20850195
0.40625000,47.83296585,-79.49648534,127.32945119,49.71256211,177.04201330
0.40625000,49.74412918,-79.49648534,129.24061452,49.71256211,178.95317663
0.40625000,49.98064041,-79.49648534,129.47712575,49.71256211,179.18968786
0.40625000,54.54111099,-79.49648534,134.03759633,49.71256211,183.75015844
0.40625000,53.64179611,-79.49648534,133.13828145,49.71256211,182.85084356
0.40625000,46.69332504,-79.49648534,126.18981038,49.71256211,175.90237249
0.40625000,59.63087082,-79.49648534,139.12735616,49.71256211,188.83991827
0.40625000,50.32110214,-79.49648534,129.81758748,49.71256211,179.53014959
0.40625000,45.84360123,-79.49648534,125.34008657,49.71256211,175.05264868
0.40625000,53.64084244,-79.49648534,133.13732778,49.71256211,182.84988989
0.40625000,48.24686050,-79.49648534,127.74334584,49.71256211,177.45590796
0.40625000,56.09178543,-79.49648534,135.58827077,49.71256211,185.30083288
0.40625000,55.31167984,-79.49648534,134.80816518,49.71256211,184.52072729
0.40625000,40.58218002,-79.49648534,120.07866536,49.71256211,169.79122747
0.40625000,54.47435379,-79.49648534,133.97083913,49.71256211,183.68340124
0.40625000,57.35254288,-79.49648534,136.84902822,49.71256211,186.56159033
0.40625000,52.56986618,-79.49648534,132.06635152,49.71256211,181.77891363
0.40625000,50.16088486,-79.49648534,129.65737020,49.71256211,179.36993231
0.40625000,49.78895187,-79.49648534,129.28543721,49.71256211,178.99799933
0.40625000,56.23865128,-79.49648534,135.73513661,49.71256211,185.44769873
0.40625000,48.13909531,-79.49648534,127.63558065,49.71256211,177.34814276
0.40625000,65.73915482,-79.49648534,145.23564015,49.71256211,194.94820227
0.40625000,49.04890060,-79.49648534,128.54538594,49.71256211,178.25794806
0.40625000,52.96373367,-79.49648534,132.46021901,49.71256211,182.17278112
0.40625000,52.10256577,-79.49648534,131.59905110,49.71256211,181.31161322
0.40625000,55.17148972,-79.49648534,134.66797505,49.71256211,184.38053717
0.40625000,63.39502335,-79.49648534,142.89150868,49.71256211,192.60407080
0.40625000,54.97980118,-79.49648534,134.47628652,49.71256211,184.18884863
0.40625000,52.96754837,-79.49648534,132.46403371,49.71256211,182.17659582
0.40625000,38.30194473,-79.49648534,117.79843007,49.71256211,167.51099218
0.40625000,53.89642715,-79.49648534,133.39291249,49.71256211,183.10547461
0.40625000,49.22819138,-79.49648534,128.72467671,49.71256211,178.43723883
0.40625000,49.42369461,-79.49648534,128.92017995,49.71256211,178.63274206
0.40625000,51.63335800,-79.49648534,131.12984334,49.71256211,180.84240545
0.40625000,57.16753006,-79.49648534,136.66401540,49.71256211,186.37657751
0.40625000,50.03499985,-79.49648534,129.53148519,49.71256211,179.24404730
0.40625000,49.37219620,-79.49648534,128.86868154,49.71256211,178.58124365
0.40625000,52.18648911,-79.49648534,131.68297444,49.71256211,181.39553656
0.40625000,49.31974411,-79.49648534,128.81622945,49.71256211,178.52879156
0.40625000,51.79357529,-79.49648534,131.29006063,49.71256211,181.00262274
0.40625000,55.20486832,-79.49648534,134.70135366,49.71256211,184.41391577
0.40625000,42.59252548,-79.49648534,122.08901082,49.71256211,171.80157293
0.40625000,58.50744247,-79.49648534,138.00392781,49.71256211,187.71648993
0.40625000,54.64601517,-79.49648534,134.14250051,49.71256211,183.85506262
0.40625000,37.77742386,-79.49648534,117.27390920,49.71256211,166.98647131
0.40625000,55.80759048,-79.49648534,135.30407582,49.71256211,185.01663794
0.40625000,43.89524460,-79.49648534,123.39172994,49.71256211,173.10429205
0.40625000,47.63078690,-79.49648534,127.12727223,49.71256211,176.83983435
0.40625000,49.97777939,-79.49648534,129.47426473,49.71256211,179.18682684
0.40625000,60.27555466,-79.49648534,139.77204000,49.71256211,189.48460211
0.40625000,48.68555069,-79.49648534,128.18203603,49.71256211,177.89459814
0.40625000,43.43938828,-79.49648534,122.93587361,49.71256211,172.64843573
0.40625000,57.34395981,-79.49648534,136.84044515,49.71256211,186.55300726
0.40625000,53.85541916,-79.49648534,133.35190450,49.71256211,183.06446661
0.40625000,49.12328720,-79.49648534,128.61977254,49.71256211,178.33233465
0.40625000,43.30682755,-79.49648534,122.80331288,49.71256211,172.51587500
0.40625000,43.19810867,-79.49648534,122.69459401,49.71256211,172.40715612
0.40625000,50.99439621,-79.49648534,130.49088155,49.71256211,180.20344366
0.43750000,51.72562599,-79.74402940,131.46965540,49.05899166,180.52864705
0.43750000,54.68106270,-79.74402940,134.42509210,49.05899166,183.48408376
0.43750000,50.97317696,-79.74402940,130.71720636,49.05899166,179.77619802
0.43750000,44.43860054,-79.74402940,124.18262994,49.05899166,173.24162160
0.43750000,41.32390022,-79.74402940,121.06792963,49.05899166,170.12692128
0.43750000,56.87069893,-79.74402940,136.61472833,49.05899166,185.67371999
0.43750000,40.16613960,-79.74402940,119.91016901,49.05899166,168.96916066
0.43750000,42.59419441,-79.74402940,122.33822382,49.05899166,171.39721547
0.43750000,47.16992378,-79.74402940,126.91395319,49.05899166,175.97294484
0.43750000,45.10235786,-79.74402940,124.84638727,49.05899166,173.90537893
0.43750000,46.55194283,-79.74402940,126.29597223,49.05899166,175.35496389
0.43750000,42.26422310,-79.74402940,122.00825250,49.05899166,171.06724416
0.43750000,49.75152016,-79.74402940,129.49554956,49.05899166,178.55454122
0.43750000,44.23737526,-79.74402940,123.98140466,49.05899166,173.04039632
0.43750000,38.21969032,-79.74402940,117.96371973,49.05899166,167.02271138
0.43750000,50.28939247,-79.74402940,130.03342188,49.05899166,179.09241353
0.43750000,55.06825447,-79.74402940,134.81228388,49.05899166,183.87127553
0.43750000,52.23011971,-79.74402940,131.97414911,49.05899166,181.03314077
0.43750000,51.01132393,-79.74402940,130.75535333,49.05899166,179.81434499
0.43750000,53.68542671,-79.74402940,133.42945612,49.05899166,182.48844777
0.43750000,65.16385078,-79.74402940,144.90788019,49.05899166,193.96687185
0.43750000,45.58777809,-79.74402940,125.33180750,49.05899166,174.39079915
0.43750000,48.94375801,-79.74402940,128.68778742,49.05899166,177.74677907
0.43750000,45.67360878,-79.74402940,125.41763818,49.05899166,174.47662984
0.43750000,60.52517891,-79.74402940,140.26920831,49.05899166,189.32819997
0.43750000,50.84156990,-79.74402940,130.58559931,49.05899166,179.64459096
0.43750000,48.42400551,-79.74402940,128.16803491,49.05899166,177.22702657
0.43750000,47.18232155,-79.74402940,126.92635095,49.05899166,175.98534261
0.43750000,53.17425728,-79.74402940,132.91828668,49.05899166,181.97727834
0.43750000,51.84006691,-79.74402940,131.58409631,49.05899166,180.64308797
0.43750000,48.69294167,-79.74402940,128.43697107,49.05899166,177.49596273
0.43750000,43.96367073,-79.74402940,123.70770014,49.05899166,172.76669179
0.43750000,51.80478096,-79.74402940,131.54881036,49.05899166,180.60780202
0.43750000,37.15634346,-79.74402940,116.90037286,49.05899166,165.95936452
0.43750000,46.81897163,-79.74402940,126.56300104,49.05899166,175.62199269
0.43750000,52.83284187,-79.74402940,132.57687128,49.05899166,181.63586293
0.43750000,48.92563820,-79.74402940,128.66966760,49.05899166,177.72865926
0.43750000,52.76799202,-79.74402940,132.51202142,49.05899166,181.57101308
0.43750000,53.99346352,-79.74402940,133.73749292,49.05899166,182.79648458
0.43750000,49.64280128,-79.74402940,129.38683069,49.05899166,178.44582235
0.43750000,62.17789650,-79.74402940,141.92192590,49.05899166,190.98091756
0.43750000,60.20569801,-79.74402940,139.94972742,49.05899166,189.00871907
0.43750000,48.07114601,-79.74402940,127.81517542,49.05899166,176.87416707
0.43750000,50.28176308,-79.74402940,130.02579248,49.05899166,179.08478414
0.43750000,59.43894386,-79.74402940,139.18297327,49.05899166,188.24196492
0.43750000,51.65410042,-79.74402940,131.39812982,49.05899166,180.45712148
0.43750000,49.29947853,-79.74402940,129.04350794,49.05899166,178.10249959
0.43750000,49.49116707,-79.74402940,129.23519647,49.05899166,178.29418813
0.43750000,61.23185158,-79.74402940,140.97588098,49.05899166,190.03487264
0.43750000,60.29152870,-79.74402940,140.03555811,49.05899166,189.09454976
0.43750000,49.23653603,-79.74402940,128.98056543,49.05899166,178.03955709
0.43750000,42.94705391,-79.74402940,122.69108331,49.05899166,171.75007497
0.43750000,55.88650703,-79.74402940,135.63053644,49.05899166,184.68952810
0.43750000,62.38865852,-79.74402940,142.13268793,49.05899166,191.19167958
0.43750000,47.64866829,-79.74402940,127.39269769,49.05899166,176.45168935
0.43750000,50.28080940,-79.74402940,130.02483881,49.05899166,179.08383046
0.43750000,46.90766335,-79.74402940,126.65169275,49.05899166,175.71068441
0.43750000,47.95479774,-79.74402940,127.69882715,49.05899166,176.75781881
0.43750000,43.55263710,-79.74402940,123.29666650,49.05899166,172.35565816
0.43750000,59.54957008,-79.74402940,139.29359949,49.05899166,188.35259114
0.43750000,63.61126900,-79.74402940,143.35529840,49.05899166,192.41429006
0.43750000,45.37892342,-79.74402940,125.12295282,49.05899166,174.18194448
0.43750000,49.40438271,-79.74402940,129.14841211,49.05899166,178.20740377
0.43750000,62.32571602,-79.74402940,142.06974542,49.05899166,191.12873708
0.43750000,31.97693825,-79.74402940,111.72096765,49.05899166,160.77995931
0.43750000,55.92179298,-79.74402940,135.66582239,49.05899166,184.72481405
0.43750000,60.30106544,-79.74402940,140.04509485,49.05899166,189.10408651
0.43750000,53.75981331,-79.74402940,133.50384271,49.05899166,182.56283437
0.43750000,41.52131081,-79.74402940,121.26534021,49.05899166,170.32433187
0.43750000,57.03473091,-79.74402940,136.77876032,49.05899166,185.83775197
0.43750000,53.96485329,-79.74402940,133.70888269,49.05899166,182.76787435
0.43750000,63.24791908,-79.74402940,142.99194849,49.05899166,192.05094014
0.43750000,47.95861244,-79.74402940,127.70264185,49.05899166,176.76163350
0.46875000,37.24598885,-79.99157347,117.23756232,48.40542120,165.64298352
0.46875000,44.57688332,-79.99157347,124.56845679,48.40542120,172.97387799
0.46875000,50.22549629,-79.99157347,130.21706976,48.40542120,178.62249096
0.46875000,48.63858223,-79.99157347,128.63015570,48.40542120,177.03557690
0.46875000,47.85180092,-79.99157347,127.84337439,48.40542120,176.24879559
0.46875000,47.08409309,-79.99157347,127.07566656,48.40542120,175.48108776
0.46875000,54.63910103,-79.99157347,134.63067450,48.40542120,183.03609570
0.46875000,47.40643501,-79.99157347,127.39800848,48.40542120,175.80342968
0.46875000,62.83402443,-79.99157347,142.82559790,48.40542120,191.23101910
0.46875000,53.22861671,-79.99157347,133.22019019,48.40542120,181.62561139
0.46875000,47.84512520,-79.99157347,127.83669867,48.40542120,176.24211987
0.46875000,48.01964760,-79.99157347,128.01122107,48.40542120,176.41664227
0.46875000,56.55312538,-79.99157347,136.54469885,48.40542120,184.95012005
0.46875000,44.56543922,-79.99157347,124.55701269,48.40542120,172.96243390
0.46875000,51.16772652,-79.99157347,131.15929999,48.40542120,179.56472119
0.46875000,50.94647408,-79.99157347,130.93804755,48.40542120,179.34346875
0.46875000,53.27916145,-79.99157347,133.27073492,48.40542120,181.67615612
0.46875000,57.18636513,-79.99157347,137.17793860,48.40542120,185.58335980
0.46875000,50.60505867,-79.99157347,130.59663214,48.40542120,179.00205334
0.46875000,53.65777016,-79.99157347,133.64934363,48.40542120,182.05476483
0.46875000,51.49483681,-79.99157347,131.48641028,48.40542120,179.89183148
0.46875000,47.10793495,-79.99157347,127.09950842,48.40542120,175.50492962
0.46875000,50.34852028,-79.99157347,130.34009375,48.40542120,178.74551495
0.46875000,53.64060402,-79.99157347,133.63217749,48.40542120,182.03759869
0.46875000,54.03447151,-79.99157347,134.02604498,48.40542120,182.43146618
0.46875000,58.51197243,-79.99157347,138.50354590,48.40542120,186.90896710
0.46875000,46.92101479,-79.99157347,126.91258826,48.40542120,175.31800946
0.46875000,57.05761909,-79.99157347,137.04919257,48.40542120,185.45461377
0.46875000,44.44336891,-79.99157347,124.43494238,48.40542120,172.84036358
0.46875000,54.01825905,-79.99157347,134.00983252,48.40542120,182.41525372
0.46875000,49.06773567,-79.99157347,129.05930914,48.40542120,177.46473034
0.46875000,50.01378059,-79.99157347,130.00535406,48.40542120,178.41077526
0.46875000,60.76455116,-79.99157347,140.75612463,48.40542120,189.16154583
0.46875000,49.12972450,-79.99157347,129.12129797,48.40542120,177.52671917
0.46875000,51.75042152,-79.99157347,131.74199499,48.40542120,180.14741619
0.46875000,44.81625557,-79.99157347,124.80782904,48.40542120,173.21325024
0.46875000,61.92040443,-79.99157347,141.91197790,48.40542120,190.31739911
0.46875000,47.75071144,-79.99157347,127.74228491,48.40542120,176.14770611
0.46875000,49.51977730,-79.99157347,129.51135077,48.40542120,177.91677197
0.46875000,47.84703255,-79.99157347,127.83860602,48.40542120,176.24402722
0.46875000,44.43669319,-79.99157347,124.42826666,48.40542120,172.83368786
0.46875000,58.67886543,-79.99157347,138.67043890,48.40542120,187.07586010
0.46875000,49.34811592,-79.99157347,129.33968939,48.40542120,177.74511059
0.46875000,48.10070992,-79.99157347,128.09228339,48.40542120,176.49770459
0.46875000,42.60754585,-79.99157347,122.59911932,48.40542120,171.00454052
0.46875000,37.73236275,-79.99157347,117.72393622,48.40542120,166.12935742
0.46875000,46.12565041,-79.99157347,126.11722388,48.40542120,174.52264508
0.46875000,45.86434364,-79.99157347,125.85591711,48.40542120,174.26133831
0.46875000,49.48639870,-79.99157347,129.47797217,48.40542120,177.88339337
0.50000000,37.59355344,-80.23911754,117.83267097,47.75185074,165.58452172
0.50000000,47.10726898,-80.23911754,127.34638652,47.75185074,175.09823726
0.50000000,54.96610398,-80.23911754,135.20522152,47.75185074,182.95707226
0.50000000,46.20091047,-80.23911754,126.44002801,47.75185074,174.19187875
0.50000000,55.21601156,-80.23911754,135.45512910,47.75185074,183.20697984
0.50000000,46.46362000,-80.23911754,126.70273754,47.75185074,174.45458828
0.50000000,47.86637102,-80.23911754,128.10548855,47.75185074,175.85733930
0.50000000,45.70906445,-80.23911754,125.94818199,47.75185074,173.70003273
0.50000000,45.63163531,-80.23911754,125.87075285,47.75185074,173.62260359
0.50000000,57.00693180,-80.23911754,137.24604933,47.75185074,184.99790008
0.50000000,53.30780164,-80.23911754,133.54691918,47.75185074,181.29876992
0.50000000,48.71388031,-80.23911754,128.95299785,47.75185074,176.70484859
0.50000000,46.87767008,-80.23911754,127.11678761,47.75185074,174.86863836
0.50000000,51.47638281,-80.23911754,131.71550035,47.75185074,179.46735109
0.50000000,46.52759641,-80.23911754,126.76671394,47.75185074,174.51856469
0.50000000,45.48096437,-80.23911754,125.72008191,47.75185074,173.47193266
0.50000000,37.93461078,-80.23911754,118.17372832,47.75185074,165.92557906
0.50000000,49.78762703,-80.23911754,130.02674457,47.75185074,177.77859531
0.50000000,51.94875969,-80.23911754,132.18787722,47.75185074,179.93972797
0.50000000,47.49651297,-80.23911754,127.73563051,47.75185074,175.48748125
0.50000000,46.21100852,-80.23911754,126.45012605,47.75185074,174.20197680
0.50000000,48.08921227,-80.23911754,128.32832980,47.75185074,176.08018055
0.50000000,45.85970008,-80.23911754,126.09881761,47.75185074,173.85066836
0.50000000,45.85284922,-80.23911754,126.09196676,47.75185074,173.84381750
0.50000000,56.16088680,-80.23911754,136.40000433,47.75185074,184.15185508
0.50000000,46.71243789,-80.23911754,126.95155543,47.75185074,174.70340617
0.50000000,47.38588789,-80.23911754,127.62500543,47.75185074,175.37685617
0.50000000,40.95047594,-80.23911754,121.18959347,47.75185074,168.94144422
0.50000000,42.40039883,-80.23911754,122.63951636,47.75185074,170.39136711
0.50000000,40.44268398,-80.23911754,120.68180152,47.75185074,168.43365226
0.50000000,47.12028477,-80.23911754,127.35940230,47.75185074,175.11125305
0.50000000,38.32787258,-80.23911754,118.56699011,47.75185074,166.31884086
0.50000000,37.44436023,-80.23911754,117.68347777,47.75185074,165.43532851
0.50000000,53.98957125,-80.23911754,134.22868879,47.75185074,181.98053953
0.50000000,46.65011266,-80.23911754,126.88923019,47.75185074,174.64108094
0.50000000,43.59328570,-80.23911754,123.83240324,47.75185074,171.58425398
0.50000000,55.74527750,-80.23911754,135.98439504,47.75185074,183.73624578
0.50000000,46.84409461,-80.23911754,127.08321215,47.75185074,174.83506289
0.50000000,45.00534086,-80.23911754,125.24445840,47.75185074,172.99630914
0.50000000,39.76866750,-80.23911754,120.00778504,47.75185074,167.75963578
0.50000000,58.52756258,-80.23911754,138.76668011,47.75185074,186.51853086
0.50000000,40.56843508,-80.23911754,120.80755261,47.75185074,168.55940336
0.50000000,51.14858289,-80.23911754,131.38770043,47.75185074,179.13955117
0.50000000,50.85455187,-80.23911754,131.09366941,47.75185074,178.84552016
0.50000000,53.99834547,-80.23911754,134.23746301,47.75185074,181.98931375
0.50000000,39.36880961,-80.23911754,119.60792715,47.75185074,167.35977789
0.50000000,43.01671930,-80.23911754,123.25583683,47.75185074,171.00768758
0.50000000,45.23220109,-80.23911754,125.47131863,47.75185074,173.22316937
0.50000000,53.90864484,-80.23911754,134.14776238,47.75185074,181.89961312
0.50000000,49.75479617,-80.23911754,129.99391371,47.75185074,177.74576445
0.50000000,48.37101344,-80.23911754,128.61013097,47.75185074,176.36198172
0.50000000,44.69983055,-80.23911754,124.93894808,47.75185074,172.69079883
0.50000000,42.43918328,-80.23911754,122.67830082,47.75185074,170.43015156
0.50000000,49.77937125,-80.23911754,130.01848879,47.75185074,177.77033953
0.50000000,38.40898930,-80.23911754,118.64810683,47.75185074,166.39995758
0.50000000,44.96863508,-80.23911754,125.20775261,47.75185074,172.95960336
0.50000000,50.88119164,-80.23911754,131.12030918,47.75185074,178.87215992
0.50000000,50.19333461,-80.23911754,130.43245215,47.75185074,178.18430289
0.50000000,45.87434766,-80.23911754,126.11346519,47.75185074,173.86531594
0.50000000,44.98617883,-80.23911754,125.22529636,47.75185074,172.97714711
0.50000000,54.70647352,-80.23911754,134.94559105,47.75185074,182.69744180
0.50000000,59.97971383,-80.23911754,140.21883136,47.75185074,187.97068211
0.50000000,45.07063367,-80.23911754,125.30975121,47.75185074,173.06160195
0.50000000,46.97855102,-80.23911754,127.21766855,47.75185074,174.96951930
0.50000000,51.94792250,-80.23911754,132.18704004,47.75185074,179.93889078
0.50000000,51.57587945,-80.23911754,131.81499699,47.75185074,179.56684773
0.50000000,44.78229148,-80.23911754,125.02140902,47.75185074,172.77325976
0.50000000,43.85389977,-80.23911754,124.09301730,47.75185074,171.84486805
0.50000000,49.26130797,-80.23911754,129.50042551,47.75185074,177.25227625
0.50000000,40.16717539,-80.23911754,120.40629293,47.75185074,168.15814367
0.50000000,50.17710883,-80.23911754,130.41622636,47.75185074,178.16807711
0.50000000,48.46094062,-80.23911754,128.70005816,47.75185074,176.45190891
0.50000000,47.86750742,-80.23911754,128.10662496,47.75185074,175.85847570
0.50000000,48.83383336,-80.23911754,129.07295090,47.75185074,176.82480164
0.50000000,45.63364937,-80.23911754,125.87276691,47.75185074,173.62461766
0.50000000,42.95663711,-80.23911754,123.19575465,47.75185074,170.94760539
0.50000000,56.21948320,-80.23911754,136.45860074,47.75185074,184.21045148
0.50000000,53.99889422,-80.23911754,134.23801176,47.75185074,181.98986250
0.50000000,55.83247922,-80.23911754,136.07159676,47.75185074,183.82344750
0.50000000,39.85999656,-80.23911754,120.09911410,47.75185074,167.85096484
0.50000000,52.90715000,-80.23911754,133.14626754,47.75185074,180.89811828
0.50000000,44.94340070,-80.23911754,125.18251824,47.75185074,172.93436898
0.50000000,34.52288625,-80.23911754,114.76200379,47.75185074,162.51385453
0.50000000,49.37136734,-80.23911754,129.61048488,47.75185074,177.36233562
0.50000000,51.19773445,-80.23911754,131.43685199,47.75185074,179.18870273
0.50000000,43.86411789,-80.23911754,124.10323543,47.75185074,171.85508617
0.50000000,46.96127164,-80.23911754,127.20038918,47.75185074,174.95223992
0.50000000,40.19279750,-80.23911754,120.43191504,47.75185074,168.18376578
0.50000000,54.00692758,-80.23911754,134.24604511,47.75185074,181.99789586
0.50000000,49.70616281,-80.23911754,129.94528035,47.75185074,177.69713109
0.50000000,49.65345727,-80.23911754,129.89257480,47.75185074,177.64442555
0.50000000,43.80941922,-80.23911754,124.04853676,47.75185074,171.80038750
0.50000000,57.93517508,-80.23911754,138.17429261,47.75185074,185.92614336
0.50000000,54.99124711,-80.23911754,135.23036465,47.75185074,182.98221539
0.50000000,42.45499875,-80.23911754,122.69411629,47.75185074,170.44596703
0.50000000,57.84204547,-80.23911754,138.08116301,47.75185074,185.83301375
0.50000000,38.60338898,-80.23911754,118.84250652,47.75185074,166.59435726
0.50000000,52.49341727,-80.23911754,132.73253480,47.75185074,180.48438555
0.50000000,53.08902672,-80.23911754,133.32814426,47.75185074,181.07999500
0.50000000,44.50430180,-80.23911754,124.74341933,47.75185074,172.49527008
0.53125000,47.39370578,-80.48666160,127.88036738,47.09828029,174.97864767
0.53125000,44.16653992,-80.48666160,124.65320152,47.09828029,171.75148181
0.53125000,39.01445742,-80.48666160,119.50111902,47.09828029,166.59939931
0.53125000,45.78021227,-80.48666160,126.26687387,47.09828029,173.36515416
0.53125000,48.53131891,-80.48666160,129.01798051,47.09828029,176.11626080
0.53125000,52.50990727,-80.48666160,132.99656887,47.09828029,180.09484916
0.53125000,47.56886828,-80.48666160,128.05552988,47.09828029,175.15381017
0.53125000,39.65914594,-80.48666160,120.14580754,47.09828029,167.24408783
0.53125000,44.73792430,-80.48666160,125.22458590,47.09828029,172.32286619
0.53125000,46.36964242,-80.48666160,126.85630402,47.09828029,173.95458431
0.53125000,43.26328320,-80.48666160,123.74994481,47.09828029,170.84822509
0.53125000,53.01583242,-80.48666160,133.50249402,47.09828029,180.60077431
0.53125000,48.16407461,-80.48666160,128.65073621,47.09828029,175.74901650
0.53125000,43.14725102,-80.48666160,123.63391262,47.09828029,170.73219291
0.53125000,39.73033016,-80.48666160,120.21699176,47.09828029,167.31527205
0.53125000,36.24925211,-80.48666160,116.73591371,47.09828029,163.83419400
0.53125000,51.57301086,-80.48666160,132.05967246,47.09828029,179.15795275
0.53125000,45.80087430,-80.48666160,126.28753590,47.09828029,173.38581619
0.53125000,45.09871719,-80.48666160,125.58537879,47.09828029,172.68365908
0.53125000,49.46907836,-80.48666160,129.95573996,47.09828029,177.05402025
0.53125000,50.70160695,-80.48666160,131.18826856,47.09828029,178.28654884
0.53125000,51.55167281,-80.48666160,132.03833442,47.09828029,179.13661470
0.53125000,53.32177703,-80.48666160,133.80843863,47.09828029,180.90671892
0.53125000,38.18708641,-80.48666160,118.67374801,47.09828029,165.77202830
0.53125000,40.12832414,-80.48666160,120.61498574,47.09828029,167.71326603
0.53125000,43.45299289,-80.48666160,123.93965449,47.09828029,171.03793478
0.53125000,41.11237008,-80.48666160,121.59903168,47.09828029,168.69731197
0.53125000,53.56240422,-80.48666160,134.04906582,47.09828029,181.14734611
0.53125000,40.50396664,-80.48666160,120.99062824,47.09828029,168.08890853
0.53125000,52.69337289,-80.48666160,133.18003449,47.09828029,180.27831478
0.53125000,38.30908469,-80.48666160,118.79574629,47.09828029,165.89402658
0.53125000,44.54000102,-80.48666160,125.02666262,47.09828029,172.12494291
0.53125000,45.98927656,-80.48666160,126.47593817,47.09828029,173.57421845
0.53125000,37.64197906,-80.48666160,118.12864067,47.09828029,165.22692095
0.53125000,46.75943969,-80.48666160,127.24610129,47.09828029,174.34438158
0.53125000,45.68451484,-80.48666160,126.17117645,47.09828029,173.26945673
0.53125000,43.83064469,-80.48666160,124.31730629,47.09828029,171.41558658
0.53125000,56.46624047,-80.48666160,136.95290207,47.09828029,184.05118236
0.53125000,52.33715359,-80.48666160,132.82381520,47.09828029,179.92209548
0.53125000,46.91292078,-80.48666160,127.39958238,47.09828029,174.49786267
0.53125000,50.83569039,-80.48666160,131.32235199,47.09828029,178.42063228
0.53125000,34.28861773,-80.48666160,114.77527934,47.09828029,161.87355962
0.53125000,44.10894570,-80.48666160,124.59560731,47.09828029,171.69388759
0.53125000,47.26753352,-80.48666160,127.75419512,47.09828029,174.85247541
0.53125000,39.57626945,-80.48666160,120.06293106,47.09828029,167.16121134
0.53125000,42.79231844,-80.48666160,123.27898004,47.09828029,170.37726033
0.53125000,56.76204742,-80.48666160,137.24870902,47.09828029,184.34698931
0.53125000,47.76625859,-80.48666160,128.25292020,47.09828029,175.35120048
0.53125000,43.39698672,-80.48666160,123.88364832,47.09828029,170.98192861
0.53125000,43.65770094,-80.48666160,124.14436254,47.09828029,171.24264283
0.53125000,44.61887195,-80.48666160,125.10553356,47.09828029,172.20381384
0.53125000,44.34661437,-80.48666160,124.83327598,47.09828029,171.93155627
0.53125000,46.96904094,-80.48666160,127.45570254,47.09828029,174.55398283
0.53125000,54.01001078,-80.48666160,134.49667238,47.09828029,181.59495267
0.53125000,45.99201859,-80.48666160,126.47868020,47.09828029,173.57696048
0.53125000,38.62073391,-80.48666160,119.10739551,47.09828029,166.20567580
0.53125000,37.80284133,-80.48666160,118.28950293,47.09828029,165.38778322
0.53125000,48.19190438,-80.48666160,128.67856598,47.09828029,175.77684627
0.53125000,34.42795672,-80.48666160,114.91461832,47.09828029,162.01289861
0.53125000,40.32259617,-80.48666160,120.80925777,47.09828029,167.90753806
0.53125000,49.31209797,-80.48666160,129.79875957,47.09828029,176.89703986
0.53125000,41.70407367,-80.48666160,122.19073527,47.09828029,169.28901556
0.53125000,45.11264937,-80.48666160,125.59931098,47.09828029,172.69759127
0.53125000,37.18256977,-80.48666160,117.66923137,47.09828029,164.76751166
0.53125000,43.21582820,-80.48666160,123.70248981,47.09828029,170.80077009
0.53125000,43.57534039,-80.48666160,124.06200199,47.09828029,171.16028228
0.53125000,42.63476227,-80.48666160,123.12142387,47.09828029,170.21970416
0.53125000,48.86946352,-80.48666160,129.35612512,47.09828029,176.45440541
0.53125000,54.68247578,-80.48666160,135.16913738,47.09828029,182.26741767
0.53125000,51.14263469,-80.48666160,131.62929629,47.09828029,178.72757658
0.53125000,47.10614875,-80.48666160,127.59281035,47.09828029,174.69109064
0.53125000,43.48296398,-80.48666160,123.96962559,47.09828029,171.06790587
0.53125000,44.07696031,-80.48666160,124.56362192,47.09828029,171.66190220
0.53125000,46.70387453,-80.48666160,127.19053613,47.09828029,174.28881642
0.53125000,36.24381680,-80.48666160,116.73047840,47.09828029,163.82875869
0.53125000,52.35980242,-80.48666160,132.84646402,47.09828029,179.94474431
0.53125000,50.23590352,-80.48666160,130.72256512,47.09828029,177.82084541
0.53125000,45.73718664,-80.48666160,126.22384824,47.09828029,173.32212853
0.53125000,41.95472156,-80.48666160,122.44138317,47.09828029,169.53966345
0.53125000,47.95867633,-80.48666160,128.44533793,47.09828029,175.54361822
0.53125000,37.84480836,-80.48666160,118.33146996,47.09828029,165.42975025
0.53125000,45.25301992,-80.48666160,125.73968152,47.09828029,172.83796181
0.53125000,49.88198812,-80.48666160,130.36864973,47.09828029,177.46693002
0.53125000,44.12272586,-80.48666160,124.60938746,47.09828029,171.70766775
0.53125000,49.54443898,-80.48666160,130.03110059,47.09828029,177.12938087
0.53125000,34.12685656,-80.48666160,114.61351817,47.09828029,161.71179845
0.53125000,43.17037656,-80.48666160,123.65703817,47.09828029,170.75531845
0.53125000,42.75752344,-80.48666160,123.24418504,47.09828029,170.34246533
0.53125000,50.82757211,-80.48666160,131.31423371,47.09828029,178.41251400
0.53125000,33.49951781,-80.48666160,113.98617942,47.09828029,161.08445970
0.53125000,48.41000391,-80.48666160,128.89666551,47.09828029,175.99494580
0.53125000,42.55197555,-80.48666160,123.03863715,47.09828029,170.13691744
0.53125000,46.13533523,-80.48666160,126.62199684,47.09828029,173.72027712
0.53125000,42.14175180,-80.48666160,122.62841340,47.09828029,169.72669369
0.53125000,57.91563141,-80.48666160,138.40229301,47.09828029,185.50057330
0.53125000,44.41910242,-80.48666160,124.90576402,47.09828029,172.00404431
0.53125000,45.15116086,-80.48666160,125.63782246,47.09828029,172.73610275
0.53125000,47.45661383,-80.48666160,127.94327543,47.09828029,175.04155572
0.53125000,43.07276680,-80.48666160,123.55942840,47.09828029,170.65770869
0.53125000,43.33285953,-80.48666160,123.81952113,47.09828029,170.91780142
0.56250000,36.54342609,-80.73420567,117.27763176,46.44470983,163.72234159
0.56250000,41.79961813,-80.73420567,122.53382379,46.44470983,168.97853363
0.56250000,33.72045641,-80.73420567,114.45466207,46.44470983,160.89937191
0.56250000,43.76869711,-80.73420567,124.50290278,46.44470983,170.94761261
0.56250000,38.98006344,-80.73420567,119.71426911,46.44470983,166.15897894
0.56250000,38.62970148,-80.73420567,119.36390715,46.44470983,165.80861698
0.56250000,27.69719430,-80.73420567,108.43139997,46.44470983,154.87610980
0.56250000,39.75763906,-80.73420567,120.49184473,46.44470983,166.93655456
0.56250000,47.82308125,-80.73420567,128.55728692,46.44470983,175.00199675
0.56250000,33.64650937,-80.73420567,114.38071504,46.44470983,160.82542488
0.56250000,25.93486055,-80.73420567,106.66906622,46.44470983,153.11377605
0.56250000,36.23197148,-80.73420567,116.96617715,46.44470983,163.41088698
0.56250000,32.40553594,-80.73420567,113.13974161,46.44470983,159.58445144
0.56250000,30.03416672,-80.73420567,110.76837239,46.44470983,157.21308222
0.56250000,41.40408227,-80.73420567,122.13828793,46.44470983,168.58299777
0.56250000,45.33890875,-80.73420567,126.07311442,46.44470983,172.51782425
0.56250000,39.36969922,-80.73420567,120.10390489,46.44470983,166.54861472
0.56250000,35.22213672,-80.73420567,115.95634239,46.44470983,162.40105222
0.56250000,35.11796422,-80.73420567,115.85216989,46.44470983,162.29687972
0.56250000,37.41830445,-80.73420567,118.15251012,46.44470983,164.59721995
0.56250000,47.06881164,-80.73420567,127.80301731,46.44470983,174.24772714
0.56250000,31.07341258,-80.73420567,111.80761825,46.44470983,158.25232808
0.56250000,36.02390828,-80.73420567,116.75811395,46.44470983,163.20282378
0.56250000,44.29800453,-80.73420567,125.03221020,46.44470983,171.47692003
0.56250000,35.37112187,-80.73420567,116.10532754,46.44470983,162.55003738
0.56250000,45.79640141,-80.73420567,126.53060707,46.44470983,172.97531691
0.56250000,45.40877945,-80.73420567,126.14298512,46.44470983,172.58769495
0.56250000,44.38823937,-80.73420567,125.12244504,46.44470983,171.56715488
0.56250000,29.67755039,-80.73420567,110.41175606,46.44470983,156.85646589
0.56250000,42.34217016,-80.73420567,123.07637582,46.44470983,169.52108566
0.56250000,48.07972008,-80.73420567,128.81392575,46.44470983,175.25863558
0.56250000,36.63395961,-80.73420567,117.36816528,46.44470983,163.81287511
0.56250000,39.82137734,-80.73420567,120.55558301,46.44470983,167.00029284
0.56250000,43.87284930,-80.73420567,124.60705497,46.44470983,171.05176480
0.56250000,52.24288648,-80.73420567,132.97709215,46.44470983,179.42180198
0.56250000,36.44655234,-80.73420567,117.18075801,46.44470983,163.62546784
0.56250000,41.84722711,-80.73420567,122.58143278,46.44470983,169.02614261
0.56250000,45.36117813,-80.73420567,126.09538379,46.44470983,172.54009363
0.56250000,41.59625555,-80.73420567,122.33046122,46.44470983,168.77517105
0.56250000,32.55784609,-80.73420567,113.29205176,46.44470983,159.73676159
0.56250000,35.48139844,-80.73420567,116.21560411,46.44470983,162.66031394
0.56250000,32.40864883,-80.73420567,113.14285450,46.44470983,159.58756433
0.56250000,41.10011891,-80.73420567,121.83432457,46.44470983,168.27903441
0.56250000,46.05655914,-80.73420567,126.79076481,46.44470983,173.23547464
0.56250000,42.64080406,-80.73420567,123.37500973,46.44470983,169.81971956
0.56250000,42.07827047,-80.73420567,122.81247614,46.44470983,169.25718597
0.56250000,38.63660383,-80.73420567,119.37080950,46.44470983,165.81551933
0.56250000,55.38510469,-80.73420567,136.11931036,46.44470983,182.56402019
0.56250000,45.58999945,-80.73420567,126.32420512,46.44470983,172.76891495
0.56250000,46.71940172,-80.73420567,127.45360739,46.44470983,173.89831722
0.56250000,45.74285734,-80.73420567,126.47706301,46.44470983,172.92177284
0.56250000,37.03200188,-80.73420567,117.76620754,46.44470983,164.21091738
0.56250000,35.10743914,-80.73420567,115.84164481,46.44470983,162.28635464
0.56250000,48.09610477,-80.73420567,128.83031043,46.44470983,175.27502027
0.56250000,45.83092367,-80.73420567,126.56512934,46.44470983,173.00983917
0.56250000,54.70676164,-80.73420567,135.44096731,46.44470983,181.88567714
0.56250000,39.66250859,-80.73420567,120.39671426,46.44470983,166.84142409
0.56250000,39.59959258,-80.73420567,120.33379825,46.44470983,166.77850808
0.56250000,48.71627383,-80.73420567,129.45047950,46.44470983,175.89518933
0.56250000,48.37668219,-80.73420567,129.11088786,46.44470983,175.55559769
0.56250000,42.75831156,-80.73420567,123.49251723,46.44470983,169.93722706
0.56250000,35.26268367,-80.73420567,115.99688934,46.44470983,162.44159917
0.56250000,46.70222437,-80.73420567,127.43643004,46.44470983,173.88113988
0.56250000,46.71909164,-80.73420567,127.45329731,46.44470983,173.89800714
0.56250000,31.70192500,-80.73420567,112.43613067,46.44470983,158.88084050
0.56250000,36.52583219,-80.73420567,117.26003786,46.44470983,163.70474769
0.56250000,33.01383805,-80.73420567,113.74804372,46.44470983,160.19275355
0.56250000,46.30781656,-80.73420567,127.04202223,46.44470983,173.48673206
0.56250000,34.02919727,-80.73420567,114.76340293,46.44470983,161.20811277
0.56250000,39.19532609,-80.73420567,119.92953176,46.44470983,166.37424159
0.56250000,37.79976430,-80.73420567,118.53396997,46.44470983,164.97867980
0.56250000,33.61373422,-80.73420567,114.34793989,46.44470983,160.79264972
0.56250000,38.57402969,-80.73420567,119.30823536,46.44470983,165.75294519
0.56250000,31.80957977,-80.73420567,112.54378543,46.44470983,158.98849527
0.56250000,43.95920906,-80.73420567,124.69341473,46.44470983,171.13812456
0.56250000,47.94558266,-80.73420567,128.67978832,46.44470983,175.12449816
0.56250000,45.55547734,-80.73420567,126.28968301,46.44470983,172.73439284
0.56250000,35.82538531,-80.73420567,116.55959098,46.44470983,163.00430081
0.56250000,44.92097859,-80.73420567,125.65518426,46.44470983,172.09989409
0.56250000,39.23696453,-80.73420567,119.97117020,46.44470983,166.41588003
0.56250000,39.26156563,-80.73420567,119.99577129,46.44470983,166.44048113
0.56250000,40.64209398,-80.73420567,121.37629965,46.44470983,167.82100948
0.56250000,34.58489125,-80.73420567,115.31909692,46.44470983,161.76380675
0.56250000,43.96057797,-80.73420567,124.69478364,46.44470983,171.13949347
0.56250000,39.34678281,-80.73420567,120.08098848,46.44470983,166.52569831
0.56250000,31.37386547,-80.73420567,112.10807114,46.44470983,158.55278097
0.56250000,32.45448945,-80.73420567,113.18869512,46.44470983,159.63340495
0.56250000,39.87707437,-80.73420567,120.61128004,46.44470983,167.05598988
0.56250000,43.60424039,-80.73420567,124.33844606,46.44470983,170.78315589
0.56250000,32.96680492,-80.73420567,113.70101059,46.44470983,160.14572042
0.56250000,40.19909672,-80.73420567,120.93330239,46.44470983,167.37801222
0.56250000,43.12112781,-80.73420567,123.85533348,46.44470983,170.30004331
0.56250000,40.83417320,-80.73420567,121.56837887,46.44470983,168.01308870
0.56250000,32.12341242,-80.73420567,112.85761809,46.44470983,159.30232792
0.56250000,46.70327477,-80.73420567,127.43748043,46.44470983,173.88219027
0.56250000,42.73414742,-80.73420567,123.46835309,46.44470983,169.91306292
0.56250000,42.14917383,-80.73420567,122.88337950,46.44470983,169.32808933
0.56250000,39.70116570,-80.73420567,120.43537137,46.44470983,166.88008120
0.56250000,40.56108187,-80.73420567,121.29528754,46.44470983,167.73999738
0.56250000,39.61479945,-80.73420567,120.34900512,46.44470983,166.79371495
0.59375000,32.86303609,-80.98174973,113.84478583,45.79113938,159.63592520
0.59375000,34.90091047,-80.98174973,115.88266020,45.79113938,161.67379958
0.59375000,34.19337336,-80.98174973,115.17512309,45.79113938,160.96626247
0.59375000,30.04326430,-80.98174973,111.02501403,45.79113938,156.81615341
0.59375000,31.09788031,-80.98174973,112.07963005,45.79113938,157.87076942
0.59375000,43.17004328,-80.98174973,124.15179302,45.79113938,169.94293239
0.59375000,37.36686547,-80.98174973,118.34861520,45.79113938,164.13975458
0.59375000,28.68090078,-80.98174973,109.66265052,45.79113938,155.45378989
0.59375000,32.51644281,-80.98174973,113.49819255,45.79113938,159.28933192
0.59375000,34.25459672,-80.98174973,115.23634645,45.79113938,161.02748583
0.59375000,30.32152070,-80.98174973,111.30327044,45.79113938,157.09440981
0.59375000,30.60451141,-80.98174973,111.58626114,45.79113938,157.37740052
0.59375000,33.10709703,-80.98174973,114.08884677,45.79113938,159.87998614
0.59375000,39.26610898,-80.98174973,120.24785872,45.79113938,166.03899809
0.59375000,34.12733062,-80.98174973,115.10908036,45.79113938,160.90021973
0.59375000,40.86848297,-80.98174973,121.85023270,45.79113938,167.64137208
0.59375000,36.60584852,-80.98174973,117.58759825,45.79113938,163.37873763
0.59375000,30.23125492,-80.98174973,111.21300466,45.79113938,157.00414403
0.59375000,28.06009172,-80.98174973,109.04184145,45.79113938,154.83298083
0.59375000,36.35029578,-80.98174973,117.33204552,45.79113938,163.12318489
0.59375000,41.92004633,-80.98174973,122.90179606,45.79113938,168.69293544
0.59375000,35.40903703,-80.98174973,116.39078677,45.79113938,162.18192614
0.59375000,33.64635062,-80.98174973,114.62810036,45.79113938,160.41923973
0.59375000,35.55871875,-80.98174973,116.54046848,45.79113938,162.33160786
0.59375000,30.89272297,-80.98174973,111.87447270,45.79113938,157.66561208
0.59375000,35.01187555,-80.98174973,115.99362528,45.79113938,161.78476466
0.59375000,36.09933234,-80.98174973,117.08108208,45.79113938,162.87222145
0.59375000,30.35301977,-80.98174973,111.33476950,45.79113938,157.12590888
0.59375000,20.20072102,-80.98174973,101.18247075,45.79113938,146.97361013
0.59375000,40.68414047,-80.98174973,121.66589020,45.79113938,167.45702958
0.59375000,31.56961555,-80.98174973,112.55136528,45.79113938,158.34250466
0.59375000,40.85006984,-80.98174973,121.83181958,45.79113938,167.62295895
0.59375000,27.40270406,-80.98174973,108.38445380,45.79113938,154.17559317
0.59375000,36.83436766,-80.98174973,117.81611739,45.79113938,163.60725677
0.59375000,28.90006227,-80.98174973,109.88181200,45.79113938,155.67295138
0.59375000,27.89274742,-80.98174973,108.87449716,45.79113938,154.66563653
0.59375000,36.99539320,-80.98174973,117.97714294,45.79113938,163.76828231
0.59375000,35.16890172,-80.98174973,116.15065145,45.79113938,161.94179083
0.59375000,41.29012461,-80.98174973,122.27187434,45.79113938,168.06301372
0.59375000,35.62459187,-80.98174973,116.60634161,45.79113938,162.39748098
0.59375000,35.83942500,-80.98174973,116.82117473,45.79113938,162.61231411
0.59375000,25.62611984,-80.98174973,106.60786958,45.79113938,152.39900895
0.59375000,29.59348211,-80.98174973,110.57523184,45.79113938,156.36637122
0.59375000,32.59009773,-80.98174973,113.57184747,45.79113938,159.36298684
0.59375000,39.02361281,-80.98174973,120.00536255,45.79113938,165.79650192
0.59375000,38.67885164,-80.98174973,119.66060138,45.79113938,165.45174075
0.59375000,31.11004406,-80.98174973,112.09179380,45.79113938,157.88293317
0.59375000,32.99165500,-80.98174973,113.97340473,45.79113938,159.76454411
0.59375000,33.81487898,-80.98174973,114.79662872,45.79113938,160.58776809
0.59375000,41.72190359,-80.98174973,122.70365333,45.79113938,168.49479270
0.59375000,31.79516750,-80.98174973,112.77691723,45.79113938,158.56805661
0.59375000,35.93962070,-80.98174973,116.92137044,45.79113938,162.71250981
0.59375000,40.54553469,-80.98174973,121.52728442,45.79113938,167.31842380
0.59375000,26.37272859,-80.98174973,107.35447833,45.79113938,153.14561770
0.59375000,39.87988898,-80.98174973,120.86163872,45.79113938,166.65277809
0.59375000,38.11298195,-80.98174973,119.09473169,45.79113938,164.88587106
0.59375000,35.07766414,-80.98174973,116.05941388,45.79113938,161.85055325
0.59375000,36.25544047,-80.98174973,117.23719020,45.79113938,163.02832958
0.59375000,37.67366258,-80.98174973,118.65541231,45.79113938,164.44655169
0.59375000,29.35010023,-80.98174973,110.33184997,45.79113938,156.12298934
0.59375000,29.42703492,-80.98174973,110.40878466,45.79113938,156.19992403
0.59375000,34.29230359,-80.98174973,115.27405333,45.79113938,161.06519270
0.59375000,45.30028930,-80.98174973,126.28203903,45.79113938,172.07317841
0.59375000,30.67651758,-80.98174973,111.65826731,45.79113938,157.44940669
0.59375000,38.04352656,-80.98174973,119.02527630,45.79113938,164.81641567
0.59375000,29.02739125,-80.98174973,110.00914098,45.79113938,155.80028036
0.59375000,32.55311172,-80.98174973,113.53486145,45.79113938,159.32600083
0.59375000,35.62099242,-80.98174973,116.60274216,45.79113938,162.39388153
0.59375000,35.56726320,-80.98174973,116.54901294,45.79113938,162.34015231
0.59375000,40.28346227,-80.98174973,121.26521200,45.79113938,167.05635138
0.59375000,44.30833898,-80.98174973,125.29008872,45.79113938,171.08122809
0.59375000,38.51729508,-80.98174973,119.49904481,45.79113938,165.29018419
0.59375000,35.64091828,-80.98174973,116.62266802,45.79113938,162.41380739
0.59375000,27.38551242,-80.98174973,108.36726216,45.79113938,154.15840153
0.59375000,26.58100844,-80.98174973,107.56275817,45.79113938,153.35389755
0.59375000,40.27100727,-80.98174973,121.25275700,45.79113938,167.04389638
0.59375000,34.53914094,-80.98174973,115.52089067,45.79113938,161.31203005
0.59375000,33.60379703,-80.98174973,114.58554677,45.79113938,160.37668614
0.59375000,27.69424187,-80.98174973,108.67599161,45.79113938,154.46713098
0.59375000,33.29508289,-80.98174973,114.27683263,45.79113938,160.06797200
0.59375000,33.53157391,-80.98174973,114.51332364,45.79113938,160.30446302
0.59375000,34.34197602,-80.98174973,115.32372575,45.79113938,161.11486513
0.59375000,26.35810734,-80.98174973,107.33985708,45.79113938,153.13099645
0.59375000,38.12340492,-80.98174973,119.10515466,45.79113938,164.89629403
0.59375000,33.37739086,-80.98174973,114.35914059,45.79113938,160.15027997
0.59375000,30.54341242,-80.98174973,111.52516216,45.79113938,157.31630153
0.59375000,30.85512609,-80.98174973,111.83687583,45.79113938,157.62801520
0.59375000,28.04104633,-80.98174973,109.02279606,45.79113938,154.81393544
0.59375000,37.82509484,-80.98174973,118.80684458,45.79113938,164.59798395
0.59375000,41.52892453,-80.98174973,122.51067427,45.79113938,168.30181364
0.59375000,40.61309180,-80.98174973,121.59484153,45.79113938,167.38598091
0.59375000,40.56942859,-80.98174973,121.55117833,45.79113938,167.34231770
0.59375000,27.66030727,-80.98174973,108.64205700,45.79113938,154.43319638
0.59375000,35.90177078,-80.98174973,116.88352052,45.79113938,162.67465989
0.59375000,32.07543094,-80.98174973,113.05718067,45.79113938,158.84832005
0.59375000,33.73956812,-80.98174973,114.72131786,45.79113938,160.51245723
0.59375000,39.39337375,-80.98174973,120.37512348,45.79113938,166.16626286
0.59375000,31.47562617,-80.98174973,112.45737591,45.79113938,158.24851528
0.59375000,40.33343156,-80.98174973,121.31518130,45.79113938,167.10632067
0.62500000,19.72810164,-81.22929380,100.95739544,45.13756892,146.09496436
0.62500000,21.75145047,-81.22929380,102.98074427,45.13756892,148.11831319
0.62500000,22.20435789,-81.22929380,103.43365169,45.13756892,148.57122061
0.62500000,34.60566062,-81.22929380,115.83495443,45.13756892,160.97252334
0.62500000,25.13803547,-81.22929380,106.36732927,45.13756892,151.50489819
0.62500000,18.31824148,-81.22929380,99.54753528,45.13756892,144.68510420
0.62500000,27.33543305,-81.22929380,108.56472685,45.13756892,153.70229577
0.62500000,34.71286328,-81.22929380,115.94215708,45.13756892,161.07972600
0.62500000,25.41457703,-81.22929380,106.64387083,45.13756892,151.78143975
0.62500000,28.92946516,-81.22929380,110.15875896,45.13756892,155.29632788
0.62500000,35.86234492,-81.22929380,117.09163872,45.13756892,162.22920764
0.62500000,34.12881281,-81.22929380,115.35810661,45.13756892,160.49567553
0.62500000,35.17722055,-81.22929380,116.40651435,45.13756892,161.54408327
0.62500000,24.59791828,-81.22929380,105.82721208,45.13756892,150.96478100
0.62500000,29.70860828,-81.22929380,110.93790208,45.13756892,156.07547100
0.62500000,28.28408437,-81.22929380,109.51337818,45.13756892,154.65094709
0.62500000,20.88802047,-81.22929380,102.11731427,45.13756892,147.25488319
0.62500000,30.26653930,-81.22929380,111.49583310,45.13756892,156.63340202
0.62500000,42.82506953,-81.22929380,124.05436333,45.13756892,169.19193225
0.62500000,37.92897336,-81.22929380,119.15826716,45.13756892,164.29583608
0.62500000,27.35484570,-81.22929380,108.58413950,45.13756892,153.72170842
0.62500000,37.48375922,-81.22929380,118.71305302,45.13756892,163.85062194
0.62500000,24.03738867,-81.22929380,105.26668247,45.13756892,150.40425139
0.62500000,22.68396078,-81.22929380,103.91325458,45.13756892,149.05082350
0.62500000,26.86103398,-81.22929380,108.09032778,45.13756892,153.22789670
0.62500000,27.75232563,-81.22929380,108.98161943,45.13756892,154.11918834
0.62500000,33.98870016,-81.22929380,115.21799396,45.13756892,160.35556288
0.62500000,32.26862000,-81.22929380,113.49791380,45.13756892,158.63548272
0.62500000,34.38529953,-81.22929380,115.61459333,45.13756892,160.75216225
0.62500000,31.37610602,-81.22929380,112.60539982,45.13756892,157.74296874
0.62500000,30.76564258,-81.22929380,111.99493638,45.13756892,157.13250530
0.62500000,28.64528781,-81.22929380,109.87458161,45.13756892,155.01215053
0.62500000,33.54400836,-81.22929380,114.77330216,45.13756892,159.91087108
0.62500000,25.93106945,-81.22929380,107.16036325,45.13756892,152.29793217
0.62500000,24.32687641,-81.22929380,105.55617021,45.13756892,150.69373913
0.62500000,26.15433711,-81.22929380,107.38363091,45.13756892,152.52119983
0.62500000,25.88198523,-81.22929380,107.11127903,45.13756892,152.24884795
0.62500000,24.43287047,-81.22929380,105.66216427,45.13756892,150.79973319
0.62500000,27.81739422,-81.22929380,109.04668802,45.13756892,154.18425694
0.62500000,24.51094937,-81.22929380,105.74024318,45.13756892,150.87781209
0.62500000,23.35016180,-81.22929380,104.57945560,45.13756892,149.71702452
0.62500000,24.59167906,-81.22929380,105.82097286,45.13756892,150.95854178
0.62500000,29.26357500,-81.22929380,110.49286880,45.13756892,155.63043772
0.62500000,28.97051492,-81.22929380,110.19980872,45.13756892,155.33737764
0.62500000,24.22326844,-81.22929380,105.45256224,45.13756892,150.59013116
0.62500000,31.17378148,-81.22929380,112.40307528,45.13756892,157.54064420
0.62500000,31.42982195,-81.22929380,112.65911575,45.13756892,157.79668467
0.62500000,29.30966727,-81.22929380,110.53896107,45.13756892,155.67652999
0.62500000,29.79453250,-81.22929380,111.02382630,45.13756892,156.16139522
0.62500000,26.03112484,-81.22929380,107.26041864,45.13756892,152.39798756
0.62500000,28.42168766,-81.22929380,109.65098146,45.13756892,154.78855038
0.62500000,21.86986266,-81.22929380,103.09915646,45.13756892,148.23672538
0.62500000,29.26951391,-81.22929380,110.49880771,45.13756892,155.63637663
0.62500000,38.98253469,-81.22929380,120.21182849,45.13756892,165.34939741
0.62500000,31.22892133,-81.22929380,112.45821513,45.13756892,157.59578405
0.62500000,26.22955617,-81.22929380,107.45884997,45.13756892,152.59641889
0.62500000,17.72410703,-81.22929380,98.95340083,45.13756892,144.09096975
0.62500000,34.06164156,-81.22929380,115.29093536,45.13756892,160.42850428
0.62500000,27.71855344,-81.22929380,108.94784724,45.13756892,154.08541616
0.62500000,16.55269727,-81.22929380,97.78199107,45.13756892,142.91955999
0.62500000,31.43065102,-81.22929380,112.65994482,45.13756892,157.79751374
0.62500000,23.99447703,-81.22929380,105.22377083,45.13756892,150.36133975
0.62500000,23.68976258,-81.22929380,104.91905638,45.13756892,150.05662530
0.62500000,25.46828289,-81.22929380,106.69757669,45.13756892,151.83514561
0.62500000,33.24001516,-81.22929380,114.46930896,45.13756892,159.60687788
0.62500000,29.76731320,-81.22929380,110.99660700,45.13756892,156.13417592
0.62500000,30.07677844,-81.22929380,111.30607224,45.13756892,156.44364116
0.62500000,31.20843555,-81.22929380,112.43772935,45.13756892,157.57529827
0.62500000,24.63875117,-81.22929380,105.86804497,45.13756892,151.00561389
0.62500000,27.11700414,-81.22929380,108.34629794,45.13756892,153.48386686
0.62500000,20.61380266,-81.22929380,101.84309646,45.13756892,146.98066538
0.62500000,24.05466945,-81.22929380,105.28396325,45.13756892,150.42153217
0.62500000,21.46368750,-81.22929380,102.69298130,45.13756892,147.83055022
0.62500000,17.18000141,-81.22929380,98.40929521,45.13756892,143.54686413
0.62500000,30.68803281,-81.22929380,111.91732661,45.13756892,157.05489553
0.62500000,29.57258648,-81.22929380,110.80188028,45.13756892,155.93944920
0.62500000,30.14703352,-81.22929380,111.37632732,45.13756892,156.51389624
0.62500000,27.61108648,-81.22929380,108.84038028,45.13756892,153.97794920
0.62500000,22.16477180,-81.22929380,103.39406560,45.13756892,148.53163452
0.62500000,28.98392305,-81.22929380,110.21321685,45.13756892,155.35078577
0.62500000,22.36090914,-81.22929380,103.59020294,45.13756892,148.72777186
0.62500000,29.82564266,-81.22929380,111.05493646,45.13756892,156.19250538
0.62500000,26.95555437,-81.22929380,108.18484818,45.13756892,153.32241709
0.62500000,32.89726625,-81.22929380,114.12656005,45.13756892,159.26412897
0.62500000,38.65846695,-81.22929380,119.88776075,45.13756892,165.02532967
0.62500000,18.62581648,-81.22929380,99.85511028,45.13756892,144.99267920
0.62500000,24.14246953,-81.22929380,105.37176333,45.13756892,150.50933225
0.62500000,31.85739633,-81.22929380,113.08669013,45.13756892,158.22425905
0.62500000,23.61979617,-81.22929380,104.84908997,45.13756892,149.98665889
0.62500000,25.47499273,-81.22929380,106.70428653,45.13756892,151.84185545
0.62500000,31.48426648,-81.22929380,112.71356028,45.13756892,157.85112920
0.62500000,23.53243430,-81.22929380,104.76172810,45.13756892,149.89929702
0.62500000,23.58076117,-81.22929380,104.81005497,45.13756892,149.94762389
0.62500000,30.29365070,-81.22929380,111.52294450,45.13756892,156.66051342
0.62500000,20.42210836,-81.22929380,101.65140216,45.13756892,146.78897108
0.62500000,35.72167273,-81.22929380,116.95096653,45.13756892,162.08853545
0.62500000,25.02528148,-81.22929380,106.25457528,45.13756892,151.39214420
0.62500000,32.15339008,-81.22929380,113.38268388,45.13756892,158.52025280
0.62500000,26.18302961,-81.22929380,107.41232341,45.13756892,152.54989233
0.62500000,24.65676336,-81.22929380,105.88605716,45.13756892,151.02362608
0.65625000,18.41354906,-81.47683787,99.89038693,44.48399846,144.37438539
0.65625000,22.24218562,-81.47683787,103.71902349,44.48399846,148.20302195
0.65625000,24.86891195,-81.47683787,106.34574982,44.48399846,150.82974828
0.65625000,21.78261227,-81.47683787,103.25945013,44.48399846,147.74344859
0.65625000,19.03599656,-81.47683787,100.51283443,44.48399846,144.99683289
0.65625000,21.94897453,-81.47683787,103.42581240,44.48399846,147.90981086
0.65625000,19.57388484,-81.47683787,101.05072271,44.48399846,145.53472117
0.65625000,23.38401852,-81.47683787,104.86085638,44.48399846,149.34485484
0.65625000,16.83031398,-81.47683787,98.30715185,44.48399846,142.79115031
0.65625000,17.61593047,-81.47683787,99.09276834,44.48399846,143.57676680
0.65625000,26.01822641,-81.47683787,107.49506427,44.48399846,151.97906274
0.65625000,23.01497500,-81.47683787,104.49181287,44.48399846,148.97581133
0.65625000,23.51214305,-81.47683787,104.98898091,44.48399846,149.47297938
0.65625000,7.62631086,-81.47683787,89.10314873,44.48399846,133.58714719
0.65625000,28.69522766,-81.47683787,110.17206552,44.48399846,154.65606399
0.65625000,19.14750898,-81.47683787,100.62434685,44.48399846,145.10834531
0.65625000,20.16667031,-81.47683787,101.64350818,44.48399846,146.12750664
0.65625000,10.60651391,-81.47683787,92.08335177,44.48399846,136.56735024
0.65625000,11.58607078,-81.47683787,93.06290865,44.48399846,137.54690711
0.65625000,17.77538367,-81.47683787,99.25222154,44.48399846,143.73622000
0.65625000,24.52128937,-81.47683787,105.99812724,44.48399846,150.48212570
0.65625000,13.49013984,-81.47683787,94.96697771,44.48399846,139.45097617
0.65625000,25.41198922,-81.47683787,106.88882709,44.48399846,151.37282555
0.65625000,28.42022203,-81.47683787,109.89705990,44.48399846,154.38105836
0.65625000,20.27383375,-81.47683787,101.75067162,44.48399846,146.23467008
0.65625000,15.11262289,-81.47683787,96.58946076,44.48399846,141.07345922
0.65625000,17.85640023,-81.47683787,99.33323810,44.48399846,143.81723656
0.65625000,28.59959398,-81.47683787,110.07643185,44.48399846,154.56043031
0.65625000,26.76379750,-81.47683787,108.24063537,44.48399846,152.72463383
0.65625000,18.54137273,-81.47683787,100.01821060,44.48399846,144.50220906
0.65625000,25.80831766,-81.47683787,107.28515552,44.48399846,151.76915399
0.65625000,23.39328328,-81.47683787,104.87012115,44.48399846,149.35411961
0.65625000,19.42959148,-81.47683787,100.90642935,44.48399846,145.39042781
0.65625000,27.27655844,-81.47683787,108.75339630,44.48399846,153.23739477
0.65625000,26.86147680,-81.47683787,108.33831466,44.48399846,152.82231313
0.65625000,25.96100406,-81.47683787,107.43784193,44.48399846,151.92184039
0.65625000,18.75543375,-81.47683787,100.23227162,44.48399846,144.71627008
0.65625000,23.59790719,-81.47683787,105.07474505,44.48399846,149.55874352
0.65625000,14.27827711,-81.47683787,95.75511498,44.48399846,140.23911344
0.65625000,19.17731297,-81.47683787,100.65415084,44.48399846,145.13814930
0.65625000,10.40937508,-81.47683787,91.88621294,44.48399846,136.37021141
0.65625000,22.08965906,-81.47683787,103.56649693,44.48399846,148.05049539
0.65625000,22.40300156,-81.47683787,103.87983943,44.48399846,148.36383789
0.65625000,15.50414109,-81.47683787,96.98097896,44.48399846,141.46497742
0.65625000,18.40279555,-81.47683787,99.87963341,44.48399846,144.36363188
0.65625000,19.86822102,-81.47683787,101.34505888,44.48399846,145.82905734
0.65625000,24.93825391,-81.47683787,106.41509177,44.48399846,150.89909024
0.65625000,20.86888859,-81.47683787,102.34572646,44.48399846,146.82972492
0.65625000,19.95062750,-81.47683787,101.42746537,44.48399846,145.91146383
0.65625000,15.82416375,-81.47683787,97.30100162,44.48399846,141.78500008
0.65625000,15.37035648,-81.47683787,96.84719435,44.48399846,141.33119281
0.65625000,17.40256836,-81.47683787,98.87940623,44.48399846,143.36340469
0.65625000,20.90342227,-81.47683787,102.38026013,44.48399846,146.86425859
0.65625000,19.42303500,-81.47683787,100.89987287,44.48399846,145.38387133
0.65625000,20.82769336,-81.47683787,102.30453123,44.48399846,146.78852969
0.65625000,21.11548703,-81.47683787,102.59232490,44.48399846,147.07632336
0.65625000,14.85210953,-81.47683787,96.32894740,44.48399846,140.81294586
0.65625000,23.74841828,-81.47683787,105.22525615,44.48399846,149.70925461
0.65625000,18.13388289,-81.47683787,99.61072076,44.48399846,144.09471922
0.65625000,29.29091094,-81.47683787,110.76774880,44.48399846,155.25174727
0.65625000,25.66960219,-81.47683787,107.14644005,44.48399846,151.63043852
0.65625000,23.44271406,-81.47683787,104.91955193,44.48399846,149.40355039
0.65625000,18.75274898,-81.47683787,100.22958685,44.48399846,144.71358531
0.65625000,18.70449547,-81.47683787,100.18133334,44.48399846,144.66533180
0.65625000,20.02110234,-81.47683787,101.49794021,44.48399846,145.98193867
0.65625000,27.16801000,-81.47683787,108.64484787,44.48399846,153.12884633
0.65625000,19.85249727,-81.47683787,101.32933513,44.48399846,145.81333359
0.65625000,23.84055609,-81.47683787,105.31739396,44.48399846,149.80139242
0.65625000,23.08789484,-81.47683787,104.56473271,44.48399846,149.04873117
0.65625000,21.54457656,-81.47683787,103.02141443,44.48399846,147.50541289
0.65625000,22.40219719,-81.47683787,103.87903505,44.48399846,148.36303352
0.65625000,36.41232023,-81.47683787,117.88915810,44.48399846,162.37315656
0.65625000,21.02510953,-81.47683787,102.50194740,44.48399846,146.98594586
0.65625000,20.85415742,-81.47683787,102.33099529,44.48399846,146.81499375
0.65625000,20.76563797,-81.47683787,102.24247584,44.48399846,146.72647430
0.65625000,27.16790961,-81.47683787,108.64474748,44.48399846,153.12874594
0.65625000,18.34752891,-81.47683787,99.82436677,44.48399846,144.30836524
0.65625000,21.65965953,-81.47683787,103.13649740,44.48399846,147.62049586
0.65625000,15.47376547,-81.47683787,96.95060334,44.48399846,141.43460180
0.65625000,13.19001641,-81.47683787,94.66685427,44.48399846,139.15085274
0.65625000,14.82369789,-81.47683787,96.30053576,44.48399846,140.78453422
0.65625000,12.28672500,-81.47683787,93.76356287,44.48399846,138.24756133
0.65625000,12.51125539,-81.47683787,93.98809326,44.48399846,138.47209172
0.65625000,16.84955859,-81.47683787,98.32639646,44.48399846,142.81039492
0.65625000,21.03809391,-81.47683787,102.51493177,44.48399846,146.99893024
0.65625000,24.45949141,-81.47683787,105.93632927,44.48399846,150.42032774
0.65625000,23.94131766,-81.47683787,105.41815552,44.48399846,149.90215399
0.65625000,29.06183781,-81.47683787,110.53867568,44.48399846,155.02267414
0.65625000,20.22753070,-81.47683787,101.70436857,44.48399846,146.18836703
0.65625000,27.65206359,-81.47683787,109.12890146,44.48399846,153.61289992
0.65625000,19.17522367,-81.47683787,100.65206154,44.48399846,145.13606000
0.65625000,19.31734062,-81.47683787,100.79417849,44.48399846,145.27817695
0.65625000,22.96165234,-81.47683787,104.43849021,44.48399846,148.92248867
0.65625000,19.12200719,-81.47683787,100.59884505,44.48399846,145.08284352
0.65625000,24.04777000,-81.47683787,105.52460787,44.48399846,150.00860633
0.65625000,14.62335703,-81.47683787,96.10019490,44.48399846,140.58419336
0.65625000,26.73541062,-81.47683787,108.21224849,44.48399846,152.69624695
0.65625000,24.54698062,-81.47683787,106.02381849,44.48399846,150.50781695
0.65625000,30.29751898,-81.47683787,111.77435685,44.48399846,156.25835531
0.65625000,22.90212109,-81.47683787,104.37895896,44.48399846,148.86295742
0.68750000,9.21044531,-81.72438193,90.93482724,43.83042801,134.76525525
0.68750000,12.64116328,-81.72438193,94.36554521,43.83042801,138.19597322
0.68750000,10.40766531,-81.72438193,92.13204724,43.83042801,135.96247525
0.68750000,8.64530156,-81.72438193,90.36968349,43.83042801,134.20011150
0.68750000,15.88693727,-81.72438193,97.61131920,43.83042801,141.44174720
0.68750000,13.07215367,-81.72438193,94.79653560,43.83042801,138.62696361
0.68750000,21.73271047,-81.72438193,103.45709240,43.83042801,147.28752041
0.68750000,14.14472953,-81.72438193,95.86911146,43.83042801,139.69953947
0.68750000,10.05203594,-81.72438193,91.77641787,43.83042801,135.60684588
0.68750000,15.28035273,-81.72438193,97.00473467,43.83042801,140.83516267
0.68750000,14.62584109,-81.72438193,96.35022303,43.83042801,140.18065103
0.68750000,13.08516227,-81.72438193,94.80954420,43.83042801,138.63997220
0.68750000,16.45883789,-81.72438193,98.18321982,43.83042801,142.01364783
0.68750000,11.93367578,-81.72438193,93.65805771,43.83042801,137.48848572
0.68750000,12.01140234,-81.72438193,93.73578428,43.83042801,137.56621228
0.68750000,16.60868594,-81.72438193,98.33306787,43.83042801,142.16349588
0.68750000,5.01311453,-81.72438193,86.73749646,43.83042801,130.56792447
0.68750000,18.16671141,-81.72438193,99.89109334,43.83042801,143.72152135
0.68750000,17.79191891,-81.72438193,99.51630084,43.83042801,143.34672885
0.68750000,13.67715148,-81.72438193,95.40153342,43.83042801,139.23196142
0.68750000,13.66195250,-81.72438193,95.38633443,43.83042801,139.21676244
0.68750000,8.32831703,-81.72438193,90.05269896,43.83042801,133.88312697
0.68750000,-2.37399930,-81.72438193,79.35038264,43.83042801,123.18081064
0.68750000,5.39430266,-81.72438193,87.11868459,43.83042801,130.94911260
0.68750000,18.17772672,-81.72438193,99.90210865,43.83042801,143.73253666
0.68750000,13.30086023,-81.72438193,95.02524217,43.83042801,138.85567017
0.68750000,8.13285742,-81.72438193,89.85723935,43.83042801,133.68766736
0.68750000,15.90089992,-81.72438193,97.62528185,43.83042801,141.45570986
0.68750000,9.64423969,-81.72438193,91.36862162,43.83042801,135.19904963
0.68750000,21.77230852,-81.72438193,103.49669045,43.83042801,147.32711845
0.68750000,10.62536742,-81.72438193,92.34974935,43.83042801,136.18017736
0.68750000,13.44390328,-81.72438193,95.16828521,43.83042801,138.99871322
0.68750000,4.82141969,-81.72438193,86.54580162,43.83042801,130.37622963
0.68750000,9.32558031,-81.72438193,91.04996224,43.83042801,134.88039025
0.68750000,6.47125414,-81.72438193,88.19563607,43.83042801,132.02606408
0.68750000,12.82020461,-81.72438193,94.54458654,43.83042801,138.37501455
0.68750000,15.46278906,-81.72438193,97.18717099,43.83042801,141.01759900
0.68750000,18.22777344,-81.72438193,99.95215537,43.83042801,143.78258338
0.68750000,9.62777539,-81.72438193,91.35215732,43.83042801,135.18258533
0.68750000,14.02617836,-81.72438193,95.75056029,43.83042801,139.58098830
0.68750000,26.01872867,-81.72438193,107.74311060,43.83042801,151.57353861
0.68750000,15.24245023,-81.72438193,96.96683217,43.83042801,140.79726017
0.68750000,11.89780742,-81.72438193,93.62218935,43.83042801,137.45261736
0.68750000,8.15280219,-81.72438193,89.87718412,43.83042801,133.70761213
0.68750000,17.20092984,-81.72438193,98.92531178,43.83042801,142.75573978
0.68750000,9.94341148,-81.72438193,91.66779342,43.83042801,135.49822142
0.68750000,16.10841609,-81.72438193,97.83279803,43.83042801,141.66322603
0.68750000,7.58194750,-81.72438193,89.30632943,43.83042801,133.13675744
0.68750000,18.43783313,-81.72438193,100.16221506,43.83042801,143.99264306
0.68750000,4.95171055,-81.72438193,86.67609248,43.83042801,130.50652049
0.68750000,6.54966266,-81.72438193,88.27404459,43.83042801,132.10447260
0.68750000,16.00314859,-81.72438193,97.72753053,43.83042801,141.55795853
0.68750000,4.89403406,-81.72438193,86.61841599,43.83042801,130.44884400
0.68750000,7.12513969,-81.72438193,88.84952162,43.83042801,132.67994963
0.68750000,15.71576898,-81.72438193,97.44015092,43.83042801,141.27057892
0.68750000,10.35711812,-81.72438193,92.08150006,43.83042801,135.91192806
0.68750000,6.54197484,-81.72438193,88.26635678,43.83042801,132.09678478
0.68750000,9.15359609,-81.72438193,90.87797803,43.83042801,134.70840603
0.68750000,7.04460312,-81.72438193,88.76898506,43.83042801,132.59941306
0.68750000,20.91717117,-81.72438193,102.64155310,43.83042801,146.47198111
0.68750000,22.88971312,-81.72438193,104.61409506,43.83042801,148.44452306
0.68750000,14.86410922,-81.72438193,96.58849115,43.83042801,140.41891916
0.68750000,21.78041711,-81.72438193,103.50479904,43.83042801,147.33522705
0.68750000,19.80634023,-81.72438193,101.53072217,43.83042801,145.36115017
0.68750000,17.34315250,-81.72438193,99.06753443,43.83042801,142.89796244
0.68750000,13.00002789,-81.72438193,94.72440982,43.83042801,138.55483783
0.68750000,6.83047469,-81.72438193,88.55485662,43.83042801,132.38528463
0.68750000,8.51699711,-81.72438193,90.24137904,43.83042801,134.07180705
0.68750000,15.12870781,-81.72438193,96.85308974,43.83042801,140.68351775
0.68750000,15.54435133,-81.72438193,97.26873326,43.83042801,141.09916127
0.68750000,1.44880461,-81.72438193,83.17318654,43.83042801,127.00361455
0.68750000,22.09823187,-81.72438193,103.82261381,43.83042801,147.65304181
0.68750000,8.34570180,-81.72438193,90.07008373,43.83042801,133.90051174
0.68750000,16.16491492,-81.72438193,97.88929685,43.83042801,141.71972486
0.68750000,10.77617539,-81.72438193,92.50055732,43.83042801,136.33098533
0.68750000,10.99816789,-81.72438193,92.72254982,43.83042801,136.55297783
0.68750000,10.11531414,-81.72438193,91.83969607,43.83042801,135.67012408
0.68750000,15.16770984,-81.72438193,96.89209178,43.83042801,140.72251978
0.68750000,12.67382078,-81.72438193,94.39820271,43.83042801,138.22863072
0.68750000,3.49546094,-81.72438193,85.21984287,43.83042801,129.05027088
0.68750000,20.82074062,-81.72438193,102.54512256,43.83042801,146.37555056
0.68750000,16.09712961,-81.72438193,97.82151154,43.83042801,141.65193955
0.68750000,13.27188414,-81.72438193,94.99626607,43.83042801,138.82669408
0.68750000,16.90976102,-81.72438193,98.63414295,43.83042801,142.46457095
0.68750000,6.59699914,-81.72438193,88.32138107,43.83042801,132.15180908
0.68750000,14.08680898,-81.72438193,95.81119092,43.83042801,139.64161892
0.68750000,17.35723164,-81.72438193,99.08161357,43.83042801,142.91204158
0.68750000,13.88271672,-81.72438193,95.60709865,43.83042801,139.43752666
0.68750000,16.80074430,-81.72438193,98.52512623,43.83042801,142.35555424
0.68750000,11.72638000,-81.72438193,93.45076193,43.83042801,137.28118994
0.68750000,9.79954133,-81.72438193,91.52392326,43.83042801,135.35435127
0.68750000,22.12156883,-81.72438193,103.84595076,43.83042801,147.67637877
0.68750000,4.59769852,-81.72438193,86.32208045,43.83042801,130.15250845
0.68750000,16.50396133,-81.72438193,98.22834326,43.83042801,142.05877127
0.68750000,8.18595023,-81.72438193,89.91033217,43.83042801,133.74076017
0.68750000,16.95365898,-81.72438193,98.67804092,43.83042801,142.50846892
0.68750000,11.93121969,-81.72438193,93.65560162,43.83042801,137.48602963
0.68750000,11.21567992,-81.72438193,92.94006185,43.83042801,136.77048986
0.68750000,18.26641250,-81.72438193,99.99079443,43.83042801,143.82122244
0.68750000,16.72352312,-81.72438193,98.44790506,43.83042801,142.27833306
0.06250000,-72.34663992,-76.77350061,4.42686069,56.90183713,61.32869782
0.06250000,-71.17552297,-76.77350061,5.59797764,56.90183713,62.49981478
0.06250000,-75.78502664,-76.77350061,0.98847397,56.90183713,57.89031110
0.06250000,-76.37172688,-76.77350061,0.40177374,56.90183713,57.30361087
0.06250000,-74.30639734,-76.77350061,2.46710327,56.90183713,59.36894040
0.06250000,-73.48223531,-76.77350061,3.29126530,56.90183713,60.19310243
0.06250000,-75.89273180,-76.77350061,0.88076882,56.90183713,57.78260595
0.06250000,-75.74935898,-76.77350061,1.02414163,56.90183713,57.92597876
0.06250000,-74.42780570,-76.77350061,2.34569491,56.90183713,59.24753204
0.06250000,-74.70919727,-76.77350061,2.06430335,56.90183713,58.96614048
0.06250000,-75.18024648,-76.77350061,1.59325413,56.90183713,58.49509126
0.06250000,-73.60914070,-76.77350061,3.16435991,56.90183713,60.06619704
0.06250000,-77.22589328,-76.77350061,-0.45239267,56.90183713,56.44944446
0.06250000,-72.98235703,-76.77350061,3.79114358,56.90183713,60.69298071
0.06250000,-73.30613930,-76.77350061,3.46736132,56.90183713,60.36919845
0.06250000,-78.55711664,-76.77350061,-1.78361603,56.90183713,55.11822110
0.06250000,-76.81589656,-76.77350061,-0.04239595,56.90183713,56.85944118
0.06250000,-73.39098570,-76.77350061,3.38251491,56.90183713,60.28435204
0.06250000,-71.44003344,-76.77350061,5.33346718,56.90183713,62.23530431
0.06250000,-75.27405570,-76.77350061,1.49944491,56.90183713,58.40128204
0.06250000,-71.35873109,-76.77350061,5.41476952,56.90183713,62.31660665
0.06250000,-71.71498188,-76.77350061,5.05851874,56.90183713,61.96035587
0.06250000,-73.20302422,-76.77350061,3.57047639,56.90183713,60.47231353
0.06250000,-76.57923031,-76.77350061,0.19427030,56.90183713,57.09610743
0.06250000,-75.71220484,-76.77350061,1.06129577,56.90183713,57.96313290
0.06250000,-76.97073992,-76.77350061,-0.19723931,56.90183713,56.70459782
0.06250000,-72.13688844,-76.77350061,4.63661218,56.90183713,61.53844931
0.06250000,-76.33261148,-76.77350061,0.44088913,56.90183713,57.34272626
0.06250000,-70.50353094,-76.77350061,6.26996968,56.90183713,63.17180681
0.06250000,-76.55683359,-76.77350061,0.21666702,56.90183713,57.11850415
0.06250000,-71.04826367,-76.77350061,5.72523694,56.90183713,62.62707407
0.06250000,-73.82500234,-76.77350061,2.94849827,56.90183713,59.85033540
0.06250000,-73.10837328,-76.77350061,3.66512733,56.90183713,60.56696446
0.06250000,-73.49102344,-76.77350061,3.28247718,56.90183713,60.18431431
0.06250000,-74.87107227,-76.77350061,1.90242835,56.90183713,58.80426548
0.06250000,-76.44712898,-76.77350061,0.32637163,56.90183713,57.22820876
0.06250000,-70.93045430,-76.77350061,5.84304632,56.90183713,62.74488345
0.06250000,-72.33422328,-76.77350061,4.43927733,56.90183713,61.34111446
0.06250000,-71.09936500,-76.77350061,5.67413561,56.90183713,62.57597274
0.06250000,-72.10556758,-76.77350061,4.66793304,56.90183713,61.56977017
0.06250000,-77.47445875,-76.77350061,-0.70095814,56.90183713,56.20087899
0.06250000,-72.98577758,-76.77350061,3.78772304,56.90183713,60.68956017
0.06250000,-76.41711047,-76.77350061,0.35639014,56.90183713,57.25822728
0.06250000,-68.20069320,-76.77350061,8.57280741,56.90183713,65.47464454
0.06250000,-75.26425641,-76.77350061,1.50924421,56.90183713,58.41108134
0.06250000,-71.43141523,-76.77350061,5.34208538,56.90183713,62.24392251
0.06250000,-73.90882852,-76.77350061,2.86467210,56.90183713,59.76650923
0.06250000,-73.04949320,-76.77350061,3.72400741,56.90183713,60.62584454
0.06250000,-73.26146633,-76.77350061,3.51203429,56.90183713,60.41387142
0.06250000,-73.81415906,-76.77350061,2.95934155,56.90183713,59.86117868
0.06250000,-71.61017508,-76.77350061,5.16332554,56.90183713,62.06516267
0.06250000,-75.87978250,-76.77350061,0.89371811,56.90183713,57.79555524
0.06250000,-75.00521312,-76.77350061,1.76828749,56.90183713,58.67012462
0.06250000,-75.50700672,-76.77350061,1.26649389,56.90183713,58.16833103
0.06250000,-71.25444070,-76.77350061,5.51905991,56.90183713,62.42089704
0.06250000,-74.58090516,-76.77350061,2.19259546,56.90183713,59.09443259
0.06250000,-74.75073758,-76.77350061,2.02276304,56.90183713,58.92460017
0.06250000,-72.27460648,-76.77350061,4.49889413,56.90183713,61.40073126
0.06250000,-71.52758508,-76.77350061,5.24591554,56.90183713,62.14775267
0.06250000,-73.41962914,-76.77350061,3.35387147,56.90183713,60.25570860
0.06250000,-70.99308000,-76.77350061,5.78042061,56.90183713,62.68225774
0.06250000,-71.45061172,-76.77350061,5.32288889,56.90183713,62.22472603
0.06250000,-82.39104500,-76.77350061,-5.61754439,56.90183713,51.28429274
0.06250000,-73.52620570,-76.77350061,3.24729491,56.90183713,60.14913204
0.06250000,-73.13367898,-76.77350061,3.63982163,56.90183713,60.54165876
0.06250000,-72.13359000,-76.77350061,4.63991061,56.90183713,61.54174774
0.06250000,-77.88825672,-76.77350061,-1.11475611,56.90183713,55.78708103
0.06250000,-77.43341000,-76.77350061,-0.65990939,56.90183713,56.24192774
0.06250000,-73.58521656,-76.77350061,3.18828405,56.90183713,60.09012118
0.06250000,-72.96475922,-76.77350061,3.80874139,56.90183713,60.71057853
0.06250000,-73.63410805,-76.77350061,3.13939257,56.90183713,60.04122970
0.06250000,-68.95353414,-76.77350061,7.81996647,56.90183713,64.72180360
0.06250000,-73.71592625,-76.77350061,3.05757436,56.90183713,59.95941149
0.06250000,-76.47262156,-76.77350061,0.30087905,56.90183713,57.20271618
0.06250000,-72.64916492,-76.77350061,4.12433569,56.90183713,61.02617282
0.06250000,-73.10637820,-76.77350061,3.66712241,56.90183713,60.56895954
0.06250000,-75.73518000,-76.77350061,1.03832061,56.90183713,57.94015774
0.06250000,-70.28155328,-76.77350061,6.49194733,56.90183713,63.39378446
0.06250000,-73.95950711,-76.77350061,2.81399350,56.90183713,59.71583063
0.06250000,-72.05499203,-76.77350061,4.71850858,56.90183713,61.62034571
0.06250000,-72.97664930,-76.77350061,3.79685132,56.90183713,60.69868845
0.06250000,-71.78686258,-76.77350061,4.98663804,56.90183713,61.88847517
0.06250000,-73.52394398,-76.77350061,3.24955663,56.90183713,60.15139376
0.06250000,-69.64719125,-76.77350061,7.12630936,56.90183713,64.02814649
0.06250000,-72.81217047,-76.77350061,3.96133014,56.90183713,60.86316728
0.06250000,-71.88377695,-76.77350061,4.88972366,56.90183713,61.79156079
0.06250000,-75.00740195,-76.77350061,1.76609866,56.90183713,58.66793579
0.06250000,-75.56319000,-76.77350061,1.21031061,56.90183713,58.11214774
0.06250000,-73.44634383,-76.77350061,3.32715679,56.90183713,60.22899392
0.06250000,-77.48100852,-76.77350061,-0.70750790,56.90183713,56.19432923
0.06250000,-77.04385812,-76.77350061,-0.27035751,56.90183713,56.63147962
0.06250000,-72.42933000,-76.77350061,4.34417061,56.90183713,61.24600774
0.06250000,-77.82633859,-76.77350061,-1.05283798,56.90183713,55.84899915
0.06250000,-73.62146586,-76.77350061,3.15203475,56.90183713,60.05387188
0.06250000,-75.59333070,-76.77350061,1.18016991,56.90183713,58.08200704
0.06250000,-69.64785375,-76.77350061,7.12564686,56.90183713,64.02748399
0.06250000,-76.01485297,-76.77350061,0.75864764,56.90183713,57.66048478
0.06250000,-73.36672414,-76.77350061,3.40677647,56.90183713,60.30861360
0.06250000,-74.54883219,-76.77350061,2.22466843,56.90183713,59.12650556
0.06250000,-73.97046891,-76.77350061,2.80303171,56.90183713,59.70486884
0.71875000,13.27879680,-81.97192600,95.25072280,43.17685755,138.42758035
0.71875000,0.81720289,-81.97192600,82.78912889,43.17685755,125.96598644
0.71875000,-7.73501000,-81.97192600,74.23691600,43.17685755,117.41377355
0.71875000,-3.21664797,-81.97192600,78.75527803,43.17685755,121.93213558
0.71875000,12.17335992,-81.97192600,94.14528592,43.17685755,137.32214347
0.71875000,2.47886375,-81.97192600,84.45078975,43.17685755,127.62764730
0.71875000,9.08594617,-81.97192600,91.05787217,43.17685755,134.23472972
0.71875000,2.89315695,-81.97192600,84.86508295,43.17685755,128.04194050
0.71875000,1.25999383,-81.97192600,83.23191983,43.17685755,126.40877738
0.71875000,0.98501305,-81.97192600,82.95693905,43.17685755,126.13379660
0.71875000,-3.49673406,-81.97192600,78.47519194,43.17685755,121.65204949
0.71875000,9.08735703,-81.97192600,91.05928303,43.17685755,134.23614058
0.71875000,5.52048336,-81.97192600,87.49240936,43.17685755,130.66926691
0.71875000,14.53714000,-81.97192600,96.50906600,43.17685755,139.68592355
0.71875000,-0.19199422,-81.97192600,81.77993178,43.17685755,124.95678933
0.71875000,0.31958828,-81.97192600,82.29151428,43.17685755,125.46837183
0.71875000,4.18450211,-81.97192600,86.15642811,43.17685755,129.33328566
0.71875000,-0.91202242,-81.97192600,81.05990358,43.17685755,124.23676113
0.71875000,0.23045016,-81.97192600,82.20237615,43.17685755,125.37923371
0.71875000,-0.46878367,-81.97192600,81.50314233,43.17685755,124.67999988
0.71875000,5.21498609,-81.97192600,87.18691209,43.17685755,130.36376964
0.71875000,0.17034609,-81.97192600,82.14227209,43.17685755,125.31912964
0.71875000,14.08495508,-81.97192600,96.05688108,43.17685755,139.23373863
0.71875000,4.04074422,-81.97192600,86.01267022,43.17685755,129.18952777
0.71875000,5.20713117,-81.97192600,87.17905717,43.17685755,130.35591472
0.71875000,4.81303391,-81.97192600,86.78495990,43.17685755,129.96181746
0.71875000,12.00836906,-81.97192600,93.98029506,43.17685755,137.15715261
0.71875000,0.63665492,-81.97192600,82.60858092,43.17685755,125.78543847
0.71875000,8.47517828,-81.97192600,90.44710428,43.17685755,133.62396183
0.71875000,-4.19364086,-81.97192600,77.77828514,43.17685755,120.95514269
0.71875000,9.76938344,-81.97192600,91.74130944,43.17685755,134.91816699
0.71875000,2.72114336,-81.97192600,84.69306936,43.17685755,127.86992691
0.71875000,5.32573258,-81.97192600,87.29765858,43.17685755,130.47451613
0.71875000,8.46836398,-81.97192600,90.44028998,43.17685755,133.61714753
0.71875000,10.66299797,-81.97192600,92.63492397,43.17685755,135.81178152
0.71875000,-4.41726844,-81.97192600,77.55465756,43.17685755,120.73151511
0.71875000,-4.60081852,-81.97192600,77.37110748,43.17685755,120.54796503
0.71875000,0.40549234,-81.97192600,82.37741834,43.17685755,125.55427589
0.71875000,-6.34569180,-81.97192600,75.62623420,43.17685755,118.80309175
0.71875000,1.73719523,-81.97192600,83.70912123,43.17685755,126.88597878
0.71875000,9.13354320,-81.97192600,91.10546920,43.17685755,134.28232675
0.71875000,8.42696672,-81.97192600,90.39889272,43.17685755,133.57575027
0.71875000,5.65003687,-81.97192600,87.62196287,43.17685755,130.79882042
0.71875000,0.81413008,-81.97192600,82.78605608,43.17685755,125.96291363
0.71875000,0.27114266,-81.97192600,82.24306865,43.17685755,125.41992621
0.71875000,2.85050859,-81.97192600,84.82243459,43.17685755,127.99929214
0.71875000,4.61856547,-81.97192600,86.59049147,43.17685755,129.76734902
0.71875000,-1.15720797,-81.97192600,80.81471803,43.17685755,123.99157558
0.71875000,3.49865875,-81.97192600,85.47058475,43.17685755,128.64744230
0.71875000,-2.67255805,-81.97192600,79.29936795,43.17685755,122.47622550
0.71875000,2.06433172,-81.97192600,84.03625772,43.17685755,127.21311527
0.71875000,0.66377219,-81.97192600,82.63569819,43.17685755,125.81255574
0.71875000,-2.46730258,-81.97192600,79.50462342,43.17685755,122.68148097
0.71875000,13.24157766,-81.97192600,95.21350365,43.17685755,138.39036121
0.71875000,4.42057688,-81.97192600,86.39250287,43.17685755,129.56936042
0.71875000,15.83960555,-81.97192600,97.81153155,43.17685755,140.98838910
0.71875000,7.86099437,-81.97192600,89.83292037,43.17685755,133.00977792
0.71875000,3.53833141,-81.97192600,85.51025740,43.17685755,128.68711496
0.71875000,8.58422305,-81.97192600,90.55614905,43.17685755,133.73300660
0.71875000,0.90516969,-81.97192600,82.87709569,43.17685755,126.05395324
0.71875000,0.99120750,-81.97192600,82.96313350,43.17685755,126.13999105
0.71875000,3.16585203,-81.97192600,85.13777803,43.17685755,128.31463558
0.71875000,2.32445180,-81.97192600,84.29637780,43.17685755,127.47323535
0.71875000,2.92837461,-81.97192600,84.90030061,43.17685755,128.07715816
0.71875000,7.89543867,-81.97192600,89.86736467,43.17685755,133.04422222
0.71875000,6.46348633,-81.97192600,88.43541233,43.17685755,131.61226988
0.71875000,6.76220812,-81.97192600,88.73413412,43.17685755,131.91099167
0.71875000,2.05151422,-81.97192600,84.02344022,43.17685755,127.20029777
0.71875000,12.55404250,-81.97192600,94.52596850,43.17685755,137.70282605
0.71875000,2.70058844,-81.97192600,84.67251444,43.17685755,127.84937199
0.71875000,2.49470734,-81.97192600,84.46663334,43.17685755,127.64349089
0.71875000,-2.71193852,-81.97192600,79.25998748,43.17685755,122.43684503
0.71875000,1.26831461,-81.97192600,83.24024061,43.17685755,126.41709816
0.71875000,-3.29045922,-81.97192600,78.68146678,43.17685755,121.85832433
0.71875000,1.21326977,-81.97192600,83.18519576,43.17685755,126.36205331
0.71875000,5.51465352,-81.97192600,87.48657951,43.17685755,130.66343706
0.71875000,-8.21228773,-81.97192600,73.75963826,43.17685755,116.93649581
0.71875000,-0.03911648,-81.97192600,81.93280951,43.17685755,125.10966706
0.71875000,4.51148711,-81.97192600,86.48341311,43.17685755,129.66027066
0.71875000,-4.63178898,-81.97192600,77.34013701,43.17685755,120.51699456
0.71875000,7.19915352,-81.97192600,89.17107951,43.17685755,132.34793706
0.71875000,-4.85976211,-81.97192600,77.11216389,43.17685755,120.28902144
0.71875000,-10.01997227,-81.97192600,71.95195373,43.17685755,115.12881128
0.71875000,3.20667195,-81.97192600,85.17859795,43.17685755,128.35545550
0.71875000,-4.59598250,-81.97192600,77.37594350,43.17685755,120.55280105
0.71875000,14.50719188,-81.97192600,96.47911787,43.17685755,139.65597542
0.71875000,1.82598391,-81.97192600,83.79790990,43.17685755,126.97476746
0.71875000,4.25394555,-81.97192600,86.22587155,43.17685755,129.40272910
0.71875000,-3.40218070,-81.97192600,78.56974530,43.17685755,121.74660285
0.71875000,1.67711703,-81.97192600,83.64904303,43.17685755,126.82590058
0.71875000,8.76553242,-81.97192600,90.73745842,43.17685755,133.91431597
0.71875000,3.75716641,-81.97192600,85.72909240,43.17685755,128.90594996
0.71875000,4.51145844,-81.97192600,86.48338444,43.17685755,129.66024199
0.71875000,8.69788961,-81.97192600,90.66981561,43.17685755,133.84667316
0.71875000,9.04909117,-81.97192600,91.02101717,43.17685755,134.19787472
0.71875000,9.12725141,-81.97192600,91.09917740,43.17685755,134.27603496
0.71875000,-0.65237531,-81.97192600,81.31955069,43.17685755,124.49640824
0.71875000,4.08413781,-81.97192600,86.05606381,43.17685755,129.23292136
0.71875000,6.78409336,-81.97192600,88.75601936,43.17685755,131.93287691
0.71875000,1.93663539,-81.97192600,83.90856139,43.17685755,127.08541894
0.75000000,-5.94980227,-82.21947006,76.26966780,42.52328709,118.79295489
0.75000000,-14.24422727,-82.21947006,67.97524280,42.52328709,110.49852989
0.75000000,-11.99510773,-82.21947006,70.22436233,42.52328709,112.74764942
0.75000000,-9.55561195,-82.21947006,72.66385811,42.52328709,115.18714521
0.75000000,-2.47157742,-82.21947006,79.74789264,42.52328709,122.27117974
0.75000000,-10.27493016,-82.21947006,71.94453991,42.52328709,114.46782700
0.75000000,-6.91026578,-82.21947006,75.30920428,42.52328709,117.83249138
0.75000000,-5.76886305,-82.21947006,76.45060702,42.52328709,118.97389411
0.75000000,-0.33121930,-82.21947006,81.88825077,42.52328709,124.41153786
0.75000000,4.29569727,-82.21947006,86.51516733,42.52328709,129.03845442
0.75000000,2.96571523,-82.21947006,85.18518530,42.52328709,127.70847239
0.75000000,-0.82549930,-82.21947006,81.39397077,42.52328709,123.91725786
0.75000000,-6.44665688,-82.21947006,75.77281319,42.52328709,118.29610028
0.75000000,-1.87919133,-82.21947006,80.34027874,42.52328709,122.86356583
0.75000000,-13.96907688,-82.21947006,68.25039319,42.52328709,110.77368028
0.75000000,-2.94585672,-82.21947006,79.27361335,42.52328709,121.79690044
0.75000000,-13.86280000,-82.21947006,68.35667006,42.52328709,110.87995716
0.75000000,-11.00659125,-82.21947006,71.21287881,42.52328709,113.73616591
0.75000000,-8.46328492,-82.21947006,73.75618514,42.52328709,116.27947224
0.75000000,0.48746391,-82.21947006,82.70693397,42.52328709,125.23022106
0.75000000,-13.62409258,-82.21947006,68.59537749,42.52328709,111.11866458
0.75000000,-0.84869828,-82.21947006,81.37077178,42.52328709,123.89405888
0.75000000,-4.25120328,-82.21947006,77.96826678,42.52328709,120.49155388
0.75000000,-4.62308578,-82.21947006,77.59638428,42.52328709,120.11967138
0.75000000,-13.86697242,-82.21947006,68.35249764,42.52328709,110.87578474
0.75000000,-13.64319586,-82.21947006,68.57627420,42.52328709,111.09956130
0.75000000,-2.93662023,-82.21947006,79.28284983,42.52328709,121.80613692
0.75000000,-5.79483719,-82.21947006,76.42463288,42.52328709,118.94791997
0.75000000,-1.40198484,-82.21947006,80.81748522,42.52328709,123.34077231
0.75000000,-6.76579969,-82.21947006,75.45367038,42.52328709,117.97695747
0.75000000,-16.39250266,-82.21947006,65.82696741,42.52328709,108.35025450
0.75000000,-5.60356953,-82.21947006,76.61590053,42.52328709,119.13918763
0.75000000,-3.00996500,-82.21947006,79.20950506,42.52328709,121.73279216
0.75000000,-3.88997687,-82.21947006,78.32949319,42.52328709,120.85278028
0.75000000,-7.03525430,-82.21947006,75.18421577,42.52328709,117.70750286
0.75000000,-2.87579281,-82.21947006,79.34367725,42.52328709,121.86696435
0.75000000,-5.62158281,-82.21947006,76.59788725,42.52328709,119.12117435
0.75000000,-5.57783125,-82.21947006,76.64163881,42.52328709,119.16492591
0.75000000,-2.55890875,-82.21947006,79.66056131,42.52328709,122.18384841
0.75000000,-12.65475148,-82.21947006,69.56471858,42.52328709,112.08800567
0.75000000,-4.73212633,-82.21947006,77.48734374,42.52328709,120.01063083
0.75000000,-2.92457844,-82.21947006,79.29489163,42.52328709,121.81817872
0.75000000,-12.11694234,-82.21947006,70.10252772,42.52328709,112.62581481
0.75000000,-3.62833875,-82.21947006,78.59113131,42.52328709,121.11441841
0.75000000,-3.86006672,-82.21947006,78.35940335,42.52328709,120.88269044
0.75000000,-5.23687688,-82.21947006,76.98259319,42.52328709,119.50588028
0.75000000,-8.75379883,-82.21947006,73.46567124,42.52328709,115.98895833
0.75000000,-4.73594836,-82.21947006,77.48352170,42.52328709,120.00680880
0.75000000,-8.58555500,-82.21947006,73.63391506,42.52328709,116.15720216
0.75000000,-5.76312500,-82.21947006,76.45634506,42.52328709,118.97963216
0.75000000,-12.43065133,-82.21947006,69.78881874,42.52328709,112.31210583
0.75000000,-1.85875391,-82.21947006,80.36071616,42.52328709,122.88400325
0.75000000,-2.83224062,-82.21947006,79.38722944,42.52328709,121.91051653
0.75000000,-5.95575148,-82.21947006,76.26371858,42.52328709,118.78700567
0.75000000,-1.23110289,-82.21947006,80.98836717,42.52328709,123.51165427
0.75000000,-11.27047922,-82.21947006,70.94899085,42.52328709,113.47227794
0.75000000,-12.89049719,-82.21947006,69.32897288,42.52328709,111.85225997
0.75000000,-7.44214070,-82.21947006,74.77732936,42.52328709,117.30061646
0.75000000,-11.67851203,-82.21947006,70.54095803,42.52328709,113.06424513
0.75000000,-8.49953773,-82.21947006,73.71993233,42.52328709,116.24321942
0.75000000,-10.21504969,-82.21947006,72.00442038,42.52328709,114.52770747
0.75000000,-2.59956023,-82.21947006,79.61990983,42.52328709,122.14319692
0.75000000,-17.55313047,-82.21947006,64.66633960,42.52328709,107.18962669
0.75000000,-7.62187828,-82.21947006,74.59759178,42.52328709,117.12087888
0.75000000,-1.19709234,-82.21947006,81.02237772,42.52328709,123.54566481
0.75000000,-4.85000086,-82.21947006,77.36946920,42.52328709,119.89275630
0.75000000,-7.70724898,-82.21947006,74.51222108,42.52328709,117.03550817
0.75000000,-4.41591164,-82.21947006,77.80355842,42.52328709,120.32684552
0.75000000,-0.54956727,-82.21947006,81.66990280,42.52328709,124.19318989
0.75000000,-1.51810258,-82.21947006,80.70136749,42.52328709,123.22465458
0.75000000,-6.02373055,-82.21947006,76.19573952,42.52328709,118.71902661
0.75000000,-8.69587961,-82.21947006,73.52359045,42.52328709,116.04687755
0.75000000,-6.95656234,-82.21947006,75.26290772,42.52328709,117.78619481
0.75000000,-6.68313758,-82.21947006,75.53633249,42.52328709,118.05961958
0.75000000,-3.73855094,-82.21947006,78.48091913,42.52328709,121.00420622
0.75000000,-7.07461719,-82.21947006,75.14485288,42.52328709,117.66813997
0.75000000,-7.03665773,-82.21947006,75.18281233,42.52328709,117.70609942
0.75000000,1.46687594,-82.21947006,83.68634600,42.52328709,126.20963310
0.75000000,-2.64936094,-82.21947006,79.57010913,42.52328709,122.09339622
0.75000000,-2.21001359,-82.21947006,80.00945647,42.52328709,122.53274356
0.75000000,-5.90817930,-82.21947006,76.31129077,42.52328709,118.83457786
0.75000000,-9.90009094,-82.21947006,72.31937913,42.52328709,114.84266622
0.75000000,-4.14373828,-82.21947006,78.07573178,42.52328709,120.59901888
0.75000000,-7.32977555,-82.21947006,74.88969452,42.52328709,117.41298161
0.75000000,-5.48006469,-82.21947006,76.73940538,42.52328709,119.26269247
0.75000000,-5.09429602,-82.21947006,77.12517405,42.52328709,119.64846114
0.75000000,-0.28101844,-82.21947006,81.93845163,42.52328709,124.46173872
0.75000000,-6.77398531,-82.21947006,75.44548475,42.52328709,117.96877185
0.75000000,-4.15865844,-82.21947006,78.06081163,42.52328709,120.58409872
0.75000000,-6.07052867,-82.21947006,76.14894139,42.52328709,118.67222849
0.75000000,1.17735828,-82.21947006,83.39682835,42.52328709,125.92011544
0.75000000,-7.29919445,-82.21947006,74.92027561,42.52328709,117.44356271
0.75000000,0.52788188,-82.21947006,82.74735194,42.52328709,125.27063903
0.75000000,-7.01195102,-82.21947006,75.20751905,42.52328709,117.73080614
0.75000000,-4.82377352,-82.21947006,77.39569655,42.52328709,119.91898364
0.75000000,1.39288953,-82.21947006,83.61235960,42.52328709,126.13564669
0.75000000,-1.64944500,-82.21947006,80.57002506,42.52328709,123.09331216
0.75000000,-9.95849836,-82.21947006,72.26097170,42.52328709,114.78425880
0.75000000,-6.16716531,-82.21947006,76.05230475,42.52328709,118.57559185
0.75000000,-8.35714727,-82.21947006,73.86232280,42.52328709,116.38560989
