x_elem2,fe_raw_meVatom,offset_meVatom,fe_offset_corrected_meVatom
0.78125000,-48.91061783,-78.49194382,29.58132599
0.78125000,-44.97003555,-78.49194382,33.52190826
0.78125000,-44.27385330,-78.49194382,34.21809052
0.78125000,-44.55232620,-78.49194382,33.93961761
0.78125000,-45.52698135,-78.49194382,32.96496246
0.78125000,-44.18516159,-78.49194382,34.30678223
0.78125000,-42.61159897,-78.49194382,35.88034485
0.78125000,-43.60151291,-78.49194382,34.89043091
0.78125000,-40.01855850,-78.49194382,38.47338532
0.78125000,-43.77222061,-78.49194382,34.71972321
0.78125000,-44.56281662,-78.49194382,33.92912720
0.78125000,-47.86348343,-78.49194382,30.62846039
0.78125000,-45.62425613,-78.49194382,32.86768768
0.78125000,-45.30477524,-78.49194382,33.18716858
0.78125000,-45.82738876,-78.49194382,32.66455505
0.78125000,-43.42985153,-78.49194382,35.06209229
0.78125000,-49.09276962,-78.49194382,29.39917419
0.78125000,-45.66335678,-78.49194382,32.82858704
0.78125000,-43.69211197,-78.49194382,34.79983185
0.78125000,-45.35150528,-78.49194382,33.14043854
0.78125000,-47.56689072,-78.49194382,30.92505310
0.78125000,-47.60026932,-78.49194382,30.89167450
0.78125000,-46.71621323,-78.49194382,31.77573059
0.78125000,-44.83175278,-78.49194382,33.66019104
0.78125000,-44.60096359,-78.49194382,33.89098022
0.78125000,-46.10013962,-78.49194382,32.39180420
0.78125000,-46.60463333,-78.49194382,31.88731049
0.78125000,-44.12984848,-78.49194382,34.36209534
0.78125000,-45.44305801,-78.49194382,33.04888580
0.78125000,-47.79005051,-78.49194382,30.70189331
0.78125000,-42.38271713,-78.49194382,36.10922668
0.78125000,-44.75355148,-78.49194382,33.73839233
0.78125000,-46.34714127,-78.49194382,32.14480255
0.78125000,-43.35451126,-78.49194382,35.13743256
0.78125000,-48.66456985,-78.49194382,29.82737396
0.78125000,-46.44823074,-78.49194382,32.04371307
0.78125000,-45.86362839,-78.49194382,32.62831543
0.78125000,-43.77794266,-78.49194382,34.71400116
0.78125000,-43.55669022,-78.49194382,34.93525360
0.78125000,-45.14360428,-78.49194382,33.34833954
0.78125000,-44.78120804,-78.49194382,33.71073578
0.78125000,-45.20082474,-78.49194382,33.29111908
0.78125000,-41.44716263,-78.49194382,37.04478119
0.78125000,-48.20108414,-78.49194382,30.29085968
0.78125000,-46.64468765,-78.49194382,31.84725616
0.78125000,-47.00899124,-78.49194382,31.48295258
0.78125000,-49.07083511,-78.49194382,29.42110870
0.78125000,-45.89509964,-78.49194382,32.59684418
0.78125000,-47.75094986,-78.49194382,30.74099396
0.78125000,-42.55342484,-78.49194382,35.93851898
0.78125000,-45.79782486,-78.49194382,32.69411896
0.78125000,-42.09947586,-78.49194382,36.39246796
0.78125000,-43.53570938,-78.49194382,34.95623444
0.78125000,-47.79577255,-78.49194382,30.69617126
0.78125000,-48.10953140,-78.49194382,30.38241241
0.78125000,-46.65803909,-78.49194382,31.83390472
0.78125000,-45.44687271,-78.49194382,33.04507111
0.78125000,-40.08913040,-78.49194382,38.40281342
0.78125000,-47.66130447,-78.49194382,30.83063934
0.78125000,-46.68378830,-78.49194382,31.80815552
0.78125000,-41.89825058,-78.49194382,36.59369324
0.78125000,-41.25070572,-78.49194382,37.24123810
0.78125000,-49.49808121,-78.49194382,28.99386261
0.78125000,-46.12207413,-78.49194382,32.36986969
0.78125000,-40.66896439,-78.49194382,37.82297943
0.78125000,-47.33991623,-78.49194382,31.15202759
0.78125000,-41.05329514,-78.49194382,37.43864868
0.78125000,-42.69552231,-78.49194382,35.79642151
0.78125000,-45.73202133,-78.49194382,32.75992249
0.78125000,-43.20764542,-78.49194382,35.28429840
0.78125000,-42.45901108,-78.49194382,36.03293274
0.78125000,-43.22099686,-78.49194382,35.27094696
0.78125000,-45.31908035,-78.49194382,33.17286346
0.78125000,-46.42057419,-78.49194382,32.07136963
0.78125000,-46.39291763,-78.49194382,32.09902618
0.78125000,-47.32465744,-78.49194382,31.16728638
0.78125000,-42.69170761,-78.49194382,35.80023621
0.78125000,-43.96677017,-78.49194382,34.52517365
0.78125000,-43.23530197,-78.49194382,35.25664185
0.78125000,-43.92766953,-78.49194382,34.56427429
0.81250000,-52.33359337,-82.10069398,29.76710061
0.81250000,-52.66165733,-82.10069398,29.43903665
0.81250000,-51.91588402,-82.10069398,30.18480996
0.81250000,-53.43508720,-82.10069398,28.66560678
0.81250000,-50.52447319,-82.10069398,31.57622079
0.81250000,-53.05361748,-82.10069398,29.04707650
0.81250000,-52.32405663,-82.10069398,29.77663735
0.81250000,-54.28957939,-82.10069398,27.81111459
0.81250000,-50.47774315,-82.10069398,31.62295083
0.81250000,-51.24258995,-82.10069398,30.85810403
0.81250000,-54.33154106,-82.10069398,27.76915292
0.81250000,-55.90701103,-82.10069398,26.19368295
0.81250000,-52.25634575,-82.10069398,29.84434823
0.81250000,-52.41847038,-82.10069398,29.68222360
0.81250000,-52.98876762,-82.10069398,29.11192636
0.81250000,-51.66888237,-82.10069398,30.43181161
0.81250000,-54.17609215,-82.10069398,27.92460183
0.81250000,-49.23129082,-82.10069398,32.86940316
0.81250000,-50.77528954,-82.10069398,31.32540444
0.81250000,-54.73685265,-82.10069398,27.36384133
0.81250000,-51.89108849,-82.10069398,30.20960549
0.81250000,-51.68700218,-82.10069398,30.41369180
0.81250000,-50.31561852,-82.10069398,31.78507547
0.81250000,-53.40456963,-82.10069398,28.69612435
0.81250000,-53.30061913,-82.10069398,28.80007485
0.81250000,-54.13413048,-82.10069398,27.96656350
0.81250000,-53.08699608,-82.10069398,29.01369790
0.81250000,-53.11560631,-82.10069398,28.98508767
0.81250000,-49.61562157,-82.10069398,32.48507241
0.81250000,-51.50294304,-82.10069398,30.59775094
0.81250000,-50.78864098,-82.10069398,31.31205300
0.81250000,-48.84028435,-82.10069398,33.26040963
0.81250000,-51.37705803,-82.10069398,30.72363595
0.81250000,-53.00402641,-82.10069398,29.09666757
0.81250000,-51.14150047,-82.10069398,30.95919351
0.81250000,-52.34217644,-82.10069398,29.75851754
0.81250000,-53.96533012,-82.10069398,28.13536386
0.81250000,-49.40485954,-82.10069398,32.69583444
0.81250000,-49.27706718,-82.10069398,32.82362680
0.81250000,-51.22637749,-82.10069398,30.87431649
0.81250000,-53.09271812,-82.10069398,29.00797586
0.81250000,-52.33359337,-82.10069398,29.76710061
0.81250000,-50.53305626,-82.10069398,31.56763772
0.81250000,-48.10595512,-82.10069398,33.99473886
0.81250000,-50.16493797,-82.10069398,31.93575601
0.81250000,-55.23943901,-82.10069398,26.86125497
0.81250000,-54.23903465,-82.10069398,27.86165933
0.81250000,-52.09612846,-82.10069398,30.00456552
0.81250000,-50.44817924,-82.10069398,31.65251474
0.81250000,-48.99668694,-82.10069398,33.10400704
0.81250000,-50.72379112,-82.10069398,31.37690286
0.81250000,-51.57160759,-82.10069398,30.52908639
0.81250000,-49.54504967,-82.10069398,32.55564431
0.81250000,-52.17528343,-82.10069398,29.92541055
0.81250000,-50.34136772,-82.10069398,31.75932626
0.81250000,-53.37786674,-82.10069398,28.72282724
0.81250000,-53.25102806,-82.10069398,28.84966592
0.81250000,-51.06520653,-82.10069398,31.03548745
0.81250000,-49.89504814,-82.10069398,32.20564584
0.81250000,-52.02078819,-82.10069398,30.07990579
0.81250000,-52.85716057,-82.10069398,29.24353341
0.81250000,-53.88236046,-82.10069398,28.21833352
0.81250000,-50.39095879,-82.10069398,31.70973519
0.81250000,-53.46846581,-82.10069398,28.63222818
0.81250000,-52.11901665,-82.10069398,29.98167733
0.81250000,-51.29313469,-82.10069398,30.80755929
0.81250000,-53.18427086,-82.10069398,28.91642312
0.81250000,-48.65527153,-82.10069398,33.44542245
0.81250000,-55.10783195,-82.10069398,26.99286203
0.81250000,-51.41520500,-82.10069398,30.68548898
0.81250000,-50.94027519,-82.10069398,31.16041879
0.81250000,-52.93440819,-82.10069398,29.16628579
0.81250000,-55.32717705,-82.10069398,26.77351693
0.81250000,-49.35526848,-82.10069398,32.74542550
0.81250000,-48.51126671,-82.10069398,33.58942727
0.81250000,-51.54871941,-82.10069398,30.55197457
0.84375000,-61.22303009,-85.70944414,24.48641405
0.84375000,-57.12413788,-85.70944414,28.58530626
0.84375000,-58.09879303,-85.70944414,27.61065111
0.84375000,-59.73815918,-85.70944414,25.97128496
0.84375000,-61.99073792,-85.70944414,23.71870623
0.84375000,-62.39509583,-85.70944414,23.31434832
0.84375000,-59.85641479,-85.70944414,25.85302935
0.84375000,-56.31446838,-85.70944414,29.39497576
0.84375000,-61.73706055,-85.70944414,23.97238360
0.84375000,-59.23080444,-85.70944414,26.47863970
0.84375000,-59.63325500,-85.70944414,26.07618914
0.84375000,-61.96308136,-85.70944414,23.74636278
0.84375000,-59.70287323,-85.70944414,26.00657091
0.84375000,-58.44116211,-85.70944414,27.26828203
0.84375000,-59.67998505,-85.70944414,26.02945910
0.84375000,-56.53285980,-85.70944414,29.17658434
0.84375000,-62.45613098,-85.70944414,23.25331316
0.84375000,-59.15927887,-85.70944414,26.55016527
0.84375000,-56.55956268,-85.70944414,29.14988146
0.84375000,-56.10561371,-85.70944414,29.60383043
0.84375000,-59.27467346,-85.70944414,26.43477068
0.84375000,-60.99224091,-85.70944414,24.71720324
0.84375000,-61.44142151,-85.70944414,24.26802263
0.84375000,-63.35163116,-85.70944414,22.35781298
0.84375000,-57.08694458,-85.70944414,28.62249956
0.84375000,-61.36894226,-85.70944414,24.34050188
0.84375000,-62.18338013,-85.70944414,23.52606402
0.84375000,-56.57482147,-85.70944414,29.13462267
0.84375000,-59.26990509,-85.70944414,26.43953905
0.84375000,-61.36417389,-85.70944414,24.34527025
0.84375000,-61.16199493,-85.70944414,24.54744921
0.84375000,-58.78353119,-85.70944414,26.92591295
0.84375000,-59.14783478,-85.70944414,26.56160937
0.84375000,-59.63802338,-85.70944414,26.07142077
0.84375000,-60.61172485,-85.70944414,25.09771929
0.84375000,-60.45532227,-85.70944414,25.25412188
0.84375000,-56.37264252,-85.70944414,29.33680163
0.84375000,-57.21473694,-85.70944414,28.49470720
0.84375000,-57.69920349,-85.70944414,28.01024065
0.84375000,-57.06787109,-85.70944414,28.64157305
0.84375000,-60.02712250,-85.70944414,25.68232165
0.84375000,-58.48693848,-85.70944414,27.22250567
0.84375000,-59.81731415,-85.70944414,25.89212999
0.84375000,-60.21404266,-85.70944414,25.49540148
0.84375000,-64.83650208,-85.70944414,20.87294207
0.84375000,-61.45954132,-85.70944414,24.24990282
0.84375000,-60.45436859,-85.70944414,25.25507555
0.84375000,-58.55560303,-85.70944414,27.15384112
0.84375000,-58.52317810,-85.70944414,27.18626604
0.84375000,-61.56063080,-85.70944414,24.14881334
0.84375000,-58.88938904,-85.70944414,26.82005510
0.84375000,-60.59455872,-85.70944414,25.11488543
0.84375000,-58.85410309,-85.70944414,26.85534105
0.84375000,-59.81636047,-85.70944414,25.89308367
0.84375000,-61.42807007,-85.70944414,24.28137407
0.84375000,-56.67209625,-85.70944414,29.03734789
0.84375000,-58.36200714,-85.70944414,27.34743700
0.84375000,-58.79211426,-85.70944414,26.91732989
0.84375000,-63.13228607,-85.70944414,22.57715807
0.84375000,-60.77861786,-85.70944414,24.93082628
0.84375000,-57.17658997,-85.70944414,28.53285418
0.84375000,-61.86199188,-85.70944414,23.84745226
0.84375000,-62.42084503,-85.70944414,23.28859911
0.84375000,-59.64469910,-85.70944414,26.06474505
0.84375000,-59.00096893,-85.70944414,26.70847521
0.84375000,-60.95695496,-85.70944414,24.75248919
0.84375000,-59.47208405,-85.70944414,26.23736010
0.87500000,-69.68092918,-89.31819431,19.63726512
0.87500000,-70.11675835,-89.31819431,19.20143596
0.87500000,-68.33338737,-89.31819431,20.98480693
0.87500000,-70.69659233,-89.31819431,18.62160197
0.87500000,-73.02355766,-89.31819431,16.29463664
0.87500000,-69.15926933,-89.31819431,20.15892497
0.87500000,-69.79060173,-89.31819431,19.52759258
0.87500000,-69.08679008,-89.31819431,20.23140422
0.87500000,-67.35110283,-89.31819431,21.96709148
0.87500000,-73.07696342,-89.31819431,16.24123088
0.87500000,-70.77574730,-89.31819431,18.54244701
0.87500000,-66.82562828,-89.31819431,22.49256603
0.87500000,-68.15123558,-89.31819431,21.16695873
0.87500000,-67.56758690,-89.31819431,21.75060741
0.87500000,-67.18993187,-89.31819431,22.12826244
0.87500000,-66.28870964,-89.31819431,23.02948467
0.87500000,-66.60819054,-89.31819431,22.71000377
0.87500000,-72.53432274,-89.31819431,16.78387157
0.87500000,-68.60804558,-89.31819431,20.71014873
0.87500000,-64.75424767,-89.31819431,24.56394664
0.87500000,-64.60452080,-89.31819431,24.71367351
0.87500000,-68.27712059,-89.31819431,21.04107372
0.87500000,-66.14851952,-89.31819431,23.16967479
0.87500000,-67.90614128,-89.31819431,21.41205302
0.87500000,-69.78392601,-89.31819431,19.53426830
0.87500000,-73.63772392,-89.31819431,15.68047038
0.87500000,-68.17030907,-89.31819431,21.14788524
0.87500000,-68.37725639,-89.31819431,20.94093791
0.87500000,-66.55764580,-89.31819431,22.76054851
0.87500000,-67.83843040,-89.31819431,21.47976390
0.87500000,-63.86446953,-89.31819431,25.45372478
0.87500000,-67.50559807,-89.31819431,21.81259624
0.87500000,-65.98067284,-89.31819431,23.33752147
0.87500000,-70.04427910,-89.31819431,19.27391521
0.87500000,-64.91827965,-89.31819431,24.39991466
0.87500000,-65.57726860,-89.31819431,23.74092571
0.87500000,-68.66908073,-89.31819431,20.64911357
0.87500000,-66.76173210,-89.31819431,22.55646220
0.87500000,-68.41826439,-89.31819431,20.89992992
0.87500000,-71.77615166,-89.31819431,17.54204265
0.87500000,-68.10736656,-89.31819431,21.21082774
0.87500000,-70.48487663,-89.31819431,18.83331767
0.87500000,-69.64564323,-89.31819431,19.67255107
0.87500000,-69.92030144,-89.31819431,19.39789287
0.87500000,-68.53556633,-89.31819431,20.78262798
0.87500000,-65.75465202,-89.31819431,23.56354228
0.87500000,-69.12493706,-89.31819431,20.19325725
0.87500000,-68.42207909,-89.31819431,20.89611522
0.87500000,-68.97807121,-89.31819431,20.34012309
0.87500000,-65.86813927,-89.31819431,23.45005504
0.87500000,-69.48637962,-89.31819431,19.83181468
0.87500000,-67.99769402,-89.31819431,21.32050029
0.87500000,-68.18938255,-89.31819431,21.12881175
0.87500000,-66.30587578,-89.31819431,23.01231853
0.87500000,-67.65627861,-89.31819431,21.66191570
0.87500000,-68.81022453,-89.31819431,20.50796977
0.87500000,-68.94946098,-89.31819431,20.36873332
0.87500000,-67.83556938,-89.31819431,21.48262492
0.87500000,-70.57738304,-89.31819431,18.74081126
0.87500000,-67.84415245,-89.31819431,21.47404186
0.87500000,-67.96336174,-89.31819431,21.35483257
0.87500000,-67.18611717,-89.31819431,22.13207713
0.87500000,-67.92712212,-89.31819431,21.39107219
0.87500000,-66.08080864,-89.31819431,23.23738567
0.87500000,-71.65694237,-89.31819431,17.66125194
0.87500000,-68.60613823,-89.31819431,20.71205608
0.87500000,-68.44782829,-89.31819431,20.87036601
0.87500000,-67.80314445,-89.31819431,21.51504985
0.87500000,-68.38679314,-89.31819431,20.93140117
0.87500000,-71.90299034,-89.31819431,17.41520396
0.87500000,-72.22247124,-89.31819431,17.09572307
0.87500000,-72.32928276,-89.31819431,16.98891155
0.87500000,-68.46213341,-89.31819431,20.85606090
0.87500000,-67.03257561,-89.31819431,22.28561870
0.87500000,-65.49811363,-89.31819431,23.82008067
0.87500000,-66.92194939,-89.31819431,22.39624492
0.87500000,-67.17371941,-89.31819431,22.14447490
0.87500000,-68.84169579,-89.31819431,20.47649852
0.90625000,-77.44967937,-92.92694447,15.47726509
0.90625000,-81.28631115,-92.92694447,11.64063332
0.90625000,-79.26738262,-92.92694447,13.65956185
0.90625000,-79.72228527,-92.92694447,13.20465920
0.90625000,-82.24380016,-92.92694447,10.68314431
0.90625000,-82.95619488,-92.92694447,9.97074959
0.90625000,-74.48756695,-92.92694447,18.43937752
0.90625000,-82.83412457,-92.92694447,10.09281990
0.90625000,-73.45759869,-92.92694447,19.46934578
0.90625000,-78.18400860,-92.92694447,14.74293587
0.90625000,-78.36616039,-92.92694447,14.56078408
0.90625000,-76.58278942,-92.92694447,16.34415505
0.90625000,-80.98018169,-92.92694447,11.94676277
0.90625000,-78.86779308,-92.92694447,14.05915139
0.90625000,-80.60061932,-92.92694447,12.32632515
0.90625000,-78.06861401,-92.92694447,14.85833046
0.90625000,-73.59111309,-92.92694447,19.33583138
0.90625000,-81.10797405,-92.92694447,11.81897042
0.90625000,-77.29423046,-92.92694447,15.63271401
0.90625000,-84.04147625,-92.92694447,8.88546822
0.90625000,-85.49487591,-92.92694447,7.43206856
0.90625000,-83.60087872,-92.92694447,9.32606575
0.90625000,-79.78332043,-92.92694447,13.14362404
0.90625000,-85.27648449,-92.92694447,7.65045998
0.90625000,-83.40346813,-92.92694447,9.52347634
0.90625000,-77.44395733,-92.92694447,15.48298714
0.90625000,-82.61001110,-92.92694447,10.31693337
0.90625000,-78.69899273,-92.92694447,14.22795174
0.90625000,-78.48155499,-92.92694447,14.44538948
0.90625000,-79.53441143,-92.92694447,13.39253304
0.90625000,-80.09803295,-92.92694447,12.82891152
0.90625000,-83.07254314,-92.92694447,9.85440132
0.90625000,-84.21218395,-92.92694447,8.71476052
0.90625000,-76.36439800,-92.92694447,16.56254647
0.90625000,-79.77569103,-92.92694447,13.15125344
0.90625000,-78.43577862,-92.92694447,14.49116585
0.90625000,-79.79094982,-92.92694447,13.13599465
0.90625000,-81.03549480,-92.92694447,11.89144966
0.90625000,-75.86181164,-92.92694447,17.06513283
0.90625000,-75.59764385,-92.92694447,17.32930062
0.90625000,-86.42375469,-92.92694447,6.50318978
0.90625000,-74.74219799,-92.92694447,18.18474648
0.90625000,-76.38347149,-92.92694447,16.54347298
0.90625000,-77.13210583,-92.92694447,15.79483864
0.90625000,-77.87692547,-92.92694447,15.05001900
0.90625000,-76.91180706,-92.92694447,16.01513741
0.90625000,-80.23917675,-92.92694447,12.68776772
0.90625000,-79.08236980,-92.92694447,13.84457466
0.90625000,-82.16369152,-92.92694447,10.76325295
0.90625000,-80.76846600,-92.92694447,12.15847847
0.90625000,-79.35702801,-92.92694447,13.56991646
0.90625000,-82.98480511,-92.92694447,9.94213936
0.90625000,-78.29463482,-92.92694447,14.63230965
0.90625000,-77.21602917,-92.92694447,15.71091530
0.90625000,-78.01425457,-92.92694447,14.91268990
0.90625000,-77.80063152,-92.92694447,15.12631295
0.90625000,-84.64133739,-92.92694447,8.28560707
0.90625000,-78.66752148,-92.92694447,14.25942299
0.90625000,-77.54790783,-92.92694447,15.37903664
0.90625000,-84.21313763,-92.92694447,8.71380684
0.90625000,-79.19204235,-92.92694447,13.73490212
0.90625000,-83.20319653,-92.92694447,9.72374794
0.90625000,-83.43970776,-92.92694447,9.48723671
0.90625000,-78.43291759,-92.92694447,14.49402687
0.90625000,-77.11684704,-92.92694447,15.81009743
0.93750000,-97.81181812,-96.53569463,-1.27612349
0.93750000,-95.96645832,-96.53569463,0.56923631
0.93750000,-90.85381031,-96.53569463,5.68188432
0.93750000,-94.03240681,-96.53569463,2.50328782
0.93750000,-95.64793110,-96.53569463,0.88776353
0.93750000,-93.35529804,-96.53569463,3.18039659
0.93750000,-97.44656086,-96.53569463,-0.91086623
0.93750000,-93.36960316,-96.53569463,3.16609147
0.93750000,-95.22926807,-96.53569463,1.30642656
0.93750000,-91.64917469,-96.53569463,4.88651994
0.93750000,-93.56987476,-96.53569463,2.96581987
0.93750000,-93.81783009,-96.53569463,2.71786455
0.93750000,-88.99986744,-96.53569463,7.53582719
0.93750000,-97.54669666,-96.53569463,-1.01100203
0.93750000,-95.44575214,-96.53569463,1.08994249
0.93750000,-95.47150135,-96.53569463,1.06419328
0.93750000,-94.11346912,-96.53569463,2.42222551
0.93750000,-95.18826008,-96.53569463,1.34743455
0.93750000,-94.95556355,-96.53569463,1.58013109
0.93750000,-93.16074848,-96.53569463,3.37494615
0.93750000,-94.56551075,-96.53569463,1.97018388
0.93750000,-93.59943867,-96.53569463,2.93625596
0.93750000,-94.65324879,-96.53569463,1.88244584
0.93750000,-96.97353840,-96.53569463,-0.43784377
0.93750000,-98.05405140,-96.53569463,-1.51835677
0.93750000,-95.39425373,-96.53569463,1.14144090
0.93750000,-96.07803822,-96.53569463,0.45765642
0.93750000,-94.07913685,-96.53569463,2.45655778
0.93750000,-95.31795979,-96.53569463,1.21773485
0.93750000,-94.71714497,-96.53569463,1.81854967
0.93750000,-93.08540821,-96.53569463,3.45028642
0.93750000,-92.75162220,-96.53569463,3.78407243
0.93750000,-85.56187153,-96.53569463,10.97382310
0.93750000,-94.65801716,-96.53569463,1.87767747
0.93750000,-81.83968067,-96.53569463,14.69601396
0.93750000,-97.64969349,-96.53569463,-1.11399886
0.93750000,-95.33512592,-96.53569463,1.20056871
0.93750000,-94.23077106,-96.53569463,2.30492357
0.93750000,-96.08185291,-96.53569463,0.45384172
0.93750000,-99.03156757,-96.53569463,-2.49587294
0.93750000,-95.04997730,-96.53569463,1.48571733
0.93750000,-98.92094135,-96.53569463,-2.38524672
0.93750000,-95.87776661,-96.53569463,0.65792802
0.93750000,-95.46577930,-96.53569463,1.06991533
0.93750000,-97.38934040,-96.53569463,-0.85364577
0.93750000,-98.91998768,-96.53569463,-2.38429305
0.93750000,-95.77286243,-96.53569463,0.76283220
0.93750000,-95.74615955,-96.53569463,0.78953508
0.93750000,-94.44534779,-96.53569463,2.09034685
0.93750000,-88.55259418,-96.53569463,7.98310045
0.93750000,-94.49017048,-96.53569463,2.04552415
0.93750000,-96.46618366,-96.53569463,0.06951097
0.93750000,-94.86973286,-96.53569463,1.66596177
0.93750000,-97.88143635,-96.53569463,-1.34574172
0.93750000,-96.18484974,-96.53569463,0.35084489
0.93750000,-95.24834156,-96.53569463,1.28735307
0.93750000,-94.08199787,-96.53569463,2.45369676
0.93750000,-96.51863575,-96.53569463,0.01705888
0.93750000,-95.93212605,-96.53569463,0.60356859
0.93750000,-98.15227985,-96.53569463,-1.61658522
0.93750000,-91.95625782,-96.53569463,4.57943681
0.93750000,-94.68758106,-96.53569463,1.84811357
0.93750000,-97.90241718,-96.53569463,-1.36672255
0.93750000,-91.02928638,-96.53569463,5.50640825
0.93750000,-92.50080585,-96.53569463,4.03488878
0.93750000,-94.61796284,-96.53569463,1.91773179
0.93750000,-95.36564350,-96.53569463,1.17005113
0.93750000,-97.75650501,-96.53569463,-1.22081038
0.93750000,-94.85828876,-96.53569463,1.67740587
0.93750000,-91.95721149,-96.53569463,4.57848314
0.93750000,-95.16346455,-96.53569463,1.37223009
0.93750000,-94.85638142,-96.53569463,1.67931322
0.93750000,-97.30255604,-96.53569463,-0.76686141
0.93750000,-93.71101856,-96.53569463,2.82467607
0.93750000,-94.41578388,-96.53569463,2.11991075
0.96875000,-113.88951540,-100.14444479,-13.74507061
0.96875000,-111.83720827,-100.14444479,-11.69276348
0.96875000,-117.31702089,-100.14444479,-17.17257610
0.96875000,-106.20480776,-100.14444479,-6.06036296
0.96875000,-104.58260775,-100.14444479,-4.43816295
0.96875000,-117.31988192,-100.14444479,-17.17543712
0.96875000,-117.40094423,-100.14444479,-17.25649944
0.96875000,-89.04153109,-100.14444479,11.10291371
0.96875000,-110.25792360,-100.14444479,-10.11347881
0.96875000,-117.47533083,-100.14444479,-17.33088604
0.96875000,-117.70993471,-100.14444479,-17.56548992
0.96875000,-117.50775576,-100.14444479,-17.36331096
0.96875000,-117.54781008,-100.14444479,-17.40336528
0.96875000,-113.77507448,-100.14444479,-13.63062969
0.96875000,-111.55682802,-100.14444479,-11.41238323
0.96875000,-117.61933565,-100.14444479,-17.47489086
0.96875000,-111.21731997,-100.14444479,-11.07287517
0.96875000,-117.53064394,-100.14444479,-17.38619915
0.96875000,-88.91278505,-100.14444479,11.23165974
0.96875000,-117.25121737,-100.14444479,-17.10677257
0.96875000,-111.61023378,-100.14444479,-11.46578899
0.96875000,-117.81960726,-100.14444479,-17.67516246
0.96875000,-117.30462313,-100.14444479,-17.16017833
0.96875000,-111.15342379,-100.14444479,-11.00897899
0.96875000,-113.53188753,-100.14444479,-13.38744274
0.96875000,-117.51633883,-100.14444479,-17.37189403
0.96875000,-113.40695620,-100.14444479,-13.26251140
0.96875000,-117.42573977,-100.14444479,-17.28129497
0.96875000,-112.20246553,-100.14444479,-12.05802074
0.96875000,-117.37519503,-100.14444479,-17.23075023
0.96875000,-103.93506289,-100.14444479,-3.79061809
0.96875000,-117.62315035,-100.14444479,-17.47870555
0.96875000,-112.30450869,-100.14444479,-12.16006389
0.96875000,-112.21104860,-100.14444479,-12.06660381
0.96875000,-118.43663454,-100.14444479,-18.29218975
0.96875000,-117.83486605,-100.14444479,-17.69042125
0.96875000,-117.50108004,-100.14444479,-17.35663524
0.96875000,-117.57165194,-100.14444479,-17.42720714
0.96875000,-117.55639315,-100.14444479,-17.41194835
0.96875000,-113.39455843,-100.14444479,-13.25011364
0.96875000,-117.55925417,-100.14444479,-17.41480938
0.96875000,-110.09675264,-100.14444479,-9.95230785
0.96875000,-112.28924990,-100.14444479,-12.14480510
0.96875000,-117.49917269,-100.14444479,-17.35472789
0.96875000,-117.64127016,-100.14444479,-17.49682537
0.96875000,-117.41334200,-100.14444479,-17.26889720
0.96875000,-117.65080690,-100.14444479,-17.50636211
0.96875000,-117.73568392,-100.14444479,-17.59123912
0.96875000,-110.91023684,-100.14444479,-10.76579204
0.96875000,-117.42383242,-100.14444479,-17.27938762
0.96875000,-111.60832644,-100.14444479,-11.46388164
0.96875000,-111.65219545,-100.14444479,-11.50775066
0.96875000,-113.30682039,-100.14444479,-13.16237560
0.96875000,-117.39045382,-100.14444479,-17.24600902
0.96875000,-113.18093538,-100.14444479,-13.03649059
0.96875000,-106.71502352,-100.14444479,-6.57057872
0.96875000,-113.68256807,-100.14444479,-13.53812328
0.96875000,-117.70707369,-100.14444479,-17.56262889
0.96875000,-117.56497622,-100.14444479,-17.42053142
0.96875000,-117.37519503,-100.14444479,-17.23075023
0.96875000,-113.63679171,-100.14444479,-13.49234691
0.96875000,-117.77764559,-100.14444479,-17.63320079
0.96875000,-113.27058077,-100.14444479,-13.12613597
0.96875000,-109.90411043,-100.14444479,-9.75966564
0.96875000,-117.37328768,-100.14444479,-17.22884288
0.96875000,-117.75571108,-100.14444479,-17.61126628
0.96875000,-117.56497622,-100.14444479,-17.42053142
0.96875000,-117.53541231,-100.14444479,-17.39096752
0.96875000,-117.32560396,-100.14444479,-17.18115917
0.96875000,-117.67941713,-100.14444479,-17.53497234
0.96875000,-113.64060640,-100.14444479,-13.49616161
0.09375000,10.19191742,0.90055976,9.29135765
0.09375000,9.25636292,0.90055976,8.35580315
0.09375000,8.84342194,0.90055976,7.94286217
0.09375000,8.75282288,0.90055976,7.85226311
0.09375000,9.74750519,0.90055976,8.84694542
0.09375000,9.40132141,0.90055976,8.50076165
0.09375000,9.80663300,0.90055976,8.90607323
0.09375000,8.73184204,0.90055976,7.83128228
0.09375000,8.94832611,0.90055976,8.04776635
0.09375000,8.86440277,0.90055976,7.96384301
0.09375000,9.35649872,0.90055976,8.45593895
0.09375000,8.40950012,0.90055976,7.50894036
0.09375000,10.15758514,0.90055976,9.25702538
0.09375000,8.71849060,0.90055976,7.81793084
0.09375000,10.24055481,0.90055976,9.33999504
0.09375000,9.68170166,0.90055976,8.78114190
0.09375000,8.29982758,0.90055976,7.39926781
0.09375000,9.87911224,0.90055976,8.97855248
0.09375000,9.11998749,0.90055976,8.21942772
0.09375000,9.55295563,0.90055976,8.65239586
0.09375000,9.26971436,0.90055976,8.36915459
0.09375000,9.18865204,0.90055976,8.28809227
0.09375000,8.99696350,0.90055976,8.09640374
0.09375000,8.89110565,0.90055976,7.99054589
0.09375000,9.64641571,0.90055976,8.74585595
0.09375000,9.30595398,0.90055976,8.40539421
0.09375000,9.56821442,0.90055976,8.66765465
0.09375000,9.38987732,0.90055976,8.48931755
0.09375000,9.88483429,0.90055976,8.98427452
0.09375000,9.18769836,0.90055976,8.28713860
0.09375000,9.89055634,0.90055976,8.98999657
0.09375000,10.88047028,0.90055976,9.97991051
0.09375000,9.12952423,0.90055976,8.22896447
0.09375000,9.17243958,0.90055976,8.27187981
0.09375000,9.40132141,0.90055976,8.50076165
0.09375000,9.55104828,0.90055976,8.65048851
0.09375000,9.20391083,0.90055976,8.30335106
0.09375000,9.00745392,0.90055976,8.10689415
0.09375000,9.58919525,0.90055976,8.68863549
0.09375000,9.77516174,0.90055976,8.87460198
0.09375000,10.30158997,0.90055976,9.40103020
0.09375000,8.01181793,0.90055976,7.11125817
0.09375000,8.17203522,0.90055976,7.27147545
0.09375000,8.85677338,0.90055976,7.95621361
0.09375000,9.20009613,0.90055976,8.29953637
0.09375000,7.96604156,0.90055976,7.06548180
0.09375000,9.77134705,0.90055976,8.87078728
0.09375000,8.65173340,0.90055976,7.75117363
0.09375000,10.51998138,0.90055976,9.61942162
0.09375000,8.54778290,0.90055976,7.64722313
0.09375000,8.39614868,0.90055976,7.49558892
0.09375000,8.99219513,0.90055976,8.09163536
0.09375000,8.94069672,0.90055976,8.04013695
0.09375000,7.94792175,0.90055976,7.04736199
0.09375000,9.15908813,0.90055976,8.25852837
0.09375000,8.78810883,0.90055976,7.88754906
0.09375000,8.50582123,0.90055976,7.60526146
0.09375000,9.87243652,0.90055976,8.97187676
0.09375000,11.67488098,0.90055976,10.77432122
0.09375000,9.20677185,0.90055976,8.30621209
0.09375000,8.61072540,0.90055976,7.71016564
0.09375000,8.48007202,0.90055976,7.57951226
0.09375000,9.77516174,0.90055976,8.87460198
0.09375000,8.55827332,0.90055976,7.65771355
0.09375000,9.04464722,0.90055976,8.14408745
0.09375000,9.36222076,0.90055976,8.46166100
0.09375000,8.98075104,0.90055976,8.08019127
0.09375000,8.65268707,0.90055976,7.75212731
0.09375000,9.44423676,0.90055976,8.54367699
0.09375000,8.19587708,0.90055976,7.29531731
0.09375000,11.00635529,0.90055976,10.10579552
0.09375000,10.58387756,0.90055976,9.68331780
0.09375000,8.85391235,0.90055976,7.95335259
0.09375000,8.87489319,0.90055976,7.97433342
0.09375000,9.04464722,0.90055976,8.14408745
0.09375000,8.91017914,0.90055976,8.00961937
0.09375000,9.29832458,0.90055976,8.39776482
0.09375000,10.51998138,0.90055976,9.61942162
0.09375000,10.12897491,0.90055976,9.22841515
0.09375000,9.28592682,0.90055976,8.38536705
0.12500000,13.35620880,-2.70819040,16.06439920
0.12500000,12.63046265,-2.70819040,15.33865304
0.12500000,14.32895660,-2.70819040,17.03714700
0.12500000,12.86315918,-2.70819040,15.57134958
0.12500000,13.33332062,-2.70819040,16.04151102
0.12500000,12.78209686,-2.70819040,15.49028726
0.12500000,14.37473297,-2.70819040,17.08292337
0.12500000,13.77296448,-2.70819040,16.48115488
0.12500000,11.60335541,-2.70819040,14.31154581
0.12500000,14.32895660,-2.70819040,17.03714700
0.12500000,14.20593262,-2.70819040,16.91412302
0.12500000,13.25035095,-2.70819040,15.95854135
0.12500000,13.52024078,-2.70819040,16.22843118
0.12500000,13.35239410,-2.70819040,16.06058450
0.12500000,11.86466217,-2.70819040,14.57285257
0.12500000,14.09912109,-2.70819040,16.80731149
0.12500000,15.44857025,-2.70819040,18.15676065
0.12500000,14.56546783,-2.70819040,17.27365823
0.12500000,13.59272003,-2.70819040,16.30091043
0.12500000,13.59748840,-2.70819040,16.30567880
0.12500000,11.01684570,-2.70819040,13.72503610
0.12500000,14.59121704,-2.70819040,17.29940744
0.12500000,13.04435730,-2.70819040,15.75254770
0.12500000,14.32895660,-2.70819040,17.03714700
0.12500000,12.10117340,-2.70819040,14.80936380
0.12500000,13.28468323,-2.70819040,15.99287363
0.12500000,16.06941223,-2.70819040,18.77760263
0.12500000,12.86125183,-2.70819040,15.56944223
0.12500000,16.18766785,-2.70819040,18.89585824
0.12500000,13.49067688,-2.70819040,16.19886728
0.12500000,13.82255554,-2.70819040,16.53074594
0.12500000,11.76166534,-2.70819040,14.46985574
0.12500000,13.40103149,-2.70819040,16.10922189
0.12500000,17.42649078,-2.70819040,20.13468118
0.12500000,11.61193848,-2.70819040,14.32012887
0.12500000,12.92705536,-2.70819040,15.63524576
0.12500000,13.84735107,-2.70819040,16.55554147
0.12500000,12.89653778,-2.70819040,15.60472818
0.12500000,12.25852966,-2.70819040,14.96672006
0.12500000,12.71247864,-2.70819040,15.42066904
0.12500000,14.78004456,-2.70819040,17.48823495
0.12500000,11.31534576,-2.70819040,14.02353616
0.12500000,13.53168488,-2.70819040,16.23987527
0.12500000,15.67077637,-2.70819040,18.37896677
0.12500000,13.60321045,-2.70819040,16.31140085
0.12500000,14.04094696,-2.70819040,16.74913736
0.12500000,13.87977600,-2.70819040,16.58796640
0.12500000,12.16506958,-2.70819040,14.87325998
0.12500000,12.51029968,-2.70819040,15.21849008
0.12500000,11.16752625,-2.70819040,13.87571664
0.12500000,12.20989227,-2.70819040,14.91808267
0.12500000,16.48235321,-2.70819040,19.19054361
0.12500000,13.60511780,-2.70819040,16.31330820
0.12500000,15.90824127,-2.70819040,18.61643167
0.12500000,12.16411591,-2.70819040,14.87230630
0.12500000,10.98346710,-2.70819040,13.69165750
0.12500000,13.93222809,-2.70819040,16.64041849
0.12500000,11.88945770,-2.70819040,14.59764810
0.12500000,13.43250275,-2.70819040,16.14069314
0.12500000,12.20798492,-2.70819040,14.91617532
0.12500000,13.98563385,-2.70819040,16.69382425
0.12500000,12.43019104,-2.70819040,15.13838144
0.12500000,15.23494720,-2.70819040,17.94313760
0.12500000,12.96234131,-2.70819040,15.67053171
0.12500000,13.20552826,-2.70819040,15.91371866
0.12500000,12.69245148,-2.70819040,15.40064188
0.12500000,12.24708557,-2.70819040,14.95527597
0.12500000,14.91737366,-2.70819040,17.62556406
0.12500000,13.35430145,-2.70819040,16.06249185
0.12500000,16.27445221,-2.70819040,18.98264261
0.12500000,13.56410980,-2.70819040,16.27230020
0.12500000,13.27228546,-2.70819040,15.98047586
0.12500000,14.14489746,-2.70819040,16.85308786
0.12500000,13.90743256,-2.70819040,16.61562295
0.12500000,10.69927216,-2.70819040,13.40746255
0.12500000,13.07487488,-2.70819040,15.78306528
0.12500000,13.18836212,-2.70819040,15.89655252
0.12500000,11.97624207,-2.70819040,14.68443246
0.12500000,12.96329498,-2.70819040,15.67148538
0.12500000,13.74912262,-2.70819040,16.45731302
0.15625000,15.54965973,-6.31694056,21.86660029
0.15625000,18.20087433,-6.31694056,24.51781489
0.15625000,18.20564270,-6.31694056,24.52258326
0.15625000,17.57335663,-6.31694056,23.89029719
0.15625000,15.32173157,-6.31694056,21.63867213
0.15625000,17.65537262,-6.31694056,23.97231318
0.15625000,14.72568512,-6.31694056,21.04262568
0.15625000,17.71831512,-6.31694056,24.03525569
0.15625000,16.37935638,-6.31694056,22.69629695
0.15625000,17.39788055,-6.31694056,23.71482112
0.15625000,16.06655121,-6.31694056,22.38349177
0.15625000,16.44706726,-6.31694056,22.76400782
0.15625000,15.93875885,-6.31694056,22.25569941
0.15625000,16.46995544,-6.31694056,22.78689601
0.15625000,19.74678040,-6.31694056,26.06372096
0.15625000,17.13657379,-6.31694056,23.45351435
0.15625000,13.93508911,-6.31694056,20.25202967
0.15625000,16.51382446,-6.31694056,22.83076502
0.15625000,15.81859589,-6.31694056,22.13553645
0.15625000,15.46764374,-6.31694056,21.78458430
0.15625000,17.45223999,-6.31694056,23.76918055
0.15625000,18.45073700,-6.31694056,24.76767756
0.15625000,19.86694336,-6.31694056,26.18388392
0.15625000,17.56763458,-6.31694056,23.88457514
0.15625000,18.14746857,-6.31694056,24.46440913
0.15625000,18.50509644,-6.31694056,24.82203700
0.15625000,18.23234558,-6.31694056,24.54928614
0.15625000,14.04857635,-6.31694056,20.36551692
0.15625000,17.01641083,-6.31694056,23.33335139
0.15625000,15.75279236,-6.31694056,22.06973292
0.15625000,16.34693146,-6.31694056,22.66387202
0.15625000,15.34175873,-6.31694056,21.65869929
0.15625000,18.44978333,-6.31694056,24.76672389
0.15625000,15.59543610,-6.31694056,21.91237666
0.15625000,15.71369171,-6.31694056,22.03063227
0.15625000,15.66886902,-6.31694056,21.98580958
0.15625000,17.33303070,-6.31694056,23.64997126
0.15625000,17.45986938,-6.31694056,23.77680995
0.15625000,17.11559296,-6.31694056,23.43253352
0.15625000,17.71736145,-6.31694056,24.03430201
0.15625000,15.83480835,-6.31694056,22.15174891
0.15625000,17.29297638,-6.31694056,23.60991694
0.15625000,15.79475403,-6.31694056,22.11169459
0.15625000,16.85810089,-6.31694056,23.17504145
0.15625000,16.79611206,-6.31694056,23.11305262
0.15625000,15.65551758,-6.31694056,21.97245814
0.15625000,14.73808289,-6.31694056,21.05502345
0.15625000,15.48290253,-6.31694056,21.79984309
0.15625000,15.94448090,-6.31694056,22.26142146
0.15625000,15.93208313,-6.31694056,22.24902369
0.15625000,17.61436462,-6.31694056,23.93130518
0.15625000,18.36013794,-6.31694056,24.67707850
0.15625000,18.32866669,-6.31694056,24.64560725
0.15625000,18.41545105,-6.31694056,24.73239161
0.15625000,16.44134521,-6.31694056,22.75828578
0.15625000,15.57826996,-6.31694056,21.89521052
0.15625000,14.46151733,-6.31694056,20.77845789
0.15625000,19.01912689,-6.31694056,25.33606745
0.15625000,18.17321777,-6.31694056,24.49015833
0.15625000,18.22757721,-6.31694056,24.54451777
0.15625000,15.83194733,-6.31694056,22.14888789
0.15625000,16.56436920,-6.31694056,22.88130976
0.15625000,15.24257660,-6.31694056,21.55951716
0.15625000,16.75319672,-6.31694056,23.07013728
0.15625000,16.59202576,-6.31694056,22.90896632
0.15625000,19.66953278,-6.31694056,25.98647334
0.15625000,19.14596558,-6.31694056,25.46290614
0.15625000,19.11640167,-6.31694056,25.43334223
0.15625000,20.21694183,-6.31694056,26.53388239
0.15625000,18.03398132,-6.31694056,24.35092188
0.15625000,17.38071442,-6.31694056,23.69765498
0.15625000,17.82798767,-6.31694056,24.14492823
0.15625000,18.88465881,-6.31694056,25.20159937
0.15625000,18.37158203,-6.31694056,24.68852259
0.15625000,18.88847351,-6.31694056,25.20541407
0.15625000,18.15700531,-6.31694056,24.47394587
0.15625000,13.08059692,-6.31694056,19.39753748
0.15625000,17.73357391,-6.31694056,24.05051447
0.15625000,16.43085480,-6.31694056,22.74779536
0.15625000,17.51232147,-6.31694056,23.82926203
0.18750000,21.34990692,-9.92569072,31.27559765
0.18750000,17.95768738,-9.92569072,27.88337810
0.18750000,19.53029633,-9.92569072,29.45598705
0.18750000,17.64011383,-9.92569072,27.56580455
0.18750000,17.92430878,-9.92569072,27.84999950
0.18750000,17.13752747,-9.92569072,27.06321819
0.18750000,17.16995239,-9.92569072,27.09564312
0.18750000,17.56572723,-9.92569072,27.49141796
0.18750000,20.22361755,-9.92569072,30.14930828
0.18750000,17.84801483,-9.92569072,27.77370556
0.18750000,16.55673981,-9.92569072,26.48243053
0.18750000,18.26381683,-9.92569072,28.18950756
0.18750000,20.15209198,-9.92569072,30.07778270
0.18750000,20.96652985,-9.92569072,30.89222057
0.18750000,19.54364777,-9.92569072,29.46933849
0.18750000,20.74909210,-9.92569072,30.67478283
0.18750000,20.00331879,-9.92569072,29.92900951
0.18750000,18.10359955,-9.92569072,28.02929027
0.18750000,21.83914185,-9.92569072,31.76483257
0.18750000,21.07906342,-9.92569072,31.00475414
0.18750000,16.58535004,-9.92569072,26.51104076
0.18750000,17.22621918,-9.92569072,27.15190990
0.18750000,18.60046387,-9.92569072,28.52615459
0.18750000,20.75386047,-9.92569072,30.67955120
0.18750000,20.21884918,-9.92569072,30.14453991
0.18750000,19.69432831,-9.92569072,29.62001903
0.18750000,21.72756195,-9.92569072,31.65325267
0.18750000,15.06614685,-9.92569072,24.99183757
0.18750000,20.14541626,-9.92569072,30.07110698
0.18750000,19.67525482,-9.92569072,29.60094555
0.18750000,17.95196533,-9.92569072,27.87765606
0.18750000,19.68669891,-9.92569072,29.61238964
0.18750000,19.34051514,-9.92569072,29.26620586
0.18750000,21.66652679,-9.92569072,31.59221752
0.18750000,17.96531677,-9.92569072,27.89100750
0.18750000,19.03533936,-9.92569072,28.96103008
0.18750000,19.90127563,-9.92569072,29.82696636
0.18750000,20.05195618,-9.92569072,29.97764690
0.18750000,22.94063568,-9.92569072,32.86632640
0.18750000,18.43070984,-9.92569072,28.35640056
0.18750000,21.56925201,-9.92569072,31.49494274
0.18750000,17.98915863,-9.92569072,27.91484935
0.18750000,19.40727234,-9.92569072,29.33296306
0.18750000,19.37675476,-9.92569072,29.30244548
0.18750000,16.98493958,-9.92569072,26.91063030
0.18750000,19.48833466,-9.92569072,29.41402538
0.18750000,21.45385742,-9.92569072,31.37954815
0.18750000,17.67539978,-9.92569072,27.60109050
0.18750000,19.51694489,-9.92569072,29.44263561
0.18750000,18.79405975,-9.92569072,28.71975048
0.18750000,21.83818817,-9.92569072,31.76387890
0.18750000,21.52252197,-9.92569072,31.44821270
0.18750000,15.87772369,-9.92569072,25.80341442
0.18750000,20.24173737,-9.92569072,30.16742809
0.18750000,19.76680756,-9.92569072,29.69249828
0.18750000,20.15590668,-9.92569072,30.08159740
0.18750000,19.43302155,-9.92569072,29.35871227
0.18750000,18.64242554,-9.92569072,28.56811626
0.18750000,16.61968231,-9.92569072,26.54537304
0.18750000,16.35265350,-9.92569072,26.27834423
0.18750000,22.41134644,-9.92569072,32.33703716
0.18750000,20.20740509,-9.92569072,30.13309581
0.18750000,20.05004883,-9.92569072,29.97573955
0.18750000,18.75400543,-9.92569072,28.67969616
0.18750000,19.31571960,-9.92569072,29.24141033
0.18750000,19.55318451,-9.92569072,29.47887523
0.18750000,19.42253113,-9.92569072,29.34822185
0.18750000,19.35195923,-9.92569072,29.27764995
0.18750000,19.27375793,-9.92569072,29.19944866
0.18750000,20.53928375,-9.92569072,30.46497448
0.18750000,17.39311218,-9.92569072,27.31880291
0.18750000,18.35632324,-9.92569072,28.28201397
0.18750000,17.95864105,-9.92569072,27.88433178
0.18750000,18.24188232,-9.92569072,28.16757305
0.18750000,17.58480072,-9.92569072,27.51049144
0.18750000,19.27566528,-9.92569072,29.20135601
0.18750000,20.70236206,-9.92569072,30.62805278
0.18750000,20.48873901,-9.92569072,30.41442974
0.18750000,19.55699921,-9.92569072,29.48268993
0.18750000,16.96681976,-9.92569072,26.89251049
0.21875000,20.99514008,-13.53444089,34.52958096
0.21875000,17.58766174,-13.53444089,31.12210263
0.21875000,22.95494080,-13.53444089,36.48938168
0.21875000,20.52593231,-13.53444089,34.06037320
0.21875000,21.42810822,-13.53444089,34.96254910
0.21875000,21.36135101,-13.53444089,34.89579190
0.21875000,21.60072327,-13.53444089,35.13516415
0.21875000,20.10917664,-13.53444089,33.64361752
0.21875000,21.14486694,-13.53444089,34.67930783
0.21875000,20.94554901,-13.53444089,34.47998990
0.21875000,19.18888092,-13.53444089,32.72332181
0.21875000,20.84636688,-13.53444089,34.38080777
0.21875000,20.67279816,-13.53444089,34.20723904
0.21875000,21.16298676,-13.53444089,34.69742764
0.21875000,22.86529541,-13.53444089,36.39973630
0.21875000,24.93762970,-13.53444089,38.47207059
0.21875000,21.42715454,-13.53444089,34.96159543
0.21875000,20.17784119,-13.53444089,33.71228207
0.21875000,21.28791809,-13.53444089,34.82235898
0.21875000,22.19963074,-13.53444089,35.73407162
0.21875000,22.91774750,-13.53444089,36.45218838
0.21875000,19.03820038,-13.53444089,32.57264126
0.21875000,17.68589020,-13.53444089,31.22033108
0.21875000,20.69377899,-13.53444089,34.22821988
0.21875000,19.81163025,-13.53444089,33.34607114
0.21875000,20.64514160,-13.53444089,34.17958249
0.21875000,17.83180237,-13.53444089,31.36624325
0.21875000,22.57061005,-13.53444089,36.10505093
0.21875000,19.24705505,-13.53444089,32.78149594
0.21875000,19.12689209,-13.53444089,32.66133298
0.21875000,17.23957062,-13.53444089,30.77401150
0.21875000,18.96190643,-13.53444089,32.49634732
0.21875000,21.34418488,-13.53444089,34.87862576
0.21875000,19.31858063,-13.53444089,32.85302151
0.21875000,22.45903015,-13.53444089,35.99347104
0.21875000,21.88014984,-13.53444089,35.41459073
0.21875000,21.03900909,-13.53444089,34.57344998
0.21875000,21.82388306,-13.53444089,35.35832394
0.21875000,20.54786682,-13.53444089,34.08230771
0.21875000,20.68233490,-13.53444089,34.21677579
0.21875000,21.12865448,-13.53444089,34.66309537
0.21875000,20.04623413,-13.53444089,33.58067502
0.21875000,18.94950867,-13.53444089,32.48394955
0.21875000,20.96366882,-13.53444089,34.49810971
0.21875000,18.95523071,-13.53444089,32.48967160
0.21875000,18.24855804,-13.53444089,31.78299893
0.21875000,20.78533173,-13.53444089,34.31977261
0.21875000,19.91176605,-13.53444089,33.44620694
0.21875000,23.76079559,-13.53444089,37.29523648
0.21875000,20.19405365,-13.53444089,33.72849454
0.21875000,19.31381226,-13.53444089,32.84825314
0.21875000,19.49501038,-13.53444089,33.02945126
0.21875000,20.90549469,-13.53444089,34.43993558
0.21875000,20.10726929,-13.53444089,33.64171017
0.21875000,20.38097382,-13.53444089,33.91541470
0.21875000,20.96557617,-13.53444089,34.50001706
0.21875000,19.38247681,-13.53444089,32.91691769
0.21875000,24.67727661,-13.53444089,38.21171750
0.21875000,22.93109894,-13.53444089,36.46553982
0.21875000,22.56393433,-13.53444089,36.09837521
0.21875000,18.36967468,-13.53444089,31.90411557
0.21875000,19.64950562,-13.53444089,33.18394650
0.21875000,17.83084869,-13.53444089,31.36528958
0.21875000,22.55058289,-13.53444089,36.08502377
0.21875000,20.16067505,-13.53444089,33.69511594
0.21875000,17.75646210,-13.53444089,31.29090298
0.21875000,20.47729492,-13.53444089,34.01173581
0.21875000,20.27034760,-13.53444089,33.80478848
0.21875000,21.21067047,-13.53444089,34.74511136
0.21875000,20.33138275,-13.53444089,33.86582364
0.21875000,17.96722412,-13.53444089,31.50166501
0.21875000,20.10345459,-13.53444089,33.63789548
0.21875000,20.00617981,-13.53444089,33.54062070
0.21875000,21.42429352,-13.53444089,34.95873440
0.21875000,21.37374878,-13.53444089,34.90818967
0.21875000,21.73137665,-13.53444089,35.26581753
0.21875000,21.46816254,-13.53444089,35.00260342
0.21875000,20.90930939,-13.53444089,34.44375027
0.21875000,25.58326721,-13.53444089,39.11770810
0.21875000,18.41354370,-13.53444089,31.94798459
0.25000000,19.08302307,-17.14319105,36.22621412
0.25000000,19.92511749,-17.14319105,37.06830854
0.25000000,23.51570129,-17.14319105,40.65889234
0.25000000,21.73995972,-17.14319105,38.88315077
0.25000000,20.98083496,-17.14319105,38.12402601
0.25000000,21.45767212,-17.14319105,38.60086317
0.25000000,18.08643341,-17.14319105,35.22962446
0.25000000,22.72510529,-17.14319105,39.86829633
0.25000000,22.09091187,-17.14319105,39.23410291
0.25000000,19.27089691,-17.14319105,36.41408796
0.25000000,20.06816864,-17.14319105,37.21135969
0.25000000,20.82538605,-17.14319105,37.96857710
0.25000000,21.46530151,-17.14319105,38.60849256
0.25000000,18.87321472,-17.14319105,36.01640577
0.25000000,23.07033539,-17.14319105,40.21352644
0.25000000,18.11408997,-17.14319105,35.25728102
0.25000000,21.08669281,-17.14319105,38.22988386
0.25000000,22.03750610,-17.14319105,39.18069715
0.25000000,20.89405060,-17.14319105,38.03724165
0.25000000,19.62280273,-17.14319105,36.76599378
0.25000000,21.02470398,-17.14319105,38.16789503
0.25000000,19.95658875,-17.14319105,37.09977979
0.25000000,21.55685425,-17.14319105,38.70004530
0.25000000,21.39186859,-17.14319105,38.53505964
0.25000000,20.49255371,-17.14319105,37.63574476
0.25000000,19.12117004,-17.14319105,36.26436109
0.25000000,20.90835571,-17.14319105,38.05154676
0.25000000,22.31025696,-17.14319105,39.45344801
0.25000000,20.25222778,-17.14319105,37.39541883
0.25000000,20.87688446,-17.14319105,38.02007551
0.25000000,20.31421661,-17.14319105,37.45740766
0.25000000,20.14255524,-17.14319105,37.28574629
0.25000000,20.19691467,-17.14319105,37.34010572
0.25000000,21.84391022,-17.14319105,38.98710127
0.25000000,20.30658722,-17.14319105,37.44977827
0.25000000,19.76203918,-17.14319105,36.90523023
0.25000000,21.92020416,-17.14319105,39.06339521
0.25000000,22.02224731,-17.14319105,39.16543836
0.25000000,20.87306976,-17.14319105,38.01626081
0.25000000,19.32144165,-17.14319105,36.46463270
0.25000000,16.69788361,-17.14319105,33.84107466
0.25000000,21.24023438,-17.14319105,38.38342542
0.25000000,21.87919617,-17.14319105,39.02238722
0.25000000,18.54515076,-17.14319105,35.68834181
0.25000000,20.05767822,-17.14319105,37.20086927
0.25000000,21.26789093,-17.14319105,38.41108198
0.25000000,23.28968048,-17.14319105,40.43287153
0.25000000,20.84636688,-17.14319105,37.98955793
0.25000000,19.43778992,-17.14319105,36.58098097
0.25000000,23.01883698,-17.14319105,40.16202802
0.25000000,21.87156677,-17.14319105,39.01475782
0.25000000,19.60277557,-17.14319105,36.74596662
0.25000000,19.69051361,-17.14319105,36.83370466
0.25000000,18.16654205,-17.14319105,35.30973310
0.25000000,17.41790771,-17.14319105,34.56109876
0.25000000,20.91312408,-17.14319105,38.05631513
0.25000000,19.74868774,-17.14319105,36.89187879
0.25000000,20.51448822,-17.14319105,37.65767927
0.25000000,22.37033844,-17.14319105,39.51352949
0.25000000,23.96678925,-17.14319105,41.10998029
0.25000000,18.87798309,-17.14319105,36.02117414
0.25000000,22.39227295,-17.14319105,39.53546400
0.25000000,18.31150055,-17.14319105,35.45469160
0.25000000,22.11380005,-17.14319105,39.25699110
0.25000000,19.17171478,-17.14319105,36.31490583
0.25000000,21.97742462,-17.14319105,39.12061567
0.25000000,18.88084412,-17.14319105,36.02403517
0.25000000,21.12674713,-17.14319105,38.26993818
0.25000000,23.94390106,-17.14319105,41.08709211
0.25000000,21.47674561,-17.14319105,38.61993665
0.25000000,19.40631866,-17.14319105,36.54950971
0.25000000,20.44296265,-17.14319105,37.58615370
0.28125000,23.65255356,-20.75194121,44.40449477
0.28125000,21.34561539,-20.75194121,42.09755660
0.28125000,18.41878891,-20.75194121,39.17073012
0.28125000,23.57530594,-20.75194121,44.32724715
0.28125000,21.60024643,-20.75194121,42.35218764
0.28125000,21.70991898,-20.75194121,42.46186019
0.28125000,19.86455917,-20.75194121,40.61650039
0.28125000,19.23227310,-20.75194121,39.98421431
0.28125000,21.82626724,-20.75194121,42.57820845
0.28125000,18.80502701,-20.75194121,39.55696822
0.28125000,20.66850662,-20.75194121,41.42044783
0.28125000,20.13254166,-20.75194121,40.88448287
0.28125000,22.40896225,-20.75194121,43.16090346
0.28125000,20.08581161,-20.75194121,40.83775283
0.28125000,22.30215073,-20.75194121,43.05409194
0.28125000,21.36945724,-20.75194121,42.12139846
0.28125000,21.95596695,-20.75194121,42.70790816
0.28125000,20.71619034,-20.75194121,41.46813155
0.28125000,22.36509323,-20.75194121,43.11703444
0.28125000,18.31865311,-20.75194121,39.07059432
0.28125000,23.08511734,-20.75194121,43.83705855
0.28125000,23.94914627,-20.75194121,44.70108748
0.28125000,21.30937576,-20.75194121,42.06131698
0.28125000,19.49167252,-20.75194121,40.24361373
0.28125000,21.02136612,-20.75194121,41.77330733
0.28125000,22.22013474,-20.75194121,42.97207595
0.28125000,20.07532120,-20.75194121,40.82726241
0.28125000,20.35665512,-20.75194121,41.10859633
0.28125000,19.45638657,-20.75194121,40.20832778
0.28125000,16.24631882,-20.75194121,36.99826003
0.28125000,20.17545700,-20.75194121,40.92739821
0.28125000,24.14751053,-20.75194121,44.89945174
0.28125000,20.07818222,-20.75194121,40.83012343
0.28125000,19.74248886,-20.75194121,40.49443007
0.28125000,20.88403702,-20.75194121,41.63597823
0.28125000,21.72517776,-20.75194121,42.47711898
0.28125000,22.31836319,-20.75194121,43.07030440
0.28125000,25.76398849,-20.75194121,46.51592971
0.28125000,20.22409439,-20.75194121,40.97603560
0.28125000,19.46210861,-20.75194121,40.21404982
0.28125000,19.64521408,-20.75194121,40.39715529
0.28125000,20.47109604,-20.75194121,41.22303725
0.28125000,23.30923080,-20.75194121,44.06117202
0.28125000,21.36659622,-20.75194121,42.11853743
0.28125000,19.29426193,-20.75194121,40.04620314
0.28125000,21.17776871,-20.75194121,41.92970992
0.28125000,22.84383774,-20.75194121,43.59577895
0.28125000,15.77711105,-20.75194121,36.52905227
0.28125000,18.70679855,-20.75194121,39.45873977
0.28125000,20.95365524,-20.75194121,41.70559646
0.28125000,19.66238022,-20.75194121,40.41432143
0.28125000,19.11497116,-20.75194121,39.86691237
0.28125000,18.62192154,-20.75194121,39.37386275
0.28125000,24.27434921,-20.75194121,45.02629042
0.28125000,20.25461197,-20.75194121,41.00655318
0.28125000,19.21606064,-20.75194121,39.96800185
0.28125000,21.46291733,-20.75194121,42.21485854
0.28125000,15.53201675,-20.75194121,36.28395797
0.28125000,21.95119858,-20.75194121,42.70313979
0.28125000,20.88308334,-20.75194121,41.63502456
0.28125000,23.42653275,-20.75194121,44.17847396
0.28125000,19.30379868,-20.75194121,40.05573989
0.28125000,22.10092545,-20.75194121,42.85286666
0.28125000,20.43771744,-20.75194121,41.18965865
0.28125000,18.65148544,-20.75194121,39.40342666
0.28125000,20.72477341,-20.75194121,41.47671462
0.28125000,18.58282089,-20.75194121,39.33476210
0.28125000,18.31579208,-20.75194121,39.06773330
0.28125000,20.02763748,-20.75194121,40.77957869
0.28125000,21.09956741,-20.75194121,41.85150863
0.28125000,21.05283737,-20.75194121,41.80477858
0.28125000,19.69194412,-20.75194121,40.44388533
0.28125000,22.36318588,-20.75194121,43.11512709
0.31250000,21.97074890,-24.36069137,46.33144028
0.31250000,17.83752441,-24.36069137,42.19821579
0.31250000,16.50142670,-24.36069137,40.86211807
0.31250000,20.11203766,-24.36069137,44.47272903
0.31250000,20.03955841,-24.36069137,44.40024979
0.31250000,20.08342743,-24.36069137,44.44411880
0.31250000,17.72117615,-24.36069137,42.08186752
0.31250000,22.83763885,-24.36069137,47.19833023
0.31250000,20.94936371,-24.36069137,45.31005508
0.31250000,22.76706696,-24.36069137,47.12775833
0.31250000,19.54174042,-24.36069137,43.90243179
0.31250000,22.43614197,-24.36069137,46.79683334
0.31250000,19.72198486,-24.36069137,44.08267624
0.31250000,20.56884766,-24.36069137,44.92953903
0.31250000,22.39990234,-24.36069137,46.76059372
0.31250000,21.52252197,-24.36069137,45.88321335
0.31250000,18.60332489,-24.36069137,42.96401627
0.31250000,21.04377747,-24.36069137,45.40446884
0.31250000,23.07891846,-24.36069137,47.43960983
0.31250000,21.99554443,-24.36069137,46.35623581
0.31250000,20.03669739,-24.36069137,44.39738876
0.31250000,21.49009705,-24.36069137,45.85078842
0.31250000,21.19922638,-24.36069137,45.55991775
0.31250000,18.25237274,-24.36069137,42.61306412
0.31250000,15.47718048,-24.36069137,39.83787186
0.31250000,21.42238617,-24.36069137,45.78307754
0.31250000,20.88928223,-24.36069137,45.24997360
0.31250000,21.08669281,-24.36069137,45.44738419
0.31250000,18.63670349,-24.36069137,42.99739487
0.31250000,18.86177063,-24.36069137,43.22246200
0.31250000,19.19078827,-24.36069137,43.55147964
0.31250000,20.43914795,-24.36069137,44.79983932
0.31250000,26.05819702,-24.36069137,50.41888840
0.31250000,20.90167999,-24.36069137,45.26237137
0.31250000,19.82116699,-24.36069137,44.18185837
0.31250000,19.98519897,-24.36069137,44.34589035
0.31250000,21.83341980,-24.36069137,46.19411117
0.31250000,19.33860779,-24.36069137,43.69929916
0.31250000,24.70302582,-24.36069137,49.06371719
0.31250000,24.99771118,-24.36069137,49.35840256
0.31250000,19.93846893,-24.36069137,44.29916031
0.31250000,23.42510223,-24.36069137,47.78579361
0.31250000,20.76053619,-24.36069137,45.12122757
0.31250000,19.52552795,-24.36069137,43.88621933
0.31250000,15.84815979,-24.36069137,40.20885116
0.31250000,20.02143860,-24.36069137,44.38212997
0.31250000,15.11859894,-24.36069137,39.47929031
0.31250000,17.70401001,-24.36069137,42.06470138
0.31250000,18.42975616,-24.36069137,42.79044754
0.31250000,19.75059509,-24.36069137,44.11128647
0.31250000,20.40290833,-24.36069137,44.76359970
0.31250000,21.20494843,-24.36069137,45.56563980
0.31250000,20.75004578,-24.36069137,45.11073715
0.31250000,24.15084839,-24.36069137,48.51153976
0.31250000,18.60332489,-24.36069137,42.96401627
0.31250000,17.97389984,-24.36069137,42.33459122
0.31250000,20.57838440,-24.36069137,44.93907577
0.31250000,20.66516876,-24.36069137,45.02586014
0.31250000,25.83789825,-24.36069137,50.19858963
0.31250000,21.81053162,-24.36069137,46.17122299
0.31250000,21.06380463,-24.36069137,45.42449600
0.31250000,18.14270020,-24.36069137,42.50339157
0.31250000,18.99623871,-24.36069137,43.35693008
0.31250000,15.10524750,-24.36069137,39.46593887
0.31250000,22.46093750,-24.36069137,46.82162887
0.31250000,17.33684540,-24.36069137,41.69753677
0.31250000,17.76313782,-24.36069137,42.12382919
0.31250000,16.96395874,-24.36069137,41.32465012
0.31250000,19.55795288,-24.36069137,43.91864426
0.31250000,19.80018616,-24.36069137,44.16087753
0.31250000,19.54650879,-24.36069137,43.90720016
0.31250000,20.16162872,-24.36069137,44.52232010
0.31250000,19.44160461,-24.36069137,43.80229599
0.31250000,19.74201202,-24.36069137,44.10270340
0.31250000,17.59529114,-24.36069137,41.95598251
0.31250000,19.70100403,-24.36069137,44.06169540
0.31250000,20.33710480,-24.36069137,44.69779617
0.34375000,20.38574219,-27.96944154,48.35518373
0.34375000,16.75796509,-27.96944154,44.72740663
0.34375000,20.94459534,-27.96944154,48.91403687
0.34375000,18.17893982,-27.96944154,46.14838136
0.34375000,22.02606201,-27.96944154,49.99550355
0.34375000,18.59188080,-27.96944154,46.56132234
0.34375000,19.56653595,-27.96944154,47.53597749
0.34375000,20.67279816,-27.96944154,48.64223969
0.34375000,19.17076111,-27.96944154,47.14020265
0.34375000,20.71189880,-27.96944154,48.68134034
0.34375000,17.84420013,-27.96944154,45.81364167
0.34375000,19.66571808,-27.96944154,47.63515962
0.34375000,18.59664917,-27.96944154,46.56609071
0.34375000,18.12934875,-27.96944154,46.09879029
0.34375000,18.59188080,-27.96944154,46.56132234
0.34375000,18.58139038,-27.96944154,46.55083192
0.34375000,17.71545410,-27.96944154,45.68489564
0.34375000,21.24214172,-27.96944154,49.21158326
0.34375000,22.09472656,-27.96944154,50.06416810
0.34375000,17.04788208,-27.96944154,45.01732362
0.34375000,20.27320862,-27.96944154,48.24265016
0.34375000,17.29011536,-27.96944154,45.25955689
0.34375000,19.19364929,-27.96944154,47.16309083
0.34375000,18.99719238,-27.96944154,46.96663392
0.34375000,22.83096313,-27.96944154,50.80040467
0.34375000,16.96395874,-27.96944154,44.93340028
0.34375000,17.21763611,-27.96944154,45.18707765
0.34375000,21.07143402,-27.96944154,49.04087556
0.34375000,20.48969269,-27.96944154,48.45913423
0.34375000,20.89118958,-27.96944154,48.86063111
0.34375000,20.49922943,-27.96944154,48.46867097
0.34375000,18.64719391,-27.96944154,46.61663545
0.34375000,22.25208282,-27.96944154,50.22152436
0.34375000,15.43998718,-27.96944154,43.40942872
0.34375000,16.78466797,-27.96944154,44.75410951
0.34375000,17.91286469,-27.96944154,45.88230622
0.34375000,16.70074463,-27.96944154,44.67018617
0.34375000,22.28832245,-27.96944154,50.25776399
0.34375000,16.48139954,-27.96944154,44.45084107
0.34375000,17.06314087,-27.96944154,45.03258241
0.34375000,16.48616791,-27.96944154,44.45560945
0.34375000,22.87769318,-27.96944154,50.84713471
0.34375000,20.52402496,-27.96944154,48.49346650
0.34375000,18.42880249,-27.96944154,46.39824403
0.34375000,20.39146423,-27.96944154,48.36090577
0.34375000,13.08536530,-27.96944154,41.05480683
0.34375000,19.83547211,-27.96944154,47.80491364
0.34375000,21.75807953,-27.96944154,49.72752107
0.34375000,21.79622650,-27.96944154,49.76566804
0.34375000,15.64598083,-27.96944154,43.61542237
0.34375000,17.17376709,-27.96944154,45.14320863
0.34375000,20.14446259,-27.96944154,48.11390412
0.34375000,16.66259766,-27.96944154,44.63203919
0.34375000,22.21393585,-27.96944154,50.18337739
0.34375000,17.64965057,-27.96944154,45.61909211
0.34375000,20.41530609,-27.96944154,48.38474763
0.34375000,17.26627350,-27.96944154,45.23571504
0.34375000,18.05210114,-27.96944154,46.02154267
0.34375000,17.98057556,-27.96944154,45.95001710
0.34375000,18.17131042,-27.96944154,46.14075196
0.34375000,21.25644684,-27.96944154,49.22588838
0.34375000,19.43778992,-27.96944154,47.40723145
0.34375000,18.34201813,-27.96944154,46.31145967
0.34375000,20.95603943,-27.96944154,48.92548097
0.34375000,17.44937897,-27.96944154,45.41882051
0.34375000,18.15891266,-27.96944154,46.12835420
0.34375000,21.15726471,-27.96944154,49.12670625
0.34375000,19.21749115,-27.96944154,47.18693269
0.34375000,20.03002167,-27.96944154,47.99946321
0.34375000,14.54734802,-27.96944154,42.51678956
0.37500000,21.97456360,-31.57819170,53.55275530
0.37500000,14.76573944,-31.57819170,46.34393114
0.37500000,13.32378387,-31.57819170,44.90197558
0.37500000,18.63098145,-31.57819170,50.20917315
0.37500000,18.65673065,-31.57819170,50.23492235
0.37500000,17.92049408,-31.57819170,49.49868578
0.37500000,17.60673523,-31.57819170,49.18492693
0.37500000,16.47949219,-31.57819170,48.05768389
0.37500000,17.65441895,-31.57819170,49.23261065
0.37500000,20.89786530,-31.57819170,52.47605700
0.37500000,19.57798004,-31.57819170,51.15617174
0.37500000,20.36762238,-31.57819170,51.94581408
0.37500000,17.33016968,-31.57819170,48.90836138
0.37500000,19.39582825,-31.57819170,50.97401995
0.37500000,12.66288757,-31.57819170,44.24107927
0.37500000,18.20945740,-31.57819170,49.78764910
0.37500000,15.01369476,-31.57819170,46.59188646
0.37500000,13.59748840,-31.57819170,45.17568010
0.37500000,14.42337036,-31.57819170,46.00156206
0.37500000,15.32173157,-31.57819170,46.89992327
0.37500000,23.74076843,-31.57819170,55.31896013
0.37500000,18.96667480,-31.57819170,50.54486651
0.37500000,17.44461060,-31.57819170,49.02280230
0.37500000,19.39964294,-31.57819170,50.97783464
0.37500000,17.23957062,-31.57819170,48.81776232
0.37500000,19.49882507,-31.57819170,51.07701677
0.37500000,20.07102966,-31.57819170,51.64922136
0.37500000,18.34869385,-31.57819170,49.92688555
0.37500000,16.10469818,-31.57819170,47.68288988
0.37500000,20.42484283,-31.57819170,52.00303454
0.37500000,17.79365540,-31.57819170,49.37184710
0.37500000,15.36369324,-31.57819170,46.94188494
0.37500000,16.85237885,-31.57819170,48.43057055
0.37500000,13.51070404,-31.57819170,45.08889574
0.37500000,15.85865021,-31.57819170,47.43684191
0.37500000,14.79721069,-31.57819170,46.37540239
0.37500000,17.54093170,-31.57819170,49.11912340
0.37500000,15.81478119,-31.57819170,47.39297289
0.37500000,18.73397827,-31.57819170,50.31216997
0.37500000,18.25237274,-31.57819170,49.83056444
0.37500000,17.32635498,-31.57819170,48.90454668
0.37500000,18.79596710,-31.57819170,50.37415880
0.37500000,17.65346527,-31.57819170,49.23165697
0.37500000,16.85905457,-31.57819170,48.43724627
0.37500000,22.26638794,-31.57819170,53.84457964
0.37500000,19.55890656,-31.57819170,51.13709826
0.37500000,16.28494263,-31.57819170,47.86313433
0.37500000,17.59719849,-31.57819170,49.17539019
0.37500000,14.36901093,-31.57819170,45.94720263
0.37500000,22.63164520,-31.57819170,54.20983690
0.37500000,16.20578766,-31.57819170,47.78397936
0.37500000,15.24257660,-31.57819170,46.82076830
0.37500000,17.46273041,-31.57819170,49.04092211
0.37500000,14.85157013,-31.57819170,46.42976183
0.37500000,12.40062714,-31.57819170,43.97881884
0.37500000,15.09094238,-31.57819170,46.66913408
0.37500000,19.54555511,-31.57819170,51.12374682
0.37500000,23.11897278,-31.57819170,54.69716448
0.37500000,13.62323761,-31.57819170,45.20142931
0.37500000,15.91968536,-31.57819170,47.49787706
0.37500000,18.48983765,-31.57819170,50.06802935
0.37500000,17.49610901,-31.57819170,49.07430071
0.37500000,20.19786835,-31.57819170,51.77606005
0.37500000,16.97444916,-31.57819170,48.55264086
0.37500000,15.65551758,-31.57819170,47.23370928
0.37500000,21.10481262,-31.57819170,52.68300432
0.37500000,13.81778717,-31.57819170,45.39597887
0.37500000,17.80700684,-31.57819170,49.38519854
0.37500000,16.91627502,-31.57819170,48.49446673
0.37500000,20.19405365,-31.57819170,51.77224535
0.37500000,16.40224457,-31.57819170,47.98043627
0.37500000,17.71068573,-31.57819170,49.28887743
0.37500000,18.87798309,-31.57819170,50.45617479
0.37500000,20.68805695,-31.57819170,52.26624865
0.37500000,16.44229889,-31.57819170,48.02049059
0.37500000,14.41955566,-31.57819170,45.99774736
0.37500000,13.95511627,-31.57819170,45.53330797
0.03125000,-0.34713745,8.11806009,-8.46519754
0.03125000,-0.56934357,8.11806009,-8.68740366
0.03125000,-0.89836121,8.11806009,-9.01642130
0.03125000,-0.53405762,8.11806009,-8.65211771
0.03125000,-0.41198730,8.11806009,-8.53004740
0.03125000,4.02355194,8.11806009,-4.09450815
0.03125000,-1.06143951,8.11806009,-9.17949960
0.03125000,-0.70667267,8.11806009,-8.82473276
0.03125000,-0.38719177,8.11806009,-8.50525186
0.03125000,-0.91838837,8.11806009,-9.03644846
0.03125000,-0.62370300,8.11806009,-8.74176309
0.03125000,-0.27751923,8.11806009,-8.39557932
0.03125000,-1.15585327,8.11806009,-9.27391336
0.03125000,-0.60749054,8.11806009,-8.72555063
0.03125000,-0.75340271,8.11806009,-8.87146280
0.03125000,-0.20790100,8.11806009,-8.32596109
0.03125000,-0.43582916,8.11806009,-8.55388925
0.03125000,-0.99945068,8.11806009,-9.11751077
0.03125000,-0.73814392,8.11806009,-8.85620401
0.03125000,-0.48828125,8.11806009,-8.60634134
0.03125000,-0.26226044,8.11806009,-8.38032053
0.03125000,-0.53310394,8.11806009,-8.65116403
0.03125000,-0.91552734,8.11806009,-9.03358743
0.03125000,-0.64086914,8.11806009,-8.75892923
0.03125000,-0.64945221,8.11806009,-8.76751230
0.03125000,-0.72765350,8.11806009,-8.84571359
0.03125000,-1.13487244,8.11806009,-9.25293253
0.03125000,-0.94032288,8.11806009,-9.05838297
0.03125000,-0.64277649,8.11806009,-8.76083658
0.03125000,-0.91362000,8.11806009,-9.03168009
0.03125000,-0.37860870,8.11806009,-8.49666879
0.03125000,-0.35667419,8.11806009,-8.47473428
0.03125000,-0.35190582,8.11806009,-8.46996591
0.03125000,-0.55980682,8.11806009,-8.67786691
0.03125000,-0.84686279,8.11806009,-8.96492288
0.03125000,-0.87928772,8.11806009,-8.99734781
0.03125000,-0.46825409,8.11806009,-8.58631418
0.03125000,-0.42247772,8.11806009,-8.54053781
0.03125000,-0.48255920,8.11806009,-8.60061929
0.03125000,-0.60749054,8.11806009,-8.72555063
0.03125000,-1.17015839,8.11806009,-9.28821848
0.03125000,-0.91075897,8.11806009,-9.02881906
0.03125000,-0.66852570,8.11806009,-8.78658579
0.03125000,-0.41103363,8.11806009,-8.52909372
0.03125000,-0.32997131,8.11806009,-8.44803140
0.03125000,-0.71334839,8.11806009,-8.83140848
0.03125000,-0.60653687,8.11806009,-8.72459696
0.03125000,-0.26512146,8.11806009,-8.38318155
0.03125000,-0.82874298,8.11806009,-8.94680307
0.03125000,-0.66947937,8.11806009,-8.78753946
0.03125000,-0.71620941,8.11806009,-8.83426950
0.03125000,5.77735901,8.11806009,-2.34070108
0.03125000,-0.94318390,8.11806009,-9.06124399
0.03125000,-0.49304962,8.11806009,-8.61110971
0.03125000,-0.49209595,8.11806009,-8.61015604
0.03125000,-0.41484833,8.11806009,-8.53290842
0.03125000,-0.96893311,8.11806009,-9.08699320
0.03125000,-0.74100494,8.11806009,-8.85906503
0.03125000,-0.93746185,8.11806009,-9.05552194
0.03125000,-0.66375732,8.11806009,-8.78181741
0.03125000,-0.40435791,8.11806009,-8.52241800
0.03125000,-0.57888031,8.11806009,-8.69694040
0.03125000,-0.82302094,8.11806009,-8.94108103
0.03125000,-0.67806244,8.11806009,-8.79612253
0.03125000,5.00488281,8.11806009,-3.11317728
0.03125000,-0.94890594,8.11806009,-9.06696604
0.03125000,-0.63705444,8.11806009,-8.75511453
0.03125000,-0.41198730,8.11806009,-8.53004740
0.03125000,-0.41484833,8.11806009,-8.53290842
0.03125000,-0.20217896,8.11806009,-8.32023905
0.03125000,-0.40435791,8.11806009,-8.52241800
0.03125000,-0.50163269,8.11806009,-8.61969278
0.03125000,-0.66375732,8.11806009,-8.78181741
0.03125000,-0.53310394,8.11806009,-8.65116403
0.03125000,-0.53691864,8.11806009,-8.65497873
0.03125000,-0.44059753,8.11806009,-8.55865762
0.03125000,-0.57411194,8.11806009,-8.69217203
0.03125000,-0.80394745,8.11806009,-8.92200754
0.03125000,-1.09863281,8.11806009,-9.21669290
0.03125000,-0.63610077,8.11806009,-8.75416086
0.40625000,13.32092285,-35.18694186,48.50786471
0.40625000,15.49625397,-35.18694186,50.68319583
0.40625000,15.62595367,-35.18694186,50.81289554
0.40625000,12.18509674,-35.18694186,47.37203860
0.40625000,15.36178589,-35.18694186,50.54872775
0.40625000,14.97554779,-35.18694186,50.16248965
0.40625000,17.94338226,-35.18694186,53.13032413
0.40625000,14.18113708,-35.18694186,49.36807895
0.40625000,16.52526855,-35.18694186,51.71221042
0.40625000,16.52622223,-35.18694186,51.71316409
0.40625000,12.77446747,-35.18694186,47.96140933
0.40625000,17.75264740,-35.18694186,52.93958926
0.40625000,11.75403595,-35.18694186,46.94097781
0.40625000,15.32363892,-35.18694186,50.51058078
0.40625000,10.61534882,-35.18694186,45.80229068
0.40625000,11.63673401,-35.18694186,46.82367587
0.40625000,12.55416870,-35.18694186,47.74111056
0.40625000,14.47010040,-35.18694186,49.65704227
0.40625000,16.44039154,-35.18694186,51.62733340
0.40625000,11.36970520,-35.18694186,46.55664706
0.40625000,13.97895813,-35.18694186,49.16589999
0.40625000,17.23861694,-35.18694186,52.42555881
0.40625000,14.66941833,-35.18694186,49.85636020
0.40625000,12.61520386,-35.18694186,47.80214572
0.40625000,12.34245300,-35.18694186,47.52939487
0.40625000,15.72322845,-35.18694186,50.91017032
0.40625000,15.14244080,-35.18694186,50.32938266
0.40625000,13.85784149,-35.18694186,49.04478336
0.40625000,17.50564575,-35.18694186,52.69258762
0.40625000,12.35103607,-35.18694186,47.53797794
0.40625000,15.19203186,-35.18694186,50.37897372
0.40625000,14.50157166,-35.18694186,49.68851352
0.40625000,19.91462708,-35.18694186,55.10156894
0.40625000,15.62690735,-35.18694186,50.81384921
0.40625000,10.92433929,-35.18694186,46.11128116
0.40625000,20.82157135,-35.18694186,56.00851321
0.40625000,14.09912109,-35.18694186,49.28606296
0.40625000,16.84951782,-35.18694186,52.03645969
0.40625000,11.08551025,-35.18694186,46.27245212
0.40625000,17.94338226,-35.18694186,53.13032413
0.40625000,20.42198181,-35.18694186,55.60892367
0.40625000,14.39857483,-35.18694186,49.58551669
0.40625000,13.71765137,-35.18694186,48.90459323
0.40625000,12.36629486,-35.18694186,47.55323672
0.40625000,12.71247864,-35.18694186,47.89942050
0.40625000,15.26451111,-35.18694186,50.45145297
0.40625000,18.55278015,-35.18694186,53.73972201
0.40625000,13.77487183,-35.18694186,48.96181369
0.40625000,14.80960846,-35.18694186,49.99655032
0.40625000,16.14284515,-35.18694186,51.32978702
0.40625000,14.46247101,-35.18694186,49.64941287
0.40625000,15.82717896,-35.18694186,51.01412082
0.40625000,15.84148407,-35.18694186,51.02842593
0.40625000,17.82417297,-35.18694186,53.01111484
0.40625000,12.61806488,-35.18694186,47.80500674
0.40625000,10.97869873,-35.18694186,46.16564059
0.40625000,16.52526855,-35.18694186,51.71221042
0.40625000,15.28453827,-35.18694186,50.47148013
0.40625000,19.20795441,-35.18694186,54.39489627
0.40625000,18.11504364,-35.18694186,53.30198550
0.40625000,14.28031921,-35.18694186,49.46726108
0.40625000,16.37649536,-35.18694186,51.56343722
0.40625000,11.61098480,-35.18694186,46.79792667
0.40625000,16.14093781,-35.18694186,51.32787967
0.40625000,14.16587830,-35.18694186,49.35282016
0.40625000,13.57746124,-35.18694186,48.76440311
0.40625000,15.13767242,-35.18694186,50.32461429
0.40625000,12.20226288,-35.18694186,47.38920474
0.40625000,14.76383209,-35.18694186,49.95077396
0.40625000,16.01886749,-35.18694186,51.20580936
0.40625000,15.00606537,-35.18694186,50.19300723
0.40625000,18.59474182,-35.18694186,53.78168368
0.40625000,13.84162903,-35.18694186,49.02857089
0.40625000,18.16558838,-35.18694186,53.35253024
0.40625000,10.89477539,-35.18694186,46.08171725
0.40625000,13.64231110,-35.18694186,48.82925296
0.40625000,14.53399658,-35.18694186,49.72093845
0.40625000,13.85593414,-35.18694186,49.04287601
0.40625000,16.26682281,-35.18694186,51.45376468
0.40625000,12.89272308,-35.18694186,48.07966495
0.43750000,17.04359055,-38.79569203,55.83928257
0.43750000,19.55175400,-38.79569203,58.34744602
0.43750000,13.02003860,-38.79569203,51.81573063
0.43750000,15.28882980,-38.79569203,54.08452183
0.43750000,17.37642288,-38.79569203,56.17211491
0.43750000,13.94414902,-38.79569203,52.73984104
0.43750000,10.16759872,-38.79569203,48.96329075
0.43750000,11.19279861,-38.79569203,49.98849064
0.43750000,14.45531845,-38.79569203,53.25101048
0.43750000,12.37058640,-38.79569203,51.16627842
0.43750000,8.93354416,-38.79569203,47.72923619
0.43750000,10.91718674,-38.79569203,49.71287876
0.43750000,11.03734970,-38.79569203,49.83304173
0.43750000,9.04035568,-38.79569203,47.83604771
0.43750000,16.25394821,-38.79569203,55.04964024
0.43750000,11.45696640,-38.79569203,50.25265843
0.43750000,10.96773148,-38.79569203,49.76342350
0.43750000,13.14496994,-38.79569203,51.94066197
0.43750000,12.20655441,-38.79569203,51.00224644
0.43750000,14.24264908,-38.79569203,53.03834110
0.43750000,10.11228561,-38.79569203,48.90797764
0.43750000,9.41705704,-38.79569203,48.21274906
0.43750000,12.50123978,-38.79569203,51.29693180
0.43750000,10.82468033,-38.79569203,49.62037235
0.43750000,11.07263565,-38.79569203,49.86832768
0.43750000,11.27099991,-38.79569203,50.06669193
0.43750000,11.59143448,-38.79569203,50.38712651
0.43750000,12.89129257,-38.79569203,51.68698460
0.43750000,9.40465927,-38.79569203,48.20035130
0.43750000,11.96050644,-38.79569203,50.75619847
0.43750000,15.45190811,-38.79569203,54.24760014
0.43750000,14.30463791,-38.79569203,53.10032994
0.43750000,18.32151413,-38.79569203,57.11720616
0.43750000,11.50274277,-38.79569203,50.29843479
0.43750000,15.84196091,-38.79569203,54.63765293
0.43750000,19.55652237,-38.79569203,58.35221440
0.43750000,11.65723801,-38.79569203,50.45293003
0.43750000,12.09497452,-38.79569203,50.89066654
0.43750000,11.31963730,-38.79569203,50.11532932
0.43750000,14.49728012,-38.79569203,53.29297215
0.43750000,14.55736160,-38.79569203,53.35305363
0.43750000,16.96348190,-38.79569203,55.75917393
0.43750000,12.57562637,-38.79569203,51.37131840
0.43750000,13.17167282,-38.79569203,51.96736485
0.43750000,10.35261154,-38.79569203,49.14830357
0.43750000,8.71229172,-38.79569203,47.50798374
0.43750000,13.83256912,-38.79569203,52.62826115
0.43750000,10.92576981,-38.79569203,49.72146183
0.43750000,11.27767563,-38.79569203,50.07336765
0.43750000,9.42182541,-38.79569203,48.21751744
0.43750000,17.84372330,-38.79569203,56.63941532
0.43750000,13.47398758,-38.79569203,52.26967961
0.43750000,16.05653763,-38.79569203,54.85222965
0.43750000,17.26102829,-38.79569203,56.05672032
0.43750000,10.40220261,-38.79569203,49.19789463
0.43750000,14.26649094,-38.79569203,53.06218296
0.43750000,6.98804855,-38.79569203,45.78374058
0.43750000,9.43136215,-38.79569203,48.22705418
0.43750000,15.81811905,-38.79569203,54.61381108
0.43750000,7.93790817,-38.79569203,46.73360020
0.43750000,10.22481918,-38.79569203,49.02051121
0.43750000,8.92877579,-38.79569203,47.72446781
0.43750000,11.58094406,-38.79569203,50.37663609
0.43750000,12.91227341,-38.79569203,51.70796543
0.43750000,12.32576370,-38.79569203,51.12145573
0.43750000,16.09277725,-38.79569203,54.88846928
0.43750000,7.78532028,-38.79569203,46.58101231
0.43750000,12.15600967,-38.79569203,50.95170170
0.43750000,15.97929001,-38.79569203,54.77498203
0.43750000,9.20248032,-38.79569203,47.99817234
0.43750000,13.03911209,-38.79569203,51.83480412
0.43750000,10.73789597,-38.79569203,49.53358799
0.43750000,12.02249527,-38.79569203,50.81818730
0.43750000,14.25504684,-38.79569203,53.05073887
0.43750000,8.36324692,-38.79569203,47.15893894
0.43750000,10.68162918,-38.79569203,49.47732121
0.43750000,11.98053360,-38.79569203,50.77622563
0.43750000,13.44633102,-38.79569203,52.24202305
0.43750000,13.61131668,-38.79569203,52.40700871
0.43750000,11.90042496,-38.79569203,50.69611698
0.46875000,7.03382492,-42.40444219,49.43826711
0.46875000,10.21623611,-42.40444219,52.62067830
0.46875000,7.88068771,-42.40444219,50.28512990
0.46875000,12.12549210,-42.40444219,54.52993429
0.46875000,8.71801376,-42.40444219,51.12245595
0.46875000,8.62646103,-42.40444219,51.03090322
0.46875000,13.07821274,-42.40444219,55.48265493
0.46875000,4.67157364,-42.40444219,47.07601583
0.46875000,6.06107712,-42.40444219,48.46551931
0.46875000,10.39743423,-42.40444219,52.80187642
0.46875000,8.17251205,-42.40444219,50.57695424
0.46875000,9.57822800,-42.40444219,51.98267019
0.46875000,9.22441483,-42.40444219,51.62885701
0.46875000,10.98585129,-42.40444219,53.39029348
0.46875000,9.06038284,-42.40444219,51.46482503
0.46875000,9.63163376,-42.40444219,52.03607595
0.46875000,9.22822952,-42.40444219,51.63267171
0.46875000,5.89418411,-42.40444219,48.29862630
0.46875000,12.01963425,-42.40444219,54.42407644
0.46875000,7.41338730,-42.40444219,49.81782949
0.46875000,13.71049881,-42.40444219,56.11494100
0.46875000,10.13135910,-42.40444219,52.53580129
0.46875000,7.26938248,-42.40444219,49.67382467
0.46875000,10.37168503,-42.40444219,52.77612722
0.46875000,13.35191727,-42.40444219,55.75635946
0.46875000,10.92481613,-42.40444219,53.32925832
0.46875000,11.92426682,-42.40444219,54.32870900
0.46875000,12.87126541,-42.40444219,55.27570760
0.46875000,7.86638260,-42.40444219,50.27082479
0.46875000,8.96692276,-42.40444219,51.37136495
0.46875000,9.81092453,-42.40444219,52.21536672
0.46875000,8.04376602,-42.40444219,50.44820821
0.46875000,8.20970535,-42.40444219,50.61414754
0.46875000,8.59785080,-42.40444219,51.00229299
0.46875000,6.84022903,-42.40444219,49.24467122
0.46875000,7.02524185,-42.40444219,49.42968404
0.46875000,4.74786758,-42.40444219,47.15230977
0.46875000,7.16924667,-42.40444219,49.57368886
0.46875000,6.46448135,-42.40444219,48.86892354
0.46875000,8.77523422,-42.40444219,51.17967641
0.46875000,9.10520554,-42.40444219,51.50964772
0.46875000,11.90137863,-42.40444219,54.30582082
0.46875000,9.89198685,-42.40444219,52.29642904
0.46875000,8.96596909,-42.40444219,51.37041127
0.46875000,10.63489914,-42.40444219,53.03934133
0.46875000,12.25233078,-42.40444219,54.65677297
0.46875000,10.90860367,-42.40444219,53.31304586
0.46875000,3.83996964,-42.40444219,46.24441182
0.46875000,10.45179367,-42.40444219,52.85623586
0.46875000,9.72890854,-42.40444219,52.13335073
0.46875000,8.76188278,-42.40444219,51.16632497
0.46875000,7.19690323,-42.40444219,49.60134542
0.46875000,15.35272598,-42.40444219,57.75716817
0.46875000,10.77699661,-42.40444219,53.18143880
0.46875000,8.18490982,-42.40444219,50.58935201
0.46875000,8.14485550,-42.40444219,50.54929769
0.46875000,11.64007187,-42.40444219,54.04451406
0.46875000,8.82673264,-42.40444219,51.23117482
0.46875000,9.72127914,-42.40444219,52.12572133
0.46875000,11.90996170,-42.40444219,54.31440389
0.46875000,8.24117661,-42.40444219,50.64561879
0.46875000,6.39486313,-42.40444219,48.79930532
0.46875000,6.93082809,-42.40444219,49.33527028
0.46875000,7.59649277,-42.40444219,50.00093496
0.46875000,6.18219376,-42.40444219,48.58663595
0.46875000,8.32319260,-42.40444219,50.72763479
0.46875000,7.00712204,-42.40444219,49.41156423
0.46875000,12.28475571,-42.40444219,54.68919790
0.46875000,8.90111923,-42.40444219,51.30556142
0.46875000,9.06324387,-42.40444219,51.46768606
0.46875000,8.15439224,-42.40444219,50.55883443
0.46875000,7.03573227,-42.40444219,49.44017446
0.46875000,5.69868088,-42.40444219,48.10312307
0.46875000,10.35833359,-42.40444219,52.76277578
0.46875000,12.03489304,-42.40444219,54.43933522
0.46875000,5.46789169,-42.40444219,47.87233388
0.46875000,10.45370102,-42.40444219,52.85814321
0.46875000,10.73026657,-42.40444219,53.13470876
0.46875000,5.83410263,-42.40444219,48.23854482
0.46875000,6.77633286,-42.40444219,49.18077504
0.50000000,4.95004654,-46.01319235,50.96323889
0.50000000,5.82361221,-46.01319235,51.83680457
0.50000000,6.44254684,-46.01319235,52.45573920
0.50000000,2.72130966,-46.01319235,48.73450201
0.50000000,2.76231766,-46.01319235,48.77551001
0.50000000,6.18124008,-46.01319235,52.19443243
0.50000000,5.48028946,-46.01319235,51.49348181
0.50000000,8.56256485,-46.01319235,54.57575720
0.50000000,7.64989853,-46.01319235,53.66309088
0.50000000,3.88574600,-46.01319235,49.89893835
0.50000000,6.02960587,-46.01319235,52.04279822
0.50000000,7.08818436,-46.01319235,53.10137671
0.50000000,6.33096695,-46.01319235,52.34415930
0.50000000,2.95782089,-46.01319235,48.97101324
0.50000000,7.74145126,-46.01319235,53.75464362
0.50000000,3.68642807,-46.01319235,49.69962042
0.50000000,6.85834885,-46.01319235,52.87154120
0.50000000,6.06679916,-46.01319235,52.07999152
0.50000000,8.23354721,-46.01319235,54.24673956
0.50000000,7.46202469,-46.01319235,53.47521704
0.50000000,5.82170486,-46.01319235,51.83489722
0.50000000,8.37850571,-46.01319235,54.39169806
0.50000000,9.35125351,-46.01319235,55.36444586
0.50000000,4.72021103,-46.01319235,50.73340338
0.50000000,6.00957870,-46.01319235,52.02277106
0.50000000,5.09119034,-46.01319235,51.10438269
0.50000000,4.45127487,-46.01319235,50.46446722
0.50000000,4.82988358,-46.01319235,50.84307593
0.50000000,5.77020645,-46.01319235,51.78339880
0.50000000,6.10971451,-46.01319235,52.12290686
0.50000000,4.47893143,-46.01319235,50.49212378
0.50000000,3.33452225,-46.01319235,49.34771460
0.50000000,6.89840317,-46.01319235,52.91159552
0.50000000,3.79514694,-46.01319235,49.80833929
0.50000000,2.15864182,-46.01319235,48.17183417
0.50000000,8.49580765,-46.01319235,54.50900000
0.50000000,5.18751144,-46.01319235,51.20070380
0.50000000,1.91354752,-46.01319235,47.92673987
0.50000000,5.79500198,-46.01319235,51.80819434
0.50000000,5.05495071,-46.01319235,51.06814307
0.50000000,5.92565536,-46.01319235,51.93884772
0.50000000,3.14569473,-46.01319235,49.15888708
0.50000000,7.58409500,-46.01319235,53.59728735
0.50000000,5.95903397,-46.01319235,51.97222632
0.50000000,7.01475143,-46.01319235,53.02794379
0.50000000,1.64556503,-46.01319235,47.65875738
0.50000000,4.70209122,-46.01319235,50.71528357
0.50000000,6.45494461,-46.01319235,52.46813696
0.50000000,4.94909286,-46.01319235,50.96228522
0.50000000,7.65466690,-46.01319235,53.66785925
0.50000000,8.36992264,-46.01319235,54.38311499
0.50000000,5.02920151,-46.01319235,51.04239386
0.50000000,2.53534317,-46.01319235,48.54853552
0.50000000,5.38396835,-46.01319235,51.39716071
0.50000000,5.54609299,-46.01319235,51.55928534
0.50000000,1.70373917,-46.01319235,47.71693152
0.50000000,4.34732437,-46.01319235,50.36051672
0.50000000,7.25889206,-46.01319235,53.27208441
0.50000000,2.25210190,-46.01319235,48.26529425
0.50000000,4.15086746,-46.01319235,50.16405981
0.50000000,3.03316116,-46.01319235,49.04635352
0.50000000,7.32851028,-46.01319235,53.34170264
0.50000000,5.05399704,-46.01319235,51.06718939
0.50000000,6.87932968,-46.01319235,52.89252203
0.50000000,7.33232498,-46.01319235,53.34551733
0.50000000,6.59322739,-46.01319235,52.60641974
0.50000000,8.81052017,-46.01319235,54.82371252
0.50000000,3.66926193,-46.01319235,49.68245428
0.50000000,8.49390030,-46.01319235,54.50709265
0.50000000,6.23369217,-46.01319235,52.24688452
0.50000000,8.61406326,-46.01319235,54.62725561
0.50000000,4.66394424,-46.01319235,50.67713660
0.50000000,6.36529922,-46.01319235,52.37849158
0.50000000,0.51355362,-46.01319235,46.52674597
0.50000000,3.89719009,-46.01319235,49.91038245
0.50000000,8.42905045,-46.01319235,54.44224280
0.50000000,5.99622726,-46.01319235,52.00941962
0.50000000,0.99802017,-46.01319235,47.01121252
0.50000000,5.01680374,-46.01319235,51.02999609
0.53125000,-1.65891647,-49.62194251,47.96302604
0.53125000,0.14066696,-49.62194251,49.76260948
0.53125000,1.58166885,-49.62194251,51.20361137
0.53125000,3.75318527,-49.62194251,53.37512779
0.53125000,5.65862656,-49.62194251,55.28056907
0.53125000,4.92238998,-49.62194251,54.54433250
0.53125000,2.11954117,-49.62194251,51.74148368
0.53125000,3.38983536,-49.62194251,53.01177787
0.53125000,3.50618362,-49.62194251,53.12812614
0.53125000,0.81396103,-49.62194251,50.43590354
0.53125000,2.18915939,-49.62194251,51.81110191
0.53125000,-1.56545639,-49.62194251,48.05648612
0.53125000,-0.44965744,-49.62194251,49.17228507
0.53125000,2.43997574,-49.62194251,52.06191825
0.53125000,3.75318527,-49.62194251,53.37512779
0.53125000,1.62553787,-49.62194251,51.24748039
0.53125000,5.96380234,-49.62194251,55.58574485
0.53125000,2.90441513,-49.62194251,52.52635765
0.53125000,-0.24557114,-49.62194251,49.37637138
0.53125000,2.31313705,-49.62194251,51.93507957
0.53125000,3.31354141,-49.62194251,52.93548393
0.53125000,-1.33371353,-49.62194251,48.28822898
0.53125000,1.62649155,-49.62194251,51.24843406
0.53125000,6.00385666,-49.62194251,55.62579917
0.53125000,1.11627579,-49.62194251,50.73821830
0.53125000,6.37960434,-49.62194251,56.00154685
0.53125000,5.18465042,-49.62194251,54.80659294
0.53125000,7.06624985,-49.62194251,56.68819236
0.53125000,1.82485580,-49.62194251,51.44679832
0.53125000,2.10332870,-49.62194251,51.72527122
0.53125000,-2.65741348,-49.62194251,46.96452903
0.53125000,2.83288956,-49.62194251,52.45483207
0.53125000,1.57594681,-49.62194251,51.19788932
0.53125000,0.76818466,-49.62194251,50.39012718
0.53125000,-0.22745132,-49.62194251,49.39449119
0.53125000,1.15060806,-49.62194251,50.77255058
0.53125000,-0.82731247,-49.62194251,48.79463005
0.53125000,-5.85699081,-49.62194251,43.76495170
0.53125000,1.98221207,-49.62194251,51.60415458
0.53125000,2.46477127,-49.62194251,52.08671379
0.53125000,2.25019455,-49.62194251,51.87213706
0.53125000,-0.25796890,-49.62194251,49.36397361
0.53125000,3.56340408,-49.62194251,53.18534660
0.53125000,2.01654434,-49.62194251,51.63848686
0.53125000,2.20918655,-49.62194251,51.83112907
0.53125000,1.76858902,-49.62194251,51.39053153
0.53125000,2.03943253,-49.62194251,51.66137504
0.53125000,3.06749344,-49.62194251,52.68943595
0.53125000,-0.00524521,-49.62194251,49.61669731
0.53125000,-2.05183029,-49.62194251,47.57011222
0.53125000,1.69897079,-49.62194251,51.32091331
0.53125000,0.91886520,-49.62194251,50.54080772
0.53125000,3.49283218,-49.62194251,53.11477470
0.53125000,0.82635880,-49.62194251,50.44830131
0.53125000,-1.56068802,-49.62194251,48.06125450
0.53125000,-0.31805038,-49.62194251,49.30389213
0.53125000,3.40223312,-49.62194251,53.02417564
0.53125000,1.68085098,-49.62194251,51.30279350
0.53125000,2.19869614,-49.62194251,51.82063865
0.53125000,0.62704086,-49.62194251,50.24898338
0.53125000,1.36995316,-49.62194251,50.99189567
0.53125000,5.04922867,-49.62194251,54.67117118
0.53125000,2.58207321,-49.62194251,52.20401573
0.53125000,3.16572189,-49.62194251,52.78766441
0.53125000,0.71191788,-49.62194251,50.33386039
0.53125000,0.52976608,-49.62194251,50.15170860
0.53125000,2.48670578,-49.62194251,52.10864829
0.53125000,0.73575974,-49.62194251,50.35770225
0.53125000,3.08465958,-49.62194251,52.70660209
0.53125000,-0.58126450,-49.62194251,49.04067802
0.53125000,-2.49528885,-49.62194251,47.12665367
0.53125000,2.36558914,-49.62194251,51.98753166
0.53125000,2.70605087,-49.62194251,52.32799339
0.53125000,0.00619888,-49.62194251,49.62814140
0.53125000,-0.96464157,-49.62194251,48.65730094
0.53125000,6.30331039,-49.62194251,55.92525291
0.53125000,4.12034988,-49.62194251,53.74229240
0.53125000,3.51667404,-49.62194251,53.13861656
0.53125000,7.20453262,-49.62194251,56.82647514
0.53125000,0.64611435,-49.62194251,50.26805686
0.56250000,-1.33562088,-53.23069268,51.89507180
0.56250000,-0.51355362,-53.23069268,52.71713906
0.56250000,0.48112869,-53.23069268,53.71182137
0.56250000,-3.09324265,-53.23069268,50.13745003
0.56250000,-2.36368179,-53.23069268,50.86701088
0.56250000,-4.50754166,-53.23069268,48.72315102
0.56250000,-6.29281998,-53.23069268,46.93787270
0.56250000,-2.40468979,-53.23069268,50.82600289
0.56250000,1.39474869,-53.23069268,54.62544137
0.56250000,-5.01489639,-53.23069268,48.21579628
0.56250000,2.36940384,-53.23069268,55.60009652
0.56250000,-4.96244431,-53.23069268,48.26824837
0.56250000,-2.75564194,-53.23069268,50.47505074
0.56250000,-5.76066971,-53.23069268,47.47002297
0.56250000,-2.77662277,-53.23069268,50.45406991
0.56250000,-2.99882889,-53.23069268,50.23186379
0.56250000,-1.63125992,-53.23069268,51.59943276
0.56250000,-5.91039658,-53.23069268,47.32029610
0.56250000,-5.02347946,-53.23069268,48.20721322
0.56250000,-2.17103958,-53.23069268,51.05965310
0.56250000,-7.66324997,-53.23069268,45.56744271
0.56250000,-4.57525253,-53.23069268,48.65544014
0.56250000,-6.74200058,-53.23069268,46.48869210
0.56250000,-6.30807877,-53.23069268,46.92261391
0.56250000,-3.74555588,-53.23069268,49.48513680
0.56250000,-3.72076035,-53.23069268,49.50993233
0.56250000,0.24652481,-53.23069268,53.47721749
0.56250000,-4.31299210,-53.23069268,48.91770058
0.56250000,-0.01573563,-53.23069268,53.21495705
0.56250000,-8.35275650,-53.23069268,44.87793618
0.56250000,-4.32157516,-53.23069268,48.90911751
0.56250000,-1.85060501,-53.23069268,51.38008767
0.56250000,-1.74093246,-53.23069268,51.48976021
0.56250000,-3.35931778,-53.23069268,49.87137490
0.56250000,-0.43821335,-53.23069268,52.79247933
0.56250000,-3.16762924,-53.23069268,50.06306344
0.56250000,-5.88655472,-53.23069268,47.34413796
0.56250000,-3.19528580,-53.23069268,50.03540688
0.56250000,0.38290024,-53.23069268,53.61359292
0.56250000,-4.99582291,-53.23069268,48.23486977
0.56250000,-1.41382217,-53.23069268,51.81687050
0.56250000,-3.80659103,-53.23069268,49.42410164
0.56250000,-7.59553909,-53.23069268,45.63515358
0.56250000,1.84869766,-53.23069268,55.07939034
0.56250000,-0.88357925,-53.23069268,52.34711342
0.56250000,-3.06367874,-53.23069268,50.16701394
0.56250000,-6.61420822,-53.23069268,46.61648446
0.56250000,-0.13685226,-53.23069268,53.09384041
0.56250000,0.62417984,-53.23069268,53.85487252
0.56250000,-2.12430954,-53.23069268,51.10638314
0.56250000,-1.71422958,-53.23069268,51.51646309
0.56250000,-4.05359268,-53.23069268,49.17710000
0.56250000,-5.02729416,-53.23069268,48.20339852
0.56250000,-0.68330765,-53.23069268,52.54738503
0.56250000,-3.71599197,-53.23069268,49.51470070
0.56250000,-3.42321396,-53.23069268,49.80747872
0.56250000,-0.44012070,-53.23069268,52.79057198
0.56250000,-0.53930283,-53.23069268,52.69138985
0.56250000,-3.17430496,-53.23069268,50.05638772
0.56250000,-0.28657913,-53.23069268,52.94411355
0.56250000,-6.82210922,-53.23069268,46.40858346
0.56250000,-2.38370895,-53.23069268,50.84698372
0.56250000,-1.48439407,-53.23069268,51.74629860
0.56250000,-1.57880783,-53.23069268,51.65188485
0.56250000,-5.75971603,-53.23069268,47.47097664
0.56250000,-0.82635880,-53.23069268,52.40433388
0.56250000,2.91395187,-53.23069268,56.14464455
0.56250000,0.03480911,-53.23069268,53.26550179
0.56250000,-1.56736374,-53.23069268,51.66332894
0.56250000,-5.80358505,-53.23069268,47.42710763
0.56250000,-5.21230698,-53.23069268,48.01838570
0.56250000,-2.12907791,-53.23069268,51.10161477
0.56250000,-3.21245193,-53.23069268,50.01824074
0.56250000,-7.69567490,-53.23069268,45.53501778
0.56250000,-3.38125229,-53.23069268,49.84944039
0.56250000,-2.81858444,-53.23069268,50.41210824
0.56250000,-4.80985641,-53.23069268,48.42083626
0.56250000,-5.49554825,-53.23069268,47.73514443
0.56250000,2.39515305,-53.23069268,55.62584572
0.56250000,-6.51121140,-53.23069268,46.71948128
0.59375000,-8.98885727,-56.83944284,47.85058557
0.59375000,-8.77428055,-56.83944284,48.06516229
0.59375000,-10.91241837,-56.83944284,45.92702447
0.59375000,-6.30140305,-56.83944284,50.53803979
0.59375000,-9.53531265,-56.83944284,47.30413019
0.59375000,-10.50615311,-56.83944284,46.33328973
0.59375000,-11.49988174,-56.83944284,45.33956110
0.59375000,-10.70737839,-56.83944284,46.13206445
0.59375000,-5.41734695,-56.83944284,51.42209589
0.59375000,-5.61380386,-56.83944284,51.22563898
0.59375000,-6.29472733,-56.83944284,50.54471551
0.59375000,-11.94238663,-56.83944284,44.89705621
0.59375000,-7.82728195,-56.83944284,49.01216089
0.59375000,-8.92782211,-56.83944284,47.91162073
0.59375000,-9.60683823,-56.83944284,47.23260461
0.59375000,-0.52118301,-56.83944284,56.31825983
0.59375000,-10.08939743,-56.83944284,46.75004541
0.59375000,-3.55386734,-56.83944284,53.28557550
0.59375000,-9.07278061,-56.83944284,47.76666223
0.59375000,-6.27088547,-56.83944284,50.56855737
0.59375000,-7.03191757,-56.83944284,49.80752527
0.59375000,-4.60481644,-56.83944284,52.23462640
0.59375000,-12.43925095,-56.83944284,44.40019189
0.59375000,-7.30657578,-56.83944284,49.53286707
0.59375000,-10.66255569,-56.83944284,46.17688715
0.59375000,-12.44688034,-56.83944284,44.39256250
0.59375000,-9.61256027,-56.83944284,47.22688257
0.59375000,-10.09035110,-56.83944284,46.74909174
0.59375000,-7.88068771,-56.83944284,48.95875513
0.59375000,-6.86788559,-56.83944284,49.97155725
0.59375000,-8.78286362,-56.83944284,48.05657922
0.59375000,-10.16759872,-56.83944284,46.67184412
0.59375000,-5.96189499,-56.83944284,50.87754785
0.59375000,-8.49580765,-56.83944284,48.34363519
0.59375000,-9.38940048,-56.83944284,47.45004236
0.59375000,-10.57863235,-56.83944284,46.26081049
0.59375000,-5.14173508,-56.83944284,51.69770776
0.59375000,-6.61420822,-56.83944284,50.22523462
0.59375000,-9.95397568,-56.83944284,46.88546716
0.59375000,-9.28163528,-56.83944284,47.55780756
0.59375000,-11.97195053,-56.83944284,44.86749231
0.59375000,-6.79731369,-56.83944284,50.04212915
0.59375000,-7.79867172,-56.83944284,49.04077112
0.59375000,-10.89334488,-56.83944284,45.94609796
0.59375000,-11.01350784,-56.83944284,45.82593500
0.59375000,-10.26391983,-56.83944284,46.57552301
0.59375000,-7.89690018,-56.83944284,48.94254266
0.59375000,-9.69266891,-56.83944284,47.14677393
0.59375000,-8.46052170,-56.83944284,48.37892114
0.59375000,-13.30900192,-56.83944284,43.53044092
0.59375000,-7.39431381,-56.83944284,49.44512903
0.59375000,-7.12060928,-56.83944284,49.71883356
0.59375000,-10.12659073,-56.83944284,46.71285211
0.59375000,-5.30576706,-56.83944284,51.53367578
0.59375000,-7.63559341,-56.83944284,49.20384943
0.59375000,-6.24799728,-56.83944284,50.59144556
0.59375000,-11.98148727,-56.83944284,44.85795557
0.59375000,-10.70642471,-56.83944284,46.13301813
0.59375000,-7.13396072,-56.83944284,49.70548212
0.59375000,-7.73382187,-56.83944284,49.10562097
0.59375000,-5.87415695,-56.83944284,50.96528589
0.59375000,-7.77578354,-56.83944284,49.06365930
0.59375000,-9.06705856,-56.83944284,47.77238428
0.59375000,-11.48271561,-56.83944284,45.35672723
0.59375000,-11.71827316,-56.83944284,45.12116968
0.59375000,-11.93666458,-56.83944284,44.90277826
0.59375000,-8.22973251,-56.83944284,48.60971033
0.59375000,-5.01298904,-56.83944284,51.82645380
0.59375000,-7.28845596,-56.83944284,49.55098688
0.59375000,-10.49757004,-56.83944284,46.34187280
0.59375000,-10.65111160,-56.83944284,46.18833124
0.59375000,-10.00833511,-56.83944284,46.83110773
0.59375000,-4.14609909,-56.83944284,52.69334375
0.59375000,-10.09988785,-56.83944284,46.73955499
0.59375000,-6.58655167,-56.83944284,50.25289117
0.59375000,-11.46078110,-56.83944284,45.37866174
0.59375000,-9.41801071,-56.83944284,47.42143213
0.59375000,-5.37538528,-56.83944284,51.46405756
0.59375000,-11.21664047,-56.83944284,45.62280237
0.62500000,-13.73338699,-60.44819300,46.71480601
0.62500000,-15.26498795,-60.44819300,45.18320506
0.62500000,-13.55409622,-60.44819300,46.89409678
0.62500000,-10.87331772,-60.44819300,49.57487528
0.62500000,-13.90600204,-60.44819300,46.54219096
0.62500000,-14.27602768,-60.44819300,46.17216532
0.62500000,-13.25654984,-60.44819300,47.19164317
0.62500000,-8.72278214,-60.44819300,51.72541087
0.62500000,-20.33281326,-60.44819300,40.11537974
0.62500000,-12.23611832,-60.44819300,48.21207469
0.62500000,-13.69619370,-60.44819300,46.75199931
0.62500000,-16.06893539,-60.44819300,44.37925761
0.62500000,-14.48583603,-60.44819300,45.96235697
0.62500000,-11.72590256,-60.44819300,48.72229045
0.62500000,-13.92602921,-60.44819300,46.52216380
0.62500000,-16.32547379,-60.44819300,44.12271922
0.62500000,-12.95423508,-60.44819300,47.49395793
0.62500000,-17.61102676,-60.44819300,42.83716624
0.62500000,-14.19496536,-60.44819300,46.25322764
0.62500000,-14.87493515,-60.44819300,45.57325785
0.62500000,-13.43870163,-60.44819300,47.00949137
0.62500000,-13.06962967,-60.44819300,47.37856333
0.62500000,-9.63258743,-60.44819300,50.81560557
0.62500000,-13.50927353,-60.44819300,46.93891947
0.62500000,-13.09537888,-60.44819300,47.35281413
0.62500000,-9.49907303,-60.44819300,50.94911997
0.62500000,-14.26267624,-60.44819300,46.18551676
0.62500000,-14.36948776,-60.44819300,46.07870524
0.62500000,-14.66989517,-60.44819300,45.77829783
0.62500000,-15.00940323,-60.44819300,45.43878977
0.62500000,-15.50722122,-60.44819300,44.94097178
0.62500000,-11.47603989,-60.44819300,48.97215312
0.62500000,-11.95383072,-60.44819300,48.49436228
0.62500000,-12.40301132,-60.44819300,48.04518168
0.62500000,-8.06379318,-60.44819300,52.38439982
0.62500000,-10.77890396,-60.44819300,49.66928904
0.62500000,-11.76309586,-60.44819300,48.68509715
0.62500000,-14.24074173,-60.44819300,46.20745127
0.62500000,-15.00272751,-60.44819300,45.44546549
0.62500000,-14.45531845,-60.44819300,45.99287455
0.62500000,-8.87823105,-60.44819300,51.56996195
0.62500000,-12.06254959,-60.44819300,48.38564341
0.62500000,-13.87643814,-60.44819300,46.57175486
0.62500000,-11.52181625,-60.44819300,48.92637675
0.62500000,-10.30206680,-60.44819300,50.14612620
0.62500000,-13.86594772,-60.44819300,46.58224528
0.62500000,-8.18204880,-60.44819300,52.26614421
0.62500000,-12.37058640,-60.44819300,48.07760661
0.62500000,-13.80205154,-60.44819300,46.64614146
0.62500000,-14.29605484,-60.44819300,46.15213816
0.62500000,-14.59169388,-60.44819300,45.85649913
0.62500000,-17.34590530,-60.44819300,43.10228770
0.62500000,-10.96773148,-60.44819300,49.48046153
0.62500000,-13.02194595,-60.44819300,47.42624705
0.62500000,-14.04142380,-60.44819300,46.40676921
0.62500000,-13.85545731,-60.44819300,46.59273570
0.62500000,-10.68544388,-60.44819300,49.76274913
0.62500000,-15.54059982,-60.44819300,44.90759318
0.62500000,-14.80150223,-60.44819300,45.64669078
0.62500000,-9.13572311,-60.44819300,51.31246989
0.62500000,-12.36009598,-60.44819300,48.08809703
0.62500000,-13.96036148,-60.44819300,46.48783152
0.62500000,-14.64128494,-60.44819300,45.80690806
0.62500000,-9.78326797,-60.44819300,50.66492503
0.62500000,-11.24811172,-60.44819300,49.20008128
0.62500000,-15.41662216,-60.44819300,45.03157084
0.62500000,-11.16228104,-60.44819300,49.28591197
0.62500000,15.45572281,-60.44819300,75.90391581
0.65625000,-16.68906212,-64.05694317,47.36788105
0.65625000,-21.48604393,-64.05694317,42.57089924
0.65625000,-19.74749565,-64.05694317,44.30944751
0.65625000,-14.68348503,-64.05694317,49.37345813
0.65625000,-24.66559410,-64.05694317,39.39134907
0.65625000,-16.48688316,-64.05694317,47.57006000
0.65625000,-24.22785759,-64.05694317,39.82908558
0.65625000,-17.26698875,-64.05694317,46.78995441
0.65625000,-20.23863792,-64.05694317,43.81830524
0.65625000,-18.84818077,-64.05694317,45.20876240
0.65625000,-21.55566216,-64.05694317,42.50128101
0.65625000,-19.96874809,-64.05694317,44.08819507
0.65625000,-16.07680321,-64.05694317,47.98013996
0.65625000,-19.94776726,-64.05694317,44.10917591
0.65625000,-20.17951012,-64.05694317,43.87743305
0.65625000,-19.06752586,-64.05694317,44.98941730
0.65625000,-16.41631126,-64.05694317,47.64063190
0.65625000,-19.06180382,-64.05694317,44.99513935
0.65625000,-15.67912102,-64.05694317,48.37782215
0.65625000,-17.06385612,-64.05694317,46.99308704
0.65625000,-15.83361626,-64.05694317,48.22332691
0.65625000,-20.68018913,-64.05694317,43.37675403
0.65625000,-19.70362663,-64.05694317,44.35331653
0.65625000,-18.49055290,-64.05694317,45.56639026
0.65625000,-15.02490044,-64.05694317,49.03204273
0.65625000,-21.85320854,-64.05694317,42.20373462
0.65625000,-20.67065239,-64.05694317,43.38629078
0.65625000,-19.79041100,-64.05694317,44.26653217
0.65625000,-18.64886284,-64.05694317,45.40808033
0.65625000,-19.77705956,-64.05694317,44.27988361
0.65625000,-18.99600029,-64.05694317,45.06094288
0.65625000,-17.74859428,-64.05694317,46.30834888
0.65625000,-23.79107475,-64.05694317,40.26586841
0.65625000,-18.11385155,-64.05694317,45.94309162
0.65625000,-21.41833305,-64.05694317,42.63861011
0.65625000,-23.77200127,-64.05694317,40.28494190
0.65625000,-19.60539818,-64.05694317,44.45154499
0.65625000,-20.29395103,-64.05694317,43.76299213
0.65625000,-17.19832420,-64.05694317,46.85861896
0.65625000,-20.79463005,-64.05694317,43.26231312
0.65625000,-18.74041557,-64.05694317,45.31652759
0.65625000,-19.04559135,-64.05694317,45.01135181
0.65625000,-17.14301109,-64.05694317,46.91393207
0.65625000,-17.52161980,-64.05694317,46.53532337
0.65625000,-14.88375664,-64.05694317,49.17318653
0.65625000,-18.33415031,-64.05694317,45.72279285
0.65625000,-17.90213585,-64.05694317,46.15480732
0.65625000,-20.88236809,-64.05694317,43.17457508
0.65625000,-18.35703850,-64.05694317,45.69990467
0.65625000,-22.69530296,-64.05694317,41.36164020
0.65625000,-15.69724083,-64.05694317,48.35970234
0.65625000,-20.86520195,-64.05694317,43.19174122
0.65625000,-15.86127281,-64.05694317,48.19567035
0.65625000,-18.51153374,-64.05694317,45.54540943
0.65625000,-25.15292168,-64.05694317,38.90402149
0.65625000,-18.10336113,-64.05694317,45.95358204
0.65625000,-21.44503593,-64.05694317,42.61190723
0.65625000,-21.79980278,-64.05694317,42.25714039
0.65625000,-24.62935448,-64.05694317,39.42758869
0.65625000,-18.97692680,-64.05694317,45.08001636
0.65625000,-16.03960991,-64.05694317,48.01733326
0.65625000,-19.88673210,-64.05694317,44.17021106
0.65625000,-22.10402489,-64.05694317,41.95291828
0.68750000,-29.02650833,-67.66569333,38.63918500
0.68750000,-23.83184433,-67.66569333,43.83384900
0.68750000,-21.11673355,-67.66569333,46.54895978
0.68750000,-21.33417130,-67.66569333,46.33152203
0.68750000,-26.75008774,-67.66569333,40.91560559
0.68750000,-23.39696884,-67.66569333,44.26872449
0.68750000,-23.40459824,-67.66569333,44.26109509
0.68750000,-24.25336838,-67.66569333,43.41232495
0.68750000,-20.62368393,-67.66569333,47.04200940
0.68750000,-27.38523483,-67.66569333,40.28045850
0.68750000,-25.59995651,-67.66569333,42.06573682
0.68750000,-18.91660690,-67.66569333,48.74908643
0.68750000,-23.34737778,-67.66569333,44.31831555
0.68750000,-25.33960342,-67.66569333,42.32608990
0.68750000,-22.00555801,-67.66569333,45.66013531
0.68750000,-25.68483353,-67.66569333,41.98085980
0.68750000,-26.43918991,-67.66569333,41.22650342
0.68750000,-25.80308914,-67.66569333,41.86260419
0.68750000,-20.34521103,-67.66569333,47.32048230
0.68750000,-25.75349808,-67.66569333,41.91219525
0.68750000,-21.73852921,-67.66569333,45.92716412
0.68750000,-25.70295334,-67.66569333,41.96273999
0.68750000,-25.06303787,-67.66569333,42.60265546
0.68750000,-23.69260788,-67.66569333,43.97308545
0.68750000,-26.60036087,-67.66569333,41.06533246
0.68750000,-24.13225174,-67.66569333,43.53344159
0.68750000,-22.06277847,-67.66569333,45.60291486
0.68750000,-25.06875992,-67.66569333,42.59693341
0.68750000,-25.32148361,-67.66569333,42.34420972
0.68750000,-26.19791031,-67.66569333,41.46778302
0.68750000,-23.37312698,-67.66569333,44.29256635
0.68750000,-23.43511581,-67.66569333,44.23057751
0.68750000,-22.50528336,-67.66569333,45.16040997
0.68750000,-25.71058273,-67.66569333,41.95511060
0.68750000,-30.27391434,-67.66569333,37.39177899
0.68750000,-26.06439590,-67.66569333,41.60129742
0.68750000,-20.21455765,-67.66569333,47.45113568
0.68750000,-21.87871933,-67.66569333,45.78697400
0.68750000,-21.11673355,-67.66569333,46.54895978
0.68750000,-23.48470688,-67.66569333,44.18098645
0.68750000,-26.89981461,-67.66569333,40.76587872
0.68750000,-26.07202530,-67.66569333,41.59366803
0.68750000,-24.79028702,-67.66569333,42.87540631
0.68750000,-27.40335464,-67.66569333,40.26233868
0.68750000,-24.63483810,-67.66569333,43.03085522
0.68750000,-27.63414383,-67.66569333,40.03154950
0.68750000,-24.81603622,-67.66569333,42.84965710
0.68750000,-27.06003189,-67.66569333,40.60566144
0.68750000,-26.27134323,-67.66569333,41.39435010
0.68750000,-25.00009537,-67.66569333,42.66559796
0.68750000,-26.52502060,-67.66569333,41.14067273
0.68750000,-24.87039566,-67.66569333,42.79529767
0.68750000,-23.86236191,-67.66569333,43.80333142
0.68750000,-20.65515518,-67.66569333,47.01053815
0.68750000,-23.30350876,-67.66569333,44.36218457
0.68750000,-24.70636368,-67.66569333,42.95932965
0.68750000,-24.84178543,-67.66569333,42.82390790
0.68750000,-24.17993546,-67.66569333,43.48575787
0.68750000,-24.51848984,-67.66569333,43.14720349
0.68750000,-26.29709244,-67.66569333,41.36860089
0.68750000,-20.83349228,-67.66569333,46.83220105
0.68750000,-28.19967270,-67.66569333,39.46602063
0.68750000,-24.96099472,-67.66569333,42.70469861
0.68750000,-26.31902695,-67.66569333,41.34666638
0.68750000,-23.15568924,-67.66569333,44.51000409
0.68750000,-22.10760117,-67.66569333,45.55809216
0.68750000,-31.65674210,-67.66569333,36.00895123
0.68750000,-25.73633194,-67.66569333,41.92936139
0.68750000,-24.90758896,-67.66569333,42.75810437
0.68750000,-22.56822586,-67.66569333,45.09746747
0.68750000,-23.25201035,-67.66569333,44.41368298
0.68750000,-24.98197556,-67.66569333,42.68371777
0.68750000,-22.31359482,-67.66569333,45.35209851
0.68750000,-22.99833298,-67.66569333,44.66736035
0.68750000,-22.27163315,-67.66569333,45.39406018
0.68750000,-28.45335007,-67.66569333,39.21234326
0.68750000,-24.67012405,-67.66569333,42.99556927
0.68750000,-24.94287491,-67.66569333,42.72281842
0.68750000,-23.18716049,-67.66569333,44.47853284
0.68750000,-30.29298782,-67.66569333,37.37270551
0.06250000,4.42123413,4.50930993,-0.08807580
0.06250000,4.25815582,4.50930993,-0.25115410
0.06250000,4.57572937,4.50930993,0.06641944
0.06250000,4.51087952,4.50930993,0.00156959
0.06250000,5.13744354,4.50930993,0.62813361
0.06250000,4.14466858,4.50930993,-0.36464135
0.06250000,4.10366058,4.50930993,-0.40564934
0.06250000,3.98063660,4.50930993,-0.52867333
0.06250000,5.14411926,4.50930993,0.63480934
0.06250000,5.47313690,4.50930993,0.96382697
0.06250000,4.91619110,4.50930993,0.40688117
0.06250000,5.74398041,4.50930993,1.23467048
0.06250000,4.40788269,4.50930993,-0.10142724
0.06250000,4.28771973,4.50930993,-0.22159020
0.06250000,4.63104248,4.50930993,0.12173255
0.06250000,4.97055054,4.50930993,0.46124061
0.06250000,4.90093231,4.50930993,0.39162238
0.06250000,5.31578064,4.50930993,0.80647071
0.06250000,4.91142273,4.50930993,0.40211280
0.06250000,4.63581085,4.50930993,0.12650092
0.06250000,4.91046906,4.50930993,0.40115913
0.06250000,5.28907776,4.50930993,0.77976783
0.06250000,3.79276276,4.50930993,-0.71654717
0.06250000,4.82082367,4.50930993,0.31151374
0.06250000,4.54044342,4.50930993,0.03113349
0.06250000,4.11510468,4.50930993,-0.39420525
0.06250000,5.24520874,4.50930993,0.73589881
0.06250000,4.09698486,4.50930993,-0.41232506
0.06250000,4.98580933,4.50930993,0.47649940
0.06250000,4.08172607,4.50930993,-0.42758385
0.06250000,5.44548035,4.50930993,0.93617042
0.06250000,3.95107269,4.50930993,-0.55823723
0.06250000,4.59384918,4.50930993,0.08453925
0.06250000,5.14411926,4.50930993,0.63480934
0.06250000,4.64534760,4.50930993,0.13603767
0.06250000,4.60243225,4.50930993,0.09312232
0.06250000,4.53090668,4.50930993,0.02159675
0.06250000,4.38022614,4.50930993,-0.12908379
0.06250000,4.43458557,4.50930993,-0.07472436
0.06250000,4.85610962,4.50930993,0.34679969
0.06250000,4.81319427,4.50930993,0.30388435
0.06250000,4.75120544,4.50930993,0.24189552
0.06250000,5.43308258,4.50930993,0.92377265
0.06250000,5.12790680,4.50930993,0.61859687
0.06250000,4.31156158,4.50930993,-0.19774834
0.06250000,4.60529327,4.50930993,0.09598335
0.06250000,4.32109833,4.50930993,-0.18821160
0.06250000,4.72640991,4.50930993,0.21709998
0.06250000,4.76837158,4.50930993,0.25906165
0.06250000,5.64575195,4.50930993,1.13644203
0.06250000,4.71496582,4.50930993,0.20565589
0.06250000,4.11224365,4.50930993,-0.39706628
0.06250000,4.89807129,4.50930993,0.38876136
0.06250000,4.73785400,4.50930993,0.22854408
0.06250000,4.80556488,4.50930993,0.29625495
0.06250000,4.63485718,4.50930993,0.12554725
0.06250000,5.87940216,4.50930993,1.37009223
0.06250000,4.91237640,4.50930993,0.40306648
0.06250000,4.33540344,4.50930993,-0.17390649
0.06250000,4.11224365,4.50930993,-0.39706628
0.06250000,5.95283508,4.50930993,1.44352516
0.06250000,3.67355347,4.50930993,-0.83575646
0.06250000,5.06973267,4.50930993,0.56042274
0.06250000,4.38785553,4.50930993,-0.12145440
0.06250000,4.81319427,4.50930993,0.30388435
0.06250000,4.42123413,4.50930993,-0.08807580
0.06250000,5.70201874,4.50930993,1.19270881
0.06250000,4.82273102,4.50930993,0.31342109
0.06250000,4.02259827,4.50930993,-0.48671166
0.06250000,3.52478027,4.50930993,-0.98452965
0.06250000,4.10079956,4.50930993,-0.40851037
0.06250000,4.68826294,4.50930993,0.17895301
0.06250000,4.04357910,4.50930993,-0.46573083
0.06250000,4.77600098,4.50930993,0.26669105
0.06250000,4.64248657,4.50930993,0.13317664
0.06250000,4.90570068,4.50930993,0.39639076
0.06250000,4.68254089,4.50930993,0.17323097
0.06250000,4.49466705,4.50930993,-0.01464287
0.06250000,4.37641144,4.50930993,-0.13289849
0.06250000,4.83417511,4.50930993,0.32486518
0.71875000,-30.35998344,-71.27444349,40.91446005
0.71875000,-27.35400200,-71.27444349,43.92044149
0.71875000,-28.85794640,-71.27444349,42.41649710
0.71875000,-28.29051018,-71.27444349,42.98393331
0.71875000,-30.21025658,-71.27444349,41.06418692
0.71875000,-32.17387199,-71.27444349,39.10057150
0.71875000,-31.20779991,-71.27444349,40.06664358
0.71875000,-30.33900261,-71.27444349,40.93544088
0.71875000,-34.90233421,-71.27444349,36.37210928
0.71875000,-28.36298943,-71.27444349,42.91145407
0.71875000,-30.96365929,-71.27444349,40.31078421
0.71875000,-31.51106834,-71.27444349,39.76337515
0.71875000,-29.00481224,-71.27444349,42.26963125
0.71875000,-33.12849998,-71.27444349,38.14594351
0.71875000,-32.90343285,-71.27444349,38.37101065
0.71875000,-32.72128105,-71.27444349,38.55316244
0.71875000,-31.42428398,-71.27444349,39.85015951
0.71875000,-29.10304070,-71.27444349,42.17140280
0.71875000,-28.55277061,-71.27444349,42.72167288
0.71875000,-31.66747093,-71.27444349,39.60697256
0.71875000,-30.21311760,-71.27444349,41.06132589
0.71875000,-31.84199333,-71.27444349,39.43245016
0.71875000,-31.84485435,-71.27444349,39.42958914
0.71875000,-32.54866600,-71.27444349,38.72577749
0.71875000,-35.35246849,-71.27444349,35.92197500
0.71875000,-31.13341331,-71.27444349,40.14103018
0.71875000,-30.05480766,-71.27444349,41.21963583
0.71875000,-26.41558647,-71.27444349,44.85885702
0.71875000,-28.89227867,-71.27444349,42.38216482
0.71875000,-27.46272087,-71.27444349,43.81172262
0.71875000,-31.45766258,-71.27444349,39.81678091
0.71875000,-27.17280388,-71.27444349,44.10163961
0.71875000,-35.07971764,-71.27444349,36.19472586
0.71875000,-30.47156334,-71.27444349,40.80288015
0.71875000,-30.26461601,-71.27444349,41.00982748
0.71875000,-29.59704399,-71.27444349,41.67739950
0.71875000,-32.76705742,-71.27444349,38.50738607
0.71875000,-28.19132805,-71.27444349,43.08311544
0.71875000,-37.59932518,-71.27444349,33.67511831
0.71875000,-34.33966637,-71.27444349,36.93477713
0.71875000,-32.05943108,-71.27444349,39.21501242
0.71875000,-28.44119072,-71.27444349,42.83325277
0.71875000,-26.82662010,-71.27444349,44.44782339
0.71875000,-30.92074394,-71.27444349,40.35369955
0.71875000,-29.90221977,-71.27444349,41.37222372
0.71875000,-35.05682945,-71.27444349,36.21761404
0.71875000,-37.43052483,-71.27444349,33.84391867
0.71875000,-30.57265282,-71.27444349,40.70179067
0.71875000,-28.86080742,-71.27444349,42.41363607
0.71875000,-29.57034111,-71.27444349,41.70410238
0.71875000,-31.91256523,-71.27444349,39.36187826
0.71875000,-26.61013603,-71.27444349,44.66430746
0.71875000,-25.98834038,-71.27444349,45.28610311
0.71875000,-27.99105644,-71.27444349,43.28338705
0.71875000,-31.03423119,-71.27444349,40.24021231
0.71875000,-32.51910210,-71.27444349,38.75534140
0.71875000,-31.77428246,-71.27444349,39.50016104
0.71875000,-33.01978111,-71.27444349,38.25466238
0.71875000,-29.97183800,-71.27444349,41.30260549
0.71875000,-30.72333336,-71.27444349,40.55111013
0.71875000,-34.18707848,-71.27444349,37.08736502
0.71875000,-34.62672234,-71.27444349,36.64772116
0.71875000,-26.27730370,-71.27444349,44.99713980
0.71875000,-29.01244164,-71.27444349,42.26200186
0.71875000,-31.45098686,-71.27444349,39.82345663
0.71875000,-32.31978416,-71.27444349,38.95465933
0.71875000,-33.76173973,-71.27444349,37.51270376
0.71875000,-35.72535515,-71.27444349,35.54908834
0.71875000,-30.45248985,-71.27444349,40.82195364
0.71875000,-32.88722038,-71.27444349,38.38722311
0.71875000,-31.24022484,-71.27444349,40.03421865
0.71875000,-31.69798851,-71.27444349,39.57645498
0.71875000,-26.33547783,-71.27444349,44.93896566
0.71875000,-32.48667717,-71.27444349,38.78776632
0.71875000,-31.30221367,-71.27444349,39.97222982
0.71875000,-29.51216698,-71.27444349,41.76227651
0.71875000,-28.25617790,-71.27444349,43.01826559
0.71875000,-32.64403343,-71.27444349,38.63041006
0.71875000,-30.67660332,-71.27444349,40.59784017
0.71875000,-31.95071220,-71.27444349,39.32373129
0.75000000,-38.20514679,-74.88319365,36.67804686
0.75000000,-38.59329224,-74.88319365,36.28990142
0.75000000,-33.79154205,-74.88319365,41.09165160
0.75000000,-39.18170929,-74.88319365,35.70148436
0.75000000,-39.31808472,-74.88319365,35.56510894
0.75000000,-37.08744049,-74.88319365,37.79575316
0.75000000,-33.54549408,-74.88319365,41.33769957
0.75000000,-34.58309174,-74.88319365,40.30010192
0.75000000,-34.93309021,-74.88319365,39.95010344
0.75000000,-33.29467773,-74.88319365,41.58851592
0.75000000,-38.19561005,-74.88319365,36.68758361
0.75000000,-36.21101379,-74.88319365,38.67217986
0.75000000,-41.58878326,-74.88319365,33.29441039
0.75000000,-32.54222870,-74.88319365,42.34096496
0.75000000,-41.06616974,-74.88319365,33.81702392
0.75000000,-39.64805603,-74.88319365,35.23513762
0.75000000,-40.44055939,-74.88319365,34.44263427
0.75000000,-41.39804840,-74.88319365,33.48514525
0.75000000,-38.81645203,-74.88319365,36.06674163
0.75000000,-33.69903564,-74.88319365,41.18415801
0.75000000,-33.39672089,-74.88319365,41.48647277
0.75000000,-36.16237640,-74.88319365,38.72081725
0.75000000,-37.19329834,-74.88319365,37.68989531
0.75000000,-32.84263611,-74.88319365,42.04055755
0.75000000,-42.41847992,-74.88319365,32.46471374
0.75000000,-36.07749939,-74.88319365,38.80569426
0.75000000,-38.09642792,-74.88319365,36.78676574
0.75000000,-39.78252411,-74.88319365,35.10066955
0.75000000,-42.58918762,-74.88319365,32.29400603
0.75000000,-42.85240173,-74.88319365,32.03079192
0.75000000,-37.60242462,-74.88319365,37.28076903
0.75000000,-37.35351562,-74.88319365,37.52967803
0.75000000,-38.56468201,-74.88319365,36.31851165
0.75000000,-37.82653809,-74.88319365,37.05665557
0.75000000,-34.92736816,-74.88319365,39.95582549
0.75000000,-38.38253021,-74.88319365,36.50066344
0.75000000,-38.37490082,-74.88319365,36.50829284
0.75000000,-39.07775879,-74.88319365,35.80543487
0.75000000,-40.57216644,-74.88319365,34.31102721
0.75000000,-41.25308990,-74.88319365,33.63010375
0.75000000,-42.95349121,-74.88319365,31.92970244
0.75000000,-33.37097168,-74.88319365,41.51222197
0.75000000,-39.11972046,-74.88319365,35.76347320
0.75000000,-40.45200348,-74.88319365,34.43119018
0.75000000,-36.41605377,-74.88319365,38.46713988
0.75000000,-35.22682190,-74.88319365,39.65637176
0.75000000,-39.44873810,-74.88319365,35.43445556
0.75000000,-42.47856140,-74.88319365,32.40463225
0.75000000,-37.98294067,-74.88319365,36.90025298
0.75000000,-35.40039062,-74.88319365,39.48280303
0.75000000,-38.60473633,-74.88319365,36.27845733
0.75000000,-32.03678131,-74.88319365,42.84641234
0.75000000,-38.57326508,-74.88319365,36.30992858
0.75000000,-34.25598145,-74.88319365,40.62721221
0.75000000,-38.34247589,-74.88319365,36.54071776
0.75000000,-41.06903076,-74.88319365,33.81416289
0.75000000,-37.68157959,-74.88319365,37.20161406
0.75000000,-40.15636444,-74.88319365,34.72682921
0.75000000,-37.92190552,-74.88319365,36.96128814
0.75000000,-37.05883026,-74.88319365,37.82436339
0.75000000,-36.46183014,-74.88319365,38.42136352
0.75000000,-40.89450836,-74.88319365,33.98868529
0.75000000,-37.98580170,-74.88319365,36.89739196
0.75000000,-42.75894165,-74.88319365,32.12425200
0.75000000,-34.56115723,-74.88319365,40.32203643
0.75000000,-39.55078125,-74.88319365,35.33241240
0.75000000,-36.41510010,-74.88319365,38.46809356
0.75000000,-38.78021240,-74.88319365,36.10298125
0.75000000,-37.69969940,-74.88319365,37.18349425
0.75000000,-37.02354431,-74.88319365,37.85964934
0.75000000,-35.20774841,-74.88319365,39.67544524
0.75000000,-35.59589386,-74.88319365,39.28729979
0.75000000,-37.58049011,-74.88319365,37.30270354
0.75000000,-35.18199921,-74.88319365,39.70119445
0.75000000,-35.74752808,-74.88319365,39.13566558
0.75000000,-34.81578827,-74.88319365,40.06740539
0.75000000,-32.75203705,-74.88319365,42.13115661
0.75000000,-38.62476349,-74.88319365,36.25843017
0.75000000,-37.84656525,-74.88319365,37.03662841
0.75000000,-35.45379639,-74.88319365,39.42939727
