x_elem2,fe_raw_meVatom,offset_stage1_meVatom,fe_stage1_meVatom,shift_stage2_meVatom,fe_final_meVatom
0.78125000,-19.49357986,-72.50047146,53.00689159,32.68654266,85.69343426
0.78125000,-15.01417160,-72.50047146,57.48629986,32.68654266,90.17284252
0.78125000,-23.07271957,-72.50047146,49.42775188,32.68654266,82.11429455
0.78125000,-14.91022110,-72.50047146,57.59025036,32.68654266,90.27679302
0.78125000,-18.51892471,-72.50047146,53.98154674,32.68654266,86.66808941
0.78125000,-16.20912552,-72.50047146,56.29134594,32.68654266,88.97788860
0.78125000,-18.17083359,-72.50047146,54.32963787,32.68654266,87.01618053
0.78125000,-19.17505264,-72.50047146,53.32541882,32.68654266,86.01196148
0.78125000,-19.33526993,-72.50047146,53.16520153,32.68654266,85.85174419
0.78125000,-18.48649979,-72.50047146,54.01397167,32.68654266,86.70051434
0.78125000,-22.06087112,-72.50047146,50.43960033,32.68654266,83.12614300
0.78125000,-15.79713821,-72.50047146,56.70333324,32.68654266,89.38987591
0.78125000,-20.84970474,-72.50047146,51.65076672,32.68654266,84.33730938
0.78125000,-15.14577866,-72.50047146,57.35469280,32.68654266,90.04123547
0.78125000,-16.71361923,-72.50047146,55.78685223,32.68654266,88.47339489
0.78125000,-19.75202560,-72.50047146,52.74844585,32.68654266,85.43498852
0.78125000,-18.40066910,-72.50047146,54.09980236,32.68654266,86.78634502
0.78125000,-21.82435989,-72.50047146,50.67611156,32.68654266,83.36265423
0.78125000,-23.02598953,-72.50047146,49.47448193,32.68654266,82.16102459
0.78125000,-14.58215714,-72.50047146,57.91831432,32.68654266,90.60485699
0.78125000,-21.64316177,-72.50047146,50.85730968,32.68654266,83.54385235
0.78125000,-19.88649368,-72.50047146,52.61397778,32.68654266,85.30052044
0.78125000,-20.72763443,-72.50047146,51.77283703,32.68654266,84.45937969
0.78125000,-19.43254471,-72.50047146,53.06792675,32.68654266,85.75446941
0.78125000,-20.52736282,-72.50047146,51.97310863,32.68654266,84.65965130
0.78125000,-17.97723770,-72.50047146,54.52323376,32.68654266,87.20977642
0.78125000,-19.81210709,-72.50047146,52.68836437,32.68654266,85.37490704
0.78125000,-16.19005203,-72.50047146,56.31041943,32.68654266,88.99696209
0.78125000,-18.79835129,-72.50047146,53.70212017,32.68654266,86.38866283
0.78125000,-19.25802231,-72.50047146,53.24244915,32.68654266,85.92899181
0.78125000,-17.55666733,-72.50047146,54.94380413,32.68654266,87.63034679
0.78125000,-19.65856552,-72.50047146,52.84190594,32.68654266,85.52844860
0.78125000,-17.66538620,-72.50047146,54.83508526,32.68654266,87.52162792
0.78125000,-17.74454117,-72.50047146,54.75593029,32.68654266,87.44247295
0.78125000,-20.19357681,-72.50047146,52.30689465,32.68654266,84.99343731
0.78125000,-13.77439499,-72.50047146,58.72607647,32.68654266,91.41261913
0.78125000,-18.84317398,-72.50047146,53.65729748,32.68654266,86.34384014
0.78125000,-18.01061630,-72.50047146,54.48985516,32.68654266,87.17639782
0.78125000,-19.45352554,-72.50047146,53.04694591,32.68654266,85.73348858
0.78125000,-18.98813248,-72.50047146,53.51233898,32.68654266,86.19888165
0.78125000,-19.61374283,-72.50047146,52.88672863,32.68654266,85.57327129
0.78125000,-17.53950119,-72.50047146,54.96097027,32.68654266,87.64751293
0.78125000,-21.36754990,-72.50047146,51.13292156,32.68654266,83.81946423
0.78125000,-17.14086533,-72.50047146,55.35960613,32.68654266,88.04614880
0.78125000,-19.84453201,-72.50047146,52.65593945,32.68654266,85.34248211
0.78125000,-19.18935776,-72.50047146,53.31111370,32.68654266,85.99765636
0.78125000,-18.44930649,-72.50047146,54.05116497,32.68654266,86.73770763
0.78125000,-19.89030838,-72.50047146,52.61016308,32.68654266,85.29670574
0.78125000,-16.27492905,-72.50047146,56.22554241,32.68654266,88.91208508
0.78125000,-19.29044724,-72.50047146,53.21002422,32.68654266,85.89656689
0.78125000,-20.89452744,-72.50047146,51.60594402,32.68654266,84.29248669
0.78125000,-20.06196976,-72.50047146,52.43850170,32.68654266,85.12504437
0.78125000,-21.26073837,-72.50047146,51.23973309,32.68654266,83.92627575
0.78125000,-18.43690872,-72.50047146,54.06356274,32.68654266,86.75010540
0.78125000,-16.81470871,-72.50047146,55.68576275,32.68654266,88.37230541
0.78125000,-23.43034744,-72.50047146,49.07012402,32.68654266,81.75666668
0.78125000,-19.65093613,-72.50047146,52.84953533,32.68654266,85.53607800
0.78125000,-21.86346054,-72.50047146,50.63701092,32.68654266,83.32355358
0.81250000,-31.33344650,-76.62701070,45.29356420,32.84629492,78.13985912
0.81250000,-29.38508987,-76.62701070,47.24192083,32.84629492,80.08821575
0.81250000,-31.19993210,-76.62701070,45.42707860,32.84629492,78.27337352
0.81250000,-30.71737289,-76.62701070,45.90963781,32.84629492,78.75593273
0.81250000,-27.90021896,-76.62701070,48.72679174,32.84629492,81.57308666
0.81250000,-32.20129013,-76.62701070,44.42572057,32.84629492,77.27201549
0.81250000,-31.64815903,-76.62701070,44.97885167,32.84629492,77.82514660
0.81250000,-29.48999405,-76.62701070,47.13701665,32.84629492,79.98331157
0.81250000,-29.80756760,-76.62701070,46.81944310,32.84629492,79.66573803
0.81250000,-30.04693985,-76.62701070,46.58007085,32.84629492,79.42636577
0.81250000,-30.04598618,-76.62701070,46.58102453,32.84629492,79.42731945
0.81250000,-27.44245529,-76.62701070,49.18455541,32.84629492,82.03085033
0.81250000,-28.89966965,-76.62701070,47.72734105,32.84629492,80.57363598
0.81250000,-28.67174149,-76.62701070,47.95526922,32.84629492,80.80156414
0.81250000,-29.93631363,-76.62701070,46.69069707,32.84629492,79.53699199
0.81250000,-28.80525589,-76.62701070,47.82175481,32.84629492,80.66804973
0.81250000,-27.09054947,-76.62701070,49.53646123,32.84629492,82.38275615
0.81250000,-32.91177750,-76.62701070,43.71523320,32.84629492,76.56152813
0.81250000,-27.81438828,-76.62701070,48.81262243,32.84629492,81.65891735
0.81250000,-25.51221848,-76.62701070,51.11479223,32.84629492,83.96108715
0.81250000,-27.02379227,-76.62701070,49.60321843,32.84629492,82.44951336
0.81250000,-30.97486496,-76.62701070,45.65214574,32.84629492,78.49844066
0.81250000,-27.58646011,-76.62701070,49.04055059,32.84629492,81.88684551
0.81250000,-30.86805344,-76.62701070,45.75895726,32.84629492,78.60525219
0.81250000,-30.19952774,-76.62701070,46.42748296,32.84629492,79.27377788
0.81250000,-26.80158615,-76.62701070,49.82542455,32.84629492,82.67171947
0.81250000,-32.39774704,-76.62701070,44.22926366,32.84629492,77.07555858
0.81250000,-31.84747696,-76.62701070,44.77953374,32.84629492,77.62582866
0.81250000,-26.42583847,-76.62701070,50.20117223,32.84629492,83.04746715
0.81250000,-32.95087814,-76.62701070,43.67613256,32.84629492,76.52242748
0.81250000,-29.03795242,-76.62701070,47.58905828,32.84629492,80.43535320
0.81250000,-30.88617325,-76.62701070,45.74083745,32.84629492,78.58713237
0.81250000,-28.40089798,-76.62701070,48.22611272,32.84629492,81.07240764
0.81250000,-28.41901779,-76.62701070,48.20799291,32.84629492,81.05428783
0.81250000,-31.01205826,-76.62701070,45.61495244,32.84629492,78.46124737
0.81250000,-27.95267105,-76.62701070,48.67433965,32.84629492,81.52063457
0.81250000,-27.39667892,-76.62701070,49.23033178,32.84629492,82.07662670
0.81250000,-30.40361404,-76.62701070,46.22339666,32.84629492,79.06969158
0.81250000,-25.91848373,-76.62701070,50.70852697,32.84629492,83.55482189
0.81250000,-31.31055832,-76.62701070,45.31645238,32.84629492,78.16274730
0.81250000,-26.93128586,-76.62701070,49.69572484,32.84629492,82.54201977
0.81250000,-27.79912949,-76.62701070,48.82788121,32.84629492,81.67417614
0.81250000,-29.32691574,-76.62701070,47.30009496,32.84629492,80.14638988
0.81250000,-25.49600601,-76.62701070,51.13100469,32.84629492,83.97729961
0.81250000,-29.19054031,-76.62701070,47.43647039,32.84629492,80.28276531
0.81250000,-30.91001511,-76.62701070,45.71699559,32.84629492,78.56329052
0.81250000,-28.46765518,-76.62701070,48.15935552,32.84629492,81.00565044
0.81250000,-30.36546707,-76.62701070,46.26154363,32.84629492,79.10783855
0.81250000,-27.14872360,-76.62701070,49.47828710,32.84629492,82.32458202
0.81250000,-32.25469589,-76.62701070,44.37231481,32.84629492,77.21860973
0.81250000,-25.43401718,-76.62701070,51.19299352,32.84629492,84.03928844
0.81250000,-26.52978897,-76.62701070,50.09722173,32.84629492,82.94351665
0.81250000,-28.46288681,-76.62701070,48.16412389,32.84629492,81.01041881
0.84375000,-39.64948654,-80.75354994,41.10406340,33.00604718,74.11011058
0.84375000,-39.78681564,-80.75354994,40.96673430,33.00604718,73.97278148
0.84375000,-44.46268082,-80.75354994,36.29086913,33.00604718,69.29691631
0.84375000,-40.89117050,-80.75354994,39.86237944,33.00604718,72.86842662
0.84375000,-44.12031174,-80.75354994,36.63323821,33.00604718,69.63928539
0.84375000,-40.41910172,-80.75354994,40.33444823,33.00604718,73.34049541
0.84375000,-37.26911545,-80.75354994,43.48443450,33.00604718,76.49048168
0.84375000,-42.18339920,-80.75354994,38.57015074,33.00604718,71.57619792
0.84375000,-43.63870621,-80.75354994,37.11484374,33.00604718,70.12089092
0.84375000,-41.54253006,-80.75354994,39.21101988,33.00604718,72.21706706
0.84375000,-36.63301468,-80.75354994,44.12053526,33.00604718,77.12658245
0.84375000,-43.36118698,-80.75354994,37.39236296,33.00604718,70.39841014
0.84375000,-39.80207443,-80.75354994,40.95147551,33.00604718,73.95752269
0.84375000,-38.04731369,-80.75354994,42.70623625,33.00604718,75.71228343
0.84375000,-42.25111008,-80.75354994,38.50243987,33.00604718,71.50848705
0.84375000,-41.25928879,-80.75354994,39.49426116,33.00604718,72.50030834
0.84375000,-41.38803482,-80.75354994,39.36551512,33.00604718,72.37156230
0.84375000,-43.42317581,-80.75354994,37.33037413,33.00604718,70.33642131
0.84375000,-42.07277298,-80.75354994,38.68077696,33.00604718,71.68682414
0.84375000,-40.60602188,-80.75354994,40.14752806,33.00604718,73.15357524
0.84375000,-44.74020004,-80.75354994,36.01334990,33.00604718,69.01939708
0.84375000,-42.29784012,-80.75354994,38.45570983,33.00604718,71.46175701
0.84375000,-41.91160202,-80.75354994,38.84194792,33.00604718,71.84799510
0.84375000,-44.02971268,-80.75354994,36.72383727,33.00604718,69.72988445
0.84375000,-42.82140732,-80.75354994,37.93214263,33.00604718,70.93818981
0.84375000,-42.68217087,-80.75354994,38.07137908,33.00604718,71.07742626
0.84375000,-39.32332993,-80.75354994,41.43022002,33.00604718,74.43626720
0.84375000,-41.44430161,-80.75354994,39.30924834,33.00604718,72.31529552
0.84375000,-44.01922226,-80.75354994,36.73432768,33.00604718,69.74037486
0.84375000,-41.63217545,-80.75354994,39.12137450,33.00604718,72.12742168
0.84375000,-42.11091995,-80.75354994,38.64262999,33.00604718,71.64867717
0.84375000,-44.83079910,-80.75354994,35.92275084,33.00604718,68.92879802
0.84375000,-43.47181320,-80.75354994,37.28173674,33.00604718,70.28778392
0.84375000,-37.95862198,-80.75354994,42.79492796,33.00604718,75.80097515
0.84375000,-45.03107071,-80.75354994,35.72247923,33.00604718,68.72852642
0.84375000,-39.91079330,-80.75354994,40.84275664,33.00604718,73.84880382
0.84375000,-45.20559311,-80.75354994,35.54795683,33.00604718,68.55400402
0.84375000,-41.89729691,-80.75354994,38.85625304,33.00604718,71.86230022
0.84375000,-41.75615311,-80.75354994,38.99739684,33.00604718,72.00344402
0.84375000,-38.97523880,-80.75354994,41.77831114,33.00604718,74.78435832
0.84375000,-42.27018356,-80.75354994,38.48336638,33.00604718,71.48941356
0.84375000,-42.94347763,-80.75354994,37.81007231,33.00604718,70.81611949
0.84375000,-40.89117050,-80.75354994,39.86237944,33.00604718,72.86842662
0.84375000,-41.61024094,-80.75354994,39.14330901,33.00604718,72.14935619
0.84375000,-43.18666458,-80.75354994,37.56688536,33.00604718,70.57293254
0.84375000,-43.15137863,-80.75354994,37.60217131,33.00604718,70.60821849
0.84375000,-42.35315323,-80.75354994,38.40039671,33.00604718,71.40644390
0.84375000,-42.34552383,-80.75354994,38.40802611,33.00604718,71.41407329
0.84375000,-40.85206985,-80.75354994,39.90148009,33.00604718,72.90752727
0.84375000,-41.45669937,-80.75354994,39.29685057,33.00604718,72.30289775
0.84375000,-42.15002060,-80.75354994,38.60352934,33.00604718,71.60957652
0.84375000,-40.28272629,-80.75354994,40.47082366,33.00604718,73.47687084
0.84375000,-39.65711594,-80.75354994,41.09643401,33.00604718,74.10248119
0.84375000,-42.31023788,-80.75354994,38.44331206,33.00604718,71.44935924
0.84375000,-42.38748550,-80.75354994,38.36606444,33.00604718,71.37211162
0.84375000,-43.09892654,-80.75354994,37.65462340,33.00604718,70.66067058
0.84375000,-44.18992996,-80.75354994,36.56361998,33.00604718,69.56966716
0.84375000,-42.19579697,-80.75354994,38.55775298,33.00604718,71.56380016
0.84375000,-41.98026657,-80.75354994,38.77328337,33.00604718,71.77933055
0.84375000,-40.77005386,-80.75354994,39.98349608,33.00604718,72.98954326
0.84375000,-41.65220261,-80.75354994,39.10134734,33.00604718,72.10739452
0.87500000,-55.29260635,-84.88008919,29.58748283,33.16579944,62.75328227
0.87500000,-53.71809006,-84.88008919,31.16199913,33.16579944,64.32779857
0.87500000,-54.97217178,-84.88008919,29.90791740,33.16579944,63.07371684
0.87500000,-54.82530594,-84.88008919,30.05478325,33.16579944,63.22058269
0.87500000,-53.96223068,-84.88008919,30.91785850,33.16579944,64.08365794
0.87500000,-56.68020248,-84.88008919,28.19988670,33.16579944,61.36568614
0.87500000,-54.53729630,-84.88008919,30.34279289,33.16579944,63.50859233
0.87500000,-56.55622482,-84.88008919,28.32386436,33.16579944,61.48966380
0.87500000,-55.58919907,-84.88008919,29.29089012,33.16579944,62.45668956
0.87500000,-54.19397354,-84.88008919,30.68611565,33.16579944,63.85191508
0.87500000,-57.52897263,-84.88008919,27.35111656,33.16579944,60.51691600
0.87500000,-54.36563492,-84.88008919,30.51445427,33.16579944,63.68025371
0.87500000,-57.74354935,-84.88008919,27.13653984,33.16579944,60.30233928
0.87500000,-53.47776413,-84.88008919,31.40232506,33.16579944,64.56812450
0.87500000,-55.32217026,-84.88008919,29.55791893,33.16579944,62.72371837
0.87500000,-55.59778214,-84.88008919,29.28230705,33.16579944,62.44810649
0.87500000,-58.83169174,-84.88008919,26.04839744,33.16579944,59.21419688
0.87500000,-52.62708664,-84.88008919,32.25300255,33.16579944,65.41880199
0.87500000,-59.38768387,-84.88008919,25.49240532,33.16579944,58.65820476
0.87500000,-49.57056046,-84.88008919,35.30952873,33.16579944,68.47532817
0.87500000,-54.34656143,-84.88008919,30.53352775,33.16579944,63.69932719
0.87500000,-50.12464523,-84.88008919,34.75544395,33.16579944,67.92124339
0.87500000,-55.84383011,-84.88008919,29.03625908,33.16579944,62.20205852
0.87500000,-54.00419235,-84.88008919,30.87589683,33.16579944,64.04169627
0.87500000,-55.44614792,-84.88008919,29.43394127,33.16579944,62.59974071
0.87500000,-57.87801743,-84.88008919,27.00207176,33.16579944,60.16787120
0.87500000,-55.62734604,-84.88008919,29.25274315,33.16579944,62.41854259
0.87500000,-56.16617203,-84.88008919,28.71391716,33.16579944,61.87971660
0.87500000,-55.17339706,-84.88008919,29.70669212,33.16579944,62.87249156
0.87500000,-55.70554733,-84.88008919,29.17454185,33.16579944,62.34034129
0.87500000,-56.43033981,-84.88008919,28.44974937,33.16579944,61.61554881
0.87500000,-54.58402634,-84.88008919,30.29606285,33.16579944,63.46186229
0.87500000,-55.06277084,-84.88008919,29.81731834,33.16579944,62.98311778
0.87500000,-55.35173416,-84.88008919,29.52835503,33.16579944,62.69415446
0.87500000,-57.93619156,-84.88008919,26.94389763,33.16579944,60.10969707
0.87500000,-55.53865433,-84.88008919,29.34143486,33.16579944,62.50723430
0.87500000,-55.51195145,-84.88008919,29.36813774,33.16579944,62.53393718
0.87500000,-56.34260178,-84.88008919,28.53748741,33.16579944,61.70328685
0.87500000,-54.48770523,-84.88008919,30.39238396,33.16579944,63.55818339
0.87500000,-55.56631088,-84.88008919,29.31377830,33.16579944,62.47957774
0.87500000,-53.86018753,-84.88008919,31.01990166,33.16579944,64.18570109
0.87500000,-55.30309677,-84.88008919,29.57699242,33.16579944,62.74279185
0.87500000,-54.80432510,-84.88008919,30.07576408,33.16579944,63.24156352
0.87500000,-57.80839920,-84.88008919,27.07168999,33.16579944,60.23748942
0.87500000,-55.97734451,-84.88008919,28.90274467,33.16579944,62.06854411
0.87500000,-55.18579483,-84.88008919,29.69429436,33.16579944,62.86009379
0.87500000,-53.34138870,-84.88008919,31.53870048,33.16579944,64.70449992
0.87500000,-55.07707596,-84.88008919,29.80301323,33.16579944,62.96881267
0.87500000,-53.71809006,-84.88008919,31.16199913,33.16579944,64.32779857
0.87500000,-54.93307114,-84.88008919,29.94701805,33.16579944,63.11281749
0.87500000,-59.07297134,-84.88008919,25.80711784,33.16579944,58.97291728
0.87500000,-57.10363388,-84.88008919,27.77645531,33.16579944,60.94225474
0.87500000,-55.13238907,-84.88008919,29.74770012,33.16579944,62.91349956
0.87500000,-52.32954025,-84.88008919,32.55054893,33.16579944,65.71634837
0.87500000,-57.37543106,-84.88008919,27.50465813,33.16579944,60.67045756
0.87500000,-57.67107010,-84.88008919,27.20901909,33.16579944,60.37481853
0.87500000,-55.96303940,-84.88008919,28.91704979,33.16579944,62.08284923
0.87500000,-56.25677109,-84.88008919,28.62331810,33.16579944,61.78911754
0.87500000,-54.20732498,-84.88008919,30.67276420,33.16579944,63.83856364
0.87500000,-54.89397049,-84.88008919,29.98611870,33.16579944,63.15191814
0.90625000,-69.65780258,-89.00662843,19.34882585,33.32555170,52.67437754
0.90625000,-68.31693649,-89.00662843,20.68969194,33.32555170,54.01524363
0.90625000,-68.81093979,-89.00662843,20.19568864,33.32555170,53.52124034
0.90625000,-70.74975967,-89.00662843,18.25686876,33.32555170,51.58242045
0.90625000,-69.60916519,-89.00662843,19.39746324,33.32555170,52.72301493
0.90625000,-68.95017624,-89.00662843,20.05645219,33.32555170,53.38200389
0.90625000,-70.14036179,-89.00662843,18.86626664,33.32555170,52.19181834
0.90625000,-69.64731216,-89.00662843,19.35931626,33.32555170,52.68486796
0.90625000,-68.84050369,-89.00662843,20.16612474,33.32555170,53.49167643
0.90625000,-71.53081894,-89.00662843,17.47580949,33.32555170,50.80136119
0.90625000,-74.06473160,-89.00662843,14.94189683,33.32555170,48.26744853
0.90625000,-75.46758652,-89.00662843,13.53904191,33.32555170,46.86459361
0.90625000,-72.39675522,-89.00662843,16.60987321,33.32555170,49.93542491
0.90625000,-74.04661179,-89.00662843,14.96001664,33.32555170,48.28556834
0.90625000,-71.22468948,-89.00662843,17.78193895,33.32555170,51.10749064
0.90625000,-74.42235947,-89.00662843,14.58426896,33.32555170,47.90982066
0.90625000,-73.87208939,-89.00662843,15.13453904,33.32555170,48.46009074
0.90625000,-72.70956039,-89.00662843,16.29706803,33.32555170,49.62261973
0.90625000,-70.11842728,-89.00662843,18.88820115,33.32555170,52.21375285
0.90625000,-68.83859634,-89.00662843,20.16803209,33.32555170,53.49358378
0.90625000,-73.90928268,-89.00662843,15.09734574,33.32555170,48.42289744
0.90625000,-68.97687912,-89.00662843,20.02974931,33.32555170,53.35530101
0.90625000,-71.78449631,-89.00662843,17.22213212,33.32555170,50.54768382
0.90625000,-69.57292557,-89.00662843,19.43370286,33.32555170,52.75925456
0.90625000,-74.30124283,-89.00662843,14.70538560,33.32555170,48.03093730
0.90625000,-69.81992722,-89.00662843,19.18670121,33.32555170,52.51225291
0.90625000,-69.58818436,-89.00662843,19.41844407,33.32555170,52.74399577
0.90625000,-70.73545456,-89.00662843,18.27117387,33.32555170,51.59672557
0.90625000,-70.10030746,-89.00662843,18.90632096,33.32555170,52.23187266
0.90625000,-70.91283798,-89.00662843,18.09379045,33.32555170,51.41934214
0.90625000,-69.52619553,-89.00662843,19.48043290,33.32555170,52.80598460
0.90625000,-72.63708115,-89.00662843,16.36954728,33.32555170,49.69509898
0.90625000,-71.45929337,-89.00662843,17.54733506,33.32555170,50.87288676
0.90625000,-72.87836075,-89.00662843,16.12826768,33.32555170,49.45381938
0.90625000,-70.60956955,-89.00662843,18.39705888,33.32555170,51.72261058
0.90625000,-75.34933090,-89.00662843,13.65729753,33.32555170,46.98284922
0.90625000,-69.37074661,-89.00662843,19.63588182,33.32555170,52.96143351
0.90625000,-70.50848007,-89.00662843,18.49814836,33.32555170,51.82370005
0.90625000,-70.94812393,-89.00662843,18.05850450,33.32555170,51.38405619
0.90625000,-68.78614426,-89.00662843,20.22048417,33.32555170,53.54603587
0.90625000,-66.69282913,-89.00662843,22.31379930,33.32555170,55.63935099
0.90625000,-76.39265060,-89.00662843,12.61397782,33.32555170,45.93952952
0.90625000,-74.59878922,-89.00662843,14.40783921,33.32555170,47.73339091
0.90625000,-69.19050217,-89.00662843,19.81612626,33.32555170,53.14167796
0.90625000,-69.19431686,-89.00662843,19.81231157,33.32555170,53.13786326
0.90625000,-72.96133041,-89.00662843,16.04529802,33.32555170,49.37084971
0.90625000,-69.69404221,-89.00662843,19.31258622,33.32555170,52.63813792
0.90625000,-63.90142441,-89.00662843,25.10520402,33.32555170,58.43075572
0.90625000,-74.53012466,-89.00662843,14.47650376,33.32555170,47.80205546
0.90625000,-72.56555557,-89.00662843,16.44107286,33.32555170,49.76662455
0.90625000,-69.75889206,-89.00662843,19.24773637,33.32555170,52.57328807
0.90625000,-69.30685043,-89.00662843,19.69977800,33.32555170,53.02532969
0.90625000,-69.59199905,-89.00662843,19.41462938,33.32555170,52.74018107
0.90625000,-71.54417038,-89.00662843,17.46245805,33.32555170,50.78800975
0.90625000,-71.58231735,-89.00662843,17.42431108,33.32555170,50.74986277
0.90625000,-72.74866104,-89.00662843,16.25796739,33.32555170,49.58351909
0.93750000,-94.24924850,-93.13316767,-1.11608083,33.48530396,32.36922312
0.93750000,-90.64149857,-93.13316767,2.49166911,33.48530396,35.97697306
0.93750000,-93.65415573,-93.13316767,-0.52098806,33.48530396,32.96431590
0.93750000,-92.03481674,-93.13316767,1.09835093,33.48530396,34.58365489
0.93750000,-93.52731705,-93.13316767,-0.39414938,33.48530396,33.09115458
0.93750000,-89.58673477,-93.13316767,3.54643290,33.48530396,37.03173686
0.93750000,-94.18725967,-93.13316767,-1.05409200,33.48530396,32.43121195
0.93750000,-93.80960464,-93.13316767,-0.67643697,33.48530396,32.80886698
0.93750000,-93.63317490,-93.13316767,-0.50000722,33.48530396,32.98529673
0.93750000,-90.26575089,-93.13316767,2.86741679,33.48530396,36.35272074
0.93750000,-94.34652328,-93.13316767,-1.21335561,33.48530396,32.27194834
0.93750000,-90.33727646,-93.13316767,2.79589121,33.48530396,36.28119517
0.93750000,-94.16913986,-93.13316767,-1.03597219,33.48530396,32.44933177
0.93750000,-92.20933914,-93.13316767,0.92382853,33.48530396,34.40913249
0.93750000,-93.52540970,-93.13316767,-0.39224203,33.48530396,33.09306193
0.93750000,-93.63317490,-93.13316767,-0.50000722,33.48530396,32.98529673
0.93750000,-86.05623245,-93.13316767,7.07693522,33.48530396,40.56223917
0.93750000,-94.91300583,-93.13316767,-1.77983816,33.48530396,31.70546580
0.93750000,-94.60973740,-93.13316767,-1.47656972,33.48530396,32.00873423
0.93750000,-94.96641159,-93.13316767,-1.83324392,33.48530396,31.65206004
0.93750000,-93.88303757,-93.13316767,-0.74986990,33.48530396,32.73543406
0.93750000,-93.36233139,-93.13316767,-0.22916372,33.48530396,33.25614024
0.93750000,-93.52827072,-93.13316767,-0.39510305,33.48530396,33.09020091
0.93750000,-93.48154068,-93.13316767,-0.34837301,33.48530396,33.13693095
0.93750000,-92.90933609,-93.13316767,0.22383158,33.48530396,33.70913554
0.93750000,-89.24818039,-93.13316767,3.88498728,33.48530396,37.37029124
0.93750000,-94.41804886,-93.13316767,-1.28488119,33.48530396,32.20042277
0.93750000,-88.46712112,-93.13316767,4.66604655,33.48530396,38.15135050
0.93750000,-93.99652481,-93.13316767,-0.86335714,33.48530396,32.62194682
0.93750000,-93.86396408,-93.13316767,-0.73079641,33.48530396,32.75450755
0.93750000,-89.96820450,-93.13316767,3.16496317,33.48530396,36.65026713
0.93750000,-94.34175491,-93.13316767,-1.20858724,33.48530396,32.27671671
0.93750000,-94.13671494,-93.13316767,-1.00354726,33.48530396,32.48175669
0.93750000,-94.29025650,-93.13316767,-1.15708883,33.48530396,32.32821513
0.93750000,-91.38441086,-93.13316767,1.74875681,33.48530396,35.23406077
0.93750000,-92.00334549,-93.13316767,1.12982218,33.48530396,34.61512614
0.93750000,-93.89066696,-93.13316767,-0.75749929,33.48530396,32.72780467
0.93750000,-94.45142746,-93.13316767,-1.31825979,33.48530396,32.16704417
0.93750000,-94.68603134,-93.13316767,-1.55286367,33.48530396,31.93244029
0.93750000,-89.64300156,-93.13316767,3.49016612,33.48530396,36.97547007
0.93750000,-91.01247787,-93.13316767,2.12068980,33.48530396,35.60599375
0.93750000,-93.26124191,-93.13316767,-0.12807424,33.48530396,33.35722971
0.93750000,-94.12431717,-93.13316767,-0.99114950,33.48530396,32.49415446
0.93750000,-90.49558640,-93.13316767,2.63758128,33.48530396,36.12288523
0.93750000,-93.94598007,-93.13316767,-0.81281240,33.48530396,32.67249156
0.93750000,-91.74585342,-93.13316767,1.38731425,33.48530396,34.87261820
0.93750000,-89.35308456,-93.13316767,3.78008311,33.48530396,37.26538706
0.93750000,-89.79558945,-93.13316767,3.33757822,33.48530396,36.82288218
0.93750000,-94.24352646,-93.13316767,-1.11035879,33.48530396,32.37494517
0.93750000,-93.47581863,-93.13316767,-0.34265096,33.48530396,33.14265299
0.93750000,-86.54832840,-93.13316767,6.58483927,33.48530396,40.07014323
0.93750000,-92.13209152,-93.13316767,1.00107615,33.48530396,34.48638011
0.93750000,-93.36805344,-93.13316767,-0.23488576,33.48530396,33.25041819
0.93750000,-93.43194962,-93.13316767,-0.29878194,33.48530396,33.18652201
0.93750000,-87.13483810,-93.13316767,5.99832957,33.48530396,39.48363352
0.96875000,-110.50605774,-97.25970691,-13.24635082,33.64505621,20.39870539
0.96875000,-110.59188843,-97.25970691,-13.33218151,33.64505621,20.31287470
0.96875000,-117.05780029,-97.25970691,-19.79809338,33.64505621,13.84696284
0.96875000,-116.64581299,-97.25970691,-19.38610607,33.64505621,14.25895014
0.96875000,-117.21801758,-97.25970691,-19.95831066,33.64505621,13.68674555
0.96875000,-116.56951904,-97.25970691,-19.30981213,33.64505621,14.33524409
0.96875000,-117.14363098,-97.25970691,-19.88392407,33.64505621,13.76113215
0.96875000,-117.20657349,-97.25970691,-19.94686657,33.64505621,13.69818964
0.96875000,-116.56379700,-97.25970691,-19.30409008,33.64505621,14.34096613
0.96875000,-107.01656342,-97.25970691,-9.75685650,33.64505621,23.88819971
0.96875000,-107.43236542,-97.25970691,-10.17265850,33.64505621,23.47239771
0.96875000,-116.78123474,-97.25970691,-19.52152783,33.64505621,14.12352839
0.96875000,-116.98722839,-97.25970691,-19.72752148,33.64505621,13.91753473
0.96875000,-116.85752869,-97.25970691,-19.59782177,33.64505621,14.04723444
0.96875000,-117.16842651,-97.25970691,-19.90871960,33.64505621,13.73633661
0.96875000,-96.63009644,-97.25970691,0.62961048,33.64505621,34.27466669
0.96875000,-108.84475708,-97.25970691,-11.58505017,33.64505621,22.06000605
0.96875000,-110.55183411,-97.25970691,-13.29212719,33.64505621,20.35292902
0.96875000,-101.61304474,-97.25970691,-4.35333782,33.64505621,29.29171839
0.96875000,-117.07019806,-97.25970691,-19.81049114,33.64505621,13.83456507
0.96875000,-116.64867401,-97.25970691,-19.38896710,33.64505621,14.25608912
0.96875000,-109.99107361,-97.25970691,-12.73136669,33.64505621,20.91368952
0.96875000,-117.09976196,-97.25970691,-19.84005505,33.64505621,13.80500117
0.96875000,-117.07115173,-97.25970691,-19.81144482,33.64505621,13.83361139
0.96875000,-116.90711975,-97.25970691,-19.64741284,33.64505621,13.99764338
0.96875000,-116.86420441,-97.25970691,-19.60449749,33.64505621,14.04055872
0.96875000,-109.96627808,-97.25970691,-12.70657116,33.64505621,20.93848505
0.96875000,-116.58573151,-97.25970691,-19.32602459,33.64505621,14.31903162
0.96875000,-108.48236084,-97.25970691,-11.22265393,33.64505621,22.42240229
0.96875000,-117.46406555,-97.25970691,-20.20435864,33.64505621,13.44069758
0.96875000,-116.92619324,-97.25970691,-19.66648632,33.64505621,13.97856989
0.96875000,-117.14744568,-97.25970691,-19.88773876,33.64505621,13.75731745
0.96875000,-116.92047119,-97.25970691,-19.66076428,33.64505621,13.98429194
0.96875000,-116.91093445,-97.25970691,-19.65122753,33.64505621,13.99382868
0.96875000,-117.46215820,-97.25970691,-20.20245129,33.64505621,13.44260493
0.96875000,-116.65058136,-97.25970691,-19.39087445,33.64505621,14.25418177
0.96875000,-117.02632904,-97.25970691,-19.76662213,33.64505621,13.87843409
0.96875000,-116.87564850,-97.25970691,-19.61594158,33.64505621,14.02911463
0.96875000,-109.63630676,-97.25970691,-12.37659985,33.64505621,21.26845637
0.96875000,-101.97067261,-97.25970691,-4.71096569,33.64505621,28.93409052
0.96875000,-108.36029053,-97.25970691,-11.10058361,33.64505621,22.54447260
0.96875000,-109.12895203,-97.25970691,-11.86924511,33.64505621,21.77581110
0.96875000,-108.15143585,-97.25970691,-10.89172894,33.64505621,22.75332728
0.96875000,-117.03968048,-97.25970691,-19.77997357,33.64505621,13.86508265
0.96875000,-109.62772369,-97.25970691,-12.36801678,33.64505621,21.27703943
0.96875000,-116.95671082,-97.25970691,-19.69700390,33.64505621,13.94805231
0.96875000,-109.66396332,-97.25970691,-12.40425640,33.64505621,21.24079981
0.96875000,-116.69826508,-97.25970691,-19.43855816,33.64505621,14.20649805
0.96875000,-116.56093597,-97.25970691,-19.30122906,33.64505621,14.34382715
0.96875000,-116.93572998,-97.25970691,-19.67602307,33.64505621,13.96903315
0.96875000,-117.36106873,-97.25970691,-20.10136181,33.64505621,13.54369440
0.96875000,-109.69924927,-97.25970691,-12.43954235,33.64505621,21.20551386
0.96875000,-116.85180664,-97.25970691,-19.59209973,33.64505621,14.05295649
0.96875000,-116.74022675,-97.25970691,-19.48051983,33.64505621,14.16453638
0.96875000,-116.72973633,-97.25970691,-19.47002941,33.64505621,14.17502680
0.96875000,-108.51955414,-97.25970691,-11.25984722,33.64505621,22.38520899
0.96875000,-116.98150635,-97.25970691,-19.72179943,33.64505621,13.92325678
0.96875000,-116.80221558,-97.25970691,-19.54250866,33.64505621,14.10254755
0.96875000,-116.83654785,-97.25970691,-19.57684094,33.64505621,14.06821528
0.96875000,-109.81559753,-97.25970691,-12.55589062,33.64505621,21.08916559
0.96875000,-116.95480347,-97.25970691,-19.69509655,33.64505621,13.94995966
0.96875000,-109.82513428,-97.25970691,-12.56542736,33.64505621,21.07962885
0.96875000,-116.92905426,-97.25970691,-19.66934735,33.64505621,13.97570887
0.09375000,32.62096643,18.28339188,14.33757455,29.17199298,43.50956753
0.09375000,31.52328730,18.28339188,13.23989541,29.17199298,42.41188840
0.09375000,30.94822168,18.28339188,12.66482980,29.17199298,41.83682278
0.09375000,31.48990870,18.28339188,13.20651681,29.17199298,42.37850980
0.09375000,28.83201838,18.28339188,10.54862649,29.17199298,39.72061948
0.09375000,32.83458948,18.28339188,14.55119760,29.17199298,43.72319058
0.09375000,31.86661005,18.28339188,13.58321817,29.17199298,42.75521115
0.09375000,31.08841181,18.28339188,12.80501992,29.17199298,41.97701291
0.09375000,33.51074457,18.28339188,15.22735269,29.17199298,44.39934567
0.09375000,30.90626001,18.28339188,12.62286813,29.17199298,41.79486111
0.09375000,32.30911493,18.28339188,14.02572305,29.17199298,43.19771603
0.09375000,32.26906061,18.28339188,13.98566873,29.17199298,43.15766171
0.09375000,31.56048059,18.28339188,13.27708871,29.17199298,42.44908169
0.09375000,29.96307611,18.28339188,11.67968423,29.17199298,40.85167721
0.09375000,32.86987543,18.28339188,14.58648355,29.17199298,43.75847653
0.09375000,30.35408258,18.28339188,12.07069070,29.17199298,41.24268368
0.09375000,31.92096949,18.28339188,13.63757760,29.17199298,42.80957059
0.09375000,32.74112940,18.28339188,14.45773752,29.17199298,43.62973050
0.09375000,30.99209070,18.28339188,12.70869882,29.17199298,41.88069180
0.09375000,29.98882532,18.28339188,11.70543344,29.17199298,40.87742642
0.09375000,32.50175714,18.28339188,14.21836526,29.17199298,43.39035824
0.09375000,31.94957972,18.28339188,13.66618783,29.17199298,42.83818082
0.09375000,31.70067072,18.28339188,13.41727884,29.17199298,42.58927182
0.09375000,30.53623438,18.28339188,12.25284250,29.17199298,41.42483548
0.09375000,31.68350458,18.28339188,13.40011270,29.17199298,42.57210568
0.09375000,32.08881617,18.28339188,13.80542428,29.17199298,42.97741727
0.09375000,31.45176172,18.28339188,13.16836984,29.17199298,42.34036282
0.09375000,30.69263697,18.28339188,12.40924508,29.17199298,41.58123807
0.09375000,30.26825190,18.28339188,11.98486001,29.17199298,41.15685300
0.09375000,33.22273493,18.28339188,14.93934305,29.17199298,44.11133603
0.09375000,29.21062708,18.28339188,10.92723520,29.17199298,40.09922818
0.09375000,29.36226130,18.28339188,11.07886941,29.17199298,40.25086240
0.09375000,31.14944696,18.28339188,12.86605508,29.17199298,42.03804806
0.09375000,30.28732538,18.28339188,12.00393350,29.17199298,41.17592648
0.09375000,31.99726343,18.28339188,13.71387155,29.17199298,42.88586453
0.09375000,32.25666285,18.28339188,13.97327096,29.17199298,43.14526395
0.09375000,30.05462885,18.28339188,11.77123697,29.17199298,40.94322995
0.09375000,32.14126825,18.28339188,13.85787637,29.17199298,43.02986935
0.09375000,30.77560663,18.28339188,12.49221475,29.17199298,41.66420773
0.09375000,31.04454279,18.28339188,12.76115091,29.17199298,41.93314389
0.09375000,32.59044886,18.28339188,14.30705697,29.17199298,43.47904996
0.09375000,33.82068872,18.28339188,15.53729684,29.17199298,44.70928982
0.09375000,31.00734949,18.28339188,12.72395761,29.17199298,41.89595059
0.09375000,31.13991022,18.28339188,12.85651834,29.17199298,42.02851132
0.09375000,30.92151880,18.28339188,12.63812692,29.17199298,41.81011990
0.09375000,30.13664484,18.28339188,11.85325296,29.17199298,41.02524594
0.09375000,30.08610010,18.28339188,11.80270822,29.17199298,40.97470120
0.09375000,30.60489893,18.28339188,12.32150705,29.17199298,41.49350003
0.09375000,32.23186731,18.28339188,13.94847543,29.17199298,43.12046841
0.09375000,32.29957819,18.28339188,14.01618631,29.17199298,43.18817929
0.09375000,29.57969904,18.28339188,11.29630716,29.17199298,40.46830014
0.09375000,31.32015467,18.28339188,13.03676278,29.17199298,42.20875577
0.09375000,30.55053949,18.28339188,12.26714761,29.17199298,41.43914059
0.09375000,30.80326319,18.28339188,12.51987130,29.17199298,41.69186429
0.09375000,31.45080805,18.28339188,13.16741617,29.17199298,42.33940915
0.09375000,29.21348810,18.28339188,10.93009622,29.17199298,40.10208920
0.09375000,31.80462122,18.28339188,13.52122934,29.17199298,42.69322232
0.09375000,30.60775995,18.28339188,12.32436807,29.17199298,41.49636105
0.09375000,31.95244074,18.28339188,13.66904886,29.17199298,42.84104184
0.09375000,31.80366755,18.28339188,13.52027566,29.17199298,42.69226865
0.12500000,39.51108456,14.15685264,25.35423192,29.33174524,54.68597716
0.12500000,38.68520260,14.15685264,24.52834996,29.33174524,53.86009520
0.12500000,42.64295101,14.15685264,28.48609837,29.33174524,57.81784361
0.12500000,36.86463833,14.15685264,22.70778569,29.33174524,52.03953093
0.12500000,37.50455379,14.15685264,23.34770115,29.33174524,52.67944640
0.12500000,38.02907467,14.15685264,23.87222203,29.33174524,53.20396727
0.12500000,37.25659847,14.15685264,23.09974583,29.33174524,52.43149107
0.12500000,40.09854794,14.15685264,25.94169530,29.33174524,55.27344054
0.12500000,40.64595699,14.15685264,26.48910435,29.33174524,55.82084959
0.12500000,40.03942013,14.15685264,25.88256749,29.33174524,55.21431273
0.12500000,38.01763058,14.15685264,23.86077794,29.33174524,53.19252318
0.12500000,40.02416134,14.15685264,25.86730870,29.33174524,55.19905394
0.12500000,39.67320919,14.15685264,25.51635655,29.33174524,54.84810179
0.12500000,39.03424740,14.15685264,24.87739476,29.33174524,54.20914000
0.12500000,43.12932491,14.15685264,28.97247227,29.33174524,58.30421751
0.12500000,37.29665279,14.15685264,23.13980015,29.33174524,52.47154539
0.12500000,38.28084469,14.15685264,24.12399205,29.33174524,53.45573729
0.12500000,41.49186611,14.15685264,27.33501347,29.33174524,56.66675871
0.12500000,38.43152523,14.15685264,24.27467259,29.33174524,53.60641783
0.12500000,37.34719753,14.15685264,23.19034489,29.33174524,52.52209013
0.12500000,39.10577297,14.15685264,24.94892033,29.33174524,54.28066557
0.12500000,40.10045528,14.15685264,25.94360264,29.33174524,55.27534789
0.12500000,41.83423519,14.15685264,27.67738255,29.33174524,57.00912779
0.12500000,38.52593899,14.15685264,24.36908635,29.33174524,53.70083159
0.12500000,39.10005093,14.15685264,24.94319829,29.33174524,54.27494353
0.12500000,39.18778896,14.15685264,25.03093632,29.33174524,54.36268156
0.12500000,41.17810726,14.15685264,27.02125462,29.33174524,56.35299986
0.12500000,38.46967220,14.15685264,24.31281956,29.33174524,53.64456480
0.12500000,37.71722317,14.15685264,23.56037053,29.33174524,52.89211577
0.12500000,38.74623775,14.15685264,24.58938511,29.33174524,53.92113036
0.12500000,40.61639309,14.15685264,26.45954045,29.33174524,55.79128569
0.12500000,39.63410854,14.15685264,25.47725590,29.33174524,54.80900114
0.12500000,37.92130947,14.15685264,23.76445683,29.33174524,53.09620207
0.12500000,40.22729397,14.15685264,26.07044133,29.33174524,55.40218657
0.12500000,39.02280331,14.15685264,24.86595067,29.33174524,54.19769591
0.12500000,39.45481777,14.15685264,25.29796513,29.33174524,54.62971037
0.12500000,36.63671017,14.15685264,22.47985753,29.33174524,51.81160277
0.12500000,40.37034512,14.15685264,26.21349248,29.33174524,55.54523772
0.12500000,39.80672359,14.15685264,25.64987095,29.33174524,54.98161620
0.12500000,41.38123989,14.15685264,27.22438725,29.33174524,56.55613249
0.12500000,38.86735439,14.15685264,24.71050175,29.33174524,54.04224699
0.12500000,39.30795193,14.15685264,25.15109929,29.33174524,54.48284453
0.12500000,40.84718227,14.15685264,26.69032963,29.33174524,56.02207487
0.12500000,38.86258602,14.15685264,24.70573338,29.33174524,54.03747862
0.12500000,40.03274441,14.15685264,25.87589177,29.33174524,55.20763701
0.12500000,40.67265987,14.15685264,26.51580723,29.33174524,55.84755247
0.12500000,35.95197201,14.15685264,21.79511937,29.33174524,51.12686461
0.12500000,38.40196133,14.15685264,24.24510869,29.33174524,53.57685393
0.12500000,37.69052029,14.15685264,23.53366765,29.33174524,52.86541289
0.12500000,38.23888302,14.15685264,24.08203038,29.33174524,53.41377562
0.12500000,40.15862942,14.15685264,26.00177678,29.33174524,55.33352202
0.12500000,39.71230984,14.15685264,25.55545720,29.33174524,54.88720244
0.12500000,41.24104977,14.15685264,27.08419713,29.33174524,56.41594237
0.12500000,38.63847256,14.15685264,24.48161992,29.33174524,53.81336516
0.12500000,39.72756863,14.15685264,25.57071599,29.33174524,54.90246123
0.12500000,35.60864925,14.15685264,21.45179661,29.33174524,50.78354185
0.12500000,38.19119930,14.15685264,24.03434666,29.33174524,53.36609190
0.12500000,39.34705257,14.15685264,25.19019993,29.33174524,54.52194518
0.15625000,44.73996162,10.03031340,34.70964823,29.49149750,64.20114573
0.15625000,45.75371742,10.03031340,35.72340403,29.49149750,65.21490152
0.15625000,47.53613472,10.03031340,37.50582132,29.49149750,66.99731882
0.15625000,44.98219490,10.03031340,34.95188150,29.49149750,64.44337900
0.15625000,46.51570320,10.03031340,36.48538980,29.49149750,65.97688730
0.15625000,46.26679420,10.03031340,36.23648081,29.49149750,65.72797831
0.15625000,45.83096504,10.03031340,35.80065164,29.49149750,65.29214914
0.15625000,45.10807991,10.03031340,35.07776651,29.49149750,64.56926401
0.15625000,46.13518715,10.03031340,36.10487375,29.49149750,65.59637125
0.15625000,45.01271248,10.03031340,34.98239908,29.49149750,64.47389658
0.15625000,46.64349556,10.03031340,36.61318216,29.49149750,66.10467966
0.15625000,47.80888557,10.03031340,37.77857218,29.49149750,67.27006968
0.15625000,44.49391365,10.03031340,34.46360025,29.49149750,63.95509775
0.15625000,45.99118233,10.03031340,35.96086893,29.49149750,65.45236643
0.15625000,44.22116280,10.03031340,34.19084940,29.49149750,63.68234690
0.15625000,45.79472542,10.03031340,35.76441202,29.49149750,65.25590952
0.15625000,44.63028908,10.03031340,34.59997568,29.49149750,64.09147318
0.15625000,42.57035255,10.03031340,32.54003916,29.49149750,62.03153666
0.15625000,45.06993294,10.03031340,35.03961954,29.49149750,64.53111704
0.15625000,48.00820351,10.03031340,37.97789011,29.49149750,67.46938761
0.15625000,42.22416878,10.03031340,32.19385538,29.49149750,61.68535288
0.15625000,47.04880714,10.03031340,37.01849375,29.49149750,66.50999125
0.15625000,47.07551003,10.03031340,37.04519663,29.49149750,66.53669413
0.15625000,45.38559914,10.03031340,35.35528574,29.49149750,64.84678324
0.15625000,46.00358009,10.03031340,35.97326670,29.49149750,65.46476420
0.15625000,43.70903969,10.03031340,33.67872629,29.49149750,63.17022379
0.15625000,47.33967781,10.03031340,37.30936441,29.49149750,66.80086191
0.15625000,44.28029060,10.03031340,34.24997721,29.49149750,63.74147471
0.15625000,47.63054848,10.03031340,37.60023508,29.49149750,67.09173258
0.15625000,47.03164101,10.03031340,37.00132761,29.49149750,66.49282511
0.15625000,49.29184914,10.03031340,39.26153574,29.49149750,68.75303324
0.15625000,46.37074471,10.03031340,36.34043131,29.49149750,65.83192881
0.15625000,43.26653481,10.03031340,33.23622141,29.49149750,62.72771891
0.15625000,45.90249062,10.03031340,35.87217722,29.49149750,65.36367472
0.15625000,44.28792000,10.03031340,34.25760660,29.49149750,63.74910410
0.15625000,43.63179207,10.03031340,33.60147867,29.49149750,63.09297617
0.15625000,46.34118080,10.03031340,36.31086740,29.49149750,65.80236490
0.15625000,41.83411598,10.03031340,31.80380258,29.49149750,61.29530008
0.15625000,43.99228096,10.03031340,33.96196756,29.49149750,63.45346506
0.15625000,46.25630379,10.03031340,36.22599039,29.49149750,65.71748789
0.15625000,45.53723335,10.03031340,35.50691996,29.49149750,64.99841745
0.15625000,46.41556740,10.03031340,36.38525400,29.49149750,65.87675150
0.15625000,45.87006569,10.03031340,35.83975229,29.49149750,65.33124979
0.15625000,44.80671883,10.03031340,34.77640543,29.49149750,64.26790293
0.15625000,44.03519630,10.03031340,34.00488291,29.49149750,63.49638041
0.15625000,44.83819008,10.03031340,34.80787668,29.49149750,64.29937418
0.15625000,49.57699776,10.03031340,39.54668436,29.49149750,69.03818186
0.15625000,45.78900337,10.03031340,35.75868997,29.49149750,65.25018747
0.15625000,49.36909676,10.03031340,39.33878336,29.49149750,68.83028086
0.15625000,43.11203957,10.03031340,33.08172617,29.49149750,62.57322367
0.15625000,47.87850380,10.03031340,37.84819040,29.49149750,67.33968790
0.15625000,49.07059669,10.03031340,39.04028330,29.49149750,68.53178080
0.15625000,44.50058937,10.03031340,34.47027597,29.49149750,63.96177347
0.15625000,45.76420784,10.03031340,35.73389444,29.49149750,65.22539194
0.15625000,46.09513283,10.03031340,36.06481943,29.49149750,65.55631693
0.15625000,46.44894600,10.03031340,36.41863260,29.49149750,65.91013010
0.15625000,44.97838020,10.03031340,34.94806681,29.49149750,64.43956431
0.15625000,44.20781136,10.03031340,34.17749796,29.49149750,63.66899546
0.15625000,45.58873177,10.03031340,35.55841837,29.49149750,65.04991587
0.15625000,46.78463936,10.03031340,36.75432596,29.49149750,66.24582346
0.15625000,47.30343819,10.03031340,37.27312479,29.49149750,66.76462229
0.15625000,42.38247871,10.03031340,32.35216532,29.49149750,61.84366282
0.15625000,44.58546638,10.03031340,34.55515299,29.49149750,64.04665049
0.18750000,50.98831654,5.90377415,45.08454238,29.65124976,74.73579214
0.18750000,49.25930500,5.90377415,43.35553085,29.65124976,73.00678060
0.18750000,51.24390125,5.90377415,45.34012710,29.65124976,74.99137686
0.18750000,50.59540272,5.90377415,44.69162856,29.65124976,74.34287832
0.18750000,50.86719990,5.90377415,44.96342574,29.65124976,74.61467550
0.18750000,49.50153828,5.90377415,43.59776412,29.65124976,73.24901388
0.18750000,48.79868031,5.90377415,42.89490615,29.65124976,72.54615591
0.18750000,49.84104633,5.90377415,43.93727218,29.65124976,73.58852194
0.18750000,52.25861073,5.90377415,46.35483657,29.65124976,76.00608633
0.18750000,51.59103870,5.90377415,45.68726455,29.65124976,75.33851431
0.18750000,54.04484272,5.90377415,48.14106857,29.65124976,77.79231832
0.18750000,53.83408070,5.90377415,47.93030654,29.65124976,77.58155630
0.18750000,54.42440510,5.90377415,48.52063094,29.65124976,78.17188070
0.18750000,53.03394794,5.90377415,47.13017379,29.65124976,76.78142355
0.18750000,51.08082294,5.90377415,45.17704879,29.65124976,74.82829855
0.18750000,47.90890217,5.90377415,42.00512801,29.65124976,71.65637777
0.18750000,46.37539387,5.90377415,40.47161971,29.65124976,70.12286947
0.18750000,54.77917194,5.90377415,48.87539779,29.65124976,78.52664755
0.18750000,48.11775684,5.90377415,42.21398269,29.65124976,71.86523245
0.18750000,51.61678791,5.90377415,45.71301376,29.65124976,75.36426351
0.18750000,51.94294453,5.90377415,46.03917037,29.65124976,75.69042013
0.18750000,48.93791676,5.90377415,43.03414260,29.65124976,72.68539236
0.18750000,49.97837543,5.90377415,44.07460128,29.65124976,73.72585104
0.18750000,48.29037189,5.90377415,42.38659774,29.65124976,72.03784750
0.18750000,49.26979542,5.90377415,43.36602126,29.65124976,73.01727102
0.18750000,51.91719532,5.90377415,46.01342117,29.65124976,75.66467092
0.18750000,51.52523518,5.90377415,45.62146102,29.65124976,75.27271078
0.18750000,51.75507069,5.90377415,45.85129653,29.65124976,75.50254629
0.18750000,51.44798756,5.90377415,45.54421340,29.65124976,75.19546316
0.18750000,50.98164082,5.90377415,45.07786666,29.65124976,74.72911642
0.18750000,52.35683918,5.90377415,46.45306503,29.65124976,76.10431478
0.18750000,51.72550678,5.90377415,45.82173263,29.65124976,75.47298239
0.18750000,51.38313770,5.90377415,45.47936355,29.65124976,75.13061331
0.18750000,53.34866047,5.90377415,47.44488631,29.65124976,77.09613607
0.18750000,48.85780811,5.90377415,42.95403396,29.65124976,72.60528372
0.18750000,48.41339588,5.90377415,42.50962173,29.65124976,72.16087148
0.18750000,52.08408833,5.90377415,46.18031417,29.65124976,75.83156393
0.18750000,47.15073109,5.90377415,41.24695693,29.65124976,70.89820669
0.18750000,51.84471607,5.90377415,45.94094192,29.65124976,75.59219168
0.18750000,50.73368549,5.90377415,44.82991134,29.65124976,74.48116110
0.18750000,51.94580555,5.90377415,46.04203139,29.65124976,75.69328115
0.18750000,52.04498768,5.90377415,46.14121352,29.65124976,75.79246328
0.18750000,48.08723927,5.90377415,42.18346511,29.65124976,71.83471487
0.18750000,46.96857929,5.90377415,41.06480514,29.65124976,70.71605490
0.18750000,48.65467548,5.90377415,42.75090133,29.65124976,72.40215109
0.18750000,44.89815235,5.90377415,38.99437820,29.65124976,68.64562795
0.18750000,51.59771442,5.90377415,45.69394027,29.65124976,75.34519003
0.18750000,51.14662647,5.90377415,45.24285232,29.65124976,74.89410208
0.18750000,47.45972157,5.90377415,41.55594741,29.65124976,71.20719717
0.18750000,50.75371265,5.90377415,44.84993850,29.65124976,74.50118826
0.18750000,52.84416676,5.90377415,46.94039260,29.65124976,76.59164236
0.18750000,48.66707325,5.90377415,42.76329910,29.65124976,72.41454885
0.18750000,50.34267902,5.90377415,44.43890487,29.65124976,74.09015463
0.18750000,47.11258411,5.90377415,41.20880996,29.65124976,70.86005972
0.18750000,49.88682270,5.90377415,43.98304855,29.65124976,73.63429830
0.18750000,52.73067951,5.90377415,46.82690536,29.65124976,76.47815512
0.18750000,49.69131947,5.90377415,43.78754531,29.65124976,73.43879507
0.18750000,52.57618427,5.90377415,46.67241012,29.65124976,76.32365988
0.18750000,49.38995838,5.90377415,43.48618423,29.65124976,73.13743398
0.18750000,53.60424519,5.90377415,47.70047103,29.65124976,77.35172079
0.18750000,50.74608326,5.90377415,44.84230910,29.65124976,74.49355886
0.18750000,51.42128468,5.90377415,45.51751052,29.65124976,75.16876028
0.21875000,55.02116680,1.77723491,53.24393189,29.81100202,83.05493391
0.21875000,55.89663982,1.77723491,54.11940491,29.81100202,83.93040693
0.21875000,56.98764324,1.77723491,55.21040833,29.81100202,85.02141035
0.21875000,52.10196972,1.77723491,50.32473481,29.81100202,80.13573682
0.21875000,54.60441113,1.77723491,52.82717621,29.81100202,82.63817823
0.21875000,57.90507793,1.77723491,56.12784302,29.81100202,85.93884504
0.21875000,54.22294140,1.77723491,52.44570649,29.81100202,82.25670850
0.21875000,55.01544476,1.77723491,53.23820984,29.81100202,83.04921186
0.21875000,54.17335033,1.77723491,52.39611542,29.81100202,82.20711744
0.21875000,53.32839489,1.77723491,51.55115998,29.81100202,81.36216199
0.21875000,54.50427532,1.77723491,52.72704041,29.81100202,82.53804243
0.21875000,56.00345135,1.77723491,54.22621644,29.81100202,84.03721845
0.21875000,54.37552929,1.77723491,52.59829438,29.81100202,82.40929639
0.21875000,56.97429180,1.77723491,55.19705689,29.81100202,85.00805891
0.21875000,60.33694744,1.77723491,58.55971253,29.81100202,88.37071455
0.21875000,53.64024639,1.77723491,51.86301148,29.81100202,81.67401350
0.21875000,56.56230450,1.77723491,54.78506958,29.81100202,84.59607160
0.21875000,57.85834789,1.77723491,56.08111298,29.81100202,85.89211500
0.21875000,55.45890331,1.77723491,53.68166840,29.81100202,83.49267042
0.21875000,59.74376202,1.77723491,57.96652710,29.81100202,87.77752912
0.21875000,52.52540112,1.77723491,50.74816620,29.81100202,80.55916822
0.21875000,55.11462688,1.77723491,53.33739197,29.81100202,83.14839399
0.21875000,57.67619610,1.77723491,55.89896119,29.81100202,85.70996320
0.21875000,57.23178387,1.77723491,55.45454895,29.81100202,85.26555097
0.21875000,56.48887157,1.77723491,54.71163666,29.81100202,84.52263868
0.21875000,56.89609051,1.77723491,55.11885560,29.81100202,84.92985761
0.21875000,57.78491497,1.77723491,56.00768006,29.81100202,85.81868207
0.21875000,51.08058453,1.77723491,49.30334961,29.81100202,79.11435163
0.21875000,54.46898937,1.77723491,52.69175446,29.81100202,82.50275648
0.21875000,52.98793316,1.77723491,51.21069825,29.81100202,81.02170026
0.21875000,57.84881115,1.77723491,56.07157624,29.81100202,85.88257825
0.21875000,57.43682384,1.77723491,55.65958893,29.81100202,85.47059095
0.21875000,55.04119396,1.77723491,53.26395905,29.81100202,83.07496107
0.21875000,58.54117870,1.77723491,56.76394379,29.81100202,86.57494581
0.21875000,52.10673809,1.77723491,50.32950318,29.81100202,80.14050519
0.21875000,53.83765697,1.77723491,52.06042206,29.81100202,81.87142408
0.21875000,54.25059795,1.77723491,52.47336304,29.81100202,82.28436506
0.21875000,54.41653728,1.77723491,52.63930237,29.81100202,82.45030439
0.21875000,51.40292645,1.77723491,49.62569153,29.81100202,79.43669355
0.21875000,53.82049084,1.77723491,52.04325593,29.81100202,81.85425794
0.21875000,55.25386333,1.77723491,53.47662842,29.81100202,83.28763044
0.21875000,52.62458324,1.77723491,50.84734833,29.81100202,80.65835035
0.21875000,56.98192120,1.77723491,55.20468628,29.81100202,85.01568830
0.21875000,53.47144604,1.77723491,51.69421113,29.81100202,81.50521314
0.21875000,54.11040783,1.77723491,52.33317292,29.81100202,82.14417493
0.21875000,54.72934246,1.77723491,52.95210755,29.81100202,82.76310956
0.21875000,51.52690411,1.77723491,49.74966919,29.81100202,79.56067121
0.21875000,53.88534069,1.77723491,52.10810578,29.81100202,81.91910779
0.21875000,53.87675762,1.77723491,52.09952271,29.81100202,81.91052473
0.21875000,59.06093121,1.77723491,57.28369629,29.81100202,87.09469831
0.21875000,53.09474468,1.77723491,51.31750977,29.81100202,81.12851179
0.21875000,55.80508709,1.77723491,54.02785218,29.81100202,83.83885419
0.21875000,56.34772778,1.77723491,54.57049286,29.81100202,84.38149488
0.21875000,54.24392223,1.77723491,52.46668732,29.81100202,82.27768934
0.21875000,54.73029613,1.77723491,52.95306122,29.81100202,82.76406324
0.21875000,55.89663982,1.77723491,54.11940491,29.81100202,83.93040693
0.21875000,58.30276012,1.77723491,56.52552521,29.81100202,86.33652723
0.21875000,55.64773083,1.77723491,53.87049592,29.81100202,83.68149793
0.21875000,59.51201916,1.77723491,57.73478425,29.81100202,87.54578626
0.21875000,54.67402935,1.77723491,52.89679444,29.81100202,82.70779645
0.21875000,54.28397655,1.77723491,52.50674164,29.81100202,82.31774366
0.25000000,56.63466454,-2.34930433,58.98396887,29.97075427,88.95472314
0.25000000,55.59039116,-2.34930433,57.93969549,29.97075427,87.91044976
0.25000000,58.66885185,-2.34930433,61.01815618,29.97075427,90.98891046
0.25000000,55.06205559,-2.34930433,57.41135992,29.97075427,87.38211419
0.25000000,55.72581291,-2.34930433,58.07511724,29.97075427,88.04587152
0.25000000,55.16982079,-2.34930433,57.51912512,29.97075427,87.48987939
0.25000000,55.87363243,-2.34930433,58.22293676,29.97075427,88.19369104
0.25000000,57.83438683,-2.34930433,60.18369116,29.97075427,90.15444543
0.25000000,59.56435204,-2.34930433,61.91365637,29.97075427,91.88441064
0.25000000,58.48860741,-2.34930433,60.83791174,29.97075427,90.80866601
0.25000000,60.63342094,-2.34930433,62.98272528,29.97075427,92.95347955
0.25000000,59.02838707,-2.34930433,61.37769140,29.97075427,91.34844567
0.25000000,56.52594566,-2.34930433,58.87524999,29.97075427,88.84600427
0.25000000,57.54637718,-2.34930433,59.89568151,29.97075427,89.86643579
0.25000000,58.55441093,-2.34930433,60.90371527,29.97075427,90.87446954
0.25000000,54.58331108,-2.34930433,56.93261541,29.97075427,86.90336969
0.25000000,57.43098259,-2.34930433,59.78028692,29.97075427,89.75104119
0.25000000,60.03642082,-2.34930433,62.38572515,29.97075427,92.35647943
0.25000000,61.49458885,-2.34930433,63.84389318,29.97075427,93.81464746
0.25000000,58.54773521,-2.34930433,60.89703955,29.97075427,90.86779382
0.25000000,54.91328239,-2.34930433,57.26258673,29.97075427,87.23334100
0.25000000,58.59637260,-2.34930433,60.94567694,29.97075427,90.91643121
0.25000000,55.30142784,-2.34930433,57.65073217,29.97075427,87.62148645
0.25000000,53.55143547,-2.34930433,55.90073980,29.97075427,85.87149408
0.25000000,57.28030205,-2.34930433,59.62960638,29.97075427,89.60036065
0.25000000,53.27773094,-2.34930433,55.62703527,29.97075427,85.59778955
0.25000000,58.44473839,-2.34930433,60.79404272,29.97075427,90.76479699
0.25000000,61.90848351,-2.34930433,64.25778784,29.97075427,94.22854211
0.25000000,55.30047417,-2.34930433,57.64977850,29.97075427,87.62053277
0.25000000,54.09502983,-2.34930433,56.44433416,29.97075427,86.41508844
0.25000000,54.14080620,-2.34930433,56.49011053,29.97075427,86.46086480
0.25000000,57.18016624,-2.34930433,59.52947058,29.97075427,89.50022485
0.25000000,58.12239647,-2.34930433,60.47170080,29.97075427,90.44245507
0.25000000,58.72702599,-2.34930433,61.07633032,29.97075427,91.04708459
0.25000000,57.73711205,-2.34930433,60.08641638,29.97075427,90.05717065
0.25000000,61.15984917,-2.34930433,63.50915350,29.97075427,93.47990777
0.25000000,57.85536766,-2.34930433,60.20467199,29.97075427,90.17542627
0.25000000,59.74268913,-2.34930433,62.09199346,29.97075427,92.06274774
0.25000000,55.76777458,-2.34930433,58.11707891,29.97075427,88.08783319
0.25000000,56.77866936,-2.34930433,59.12797369,29.97075427,89.09872796
0.25000000,61.19227409,-2.34930433,63.54157842,29.97075427,93.51233270
0.25000000,56.83970451,-2.34930433,59.18900884,29.97075427,89.15976312
0.25000000,62.45875359,-2.34930433,64.80805792,29.97075427,94.77881219
0.25000000,56.18262291,-2.34930433,58.53192724,29.97075427,88.50268151
0.25000000,59.80753899,-2.34930433,62.15684332,29.97075427,92.12759759
0.25000000,60.79363823,-2.34930433,63.14294256,29.97075427,93.11369683
0.25000000,57.76476860,-2.34930433,60.11407293,29.97075427,90.08482721
0.28125000,60.57810783,-6.47584357,67.05395141,30.13050653,97.18445794
0.28125000,61.38968468,-6.47584357,67.86552825,30.13050653,97.99603478
0.28125000,57.58166313,-6.47584357,64.05750671,30.13050653,94.18801324
0.28125000,61.26189232,-6.47584357,67.73773589,30.13050653,97.86824242
0.28125000,60.39786339,-6.47584357,66.87370696,30.13050653,97.00421349
0.28125000,61.94186211,-6.47584357,68.41770568,30.13050653,98.54821221
0.28125000,58.88247490,-6.47584357,65.35831847,30.13050653,95.48882501
0.28125000,60.44745445,-6.47584357,66.92329803,30.13050653,97.05380456
0.28125000,62.16788292,-6.47584357,68.64372649,30.13050653,98.77423303
0.28125000,63.21692467,-6.47584357,69.69276824,30.13050653,99.82327477
0.28125000,60.38546562,-6.47584357,66.86130920,30.13050653,96.99181573
0.28125000,61.17701530,-6.47584357,67.65285888,30.13050653,97.78336541
0.28125000,58.98833275,-6.47584357,65.46417632,30.13050653,95.59468285
0.28125000,56.03480339,-6.47584357,62.51064696,30.13050653,92.64115350
0.28125000,62.81828880,-6.47584357,69.29413238,30.13050653,99.42463891
0.28125000,54.70728874,-6.47584357,61.18313232,30.13050653,91.31363885
0.28125000,49.61848259,-6.47584357,56.09432616,30.13050653,86.22483270
0.28125000,60.62293053,-6.47584357,67.09877410,30.13050653,97.22928063
0.28125000,58.03179741,-6.47584357,64.50764098,30.13050653,94.63814752
0.28125000,58.30550194,-6.47584357,64.78134551,30.13050653,94.91185204
0.28125000,61.38110161,-6.47584357,67.85694518,30.13050653,97.98745171
0.28125000,63.95220757,-6.47584357,70.42805114,30.13050653,100.55855767
0.28125000,59.45277214,-6.47584357,65.92861571,30.13050653,96.05912225
0.28125000,56.51354790,-6.47584357,62.98939147,30.13050653,93.11989800
0.28125000,57.93261528,-6.47584357,64.40845885,30.13050653,94.53896539
0.28125000,57.69515038,-6.47584357,64.17099395,30.13050653,94.30150048
0.28125000,62.16025352,-6.47584357,68.63609710,30.13050653,98.76660363
0.28125000,61.51747704,-6.47584357,67.99332061,30.13050653,98.12382714
0.28125000,53.33495140,-6.47584357,59.81079497,30.13050653,89.94130151
0.28125000,57.02471733,-6.47584357,63.50056090,30.13050653,93.63106744
0.28125000,64.92972374,-6.47584357,71.40556731,30.13050653,101.53607385
0.28125000,57.09624290,-6.47584357,63.57208648,30.13050653,93.70259301
0.28125000,58.74800682,-6.47584357,65.22385039,30.13050653,95.35435693
0.28125000,56.12349510,-6.47584357,62.59933868,30.13050653,92.72984521
0.28125000,59.14568901,-6.47584357,65.62153258,30.13050653,95.75203912
0.28125000,59.60059166,-6.47584357,66.07643523,30.13050653,96.20694177
0.28125000,63.37523460,-6.47584357,69.85107818,30.13050653,99.98158471
0.28125000,57.38329887,-6.47584357,63.85914245,30.13050653,93.98964898
0.28125000,60.50562859,-6.47584357,66.98147216,30.13050653,97.11197869
0.28125000,52.09612846,-6.47584357,58.57197204,30.13050653,88.70247857
0.28125000,57.19923973,-6.47584357,63.67508330,30.13050653,93.80558984
0.28125000,62.10875511,-6.47584357,68.58459869,30.13050653,98.71510522
0.28125000,60.81843376,-6.47584357,67.29427734,30.13050653,97.42478387
0.28125000,60.42647362,-6.47584357,66.90231719,30.13050653,97.03282372
0.28125000,63.12537193,-6.47584357,69.60121551,30.13050653,99.73172204
0.28125000,56.46491051,-6.47584357,62.94075408,30.13050653,93.07126061
0.28125000,56.91218376,-6.47584357,63.38802734,30.13050653,93.51853387
0.28125000,60.45985222,-6.47584357,66.93569579,30.13050653,97.06620232
0.28125000,63.87305260,-6.47584357,70.34889617,30.13050653,100.47940270
0.28125000,58.98833275,-6.47584357,65.46417632,30.13050653,95.59468285
0.28125000,62.17169762,-6.47584357,68.64754119,30.13050653,98.77804772
0.28125000,52.20007896,-6.47584357,58.67592254,30.13050653,88.80642907
0.28125000,57.29937553,-6.47584357,63.77521911,30.13050653,93.90572564
0.28125000,61.59186363,-6.47584357,68.06770721,30.13050653,98.19821374
0.31250000,62.20865250,-10.60238282,72.81103531,30.29025879,103.10129410
0.31250000,57.53374100,-10.60238282,68.13612381,30.29025879,98.42638260
0.31250000,64.15128708,-10.60238282,74.75366990,30.29025879,105.04392869
0.31250000,60.22596359,-10.60238282,70.82834641,30.29025879,101.11860520
0.31250000,59.67569351,-10.60238282,70.27807633,30.29025879,100.56833512
0.31250000,61.14721298,-10.60238282,71.74959580,30.29025879,102.03985459
0.31250000,62.53862381,-10.60238282,73.14100663,30.29025879,103.43126542
0.31250000,60.79626083,-10.60238282,71.39864365,30.29025879,101.68890244
0.31250000,57.89804459,-10.60238282,68.50042740,30.29025879,98.79068619
0.31250000,62.45660782,-10.60238282,73.05899064,30.29025879,103.34924943
0.31250000,64.72349167,-10.60238282,75.32587449,30.29025879,105.61613328
0.31250000,61.02514267,-10.60238282,71.62752549,30.29025879,101.91778428
0.31250000,63.96341324,-10.60238282,74.56579605,30.29025879,104.85605485
0.31250000,54.52394485,-10.60238282,65.12632767,30.29025879,95.41658646
0.31250000,56.77366257,-10.60238282,67.37604538,30.29025879,97.66630417
0.31250000,58.87079239,-10.60238282,69.47317521,30.29025879,99.76343400
0.31250000,60.78672409,-10.60238282,71.38910691,30.29025879,101.67936570
0.31250000,62.94298172,-10.60238282,73.54536454,30.29025879,103.83562333
0.31250000,56.41698837,-10.60238282,67.01937119,30.29025879,97.30962998
0.31250000,59.16643143,-10.60238282,69.76881424,30.29025879,100.05907303
0.31250000,60.18781662,-10.60238282,70.79019944,30.29025879,101.08045823
0.31250000,61.27691269,-10.60238282,71.87929551,30.29025879,102.16955430
0.31250000,61.33794785,-10.60238282,71.94033066,30.29025879,102.23058945
0.31250000,58.80022049,-10.60238282,69.40260331,30.29025879,99.69286210
0.31250000,54.96263504,-10.60238282,65.56501786,30.29025879,95.85527665
0.31250000,60.90307236,-10.60238282,71.50545517,30.29025879,101.79571396
0.31250000,62.46614456,-10.60238282,73.06852738,30.29025879,103.35878617
0.31250000,62.44993210,-10.60238282,73.05231491,30.29025879,103.34257371
0.31250000,59.49354172,-10.60238282,70.09592453,30.29025879,100.38618332
0.31250000,64.19229507,-10.60238282,74.79467789,30.29025879,105.08493668
0.31250000,54.62884903,-10.60238282,65.23123185,30.29025879,95.52149064
0.31250000,58.19368362,-10.60238282,68.79606644,30.29025879,99.08632523
0.31250000,61.94734573,-10.60238282,72.54972855,30.29025879,102.83998734
0.31250000,60.14394760,-10.60238282,70.74633042,30.29025879,101.03658921
0.31250000,57.10268021,-10.60238282,67.70506302,30.29025879,97.99532181
0.31250000,51.83172226,-10.60238282,62.43410508,30.29025879,92.72436387
0.31250000,57.61194229,-10.60238282,68.21432511,30.29025879,98.50458390
0.31250000,59.62610245,-10.60238282,70.22848526,30.29025879,100.51874405
0.31250000,63.93003464,-10.60238282,74.53241745,30.29025879,104.82267624
0.31250000,60.07337570,-10.60238282,70.67575852,30.29025879,100.96601731
0.31250000,63.15565109,-10.60238282,73.75803391,30.29025879,104.04829270
0.31250000,57.36207962,-10.60238282,67.96446244,30.29025879,98.25472123
0.31250000,59.67092514,-10.60238282,70.27330796,30.29025879,100.56356675
0.31250000,64.08262253,-10.60238282,74.68500534,30.29025879,104.97526414
0.31250000,59.49640274,-10.60238282,70.09878556,30.29025879,100.38904435
0.31250000,60.44340134,-10.60238282,71.04578415,30.29025879,101.33604294
0.31250000,61.02323532,-10.60238282,71.62561814,30.29025879,101.91587693
0.31250000,59.61084366,-10.60238282,70.21322647,30.29025879,100.50348527
0.31250000,55.70840836,-10.60238282,66.31079117,30.29025879,96.60104996
0.31250000,61.07854843,-10.60238282,71.68093125,30.29025879,101.97119004
0.31250000,64.07976151,-10.60238282,74.68214432,30.29025879,104.97240311
0.31250000,58.82787704,-10.60238282,69.43025986,30.29025879,99.72051865
0.31250000,61.25116348,-10.60238282,71.85354630,30.29025879,102.14380509
0.31250000,62.61777878,-10.60238282,73.22016159,30.29025879,103.51042039
0.31250000,59.40008163,-10.60238282,70.00246445,30.29025879,100.29272324
0.31250000,63.75646591,-10.60238282,74.35884873,30.29025879,104.64910752
0.31250000,64.63003159,-10.60238282,75.23241440,30.29025879,105.52267319
0.31250000,61.42187119,-10.60238282,72.02425400,30.29025879,102.31451279
0.31250000,56.14995956,-10.60238282,66.75234238,30.29025879,97.04260117
0.31250000,61.55920029,-10.60238282,72.16158310,30.29025879,102.45184189
0.31250000,60.75429916,-10.60238282,71.35668198,30.29025879,101.64694077
0.34375000,61.32197380,-14.72892206,76.05089586,30.45001105,106.50090691
0.34375000,64.83721733,-14.72892206,79.56613939,30.45001105,110.01615044
0.34375000,66.81609154,-14.72892206,81.54501360,30.45001105,111.99502465
0.34375000,59.85808372,-14.72892206,74.58700578,30.45001105,105.03701683
0.34375000,63.65370750,-14.72892206,78.38262956,30.45001105,108.83264061
0.34375000,64.06760216,-14.72892206,78.79652422,30.45001105,109.24653527
0.34375000,61.08641624,-14.72892206,75.81533830,30.45001105,106.26534935
0.34375000,61.90657616,-14.72892206,76.63549822,30.45001105,107.08550926
0.34375000,62.96324730,-14.72892206,77.69216936,30.45001105,108.14218041
0.34375000,57.57784843,-14.72892206,72.30677049,30.45001105,102.75678154
0.34375000,61.51080132,-14.72892206,76.23972337,30.45001105,106.68973442
0.34375000,59.13329124,-14.72892206,73.86221330,30.45001105,104.31222435
0.34375000,59.40032005,-14.72892206,74.12924211,30.45001105,104.57925316
0.34375000,60.27388573,-14.72892206,75.00280779,30.45001105,105.45281884
0.34375000,59.04078484,-14.72892206,73.76970689,30.45001105,104.21971794
0.34375000,57.72185326,-14.72892206,72.45077532,30.45001105,102.90078636
0.34375000,66.22195244,-14.72892206,80.95087450,30.45001105,111.40088555
0.34375000,56.23030663,-14.72892206,70.95922868,30.45001105,101.40923973
0.34375000,58.77947807,-14.72892206,73.50840013,30.45001105,103.95841118
0.34375000,58.34937096,-14.72892206,73.07829302,30.45001105,103.52830406
0.34375000,62.29567528,-14.72892206,77.02459734,30.45001105,107.47460839
0.34375000,55.55319786,-14.72892206,70.28211992,30.45001105,100.73213097
0.34375000,58.88152122,-14.72892206,73.61044328,30.45001105,104.06045433
0.34375000,55.94611168,-14.72892206,70.67503374,30.45001105,101.12504479
0.34375000,60.86897850,-14.72892206,75.59790056,30.45001105,106.04791161
0.34375000,60.40930748,-14.72892206,75.13822954,30.45001105,105.58824059
0.34375000,63.87114525,-14.72892206,78.60006731,30.45001105,109.05007836
0.34375000,55.88030815,-14.72892206,70.60923021,30.45001105,101.05924126
0.34375000,62.18791008,-14.72892206,76.91683214,30.45001105,107.36684319
0.34375000,59.60536003,-14.72892206,74.33428209,30.45001105,104.78429314
0.34375000,57.29174614,-14.72892206,72.02066820,30.45001105,102.47067925
0.34375000,56.66804314,-14.72892206,71.39696520,30.45001105,101.84697624
0.34375000,60.85085869,-14.72892206,75.57978075,30.45001105,106.02979180
0.34375000,61.08450890,-14.72892206,75.81343096,30.45001105,106.26344200
0.34375000,64.52155113,-14.72892206,79.25047319,30.45001105,109.70048424
0.34375000,62.58273125,-14.72892206,77.31165331,30.45001105,107.76166436
0.34375000,59.85045433,-14.72892206,74.57937639,30.45001105,105.02938744
0.34375000,60.00208855,-14.72892206,74.73101061,30.45001105,105.18102165
0.34375000,58.87007713,-14.72892206,73.59899919,30.45001105,104.04901024
0.34375000,61.49268150,-14.72892206,76.22160356,30.45001105,106.67161461
0.34375000,62.14022636,-14.72892206,76.86914842,30.45001105,107.31915947
0.34375000,61.37824059,-14.72892206,76.10716264,30.45001105,106.55717369
0.34375000,60.24622917,-14.72892206,74.97515123,30.45001105,105.42516228
0.34375000,58.86530876,-14.72892206,73.59423082,30.45001105,104.04424187
0.34375000,60.31489372,-14.72892206,75.04381578,30.45001105,105.49382683
0.34375000,62.96515465,-14.72892206,77.69407671,30.45001105,108.14408776
0.34375000,59.76462364,-14.72892206,74.49354570,30.45001105,104.94355675
0.34375000,61.28668785,-14.72892206,76.01560991,30.45001105,106.46562096
0.34375000,58.24732780,-14.72892206,72.97624986,30.45001105,103.42626091
0.34375000,62.41869926,-14.72892206,77.14762132,30.45001105,107.59763237
0.34375000,61.16366386,-14.72892206,75.89258592,30.45001105,106.34259697
0.34375000,61.10739708,-14.72892206,75.83631914,30.45001105,106.28633019
0.34375000,61.73014641,-14.72892206,76.45906847,30.45001105,106.90907952
0.34375000,62.03627586,-14.72892206,76.76519792,30.45001105,107.21520897
0.34375000,61.35916710,-14.72892206,76.08808916,30.45001105,106.53810021
0.34375000,62.97850609,-14.72892206,77.70742815,30.45001105,108.15743920
0.34375000,56.16259575,-14.72892206,70.89151781,30.45001105,101.34152886
0.34375000,55.11355400,-14.72892206,69.84247606,30.45001105,100.29248711
0.34375000,64.28408623,-14.72892206,79.01300829,30.45001105,109.46301934
0.34375000,59.87238884,-14.72892206,74.60131090,30.45001105,105.05132195
0.34375000,60.79649925,-14.72892206,75.52542131,30.45001105,105.97543236
0.37500000,63.48013878,-18.85546130,82.33560008,30.60976331,112.94536339
0.37500000,63.91501427,-18.85546130,82.77047557,30.60976331,113.38023888
0.37500000,55.04584312,-18.85546130,73.90130443,30.60976331,104.51106773
0.37500000,55.74679375,-18.85546130,74.60225505,30.60976331,105.21201836
0.37500000,57.77144432,-18.85546130,76.62690562,30.60976331,107.23666893
0.37500000,60.42075157,-18.85546130,79.27621287,30.60976331,109.88597618
0.37500000,58.84432793,-18.85546130,77.69978923,30.60976331,108.30955254
0.37500000,57.96408653,-18.85546130,76.81954783,30.60976331,107.42931114
0.37500000,61.09595299,-18.85546130,79.95141429,30.60976331,110.56117760
0.37500000,58.94637108,-18.85546130,77.80183238,30.60976331,108.41159569
0.37500000,59.08942223,-18.85546130,77.94488353,30.60976331,108.55464684
0.37500000,59.86857414,-18.85546130,78.72403544,30.60976331,109.33379875
0.37500000,56.64896965,-18.85546130,75.50443095,30.60976331,106.11419426
0.37500000,55.99474907,-18.85546130,74.85021037,30.60976331,105.45997368
0.37500000,62.44254112,-18.85546130,81.29800242,30.60976331,111.90776573
0.37500000,58.34364891,-18.85546130,77.19911021,30.60976331,107.80887352
0.37500000,59.74459648,-18.85546130,78.60005778,30.60976331,109.20982109
0.37500000,57.84773827,-18.85546130,76.70319957,30.60976331,107.31296288
0.37500000,59.03792381,-18.85546130,77.89338511,30.60976331,108.50314842
0.37500000,53.30634117,-18.85546130,72.16180247,30.60976331,102.77156578
0.37500000,57.00659752,-18.85546130,75.86205882,30.60976331,106.47182213
0.37500000,57.95931816,-18.85546130,76.81477946,30.60976331,107.42454277
0.37500000,54.78930473,-18.85546130,73.64476604,30.60976331,104.25452934
0.37500000,54.26764488,-18.85546130,73.12310618,30.60976331,103.73286949
0.37500000,58.09187889,-18.85546130,76.94734019,30.60976331,107.55710350
0.37500000,55.87363243,-18.85546130,74.72909373,30.60976331,105.33885704
0.37500000,62.05916405,-18.85546130,80.91462535,30.60976331,111.52438866
0.37500000,56.75864220,-18.85546130,75.61410350,30.60976331,106.22386681
0.37500000,59.07225609,-18.85546130,77.92771739,30.60976331,108.53748070
0.37500000,59.52239037,-18.85546130,78.37785167,30.60976331,108.98761497
0.37500000,55.18221855,-18.85546130,74.03767985,30.60976331,104.64744316
0.37500000,60.07170677,-18.85546130,78.92716807,30.60976331,109.53693138
0.37500000,55.54366112,-18.85546130,74.39912242,30.60976331,105.00888573
0.37500000,61.62810326,-18.85546130,80.48356456,30.60976331,111.09332787
0.37500000,56.53738976,-18.85546130,75.39285106,30.60976331,106.00261436
0.37500000,60.61816216,-18.85546130,79.47362346,30.60976331,110.08338676
0.37500000,52.11806297,-18.85546130,70.97352427,30.60976331,101.58328758
0.37500000,54.54039574,-18.85546130,73.39585704,30.60976331,104.00562035
0.37500000,61.00249290,-18.85546130,79.85795421,30.60976331,110.46771751
0.37500000,61.28287315,-18.85546130,80.13833446,30.60976331,110.74809776
0.37500000,59.77988243,-18.85546130,78.63534373,30.60976331,109.24510704
0.37500000,61.28001213,-18.85546130,80.13547343,30.60976331,110.74523674
0.37500000,53.57050896,-18.85546130,72.42597026,30.60976331,103.03573357
0.37500000,60.23955345,-18.85546130,79.09501475,30.60976331,109.70477806
0.37500000,60.34731865,-18.85546130,79.20277995,30.60976331,109.81254326
0.37500000,61.17033958,-18.85546130,80.02580089,30.60976331,110.63556419
0.37500000,58.25114250,-18.85546130,77.10660380,30.60976331,107.71636711
0.37500000,54.48889732,-18.85546130,73.34435863,30.60976331,103.95412193
0.37500000,59.53383446,-18.85546130,78.38929576,30.60976331,108.99905907
0.37500000,56.65564537,-18.85546130,75.51110667,30.60976331,106.12086998
0.37500000,60.89377403,-18.85546130,79.74923533,30.60976331,110.35899864
0.37500000,60.89854240,-18.85546130,79.75400371,30.60976331,110.36376701
0.37500000,58.95400047,-18.85546130,77.80946177,30.60976331,108.41922508
0.37500000,61.60235405,-18.85546130,80.45781535,30.60976331,111.06757866
0.37500000,57.53016472,-18.85546130,76.38562602,30.60976331,106.99538933
0.37500000,54.78453636,-18.85546130,73.63999766,30.60976331,104.24976097
0.37500000,59.22675133,-18.85546130,78.08221263,30.60976331,108.69197594
0.37500000,55.24230003,-18.85546130,74.09776134,30.60976331,104.70752464
0.37500000,61.83505058,-18.85546130,80.69051188,30.60976331,111.30027519
0.03125000,12.17350364,26.53647037,-14.36296673,28.85248847,14.48952174
0.03125000,11.97323203,26.53647037,-14.56323834,28.85248847,14.28925013
0.03125000,11.69857383,26.53647037,-14.83789654,28.85248847,14.01459193
0.03125000,11.80347800,26.53647037,-14.73299237,28.85248847,14.11949610
0.03125000,10.97473502,26.53647037,-15.56173535,28.85248847,13.29075312
0.03125000,12.11056113,26.53647037,-14.42590924,28.85248847,14.42657923
0.03125000,12.19543815,26.53647037,-14.34103222,28.85248847,14.51145624
0.03125000,11.04149222,26.53647037,-15.49497814,28.85248847,13.35751032
0.03125000,11.67473197,26.53647037,-14.86173840,28.85248847,13.99075007
0.03125000,11.59462333,26.53647037,-14.94184704,28.85248847,13.91064143
0.03125000,10.55416465,26.53647037,-15.98230572,28.85248847,12.87018275
0.03125000,12.10960746,26.53647037,-14.42686291,28.85248847,14.42562556
0.03125000,11.73481345,26.53647037,-14.80165692,28.85248847,14.05083155
0.03125000,11.80157065,26.53647037,-14.73489971,28.85248847,14.11758875
0.03125000,12.04380393,26.53647037,-14.49266644,28.85248847,14.35982203
0.03125000,11.58508658,26.53647037,-14.95138378,28.85248847,13.90110468
0.03125000,12.06859946,26.53647037,-14.46787091,28.85248847,14.38461756
0.03125000,11.07677817,26.53647037,-15.45969220,28.85248847,13.39279627
0.03125000,11.57364249,26.53647037,-14.96282788,28.85248847,13.88966059
0.03125000,11.52309775,26.53647037,-15.01337262,28.85248847,13.83911585
0.03125000,10.82405448,26.53647037,-15.71241589,28.85248847,13.14007258
0.03125000,12.10483909,26.53647037,-14.43163128,28.85248847,14.42085718
0.03125000,10.82596183,26.53647037,-15.71050854,28.85248847,13.14197993
0.03125000,11.42010093,26.53647037,-15.11636944,28.85248847,13.73611903
0.03125000,11.83208823,26.53647037,-14.70438214,28.85248847,14.14810633
0.03125000,12.15252280,26.53647037,-14.38394757,28.85248847,14.46854090
0.03125000,11.02623343,26.53647037,-15.51023693,28.85248847,13.34225153
0.03125000,11.30947471,26.53647037,-15.22699566,28.85248847,13.62549280
0.03125000,11.62704825,26.53647037,-14.90942211,28.85248847,13.94306635
0.03125000,11.84257865,26.53647037,-14.69389172,28.85248847,14.15859675
0.03125000,11.04149222,26.53647037,-15.49497814,28.85248847,13.35751032
0.03125000,12.10197806,26.53647037,-14.43449230,28.85248847,14.41799616
0.03125000,10.79735160,26.53647037,-15.73911877,28.85248847,13.11336970
0.03125000,11.65565848,26.53647037,-14.88081189,28.85248847,13.97167658
0.03125000,11.82541251,26.53647037,-14.71105786,28.85248847,14.14143061
0.03125000,11.52119040,26.53647037,-15.01527996,28.85248847,13.83720850
0.03125000,11.99898124,26.53647037,-14.53748913,28.85248847,14.31499934
0.03125000,11.49544120,26.53647037,-15.04102917,28.85248847,13.81145930
0.03125000,11.99516654,26.53647037,-14.54130383,28.85248847,14.31118464
0.03125000,11.55075431,26.53647037,-14.98571606,28.85248847,13.86677241
0.03125000,11.67759299,26.53647037,-14.85887738,28.85248847,13.99361109
0.03125000,11.89789176,26.53647037,-14.63857861,28.85248847,14.21390986
0.03125000,11.72432303,26.53647037,-14.81214733,28.85248847,14.04034113
0.03125000,12.04094291,26.53647037,-14.49552746,28.85248847,14.35696101
0.03125000,11.87023520,26.53647037,-14.66623516,28.85248847,14.18625330
0.03125000,12.04952598,26.53647037,-14.48694439,28.85248847,14.36554407
0.03125000,11.90742850,26.53647037,-14.62904187,28.85248847,14.22344660
0.03125000,12.28412986,26.53647037,-14.25234051,28.85248847,14.60014796
0.03125000,11.83018088,26.53647037,-14.70628949,28.85248847,14.14619898
0.03125000,11.66805625,26.53647037,-14.86841412,28.85248847,13.98407435
0.03125000,10.66669822,26.53647037,-15.86977215,28.85248847,12.98271632
0.40625000,55.23347855,-22.98200054,78.21547909,30.76951557,108.98499466
0.40625000,62.21532822,-22.98200054,85.19732876,30.76951557,115.96684433
0.40625000,59.50880051,-22.98200054,82.49080105,30.76951557,113.26031662
0.40625000,52.95228958,-22.98200054,75.93429013,30.76951557,106.70380569
0.40625000,56.21671677,-22.98200054,79.19871731,30.76951557,109.96823288
0.40625000,60.20689011,-22.98200054,83.18889065,30.76951557,113.95840622
0.40625000,56.64682388,-22.98200054,79.62882443,30.76951557,110.39833999
0.40625000,55.45663834,-22.98200054,78.43863888,30.76951557,109.20815445
0.40625000,55.44424057,-22.98200054,78.42624111,30.76951557,109.19575668
0.40625000,59.84830856,-22.98200054,82.83030911,30.76951557,113.59982467
0.40625000,53.88593674,-22.98200054,76.86793728,30.76951557,107.63745285
0.40625000,51.01060867,-22.98200054,73.99260922,30.76951557,104.76212478
0.40625000,60.02473831,-22.98200054,83.00673886,30.76951557,113.77625442
0.40625000,57.11793900,-22.98200054,80.09993954,30.76951557,110.86945511
0.40625000,61.23018265,-22.98200054,84.21218319,30.76951557,114.98169876
0.40625000,55.03416061,-22.98200054,78.01616116,30.76951557,108.78567672
0.40625000,57.26480484,-22.98200054,80.24680538,30.76951557,111.01632095
0.40625000,58.53796005,-22.98200054,81.51996060,30.76951557,112.28947616
0.40625000,62.17241287,-22.98200054,85.15441342,30.76951557,115.92392898
0.40625000,58.57133865,-22.98200054,81.55333920,30.76951557,112.32285476
0.40625000,56.41603470,-22.98200054,79.39803524,30.76951557,110.16755081
0.40625000,56.39886856,-22.98200054,79.38086911,30.76951557,110.15038467
0.40625000,59.95321274,-22.98200054,82.93521328,30.76951557,113.70472885
0.40625000,55.17911911,-22.98200054,78.16111965,30.76951557,108.93063522
0.40625000,55.89818954,-22.98200054,78.88019009,30.76951557,109.64970565
0.40625000,56.68687820,-22.98200054,79.66887875,30.76951557,110.43839431
0.40625000,59.98563766,-22.98200054,82.96763821,30.76951557,113.73715377
0.40625000,57.03401566,-22.98200054,80.01601620,30.76951557,110.78553177
0.40625000,60.52637100,-22.98200054,83.50837155,30.76951557,114.27788711
0.40625000,56.34164810,-22.98200054,79.32364865,30.76951557,110.09316421
0.40625000,61.34271622,-22.98200054,84.32471676,30.76951557,115.09423233
0.40625000,56.20431900,-22.98200054,79.18631954,30.76951557,109.95583511
0.40625000,57.74354935,-22.98200054,80.72554989,30.76951557,111.49506546
0.40625000,57.13319778,-22.98200054,80.11519833,30.76951557,110.88471389
0.40625000,54.53538895,-22.98200054,77.51738949,30.76951557,108.28690506
0.40625000,60.99748611,-22.98200054,83.97948666,30.76951557,114.74900222
0.40625000,54.96072769,-22.98200054,77.94272824,30.76951557,108.71224380
0.40625000,58.55798721,-22.98200054,81.53998776,30.76951557,112.30950332
0.40625000,55.16195297,-22.98200054,78.14395352,30.76951557,108.91346908
0.40625000,55.27734756,-22.98200054,78.25934811,30.76951557,109.02886367
0.40625000,57.91330338,-22.98200054,80.89530392,30.76951557,111.66481949
0.40625000,57.09123611,-22.98200054,80.07323666,30.76951557,110.84275222
0.40625000,59.14545059,-22.98200054,82.12745114,30.76951557,112.89696670
0.40625000,58.30526352,-22.98200054,81.28726406,30.76951557,112.05677963
0.40625000,57.40308762,-22.98200054,80.38508816,30.76951557,111.15460373
0.40625000,51.91755295,-22.98200054,74.89955349,30.76951557,105.66906906
0.40625000,59.92746353,-22.98200054,82.90946408,30.76951557,113.67897964
0.40625000,54.97503281,-22.98200054,77.95703335,30.76951557,108.72654892
0.40625000,54.61835861,-22.98200054,77.60035916,30.76951557,108.36987472
0.40625000,57.52229691,-22.98200054,80.50429745,30.76951557,111.27381302
0.40625000,49.87001419,-22.98200054,72.85201474,30.76951557,103.62153030
0.40625000,55.95159531,-22.98200054,78.93359585,30.76951557,109.70311142
0.40625000,62.04462051,-22.98200054,85.02662106,30.76951557,115.79613662
0.43750000,59.54861641,-27.10853979,86.65715620,30.92926782,117.58642402
0.43750000,58.33840370,-27.10853979,85.44694349,30.92926782,116.37621131
0.43750000,61.27858162,-27.10853979,88.38712141,30.92926782,119.31638923
0.43750000,48.32768440,-27.10853979,75.43622419,30.92926782,106.36549201
0.43750000,53.48515511,-27.10853979,80.59369489,30.92926782,111.52296272
0.43750000,59.62681770,-27.10853979,86.73535749,30.92926782,117.66462531
0.43750000,56.12206459,-27.10853979,83.23060438,30.92926782,114.15987220
0.43750000,53.05600166,-27.10853979,80.16454145,30.92926782,111.09380927
0.43750000,52.12330818,-27.10853979,79.23184797,30.92926782,110.16111579
0.43750000,55.29141426,-27.10853979,82.39995405,30.92926782,113.32922187
0.43750000,48.55942726,-27.10853979,75.66796705,30.92926782,106.59723487
0.43750000,59.98635292,-27.10853979,87.09489271,30.92926782,118.02416053
0.43750000,56.79059029,-27.10853979,83.89913007,30.92926782,114.82839790
0.43750000,53.69591713,-27.10853979,80.80445692,30.92926782,111.73372474
0.43750000,58.16102028,-27.10853979,85.26956007,30.92926782,116.19882789
0.43750000,54.01349068,-27.10853979,81.12203046,30.92926782,112.05129829
0.43750000,53.44986916,-27.10853979,80.55840894,30.92926782,111.48767677
0.43750000,53.80654335,-27.10853979,80.91508314,30.92926782,111.84435096
0.43750000,58.51483345,-27.10853979,85.62337324,30.92926782,116.55264106
0.43750000,52.86240578,-27.10853979,79.97094556,30.92926782,110.90021339
0.43750000,53.13992500,-27.10853979,80.24846479,30.92926782,111.17773261
0.43750000,56.05721474,-27.10853979,83.16575452,30.92926782,114.09502235
0.43750000,54.32057381,-27.10853979,81.42911359,30.92926782,112.35838142
0.43750000,53.23243141,-27.10853979,80.34097120,30.92926782,111.27023902
0.43750000,57.24740028,-27.10853979,84.35594007,30.92926782,115.28520789
0.43750000,53.50995064,-27.10853979,80.61849043,30.92926782,111.54775825
0.43750000,62.37626076,-27.10853979,89.48480054,30.92926782,120.41406837
0.43750000,51.40423775,-27.10853979,78.51277753,30.92926782,109.44204536
0.43750000,53.63488197,-27.10853979,80.74342176,30.92926782,111.67268958
0.43750000,59.06510353,-27.10853979,86.17364332,30.92926782,117.10291114
0.43750000,50.88734627,-27.10853979,77.99588606,30.92926782,108.92515388
0.43750000,52.24633217,-27.10853979,79.35487196,30.92926782,110.28413978
0.43750000,55.53555489,-27.10853979,82.64409467,30.92926782,113.57336250
0.43750000,54.00776863,-27.10853979,81.11630842,30.92926782,112.04557624
0.43750000,53.40790749,-27.10853979,80.51644727,30.92926782,111.44571510
0.43750000,55.90844154,-27.10853979,83.01698133,30.92926782,113.94624915
0.43750000,62.50882149,-27.10853979,89.61736127,30.92926782,120.54662910
0.43750000,50.42576790,-27.10853979,77.53430769,30.92926782,108.46357551
0.43750000,51.92780495,-27.10853979,79.03634473,30.92926782,109.96561256
0.43750000,55.76634407,-27.10853979,82.87488386,30.92926782,113.80415168
0.43750000,57.05285072,-27.10853979,84.16139051,30.92926782,115.09065833
0.43750000,52.37507820,-27.10853979,79.48361799,30.92926782,110.41288581
0.43750000,57.44004250,-27.10853979,84.54858228,30.92926782,115.47785011
0.43750000,53.69114876,-27.10853979,80.79968855,30.92926782,111.72895637
0.43750000,58.42423439,-27.10853979,85.53277418,30.92926782,116.46204200
0.43750000,56.25176430,-27.10853979,83.36030408,30.92926782,114.28957191
0.43750000,53.13134193,-27.10853979,80.23988172,30.92926782,111.16914955
0.43750000,53.40123177,-27.10853979,80.50977155,30.92926782,111.43903938
0.43750000,60.05311012,-27.10853979,87.16164991,30.92926782,118.09091773
0.43750000,50.10437965,-27.10853979,77.21291944,30.92926782,108.14218727
0.43750000,54.32534218,-27.10853979,81.43388197,30.92926782,112.36314979
0.43750000,54.09169197,-27.10853979,81.20023176,30.92926782,112.12949958
0.43750000,59.66114998,-27.10853979,86.76968977,30.92926782,117.69895759
0.43750000,54.15368080,-27.10853979,81.26222059,30.92926782,112.19148841
0.43750000,49.49688911,-27.10853979,76.60542890,30.92926782,107.53469673
0.46875000,47.80888557,-31.23507903,79.04396460,31.08902008,110.13298469
0.46875000,52.46186256,-31.23507903,83.69694159,31.08902008,114.78596168
0.46875000,49.70097542,-31.23507903,80.93605445,31.08902008,112.02507453
0.46875000,52.37030983,-31.23507903,83.60538886,31.08902008,114.69440894
0.46875000,50.37999153,-31.23507903,81.61507056,31.08902008,112.70409064
0.46875000,50.47917366,-31.23507903,81.71425269,31.08902008,112.80327277
0.46875000,52.56295204,-31.23507903,83.79803107,31.08902008,114.88705115
0.46875000,44.25454140,-31.23507903,75.48962043,31.08902008,106.57864051
0.46875000,59.72981453,-31.23507903,90.96489356,31.08902008,122.05391364
0.46875000,52.86240578,-31.23507903,84.09748481,31.08902008,115.18650489
0.46875000,52.22153664,-31.23507903,83.45661567,31.08902008,114.54563575
0.46875000,51.07903481,-31.23507903,82.31411384,31.08902008,113.40313392
0.46875000,51.58638954,-31.23507903,82.82146857,31.08902008,113.91048865
0.46875000,51.04374886,-31.23507903,82.27882789,31.08902008,113.36784797
0.46875000,51.37753487,-31.23507903,82.61261390,31.08902008,113.70163398
0.46875000,50.85778236,-31.23507903,82.09286139,31.08902008,113.18188148
0.46875000,50.22644997,-31.23507903,81.46152900,31.08902008,112.55054908
0.46875000,55.32097816,-31.23507903,86.55605719,31.08902008,117.64507728
0.46875000,51.97739601,-31.23507903,83.21247504,31.08902008,114.30149512
0.46875000,53.27916145,-31.23507903,84.51424048,31.08902008,115.60326057
0.46875000,54.24427986,-31.23507903,85.47935889,31.08902008,116.56837897
0.46875000,51.67984962,-31.23507903,82.91492865,31.08902008,114.00394874
0.46875000,55.76920509,-31.23507903,87.00428412,31.08902008,118.09330421
0.46875000,53.43174934,-31.23507903,84.66682837,31.08902008,115.75584846
0.46875000,48.21419716,-31.23507903,79.44927619,31.08902008,110.53829627
0.46875000,43.94268990,-31.23507903,75.17776893,31.08902008,106.26678901
0.46875000,47.26529121,-31.23507903,78.50037024,31.08902008,109.58939033
0.46875000,52.56485939,-31.23507903,83.79993842,31.08902008,114.88895850
0.46875000,54.88038063,-31.23507903,86.11545966,31.08902008,117.20447974
0.46875000,51.54728889,-31.23507903,82.78236792,31.08902008,113.87138801
0.46875000,53.44223976,-31.23507903,84.67731879,31.08902008,115.76633887
0.46875000,48.51746559,-31.23507903,79.75254462,31.08902008,110.84156470
0.46875000,55.20272255,-31.23507903,86.43780158,31.08902008,117.52682166
0.46875000,56.54358864,-31.23507903,87.77866767,31.08902008,118.86768775
0.46875000,49.60560799,-31.23507903,80.84068702,31.08902008,111.92970710
0.46875000,51.97644234,-31.23507903,83.21152137,31.08902008,114.30054145
0.46875000,51.34224892,-31.23507903,82.57732795,31.08902008,113.66634803
0.46875000,49.50547218,-31.23507903,80.74055121,31.08902008,111.82957130
0.46875000,56.45394325,-31.23507903,87.68902228,31.08902008,118.77804236
0.46875000,58.29548836,-31.23507903,89.53056739,31.08902008,120.61958747
0.46875000,55.98855019,-31.23507903,87.22362922,31.08902008,118.31264930
0.46875000,55.48501015,-31.23507903,86.72008918,31.08902008,117.80910926
0.46875000,52.02126503,-31.23507903,83.25634406,31.08902008,114.34536414
0.46875000,53.25341225,-31.23507903,84.48849128,31.08902008,115.57751136
0.46875000,56.86783791,-31.23507903,88.10291694,31.08902008,119.19193702
0.46875000,49.05533791,-31.23507903,80.29041694,31.08902008,111.37943702
0.46875000,46.48995399,-31.23507903,77.72503303,31.08902008,108.81405311
0.46875000,53.16662788,-31.23507903,84.40170691,31.08902008,115.49072700
0.46875000,51.20205879,-31.23507903,82.43713782,31.08902008,113.52615790
0.46875000,50.02808571,-31.23507903,81.26316474,31.08902008,112.35218482
0.46875000,52.36744881,-31.23507903,83.60252784,31.08902008,114.69154792
0.46875000,49.71337318,-31.23507903,80.94845221,31.08902008,112.03747230
0.46875000,52.32071877,-31.23507903,83.55579780,31.08902008,114.64481788
0.46875000,50.08149147,-31.23507903,81.31657050,31.08902008,112.40559058
0.46875000,50.07672310,-31.23507903,81.31180213,31.08902008,112.40082221
0.46875000,49.75438118,-31.23507903,80.98946021,31.08902008,112.07848029
0.46875000,54.65531349,-31.23507903,85.89039252,31.08902008,116.97941260
0.46875000,55.23133278,-31.23507903,86.46641181,31.08902008,117.55543189
0.46875000,47.37877846,-31.23507903,78.61385749,31.08902008,109.70287757
0.46875000,57.87301064,-31.23507903,89.10808967,31.08902008,120.19710975
0.50000000,50.16183853,-35.36161827,85.52345680,31.24877234,116.77222914
0.50000000,44.61812973,-35.36161827,79.97974800,31.24877234,111.22852034
0.50000000,42.21296310,-35.36161827,77.57458138,31.24877234,108.82335372
0.50000000,43.30778122,-35.36161827,78.66939949,31.24877234,109.91817183
0.50000000,48.71892929,-35.36161827,84.08054756,31.24877234,115.32931990
0.50000000,46.00954056,-35.36161827,81.37115883,31.24877234,112.61993117
0.50000000,46.23746872,-35.36161827,81.59908699,31.24877234,112.84785933
0.50000000,43.03789139,-35.36161827,78.39950966,31.24877234,109.64828200
0.50000000,49.30162430,-35.36161827,84.66324257,31.24877234,115.91201491
0.50000000,46.70667648,-35.36161827,82.06829476,31.24877234,113.31706710
0.50000000,47.35994339,-35.36161827,82.72156166,31.24877234,113.97033400
0.50000000,42.99783707,-35.36161827,78.35945534,31.24877234,109.60822768
0.50000000,44.73829269,-35.36161827,80.09991097,31.24877234,111.34868331
0.50000000,48.86770248,-35.36161827,84.22932076,31.24877234,115.47809310
0.50000000,46.18501663,-35.36161827,81.54663491,31.24877234,112.79540725
0.50000000,41.82767868,-35.36161827,77.18929695,31.24877234,108.43806929
0.50000000,52.76250839,-35.36161827,88.12412667,31.24877234,119.37289901
0.50000000,52.26182938,-35.36161827,87.62344765,31.24877234,118.87221999
0.50000000,49.26347733,-35.36161827,84.62509560,31.24877234,115.87386794
0.50000000,45.30000687,-35.36161827,80.66162514,31.24877234,111.91039748
0.50000000,48.31933975,-35.36161827,83.68095803,31.24877234,114.92973037
0.50000000,46.70763016,-35.36161827,82.06924843,31.24877234,113.31802077
0.50000000,52.03104019,-35.36161827,87.39265846,31.24877234,118.64143080
0.50000000,48.41375351,-35.36161827,83.77537178,31.24877234,115.02414412
0.50000000,49.32260513,-35.36161827,84.68422341,31.24877234,115.93299575
0.50000000,51.33390427,-35.36161827,86.69552254,31.24877234,117.94429488
0.50000000,46.54550552,-35.36161827,81.90712380,31.24877234,113.15589614
0.50000000,47.93691635,-35.36161827,83.29853462,31.24877234,114.54730696
0.50000000,46.59795761,-35.36161827,81.95957588,31.24877234,113.20834822
0.50000000,49.33786392,-35.36161827,84.69948220,31.24877234,115.94825454
0.50000000,53.91931534,-35.36161827,89.28093361,31.24877234,120.52970595
0.50000000,53.63416672,-35.36161827,88.99578499,31.24877234,120.24455733
0.50000000,50.12655258,-35.36161827,85.48817085,31.24877234,116.73694319
0.50000000,46.24414444,-35.36161827,81.60576271,31.24877234,112.85453505
0.50000000,49.02982712,-35.36161827,84.39144539,31.24877234,115.64021773
0.50000000,43.92862320,-35.36161827,79.29024147,31.24877234,110.53901381
0.50000000,49.64590073,-35.36161827,85.00751900,31.24877234,116.25629134
0.50000000,47.78814316,-35.36161827,83.14976143,31.24877234,114.39853377
0.50000000,47.12438583,-35.36161827,82.48600411,31.24877234,113.73477645
0.50000000,44.37208176,-35.36161827,79.73370003,31.24877234,110.98247237
0.50000000,46.63228989,-35.36161827,81.99390816,31.24877234,113.24268050
0.50000000,47.57356644,-35.36161827,82.93518471,31.24877234,114.18395705
0.50000000,45.85695267,-35.36161827,81.21857094,31.24877234,112.46734328
0.50000000,47.82438278,-35.36161827,83.18600106,31.24877234,114.43477340
0.50000000,48.76661301,-35.36161827,84.12823128,31.24877234,115.37700362
0.50000000,43.49088669,-35.36161827,78.85250496,31.24877234,110.10127730
0.50000000,45.75872421,-35.36161827,81.12034249,31.24877234,112.36911483
0.50000000,49.85189438,-35.36161827,85.21351265,31.24877234,116.46228499
0.50000000,48.95639420,-35.36161827,84.31801247,31.24877234,115.56678481
0.50000000,36.62633896,-35.36161827,71.98795723,31.24877234,103.23672957
0.50000000,44.27099228,-35.36161827,79.63261055,31.24877234,110.88138289
0.50000000,45.02344131,-35.36161827,80.38505959,31.24877234,111.63383193
0.50000000,46.66662216,-35.36161827,82.02824043,31.24877234,113.27701278
0.50000000,45.80163956,-35.36161827,81.16325783,31.24877234,112.41203017
0.50000000,51.74112320,-35.36161827,87.10274147,31.24877234,118.35151381
0.50000000,49.17287827,-35.36161827,84.53449654,31.24877234,115.78326888
0.50000000,46.21076584,-35.36161827,81.57238411,31.24877234,112.82115645
0.50000000,48.61211777,-35.36161827,83.97373604,31.24877234,115.22250838
0.53125000,47.58596420,-39.48815752,87.07412172,31.40852460,118.48264632
0.53125000,38.19608688,-39.48815752,77.68424440,31.40852460,109.09276900
0.53125000,45.69101334,-39.48815752,85.17917085,31.40852460,116.58769545
0.53125000,46.30899429,-39.48815752,85.79715181,31.40852460,117.20567641
0.53125000,43.22862625,-39.48815752,82.71678377,31.40852460,114.12530837
0.53125000,45.20559311,-39.48815752,84.69375062,31.40852460,116.10227522
0.53125000,42.38557816,-39.48815752,81.87373567,31.40852460,113.28226027
0.53125000,42.88434982,-39.48815752,82.37250734,31.40852460,113.78103194
0.53125000,43.46513748,-39.48815752,82.95329500,31.40852460,114.36181960
0.53125000,41.49675369,-39.48815752,80.98491121,31.40852460,112.39343581
0.53125000,42.19770432,-39.48815752,81.68586183,31.40852460,113.09438643
0.53125000,44.18706894,-39.48815752,83.67522646,31.40852460,115.08375105
0.53125000,44.01350021,-39.48815752,83.50165773,31.40852460,114.91018233
0.53125000,45.61567307,-39.48815752,85.10383058,31.40852460,116.51235518
0.53125000,43.85805130,-39.48815752,83.34620882,31.40852460,114.75473341
0.53125000,44.68393326,-39.48815752,84.17209077,31.40852460,115.58061537
0.53125000,43.44224930,-39.48815752,82.93040681,31.40852460,114.33893141
0.53125000,46.26893997,-39.48815752,85.75709749,31.40852460,117.16562209
0.53125000,40.76337814,-39.48815752,80.25153566,31.40852460,111.66006026
0.53125000,45.37725449,-39.48815752,84.86541200,31.40852460,116.27393660
0.53125000,41.95165634,-39.48815752,81.43981386,31.40852460,112.84833846
0.53125000,39.71242905,-39.48815752,79.20058656,31.40852460,110.60911116
0.53125000,41.13245010,-39.48815752,80.62060762,31.40852460,112.02913222
0.53125000,43.93243790,-39.48815752,83.42059541,31.40852460,114.82912001
0.53125000,39.16215897,-39.48815752,78.65031648,31.40852460,110.05884108
0.53125000,45.91321945,-39.48815752,85.40137697,31.40852460,116.80990157
0.53125000,41.96310043,-39.48815752,81.45125795,31.40852460,112.85978255
0.53125000,39.17455673,-39.48815752,78.66271425,31.40852460,110.07123885
0.53125000,41.27073288,-39.48815752,80.75889040,31.40852460,112.16741499
0.53125000,43.09320450,-39.48815752,82.58136201,31.40852460,113.98988661
0.53125000,40.11011124,-39.48815752,79.59826875,31.40852460,111.00679335
0.53125000,35.53819656,-39.48815752,75.02635408,31.40852460,106.43487868
0.53125000,39.14499283,-39.48815752,78.63315034,31.40852460,110.04167494
0.53125000,40.14825821,-39.48815752,79.63641573,31.40852460,111.04494032
0.53125000,45.33720016,-39.48815752,84.82535768,31.40852460,116.23388228
0.53125000,42.20819473,-39.48815752,81.69635225,31.40852460,113.10487685
0.53125000,44.76976395,-39.48815752,84.25792146,31.40852460,115.66644606
0.53125000,44.13366318,-39.48815752,83.62182069,31.40852460,115.03034529
0.53125000,37.88518906,-39.48815752,77.37334657,31.40852460,108.78187117
0.53125000,46.16308212,-39.48815752,85.65123964,31.40852460,117.05976424
0.53125000,41.41378403,-39.48815752,80.90194154,31.40852460,112.31046614
0.53125000,44.74592209,-39.48815752,84.23407960,31.40852460,115.64260420
0.53125000,39.12019730,-39.48815752,78.60835481,31.40852460,110.01687941
0.53125000,40.62700272,-39.48815752,80.11516023,31.40852460,111.52368483
0.53125000,41.52917862,-39.48815752,81.01733614,31.40852460,112.42586073
0.53125000,40.82727432,-39.48815752,80.31543184,31.40852460,111.72395644
0.53125000,43.05028915,-39.48815752,82.53844667,31.40852460,113.94697127
0.53125000,36.28873825,-39.48815752,75.77689577,31.40852460,107.18542036
0.53125000,41.37182236,-39.48815752,80.85997987,31.40852460,112.26850447
0.53125000,46.73528671,-39.48815752,86.22344423,31.40852460,117.63196883
0.53125000,42.49238968,-39.48815752,81.98054719,31.40852460,113.38907179
0.53125000,41.32795334,-39.48815752,80.81611085,31.40852460,112.22463545
0.53125000,41.36323929,-39.48815752,80.85139680,31.40852460,112.25992140
0.53125000,50.99058151,-39.48815752,90.47873903,31.40852460,121.88726363
0.53125000,47.88064957,-39.48815752,87.36880708,31.40852460,118.77733168
0.56250000,39.98804092,-43.61469676,83.60273768,31.56827686,115.17101454
0.56250000,36.89146042,-43.61469676,80.50615718,31.56827686,112.07443403
0.56250000,38.59186172,-43.61469676,82.20655848,31.56827686,113.77483534
0.56250000,35.88628769,-43.61469676,79.50098445,31.56827686,111.06926130
0.56250000,37.13560104,-43.61469676,80.75029780,31.56827686,112.31857466
0.56250000,32.34815598,-43.61469676,75.96285273,31.56827686,107.53112959
0.56250000,39.96038437,-43.61469676,83.57508113,31.56827686,115.14335798
0.56250000,39.69049454,-43.61469676,83.30519130,31.56827686,114.87346815
0.56250000,40.05861282,-43.61469676,83.67330958,31.56827686,115.24158644
0.56250000,37.52279282,-43.61469676,81.13748957,31.56827686,112.70576643
0.56250000,37.83369064,-43.61469676,81.44838740,31.56827686,113.01666426
0.56250000,39.30711746,-43.61469676,82.92181422,31.56827686,114.49009108
0.56250000,40.07959366,-43.61469676,83.69429042,31.56827686,115.26256727
0.56250000,37.00876236,-43.61469676,80.62345912,31.56827686,112.19173597
0.56250000,41.42904282,-43.61469676,85.04373957,31.56827686,116.61201643
0.56250000,34.97171402,-43.61469676,78.58641078,31.56827686,110.15468763
0.56250000,34.32321548,-43.61469676,77.93791224,31.56827686,109.50618910
0.56250000,34.56258774,-43.61469676,78.17728450,31.56827686,109.74556135
0.56250000,37.10889816,-43.61469676,80.72359492,31.56827686,112.29187178
0.56250000,39.92986679,-43.61469676,83.54456355,31.56827686,115.11284041
0.56250000,44.37685013,-43.61469676,87.99154689,31.56827686,119.55982374
0.56250000,37.97292709,-43.61469676,81.58762385,31.56827686,113.15590071
0.56250000,41.34321213,-43.61469676,84.95790889,31.56827686,116.52618574
0.56250000,37.06884384,-43.61469676,80.68354060,31.56827686,112.25181746
0.56250000,36.74650192,-43.61469676,80.36119868,31.56827686,111.92947554
0.56250000,33.24365616,-43.61469676,76.85835292,31.56827686,108.42662977
0.56250000,35.35413742,-43.61469676,78.96883418,31.56827686,110.53711104
0.56250000,34.47198868,-43.61469676,78.08668544,31.56827686,109.65496229
0.56250000,41.51582718,-43.61469676,85.13052394,31.56827686,116.69880079
0.56250000,39.98994827,-43.61469676,83.60464503,31.56827686,115.17292189
0.56250000,38.30003738,-43.61469676,81.91473414,31.56827686,113.48301100
0.56250000,37.77170181,-43.61469676,81.38639857,31.56827686,112.95467543
0.56250000,33.45918655,-43.61469676,77.07388331,31.56827686,108.64216017
0.56250000,39.79539871,-43.61469676,83.41009547,31.56827686,114.97837233
0.56250000,38.54990005,-43.61469676,82.16459681,31.56827686,113.73287367
0.56250000,37.67633438,-43.61469676,81.29103114,31.56827686,112.85930800
0.56250000,34.42430496,-43.61469676,78.03900172,31.56827686,109.60727858
0.56250000,39.45016861,-43.61469676,83.06486537,31.56827686,114.63314222
0.56250000,41.65124893,-43.61469676,85.26594569,31.56827686,116.83422255
0.56250000,36.77320480,-43.61469676,80.38790156,31.56827686,111.95617842
0.56250000,38.21611404,-43.61469676,81.83081080,31.56827686,113.39908766
0.56250000,33.88166428,-43.61469676,77.49636103,31.56827686,109.06463789
0.56250000,36.78083420,-43.61469676,80.39553096,31.56827686,111.96380781
0.56250000,41.69607162,-43.61469676,85.31076838,31.56827686,116.87904524
0.56250000,38.31148148,-43.61469676,81.92617823,31.56827686,113.49445509
0.56250000,33.71000290,-43.61469676,77.32469966,31.56827686,108.89297651
0.56250000,36.97824478,-43.61469676,80.59294154,31.56827686,112.16121840
0.56250000,36.51571274,-43.61469676,80.13040950,31.56827686,111.69868635
0.56250000,43.86186600,-43.61469676,87.47656276,31.56827686,119.04483961
0.56250000,37.66489029,-43.61469676,81.27958705,31.56827686,112.84786390
0.56250000,37.07647324,-43.61469676,80.69116999,31.56827686,112.25944685
0.56250000,34.99269485,-43.61469676,78.60739161,31.56827686,110.17566847
0.56250000,39.61420059,-43.61469676,83.22889735,31.56827686,114.79717421
0.56250000,41.38708115,-43.61469676,85.00177790,31.56827686,116.57005476
0.56250000,32.72294998,-43.61469676,76.33764674,31.56827686,107.90592360
0.56250000,38.36393356,-43.61469676,81.97863032,31.56827686,113.54690718
0.56250000,40.21024704,-43.61469676,83.82494380,31.56827686,115.39322065
0.56250000,35.16912460,-43.61469676,78.78382136,31.56827686,110.35209822
0.59375000,32.06253052,-47.74123600,79.80376652,31.72802911,111.53179563
0.59375000,37.36686707,-47.74123600,85.10810307,31.72802911,116.83613218
0.59375000,26.79920197,-47.74123600,74.54043797,31.72802911,106.26846708
0.59375000,26.12590790,-47.74123600,73.86714390,31.72802911,105.59517301
0.59375000,30.14564514,-47.74123600,77.88688114,31.72802911,109.61491026
0.59375000,34.09862518,-47.74123600,81.83986118,31.72802911,113.56789030
0.59375000,29.44850922,-47.74123600,77.18974522,31.72802911,108.91777433
0.59375000,27.32086182,-47.74123600,75.06209782,31.72802911,106.79012693
0.59375000,28.96404266,-47.74123600,76.70527866,31.72802911,108.43330778
0.59375000,31.67629242,-47.74123600,79.41752842,31.72802911,111.14555754
0.59375000,28.50151062,-47.74123600,76.24274662,31.72802911,107.97077574
0.59375000,30.73120117,-47.74123600,78.47243717,31.72802911,110.20046629
0.59375000,29.84523773,-47.74123600,77.58647373,31.72802911,109.31450285
0.59375000,30.61103821,-47.74123600,78.35227421,31.72802911,110.08030332
0.59375000,31.68582916,-47.74123600,79.42706516,31.72802911,111.15509428
0.59375000,35.84384918,-47.74123600,83.58508518,31.72802911,115.31311430
0.59375000,36.76128387,-47.74123600,84.50251988,31.72802911,116.23054899
0.59375000,33.17832947,-47.74123600,80.91956547,31.72802911,112.64759458
0.59375000,29.66594696,-47.74123600,77.40718296,31.72802911,109.13521208
0.59375000,31.21852875,-47.74123600,78.95976475,31.72802911,110.68779386
0.59375000,30.18474579,-47.74123600,77.92598179,31.72802911,109.65401090
0.59375000,28.47671509,-47.74123600,76.21795109,31.72802911,107.94598020
0.59375000,31.06975555,-47.74123600,78.81099156,31.72802911,110.53902067
0.59375000,33.59508514,-47.74123600,81.33632115,31.72802911,113.06435026
0.59375000,35.57300568,-47.74123600,83.31424168,31.72802911,115.04227079
0.59375000,31.23664856,-47.74123600,78.97788456,31.72802911,110.70591368
0.59375000,31.14604950,-47.74123600,78.88728550,31.72802911,110.61531462
0.59375000,32.10926056,-47.74123600,79.85049656,31.72802911,111.57852568
0.59375000,30.68161011,-47.74123600,78.42284611,31.72802911,110.15087522
0.59375000,32.48977661,-47.74123600,80.23101261,31.72802911,111.95904173
0.59375000,34.45529938,-47.74123600,82.19653538,31.72802911,113.92456449
0.59375000,29.25968170,-47.74123600,77.00091770,31.72802911,108.72894682
0.59375000,33.81919861,-47.74123600,81.56043461,31.72802911,113.28846372
0.59375000,32.93704987,-47.74123600,80.67828587,31.72802911,112.40631498
0.59375000,34.69467163,-47.74123600,82.43590763,31.72802911,114.16393675
0.59375000,31.38637543,-47.74123600,79.12761143,31.72802911,110.85564054
0.59375000,31.53896332,-47.74123600,79.28019932,31.72802911,111.00822843
0.59375000,32.50122070,-47.74123600,80.24245670,31.72802911,111.97048582
0.59375000,26.06868744,-47.74123600,73.80992344,31.72802911,105.53795256
0.59375000,35.29644012,-47.74123600,83.03767613,31.72802911,114.76570524
0.59375000,13.18645477,-47.74123600,60.92769077,31.72802911,92.65571989
0.59375000,10.19287109,-47.74123600,57.93410710,31.72802911,89.66213621
0.59375000,8.82816315,-47.74123600,56.56939915,31.72802911,88.29742826
0.59375000,30.90190887,-47.74123600,78.64314488,31.72802911,110.37117399
0.59375000,32.44018555,-47.74123600,80.18142155,31.72802911,111.90945066
0.59375000,26.21650696,-47.74123600,73.95774296,31.72802911,105.68577207
0.59375000,30.38215637,-47.74123600,78.12339237,31.72802911,109.85142149
0.59375000,30.51757812,-47.74123600,78.25881413,31.72802911,109.98684324
0.59375000,31.45980835,-47.74123600,79.20104435,31.72802911,110.92907347
0.59375000,33.11824799,-47.74123600,80.85948399,31.72802911,112.58751310
0.59375000,27.01473236,-47.74123600,74.75596836,31.72802911,106.48399748
0.59375000,28.96022797,-47.74123600,76.70146397,31.72802911,108.42949308
0.59375000,28.45859528,-47.74123600,76.19983128,31.72802911,107.92786039
0.59375000,31.64005280,-47.74123600,79.38128880,31.72802911,111.10931791
0.59375000,28.81145477,-47.74123600,76.55269077,31.72802911,108.28071989
0.59375000,33.60366821,-47.74123600,81.34490421,31.72802911,113.07293333
0.59375000,32.79876709,-47.74123600,80.54000309,31.72802911,112.26803221
0.59375000,34.07287598,-47.74123600,81.81411198,31.72802911,113.54214109
0.62500000,25.62236786,-51.86777524,77.49014310,31.88778137,109.37792448
0.62500000,26.26037598,-51.86777524,78.12815122,31.88778137,110.01593259
0.62500000,24.20234680,-51.86777524,76.07012205,31.88778137,107.95790342
0.62500000,21.28314972,-51.86777524,73.15092496,31.88778137,105.03870634
0.62500000,25.00438690,-51.86777524,76.87216215,31.88778137,108.75994352
0.62500000,22.24731445,-51.86777524,74.11508970,31.88778137,106.00287107
0.62500000,19.10877228,-51.86777524,70.97654752,31.88778137,102.86432890
0.62500000,23.62918854,-51.86777524,75.49696378,31.88778137,107.38474515
0.62500000,25.27713776,-51.86777524,77.14491300,31.88778137,109.03269437
0.62500000,24.64866638,-51.86777524,76.51644163,31.88778137,108.40422300
0.62500000,26.45683289,-51.86777524,78.32460813,31.88778137,110.21238950
0.62500000,23.03028107,-51.86777524,74.89805631,31.88778137,106.78583768
0.62500000,27.28176117,-51.86777524,79.14953641,31.88778137,111.03731779
0.62500000,25.29811859,-51.86777524,77.16589384,31.88778137,109.05367521
0.62500000,26.28803253,-51.86777524,78.15580778,31.88778137,110.04358915
0.62500000,25.11405945,-51.86777524,76.98183469,31.88778137,108.86961607
0.62500000,25.22182465,-51.86777524,77.08959989,31.88778137,108.97738126
0.62500000,19.47498322,-51.86777524,71.34275846,31.88778137,103.23053983
0.62500000,29.15287018,-51.86777524,81.02064542,31.88778137,112.90842680
0.62500000,19.44637299,-51.86777524,71.31414823,31.88778137,103.20192960
0.62500000,23.42414856,-51.86777524,75.29192380,31.88778137,107.17970518
0.62500000,22.83287048,-51.86777524,74.70064573,31.88778137,106.58842710
0.62500000,21.41284943,-51.86777524,73.28062467,31.88778137,105.16840604
0.62500000,26.44634247,-51.86777524,78.31411771,31.88778137,110.20189909
0.62500000,22.90058136,-51.86777524,74.76835660,31.88778137,106.65613798
0.62500000,22.35126495,-51.86777524,74.21904020,31.88778137,106.10682157
0.62500000,25.12454987,-51.86777524,76.99232511,31.88778137,108.88010648
0.62500000,24.34253693,-51.86777524,76.21031217,31.88778137,108.09809354
0.62500000,24.31774139,-51.86777524,76.18551664,31.88778137,108.07329801
0.62500000,24.07360077,-51.86777524,75.94137601,31.88778137,107.82915739
0.62500000,28.90300751,-51.86777524,80.77078275,31.88778137,112.65856412
0.62500000,22.81856537,-51.86777524,74.68634061,31.88778137,106.57412199
0.62500000,24.76978302,-51.86777524,76.63755826,31.88778137,108.52533964
0.62500000,24.15370941,-51.86777524,76.02148466,31.88778137,107.90926603
0.62500000,26.12304688,-51.86777524,77.99082212,31.88778137,109.87860349
0.62500000,23.20671082,-51.86777524,75.07448606,31.88778137,106.96226743
0.62500000,32.13882446,-51.86777524,84.00659971,31.88778137,115.89438108
0.62500000,21.92878723,-51.86777524,73.79656248,31.88778137,105.68434385
0.62500000,25.90560913,-51.86777524,77.77338438,31.88778137,109.66116575
0.62500000,22.70793915,-51.86777524,74.57571439,31.88778137,106.46349577
0.62500000,26.23748779,-51.86777524,78.10526304,31.88778137,109.99304441
0.62500000,23.16093445,-51.86777524,75.02870969,31.88778137,106.91649107
0.62500000,27.45056152,-51.86777524,79.31833677,31.88778137,111.20611814
0.62500000,27.13394165,-51.86777524,79.00171689,31.88778137,110.88949827
0.62500000,30.87329865,-51.86777524,82.74107389,31.88778137,114.62885526
0.62500000,26.81350708,-51.86777524,78.68128232,31.88778137,110.56906370
0.62500000,23.84662628,-51.86777524,75.71440153,31.88778137,107.60218290
0.62500000,29.17575836,-51.86777524,81.04353361,31.88778137,112.93131498
0.62500000,20.12538910,-51.86777524,71.99316434,31.88778137,103.88094572
0.62500000,25.39062500,-51.86777524,77.25840024,31.88778137,109.14618162
0.62500000,20.38860321,-51.86777524,72.25637845,31.88778137,104.14415983
0.62500000,22.47238159,-51.86777524,74.34015684,31.88778137,106.22793821
0.62500000,20.71571350,-51.86777524,72.58348875,31.88778137,104.47127012
0.62500000,24.97673035,-51.86777524,76.84450559,31.88778137,108.73228696
0.65625000,20.14827728,-55.99431449,76.14259177,32.04753363,108.19012540
0.65625000,17.67349243,-55.99431449,73.66780692,32.04753363,105.71534055
0.65625000,16.06369019,-55.99431449,72.05800467,32.04753363,104.10553830
0.65625000,19.74582672,-55.99431449,75.74014121,32.04753363,107.78767484
0.65625000,16.10660553,-55.99431449,72.10092002,32.04753363,104.14845365
0.65625000,19.58465576,-55.99431449,75.57897025,32.04753363,107.62650388
0.65625000,16.80088043,-55.99431449,72.79519492,32.04753363,104.84272855
0.65625000,17.19188690,-55.99431449,73.18620139,32.04753363,105.23373502
0.65625000,15.87677002,-55.99431449,71.87108451,32.04753363,103.91861814
0.65625000,19.49596405,-55.99431449,75.49027854,32.04753363,107.53781217
0.65625000,18.12934875,-55.99431449,74.12366324,32.04753363,106.17119687
0.65625000,17.65346527,-55.99431449,73.64777976,32.04753363,105.69531339
0.65625000,16.97349548,-55.99431449,72.96780997,32.04753363,105.01534360
0.65625000,14.99080658,-55.99431449,70.98512107,32.04753363,103.03265470
0.65625000,17.09556580,-55.99431449,73.08988028,32.04753363,105.13741391
0.65625000,16.03126526,-55.99431449,72.02557975,32.04753363,104.07311338
0.65625000,16.39080048,-55.99431449,72.38511496,32.04753363,104.43264859
0.65625000,15.65265656,-55.99431449,71.64697104,32.04753363,103.69450467
0.65625000,15.11955261,-55.99431449,71.11386710,32.04753363,103.16140073
0.65625000,11.89613342,-55.99431449,67.89044791,32.04753363,99.93798154
0.65625000,18.86653900,-55.99431449,74.86085349,32.04753363,106.90838712
0.65625000,16.86763763,-55.99431449,72.86195212,32.04753363,104.90948575
0.65625000,16.11614227,-55.99431449,72.11045676,32.04753363,104.15799039
0.65625000,16.48426056,-55.99431449,72.47857505,32.04753363,104.52610868
0.65625000,14.74285126,-55.99431449,70.73716574,32.04753363,102.78469938
0.65625000,16.78943634,-55.99431449,72.78375083,32.04753363,104.83128446
0.65625000,15.22636414,-55.99431449,71.22067862,32.04753363,103.26821225
0.65625000,15.46478271,-55.99431449,71.45909720,32.04753363,103.50663083
0.65625000,19.69337463,-55.99431449,75.68768912,32.04753363,107.73522275
0.65625000,14.67132568,-55.99431449,70.66564017,32.04753363,102.71317380
0.65625000,18.69678497,-55.99431449,74.69109946,32.04753363,106.73863309
0.65625000,17.02976227,-55.99431449,73.02407676,32.04753363,105.07161039
0.65625000,16.75510406,-55.99431449,72.74941855,32.04753363,104.79695218
0.65625000,15.57064056,-55.99431449,71.56495505,32.04753363,103.61248868
0.65625000,14.95456696,-55.99431449,70.94888144,32.04753363,102.99641507
0.65625000,17.04597473,-55.99431449,73.04028922,32.04753363,105.08782285
0.65625000,9.11426544,-55.99431449,65.10857993,32.04753363,97.15611356
0.65625000,23.20194244,-55.99431449,79.19625693,32.04753363,111.24379056
0.65625000,17.06790924,-55.99431449,73.06222373,32.04753363,105.10975736
0.65625000,18.31340790,-55.99431449,74.30772238,32.04753363,106.35525602
0.65625000,17.59529114,-55.99431449,73.58960562,32.04753363,105.63713926
0.65625000,17.49992371,-55.99431449,73.49423819,32.04753363,105.54177182
0.65625000,18.53466034,-55.99431449,74.52897483,32.04753363,106.57650846
0.65625000,17.10510254,-55.99431449,73.09941703,32.04753363,105.14695066
0.65625000,18.42021942,-55.99431449,74.41453391,32.04753363,106.46206754
0.65625000,19.61135864,-55.99431449,75.60567313,32.04753363,107.65320676
0.65625000,19.46258545,-55.99431449,75.45689994,32.04753363,107.50443357
0.65625000,17.11273193,-55.99431449,73.10704642,32.04753363,105.15458005
0.65625000,13.97418976,-55.99431449,69.96850425,32.04753363,102.01603788
0.65625000,12.63046265,-55.99431449,68.62477713,32.04753363,100.67231076
0.65625000,15.41996002,-55.99431449,71.41427451,32.04753363,103.46180814
0.68750000,6.72006607,-60.12085373,66.84091980,32.20728589,99.04820569
0.68750000,8.97836685,-60.12085373,69.09922058,32.20728589,101.30650647
0.68750000,9.35125351,-60.12085373,69.47210724,32.20728589,101.67939313
0.68750000,11.13843918,-60.12085373,71.25929291,32.20728589,103.46657880
0.68750000,8.31747055,-60.12085373,68.43832428,32.20728589,100.64561017
0.68750000,9.08899307,-60.12085373,69.20984680,32.20728589,101.41713269
0.68750000,11.34538651,-60.12085373,71.46624023,32.20728589,103.67352612
0.68750000,11.73830032,-60.12085373,71.85915405,32.20728589,104.06643994
0.68750000,8.81814957,-60.12085373,68.93900330,32.20728589,101.14628919
0.68750000,10.87903976,-60.12085373,70.99989349,32.20728589,103.20717938
0.68750000,11.66963577,-60.12085373,71.79048950,32.20728589,103.99777539
0.68750000,11.92235947,-60.12085373,72.04321320,32.20728589,104.25049909
0.68750000,6.88505173,-60.12085373,67.00590546,32.20728589,99.21319135
0.68750000,13.10873032,-60.12085373,73.22958405,32.20728589,105.43686994
0.68750000,6.95180893,-60.12085373,67.07266266,32.20728589,99.27994855
0.68750000,6.89554214,-60.12085373,67.01639587,32.20728589,99.22368176
0.68750000,11.15465164,-60.12085373,71.27550537,32.20728589,103.48279126
0.68750000,11.73448563,-60.12085373,71.85533936,32.20728589,104.06262525
0.68750000,6.64567947,-60.12085373,66.76653320,32.20728589,98.97381909
0.68750000,10.93721390,-60.12085373,71.05806763,32.20728589,103.26535352
0.68750000,9.44948196,-60.12085373,69.57033569,32.20728589,101.77762158
0.68750000,13.68093491,-60.12085373,73.80178864,32.20728589,106.00907453
0.68750000,9.08041000,-60.12085373,69.20126373,32.20728589,101.40854962
0.68750000,7.95984268,-60.12085373,68.08069641,32.20728589,100.28798230
0.68750000,10.86568832,-60.12085373,70.98654205,32.20728589,103.19382794
0.68750000,9.96923447,-60.12085373,70.09008820,32.20728589,102.29737409
0.68750000,12.62617111,-60.12085373,72.74702484,32.20728589,104.95431073
0.68750000,8.92019272,-60.12085373,69.04104645,32.20728589,101.24833234
0.68750000,7.26938248,-60.12085373,67.39023621,32.20728589,99.59752210
0.68750000,12.59374619,-60.12085373,72.71459992,32.20728589,104.92188580
0.68750000,13.01527023,-60.12085373,73.13612396,32.20728589,105.34340985
0.68750000,12.75682449,-60.12085373,72.87767822,32.20728589,105.08496411
0.68750000,7.74049759,-60.12085373,67.86135132,32.20728589,100.06863721
0.68750000,9.77373123,-60.12085373,69.89458496,32.20728589,102.10187085
0.68750000,8.65602493,-60.12085373,68.77687866,32.20728589,100.98416455
0.68750000,7.94076920,-60.12085373,68.06162293,32.20728589,100.26890881
0.68750000,8.31556320,-60.12085373,68.43641693,32.20728589,100.64370282
0.68750000,11.80410385,-60.12085373,71.92495758,32.20728589,104.13224347
0.68750000,12.70914078,-60.12085373,72.82999451,32.20728589,105.03728040
0.68750000,7.15303421,-60.12085373,67.27388794,32.20728589,99.48117383
0.68750000,10.04266739,-60.12085373,70.16352112,32.20728589,102.37080701
0.68750000,14.13869858,-60.12085373,74.25955231,32.20728589,106.46683820
0.68750000,8.54825974,-60.12085373,68.66911346,32.20728589,100.87639935
0.68750000,13.80681992,-60.12085373,73.92767365,32.20728589,106.13495953
0.68750000,3.91721725,-60.12085373,64.03807098,32.20728589,96.24535687
0.68750000,7.24649429,-60.12085373,67.36734802,32.20728589,99.57463391
0.68750000,7.38000870,-60.12085373,67.50086243,32.20728589,99.70814832
0.68750000,10.77890396,-60.12085373,70.89975769,32.20728589,103.10704358
0.68750000,8.85725021,-60.12085373,68.97810394,32.20728589,101.18538983
0.68750000,5.69391251,-60.12085373,65.81476624,32.20728589,98.02205213
0.68750000,11.91186905,-60.12085373,72.03272278,32.20728589,104.24000867
0.68750000,10.61296463,-60.12085373,70.73381836,32.20728589,102.94110425
0.68750000,9.77373123,-60.12085373,69.89458496,32.20728589,102.10187085
0.68750000,12.22848892,-60.12085373,72.34934265,32.20728589,104.55662854
0.68750000,6.70289993,-60.12085373,66.82375366,32.20728589,99.03103955
0.68750000,8.08477402,-60.12085373,68.20562775,32.20728589,100.41291364
0.68750000,10.41555405,-60.12085373,70.53640778,32.20728589,102.74369367
0.68750000,7.97319412,-60.12085373,68.09404785,32.20728589,100.30133374
0.68750000,6.44350052,-60.12085373,66.56435425,32.20728589,98.77164014
0.06250000,21.46404982,22.40993113,-0.94588131,29.01224072,28.06635942
0.06250000,22.04674482,22.40993113,-0.36318630,29.01224072,28.64905442
0.06250000,22.40246534,22.40993113,-0.00746578,29.01224072,29.00477494
0.06250000,22.10873365,22.40993113,-0.30119747,29.01224072,28.71104325
0.06250000,22.33475447,22.40993113,-0.07517666,29.01224072,28.93706407
0.06250000,21.50410414,22.40993113,-0.90582699,29.01224072,28.10641374
0.06250000,22.71622419,22.40993113,0.30629307,29.01224072,29.31853379
0.06250000,21.12835646,22.40993113,-1.28157467,29.01224072,27.73066606
0.06250000,22.15641737,22.40993113,-0.25351376,29.01224072,28.75872697
0.06250000,22.52930403,22.40993113,0.11937290,29.01224072,29.13161363
0.06250000,22.64851332,22.40993113,0.23858219,29.01224072,29.25082292
0.06250000,22.15260267,22.40993113,-0.25732845,29.01224072,28.75491227
0.06250000,23.22834730,22.40993113,0.81841618,29.01224072,29.83065690
0.06250000,23.46676588,22.40993113,1.05683475,29.01224072,30.06907548
0.06250000,21.82263136,22.40993113,-0.58729977,29.01224072,28.42494096
0.06250000,22.60464430,22.40993113,0.19471317,29.01224072,29.20695390
0.06250000,23.01281691,22.40993113,0.60288578,29.01224072,29.61512650
0.06250000,20.70683241,22.40993113,-1.70309872,29.01224072,27.30914201
0.06250000,21.83026075,22.40993113,-0.57967037,29.01224072,28.43257035
0.06250000,22.73243666,22.40993113,0.32250553,29.01224072,29.33474626
0.06250000,21.93230391,22.40993113,-0.47762722,29.01224072,28.53461350
0.06250000,20.58094740,22.40993113,-1.82898373,29.01224072,27.18325700
0.06250000,22.38816023,22.40993113,-0.02177090,29.01224072,28.99046983
0.06250000,22.24892378,22.40993113,-0.16100735,29.01224072,28.85123338
0.06250000,22.01527357,22.40993113,-0.39465755,29.01224072,28.61758317
0.06250000,20.24430037,22.40993113,-2.16563076,29.01224072,26.84660996
0.06250000,23.03761244,22.40993113,0.62768131,29.01224072,29.63992204
0.06250000,21.56895399,22.40993113,-0.84097713,29.01224072,28.17126359
0.06250000,21.98666334,22.40993113,-0.42326778,29.01224072,28.58897294
0.06250000,21.84170485,22.40993113,-0.56822628,29.01224072,28.44401444
0.06250000,22.43870497,22.40993113,0.02877384,29.01224072,29.04101457
0.06250000,21.04824781,22.40993113,-1.36168331,29.01224072,27.65055741
0.06250000,21.47644758,22.40993113,-0.93348354,29.01224072,28.07875718
0.06250000,23.48202467,22.40993113,1.07209354,29.01224072,30.08433427
0.06250000,21.62617445,22.40993113,-0.78375668,29.01224072,28.22848405
0.06250000,23.60123396,22.40993113,1.19130283,29.01224072,30.20354356
0.06250000,20.37686110,22.40993113,-2.03307003,29.01224072,26.97917069
0.06250000,22.35764265,22.40993113,-0.05228848,29.01224072,28.95995225
0.06250000,21.98284864,22.40993113,-0.42708248,29.01224072,28.58515824
0.06250000,22.02099562,22.40993113,-0.38893551,29.01224072,28.62330522
0.06250000,22.91172743,22.40993113,0.50179630,29.01224072,29.51403703
0.06250000,20.39593458,22.40993113,-2.01399654,29.01224072,26.99824418
0.06250000,19.98013258,22.40993113,-2.42979855,29.01224072,26.58244218
0.06250000,21.77685499,22.40993113,-0.63307613,29.01224072,28.37916459
0.06250000,20.83939314,22.40993113,-1.57053799,29.01224072,27.44170274
0.06250000,21.57467604,22.40993113,-0.83525509,29.01224072,28.17698564
0.06250000,21.84265852,22.40993113,-0.56727261,29.01224072,28.44496812
0.06250000,21.79878950,22.40993113,-0.61114162,29.01224072,28.40109910
0.06250000,22.29946852,22.40993113,-0.11046261,29.01224072,28.90177812
0.06250000,21.81977034,22.40993113,-0.59016079,29.01224072,28.42207994
0.71875000,0.68998337,-64.24739297,64.93737634,32.36703815,97.30441449
0.71875000,3.00550461,-64.24739297,67.25289758,32.36703815,99.61993573
0.71875000,2.71368027,-64.24739297,66.96107324,32.36703815,99.32811139
0.71875000,3.10564041,-64.24739297,67.35303338,32.36703815,99.72007153
0.71875000,2.11191177,-64.24739297,66.35930475,32.36703815,98.72634289
0.71875000,4.65536118,-64.24739297,68.90275415,32.36703815,101.26979230
0.71875000,-2.88820267,-64.24739297,61.35919031,32.36703815,93.72622845
0.71875000,3.10850143,-64.24739297,67.35589441,32.36703815,99.72293255
0.71875000,2.27975845,-64.24739297,66.52715143,32.36703815,98.89418957
0.71875000,-1.04379654,-64.24739297,63.20359643,32.36703815,95.57063458
0.71875000,4.59527969,-64.24739297,68.84267267,32.36703815,101.20971081
0.71875000,-1.77145004,-64.24739297,62.47594293,32.36703815,94.84298108
0.71875000,1.01995468,-64.24739297,65.26734765,32.36703815,97.63438580
0.71875000,2.57730484,-64.24739297,66.82469781,32.36703815,99.19173596
0.71875000,-1.60551071,-64.24739297,62.64188226,32.36703815,95.00892041
0.71875000,-2.14242935,-64.24739297,62.10496362,32.36703815,94.47200177
0.71875000,1.84392929,-64.24739297,66.09132226,32.36703815,98.45836041
0.71875000,0.68616867,-64.24739297,64.93356164,32.36703815,97.30059979
0.71875000,-3.82280350,-64.24739297,60.42458948,32.36703815,92.79162762
0.71875000,-0.07772446,-64.24739297,64.16966852,32.36703815,96.53670666
0.71875000,2.49624252,-64.24739297,66.74363550,32.36703815,99.11067364
0.71875000,6.06966019,-64.24739297,70.31705316,32.36703815,102.68409131
0.71875000,4.13465500,-64.24739297,68.38204797,32.36703815,100.74908612
0.71875000,-5.38873672,-64.24739297,58.85865625,32.36703815,91.22569440
0.71875000,2.02989578,-64.24739297,66.27728875,32.36703815,98.64432690
0.71875000,-1.23167038,-64.24739297,63.01572259,32.36703815,95.38276074
0.71875000,0.09012222,-64.24739297,64.33751520,32.36703815,96.70455334
0.71875000,-0.67186356,-64.24739297,63.57552942,32.36703815,95.94256756
0.71875000,-2.40278244,-64.24739297,61.84461053,32.36703815,94.21164868
0.71875000,0.15974045,-64.24739297,64.40713342,32.36703815,96.77417157
0.71875000,0.38576126,-64.24739297,64.63315423,32.36703815,97.00019238
0.71875000,-2.03847885,-64.24739297,62.20891412,32.36703815,94.57595227
0.71875000,-0.94556808,-64.24739297,63.30182489,32.36703815,95.66886304
0.71875000,2.84814835,-64.24739297,67.09554132,32.36703815,99.46257947
0.71875000,2.04896927,-64.24739297,66.29636224,32.36703815,98.66340039
0.71875000,0.72908401,-64.24739297,64.97647699,32.36703815,97.34351514
0.71875000,-1.60360336,-64.24739297,62.64378961,32.36703815,95.01082776
0.71875000,2.12717056,-64.24739297,66.37456354,32.36703815,98.74160168
0.71875000,2.93111801,-64.24739297,67.17851098,32.36703815,99.54554913
0.71875000,3.81326675,-64.24739297,68.06065973,32.36703815,100.42769787
0.71875000,0.73671341,-64.24739297,64.98410638,32.36703815,97.35114453
0.71875000,-0.41532516,-64.24739297,63.83206781,32.36703815,96.19910596
0.71875000,-0.93984604,-64.24739297,63.30754693,32.36703815,95.67458508
0.71875000,-3.40509415,-64.24739297,60.84229883,32.36703815,93.20933697
0.71875000,1.48057938,-64.24739297,65.72797235,32.36703815,98.09501050
0.71875000,0.27608871,-64.24739297,64.52348169,32.36703815,96.89051983
0.71875000,1.67894363,-64.24739297,65.92633661,32.36703815,98.29337475
0.71875000,0.72050095,-64.24739297,64.96789392,32.36703815,97.33493207
0.71875000,-4.38928604,-64.24739297,59.85810693,32.36703815,92.22514508
0.71875000,2.48765945,-64.24739297,66.73505243,32.36703815,99.10209057
0.71875000,6.25944138,-64.24739297,70.50683435,32.36703815,102.87387250
0.71875000,5.17416000,-64.24739297,69.42155298,32.36703815,101.78859112
0.71875000,2.18725204,-64.24739297,66.43464502,32.36703815,98.80168316
0.71875000,1.66177750,-64.24739297,65.90917047,32.36703815,98.27620862
0.71875000,-0.64134598,-64.24739297,63.60604699,32.36703815,95.97308514
0.71875000,-5.90658188,-64.24739297,58.34081109,32.36703815,90.70784924
0.71875000,-0.05006790,-64.24739297,64.19732507,32.36703815,96.56436322
0.71875000,5.79690933,-64.24739297,70.04430230,32.36703815,102.41134045
0.71875000,1.37567520,-64.24739297,65.62306817,32.36703815,97.99010632
0.75000000,-10.29491425,-68.37393222,58.07901797,32.52679041,90.60580838
0.75000000,-7.17353821,-68.37393222,61.20039401,32.52679041,93.72718441
0.75000000,-8.15105438,-68.37393222,60.22287783,32.52679041,92.74966824
0.75000000,-7.83061981,-68.37393222,60.54331240,32.52679041,93.07010281
0.75000000,-5.70774078,-68.37393222,62.66619143,32.52679041,95.19298184
0.75000000,-8.77761841,-68.37393222,59.59631381,32.52679041,92.12310421
0.75000000,-9.64641571,-68.37393222,58.72751650,32.52679041,91.25430691
0.75000000,-7.08675385,-68.37393222,61.28717837,32.52679041,93.81396878
0.75000000,-5.08499146,-68.37393222,63.28894076,32.52679041,95.81573117
0.75000000,-10.64586639,-68.37393222,57.72806582,32.52679041,90.25485623
0.75000000,-6.71482086,-68.37393222,61.65911135,32.52679041,94.18590176
0.75000000,-11.49082184,-68.37393222,56.88311038,32.52679041,89.40990078
0.75000000,-10.68592072,-68.37393222,57.68801150,32.52679041,90.21480191
0.75000000,-15.76519012,-68.37393222,52.60874209,32.52679041,85.13553250
0.75000000,-8.87107849,-68.37393222,59.50285372,32.52679041,92.02964413
0.75000000,-8.47816467,-68.37393222,59.89576754,32.52679041,92.42255795
0.75000000,-2.97641754,-68.37393222,65.39751467,32.52679041,97.92430508
0.75000000,-7.06958771,-68.37393222,61.30434451,32.52679041,93.83113491
0.75000000,-7.97462463,-68.37393222,60.39930758,32.52679041,92.92609799
0.75000000,-6.51741028,-68.37393222,61.85652194,32.52679041,94.38331234
0.75000000,-7.01999664,-68.37393222,61.35393557,32.52679041,93.88072598
0.75000000,-8.35037231,-68.37393222,60.02355990,32.52679041,92.55035031
0.75000000,-12.44068146,-68.37393222,55.93325076,32.52679041,88.46004116
0.75000000,-6.88838959,-68.37393222,61.48554263,32.52679041,94.01233303
0.75000000,-9.59777832,-68.37393222,58.77615389,32.52679041,91.30294430
0.75000000,-8.56399536,-68.37393222,59.80993685,32.52679041,92.33672726
0.75000000,-7.86399841,-68.37393222,60.50993380,32.52679041,93.03672421
0.75000000,-11.11602783,-68.37393222,57.25790438,32.52679041,89.78469479
0.75000000,-4.60147858,-68.37393222,63.77245364,32.52679041,96.29924404
0.75000000,-8.54110718,-68.37393222,59.83282504,32.52679041,92.35961544
0.75000000,-5.65433502,-68.37393222,62.71959719,32.52679041,95.24638760
0.75000000,-12.39490509,-68.37393222,55.97902712,32.52679041,88.50581753
0.75000000,-11.73782349,-68.37393222,56.63610873,32.52679041,89.16289913
0.75000000,-3.84902954,-68.37393222,64.52490267,32.52679041,97.05169308
0.75000000,-7.01713562,-68.37393222,61.35679660,32.52679041,93.88358700
0.75000000,-5.59139252,-68.37393222,62.78253970,32.52679041,95.30933010
0.75000000,-7.96413422,-68.37393222,60.40979800,32.52679041,92.93658840
0.75000000,-11.62528992,-68.37393222,56.74864230,32.52679041,89.27543270
0.75000000,-8.18729401,-68.37393222,60.18663821,32.52679041,92.71342861
0.75000000,-8.66794586,-68.37393222,59.70598635,32.52679041,92.23277676
0.75000000,-7.76386261,-68.37393222,60.61006961,32.52679041,93.13686001
0.75000000,-10.15758514,-68.37393222,58.21634707,32.52679041,90.74313748
0.75000000,-9.55390930,-68.37393222,58.82002291,32.52679041,91.34681332
0.75000000,-5.04589081,-68.37393222,63.32804141,32.52679041,95.85483181
0.75000000,-11.60526276,-68.37393222,56.76866946,32.52679041,89.29545986
0.75000000,-10.79463959,-68.37393222,57.57929263,32.52679041,90.10608303
0.75000000,-6.98852539,-68.37393222,61.38540682,32.52679041,93.91219723
0.75000000,-6.96563721,-68.37393222,61.40829501,32.52679041,93.93508541
0.75000000,-11.03115082,-68.37393222,57.34278140,32.52679041,89.86957180
0.75000000,-12.56084442,-68.37393222,55.81308779,32.52679041,88.33987820
